time_dt,timestamp,position_lat,position_long,distance,accumulated_power,enhanced_altitude,altitude,enhanced_speed,speed,cycle_length16,unknown_88,heart_rate,cadence,fractional_cadence,unknown_90,lat,lon,device,speed_calculated,distance_from_start,speed_filtered,speed_calculated_filtered,seconds
2024-01-21 15:21:03+00:00,2024-01-21 15:21:03+00:00,582733624,27585979,1111.21,65535,48.0,48.0,2.473,2.473,0.0,300,140,81,0.0,,48.84416811168194,2.312230048701167,Garmin Forerunner 735 XT,,0.0,2.44850294117647,,0.0
2024-01-21 15:21:04+00:00,2024-01-21 15:21:04+00:00,582733977,27585854,1113.69,65535,49.0,49.0,2.473,2.473,0.0,300,140,82,0.0,,48.844197699800134,2.3122195713222027,Garmin Forerunner 735 XT,3.3782060372831357,3.3782060372831357,2.469515966386554,3.3782060372831357,1.0
2024-01-21 15:21:05+00:00,2024-01-21 15:21:05+00:00,582734296,27585630,1116.17,65535,49.0,49.0,2.482,2.482,0.0,300,140,82,0.0,,48.84422443807125,2.3122007958590984,Garmin Forerunner 735 XT,3.2752770460220444,6.65348308330518,2.4889203943115694,3.2752770460220444,2.0
2024-01-21 15:21:06+00:00,2024-01-21 15:21:06+00:00,582734634,27585260,1116.17,65535,49.799999999999955,49.799999999999955,2.482,2.482,0.0,300,140,81,0.0,,48.84425276890397,2.3121697828173637,Garmin Forerunner 735 XT,3.882601013425456,10.536084096730637,2.506716224951518,3.882601013425456,3.0
2024-01-21 15:21:07+00:00,2024-01-21 15:21:07+00:00,582734926,27585100,1118.91,65535,50.200000000000045,50.200000000000045,2.501,2.501,0.0,300,142,81,0.0,,48.84427724406123,2.3121563717722893,Garmin Forerunner 735 XT,2.89305632297292,13.429140419703558,2.522903458306398,2.89305632297292,4.0
2024-01-21 15:21:08+00:00,2024-01-21 15:21:08+00:00,582735198,27584857,1121.83,65535,50.39999999999998,50.39999999999998,2.538,2.538,0.0,300,142,81,0.0,,48.84430004283786,2.3121360037475824,Garmin Forerunner 735 XT,2.9408081474637844,16.36994856716734,2.5374820943762106,2.9408081474637844,5.0
2024-01-21 15:21:09+00:00,2024-01-21 15:21:09+00:00,582735563,27584613,1125.46,65535,51.799999999999955,51.799999999999955,2.547,2.547,0.0,300,142,82,0.0,,48.844330636784434,2.312115551903844,Garmin Forerunner 735 XT,3.7165528507678602,20.086501417935203,2.550452133160955,3.7165528507678602,6.0
2024-01-21 15:21:10+00:00,2024-01-21 15:21:10+00:00,582735872,27584370,1128.67,65535,52.200000000000045,52.200000000000045,2.557,2.557,0.0,300,142,82,0.0,,48.844356536865234,2.312095183879137,Garmin Forerunner 735 XT,3.24279652610798,23.329297944043184,2.5618135746606474,3.24279652610798,7.0
2024-01-21 15:21:11+00:00,2024-01-21 15:21:11+00:00,582736138,27584276,1131.06,65535,52.200000000000045,52.200000000000045,2.585,2.585,0.0,300,143,81,0.0,,48.84437883272767,2.312087304890156,Garmin Forerunner 735 XT,2.54534862288108,25.874646566924262,2.5756497737556696,2.54534862288108,8.0
2024-01-21 15:21:12+00:00,2024-01-21 15:21:12+00:00,582736370,27584113,1133.42,65535,52.0,52.0,2.594,2.594,0.0,300,144,81,0.0,,48.84439827874303,2.312073642387986,Garmin Forerunner 735 XT,2.382252151359226,28.256898718283487,2.586056108597299,2.382252151359226,9.0
2024-01-21 15:21:13+00:00,2024-01-21 15:21:13+00:00,582736586,27583916,1135.78,65535,51.60000000000002,51.60000000000002,2.603,2.603,0.0,300,144,81,0.0,,48.84441638365388,2.3120571300387383,Garmin Forerunner 735 XT,2.34796935718285,30.60486807546634,2.593971040723996,2.34796935718285,10.0
2024-01-21 15:21:14+00:00,2024-01-21 15:21:14+00:00,582736776,27583725,1137.89,65535,50.799999999999955,50.799999999999955,2.603,2.603,0.0,300,144,81,0.0,,48.844432309269905,2.3120411206036806,Garmin Forerunner 735 XT,2.1233005463802903,32.72816862184663,2.596533031674222,2.1233005463802903,11.0
2024-01-21 15:21:15+00:00,2024-01-21 15:21:15+00:00,582737004,27583527,1140.35,65535,50.799999999999955,50.799999999999955,2.594,2.594,0.0,300,144,81,0.0,,48.844451420009136,2.312024524435401,Garmin Forerunner 735 XT,2.44757977171034,35.175748393556965,2.596166515837118,2.44757977171034,12.0
2024-01-21 15:21:16+00:00,2024-01-21 15:21:16+00:00,582737264,27583316,1143.08,65535,50.799999999999955,50.799999999999955,2.585,2.585,0.0,300,143,82,0.0,,48.84447321295738,2.312006838619709,Garmin Forerunner 735 XT,2.747216769589815,37.92296516314678,2.5948190045249007,2.747216769589815,13.0
2024-01-21 15:21:17+00:00,2024-01-21 15:21:17+00:00,582737496,27583149,1145.47,65535,50.799999999999955,50.799999999999955,2.585,2.585,0.0,300,144,82,0.0,,48.84449265897274,2.3119928408414125,Garmin Forerunner 735 XT,2.392651881739682,40.31561704488646,2.5915067873303306,2.392651881739682,14.0
2024-01-21 15:21:18+00:00,2024-01-21 15:21:18+00:00,582737694,27582958,1147.65,65535,50.60000000000002,50.60000000000002,2.585,2.585,0.0,300,144,82,0.0,,48.84450925514102,2.311976831406355,Garmin Forerunner 735 XT,2.185872006354301,42.50148905124076,2.5863484162896064,2.185872006354301,15.0
2024-01-21 15:21:19+00:00,2024-01-21 15:21:19+00:00,582737903,27582758,1149.96,65535,50.200000000000045,50.200000000000045,2.585,2.585,0.0,300,144,81,0.0,,48.84452677331865,2.311960067600012,Garmin Forerunner 735 XT,2.3020278501297544,44.803516901370514,2.581220814479652,2.3020278501297544,16.0
2024-01-21 15:21:20+00:00,2024-01-21 15:21:20+00:00,582738108,27582492,1152.45,65535,50.0,50.0,2.575,2.575,0.0,300,144,81,0.0,,48.84454395622015,2.3119377717375755,Garmin Forerunner 735 XT,2.512486697775921,47.316003599146434,2.5750316742081587,2.512486697775921,17.0
2024-01-21 15:21:21+00:00,2024-01-21 15:21:21+00:00,582738282,27582230,1154.69,65535,49.39999999999998,49.39999999999998,2.575,2.575,0.0,300,144,81,0.0,,48.84455854073167,2.311915811151266,Garmin Forerunner 735 XT,2.283096195383645,49.599099794530076,2.5701113122172083,2.283096195383645,18.0
2024-01-21 15:21:22+00:00,2024-01-21 15:21:22+00:00,582738472,27581988,1156.99,65535,49.0,49.0,2.566,2.566,0.0,300,144,81,0.0,,48.844574466347694,2.311895526945591,Garmin Forerunner 735 XT,2.3106727740209503,51.90977256855103,2.565605429864267,2.3106727740209503,19.0
2024-01-21 15:21:23+00:00,2024-01-21 15:21:23+00:00,582738671,27581778,1159.25,65535,48.60000000000002,48.60000000000002,2.566,2.566,0.0,300,144,81,0.0,,48.844591146335006,2.3118779249489307,Garmin Forerunner 735 XT,2.2581323255104886,54.167904894061515,2.561848868778294,2.2581323255104886,20.0
2024-01-21 15:21:24+00:00,2024-01-21 15:21:24+00:00,582738915,27581613,1161.71,65535,48.799999999999955,48.799999999999955,2.557,2.557,0.0,300,144,81,0.0,,48.844611598178744,2.3118640948086977,Garmin Forerunner 735 XT,2.4891728976736305,56.65707779173515,2.5591194570135882,2.4891728976736305,21.0
2024-01-21 15:21:25+00:00,2024-01-21 15:21:25+00:00,582739199,27581452,1164.49,65535,49.0,49.0,2.547,2.547,0.0,300,144,82,0.0,,48.84463540278375,2.3118505999445915,Garmin Forerunner 735 XT,2.825164472176796,59.48224226391194,2.557765610859742,2.825164472176796,22.0
2024-01-21 15:21:26+00:00,2024-01-21 15:21:26+00:00,582739429,27581241,1167.0,65535,49.39999999999998,49.39999999999998,2.547,2.547,0.0,300,145,82,0.0,,48.844654681161046,2.3118329141288996,Garmin Forerunner 735 XT,2.5040450628013944,61.98628732671334,2.5573819004525022,2.5040450628013944,23.0
2024-01-21 15:21:27+00:00,2024-01-21 15:21:27+00:00,582739658,27581029,1169.5,65535,49.60000000000002,49.60000000000002,2.557,2.557,0.0,300,145,81,0.0,,48.84467387571931,2.311815144494176,Garmin Forerunner 735 XT,2.499256395885549,64.48554372259889,2.5577828054298775,2.499256395885549,24.0
2024-01-21 15:21:28+00:00,2024-01-21 15:21:28+00:00,582739871,27580859,1171.75,65535,49.799999999999955,49.799999999999955,2.557,2.557,0.0,300,144,81,0.0,,48.844691729173064,2.3118008952587843,Garmin Forerunner 735 XT,2.2423981282906253,66.72794185088952,2.558185520362004,2.2423981282906253,25.0
2024-01-21 15:21:29+00:00,2024-01-21 15:21:29+00:00,582740052,27580715,1173.65,65535,49.799999999999955,49.799999999999955,2.566,2.566,0.0,300,144,80,0.0,,48.844706900417805,2.3117888253182173,Garmin Forerunner 735 XT,1.9042012531481682,68.6321431040377,2.557888687782819,1.9042012531481682,26.0
2024-01-21 15:21:30+00:00,2024-01-21 15:21:30+00:00,582740232,27580552,1175.6,65535,49.799999999999955,49.799999999999955,2.566,2.566,0.0,300,144,80,0.0,,48.84472198784351,2.3117751628160477,Garmin Forerunner 735 XT,1.9529649193124805,70.58510802335017,2.5550696832579316,1.9529649193124805,27.0
2024-01-21 15:21:31+00:00,2024-01-21 15:21:31+00:00,582740452,27580450,1177.72,65535,49.799999999999955,49.799999999999955,2.557,2.557,0.0,300,142,80,0.0,,48.84474042803049,2.3117666132748127,Garmin Forerunner 735 XT,2.143778341183776,72.72888636453395,2.5522932126696967,2.143778341183776,28.0
2024-01-21 15:21:32+00:00,2024-01-21 15:21:32+00:00,582740684,27580324,1180.0,65535,49.799999999999955,49.799999999999955,2.547,2.547,0.0,300,142,80,0.0,,48.84475987404585,2.3117560520768166,Garmin Forerunner 735 XT,2.296262080703699,75.02514844523765,2.547077828054312,2.296262080703699,29.0
2024-01-21 15:21:33+00:00,2024-01-21 15:21:33+00:00,582740905,27580211,1182.16,65535,50.0,50.0,2.538,2.538,0.0,300,142,80,0.0,,48.84477839805186,2.3117465805262327,Garmin Forerunner 735 XT,2.173262333646238,77.19841077888388,2.539529411764719,2.173262333646238,30.0
2024-01-21 15:21:34+00:00,2024-01-21 15:21:34+00:00,582741141,27580093,1184.46,65535,50.200000000000045,50.200000000000045,2.529,2.529,0.0,300,142,80,0.0,,48.84479817934334,2.3117366898804903,Garmin Forerunner 735 XT,2.3155983903728625,79.51400916925675,2.5292000000000137,2.3155983903728625,31.0
2024-01-21 15:21:35+00:00,2024-01-21 15:21:35+00:00,582741416,27580106,1186.79,65535,50.39999999999998,50.39999999999998,2.51,2.51,0.0,300,141,80,0.0,,48.844821229577065,2.3117377795279026,Garmin Forerunner 735 XT,2.5643090756712628,82.07831824492801,2.5178570135746736,2.5643090756712628,32.0
2024-01-21 15:21:36+00:00,2024-01-21 15:21:36+00:00,582741642,27580119,1188.74,65535,50.39999999999998,50.39999999999998,2.501,2.501,0.0,300,141,81,0.0,,48.84484017267823,2.311738869175315,Garmin Forerunner 735 XT,2.1078854516249756,84.186203696553,2.5045140271493342,2.1078854516249756,33.0
2024-01-21 15:21:37+00:00,2024-01-21 15:21:37+00:00,582741841,27580070,1190.58,65535,50.39999999999998,50.39999999999998,2.501,2.501,0.0,300,141,81,0.0,,48.844856852665544,2.311734762042761,Garmin Forerunner 735 XT,1.878923402493431,86.06512709904642,2.4927918552036332,1.878923402493431,34.0
2024-01-21 15:21:38+00:00,2024-01-21 15:21:38+00:00,582742016,27580051,1192.14,65535,50.39999999999998,50.39999999999998,2.482,2.482,0.0,300,142,81,0.0,,48.844871520996094,2.3117331694811583,Garmin Forerunner 735 XT,1.635202063599536,87.70032916264596,2.480911312217208,1.635202063599536,35.0
2024-01-21 15:21:39+00:00,2024-01-21 15:21:39+00:00,582742224,27580194,1193.73,65535,50.200000000000045,50.200000000000045,2.473,2.473,0.0,300,142,82,0.0,,48.84488895535469,2.3117451556026936,Garmin Forerunner 735 XT,2.1278026884069887,89.82813185105294,2.4677040723982033,2.1278026884069887,36.0
2024-01-21 15:21:40+00:00,2024-01-21 15:21:40+00:00,582742486,27580302,1195.89,65535,50.200000000000045,50.200000000000045,2.454,2.454,0.0,300,142,82,0.0,,48.844910915941,2.311754208058119,Garmin Forerunner 735 XT,2.5301627346504256,92.35829458570338,2.4540407239819135,2.5301627346504256,37.0
2024-01-21 15:21:41+00:00,2024-01-21 15:21:41+00:00,582742747,27580263,1198.31,65535,50.200000000000045,50.200000000000045,2.445,2.445,0.0,300,142,82,0.0,,48.84493279270828,2.311750939115882,Garmin Forerunner 735 XT,2.4443189117143835,94.80261349741777,2.4426769230769363,2.4443189117143835,38.0
2024-01-21 15:21:42+00:00,2024-01-21 15:21:42+00:00,582742990,27580204,1200.59,65535,50.200000000000045,50.200000000000045,2.435,2.435,0.0,300,142,82,0.0,,48.844953160732985,2.3117459937930107,Garmin Forerunner 735 XT,2.293550776336123,97.09616427375389,2.4341628959276145,2.293550776336123,39.0
2024-01-21 15:21:43+00:00,2024-01-21 15:21:43+00:00,582743254,27580238,1202.92,65535,50.200000000000045,50.200000000000045,2.435,2.435,0.0,300,142,82,0.0,,48.84497528895736,2.311748843640089,Garmin Forerunner 735 XT,2.469368058514341,99.56553233226822,2.4299167420814607,2.469368058514341,40.0
2024-01-21 15:21:44+00:00,2024-01-21 15:21:44+00:00,582743614,27580551,1205.83,65535,50.200000000000045,50.200000000000045,2.417,2.417,0.0,300,141,81,0.0,,48.845005463808775,2.311775078997016,Garmin Forerunner 735 XT,3.86571098775947,103.43124332002769,2.429857013574674,3.86571098775947,41.0
2024-01-21 15:21:45+00:00,2024-01-21 15:21:45+00:00,582743993,27580781,1209.06,65535,50.39999999999998,50.39999999999998,2.417,2.417,0.0,300,141,81,0.0,,48.845037231221795,2.3117943573743105,Garmin Forerunner 735 XT,3.8036631028690753,107.23490642289677,2.4355737556561214,3.8036631028690753,42.0
2024-01-21 15:21:46+00:00,2024-01-21 15:21:46+00:00,582744335,27581028,1212.0,65535,50.200000000000045,50.200000000000045,2.435,2.435,0.0,300,141,82,0.0,,48.84506589733064,2.311815060675144,Garmin Forerunner 735 XT,3.529244973770047,110.76415139666682,2.445924886877841,3.529244973770047,43.0
2024-01-21 15:21:47+00:00,2024-01-21 15:21:47+00:00,582744737,27581209,1215.59,65535,50.0,50.0,2.463,2.463,0.0,300,141,82,0.0,,48.84509959258139,2.3118302319198847,Garmin Forerunner 735 XT,3.9077593871953846,114.6719107838622,2.460856108597298,3.9077593871953846,44.0
2024-01-21 15:21:48+00:00,2024-01-21 15:21:48+00:00,582745064,27581325,1218.55,65535,49.799999999999955,49.799999999999955,2.482,2.482,0.0,300,141,82,0.0,,48.84512700140476,2.3118399549275637,Garmin Forerunner 735 XT,3.1296714554555094,117.80158223931771,2.4786950226244477,3.1296714554555094,45.0
2024-01-21 15:21:49+00:00,2024-01-21 15:21:49+00:00,582745396,27581442,1221.55,65535,49.60000000000002,49.60000000000002,2.51,2.51,0.0,300,141,82,0.0,,48.84515482932329,2.3118497617542744,Garmin Forerunner 735 XT,3.176450167065268,120.97803240638298,2.4984416289592892,3.176450167065268,46.0
2024-01-21 15:21:50+00:00,2024-01-21 15:21:50+00:00,582745754,27581585,1224.8,65535,49.60000000000002,49.60000000000002,2.519,2.519,0.0,300,140,82,0.0,,48.845184836536646,2.3118617478758097,Garmin Forerunner 735 XT,3.450007318321156,124.42803972470413,2.5181701357466197,3.450007318321156,47.0
2024-01-21 15:21:51+00:00,2024-01-21 15:21:51+00:00,582746113,27581747,1228.08,65535,49.60000000000002,49.60000000000002,2.538,2.538,0.0,300,140,82,0.0,,48.84521492756903,2.3118753265589476,Garmin Forerunner 735 XT,3.490393739754633,127.91843346445877,2.5379547511312355,3.490393739754633,48.0
2024-01-21 15:21:52+00:00,2024-01-21 15:21:52+00:00,582746421,27581842,1230.92,65535,49.60000000000002,49.60000000000002,2.557,2.557,0.0,300,140,81,0.0,,48.8452407438308,2.3118832893669605,Garmin Forerunner 735 XT,2.9291790954373447,130.8476125598961,2.572636199095036,2.9291790954373447,49.0
2024-01-21 15:21:53+00:00,2024-01-21 15:21:53+00:00,582746720,27581966,1233.69,65535,49.60000000000002,49.60000000000002,2.566,2.566,0.0,300,141,81,0.0,,48.84526580572128,2.3118936829268932,Garmin Forerunner 735 XT,2.8886791215647274,133.73629168146084,2.7472660633484307,2.8886791215647274,50.0
2024-01-21 15:21:54+00:00,2024-01-21 15:21:54+00:00,582747056,27582160,1236.83,65535,50.0,50.0,2.575,2.575,0.0,300,142,81,0.0,,48.84529396891594,2.311909943819046,Garmin Forerunner 735 XT,3.350052988399568,137.0863446698604,2.6649339366515976,3.350052988399568,51.0
2024-01-21 15:21:55+00:00,2024-01-21 15:21:55+00:00,582747335,27582182,1239.42,65535,50.0,50.0,2.575,2.575,0.0,300,142,82,0.0,,48.84531735442579,2.3119117878377438,Garmin Forerunner 735 XT,2.6038488830199085,139.69019355288032,2.535764705882366,2.6038488830199085,52.0
2024-01-21 15:21:56+00:00,2024-01-21 15:21:56+00:00,582747636,27582237,1242.23,65535,50.200000000000045,50.200000000000045,2.575,2.575,0.0,300,142,82,0.0,,48.845342583954334,2.311916397884488,Garmin Forerunner 735 XT,2.825605784828282,142.5157993377086,2.369448868778293,2.825605784828282,53.0
2024-01-21 15:21:57+00:00,2024-01-21 15:21:57+00:00,582747925,27582410,1244.98,65535,50.200000000000045,50.200000000000045,2.575,2.575,0.0,300,142,81,0.0,,48.8453668076545,2.311930898576975,Garmin Forerunner 735 XT,2.8950276460862874,145.41082698379486,2.1747357466063466,2.8950276460862874,54.0
2024-01-21 15:22:00+00:00,2024-01-21 15:22:00+00:00,582748792,27582767,1247.55,65535,50.60000000000002,50.60000000000002,2.566,2.566,0.0,300,140,81,0.0,,48.845439478755,2.3119608219712973,Garmin Forerunner 735 XT,2.7906944863393903,153.78291044281303,1.9888063348416396,2.7906944863393903,57.0
2024-01-21 15:22:09+00:00,2024-01-21 15:22:09+00:00,582749382,27581765,1248.95,65535,52.60000000000002,52.60000000000002,2.286,2.286,0.0,300,143,0,0.0,,48.84548893198371,2.3118768353015184,Garmin Forerunner 735 XT,0.9163125591145691,162.02972347484416,1.835937556561096,0.9163125591145691,66.0
2024-01-21 15:22:10+00:00,2024-01-21 15:22:10+00:00,582749541,27581747,1250.43,65535,52.60000000000002,52.60000000000002,0.0,0.0,0.0,300,140,59,0.0,,48.84550225920975,2.3118753265589476,Garmin Forerunner 735 XT,1.4860268501514262,163.5157503249956,1.725682352941186,1.4860268501514262,67.0
2024-01-21 15:22:11+00:00,2024-01-21 15:22:11+00:00,582749733,27581740,1252.22,65535,52.60000000000002,52.60000000000002,1.484,1.484,0.0,300,140,59,0.0,,48.84551835246384,2.3118747398257256,Garmin Forerunner 735 XT,1.7900032025463561,165.30575352754195,1.6649809954751222,1.7900032025463561,68.0
2024-01-21 15:22:12+00:00,2024-01-21 15:22:12+00:00,582749744,27581230,1252.63,65535,53.200000000000045,53.200000000000045,1.577,1.577,0.0,300,140,59,0.0,,48.84551927447319,2.3118319921195507,Garmin Forerunner 735 XT,3.1298043748002033,168.43555790234217,1.6536877828054388,3.1298043748002033,69.0
2024-01-21 15:22:13+00:00,2024-01-21 15:22:13+00:00,582749708,27580552,1253.2,65535,53.799999999999955,53.799999999999955,1.745,1.745,0.0,300,142,59,0.0,,48.84551625698805,2.3117751628160477,Garmin Forerunner 735 XT,4.172079869670144,172.6076377720123,1.698527601809964,4.172079869670144,70.0
2024-01-21 15:22:14+00:00,2024-01-21 15:22:14+00:00,582749708,27580001,1254.19,65535,54.39999999999998,54.39999999999998,2.081,2.081,0.0,300,143,77,0.5,,48.84551625698805,2.3117289785295725,Garmin Forerunner 735 XT,3.379601627828758,175.98723939984106,1.8038904977375663,3.379601627828758,71.0
2024-01-21 15:22:15+00:00,2024-01-21 15:22:15+00:00,582749871,27579837,1255.94,65535,54.39999999999998,54.39999999999998,2.258,2.258,0.0,300,143,82,0.0,,48.84552991949022,2.311715232208371,Garmin Forerunner 735 XT,1.8220372507239344,177.80927665056498,1.9661891402715037,1.8220372507239344,72.0
2024-01-21 15:22:16+00:00,2024-01-21 15:22:16+00:00,582750008,27579443,1258.03,65535,54.39999999999998,54.39999999999998,2.323,2.323,0.0,300,142,82,0.0,,48.84554140269756,2.3116822075098753,Garmin Forerunner 735 XT,2.73322217956018,180.54249883012517,2.189379185520374,2.73322217956018,73.0
2024-01-21 15:22:17+00:00,2024-01-21 15:22:17+00:00,582750175,27579059,1260.43,65535,54.39999999999998,54.39999999999998,2.361,2.361,0.0,300,141,81,0.0,,48.84555540047586,2.3116500210016966,Garmin Forerunner 735 XT,2.823125744929687,183.36562457505485,2.425523981900465,2.823125744929687,74.0
2024-01-21 15:22:18+00:00,2024-01-21 15:22:18+00:00,582750323,27578765,1262.46,65535,54.39999999999998,54.39999999999998,2.361,2.361,0.0,300,141,81,0.0,,48.84556780569255,2.3116253782063723,Garmin Forerunner 735 XT,2.2703569291752315,185.63598150423007,2.3765674208144922,2.2703569291752315,75.0
2024-01-21 15:22:19+00:00,2024-01-21 15:22:19+00:00,582750514,27578548,1264.65,65535,54.39999999999998,54.39999999999998,2.398,2.398,0.0,300,139,80,0.0,,48.84558381512761,2.31160718947649,Garmin Forerunner 735 XT,2.222727775610477,187.85870927984055,2.3922597285068004,2.222727775610477,76.0
2024-01-21 15:22:20+00:00,2024-01-21 15:22:20+00:00,582750673,27578147,1267.11,65535,54.799999999999955,54.799999999999955,2.389,2.389,0.0,300,139,80,0.0,,48.845597142353654,2.311573578044772,Garmin Forerunner 735 XT,2.8715027698758595,190.7302120497164,2.374551131221732,2.8715027698758595,77.0
2024-01-21 15:22:21+00:00,2024-01-21 15:22:21+00:00,582750737,27577919,1268.28,65535,54.799999999999955,54.799999999999955,2.333,2.333,0.0,300,140,81,0.0,,48.845602506771684,2.311554467305541,Garmin Forerunner 735 XT,1.5203551515628997,192.25056720127932,2.335221719457026,1.5203551515628997,78.0
2024-01-21 15:22:22+00:00,2024-01-21 15:22:22+00:00,582750874,27577728,1269.95,65535,55.200000000000045,55.200000000000045,2.305,2.305,0.0,300,141,82,0.0,,48.84561398997903,2.3115384578704834,Garmin Forerunner 735 XT,1.7328724564668634,193.98343965774617,2.3036579185520485,1.7328724564668634,79.0
2024-01-21 15:22:23+00:00,2024-01-21 15:22:23+00:00,582751092,27577478,1272.45,65535,55.39999999999998,55.39999999999998,2.211,2.211,0.0,300,140,82,0.0,,48.84563226252794,2.3115175031125546,Garmin Forerunner 735 XT,2.545497984165176,196.52893764191134,2.2802126696832703,2.545497984165176,80.0
2024-01-21 15:22:24+00:00,2024-01-21 15:22:24+00:00,582751289,27577245,1274.73,65535,55.60000000000002,55.60000000000002,2.211,2.211,0.0,300,140,82,0.0,,48.84564877487719,2.311497973278165,Garmin Forerunner 735 XT,2.326716363963819,198.85565400587515,2.261310407239831,2.326716363963819,81.0
2024-01-21 15:22:25+00:00,2024-01-21 15:22:25+00:00,582751438,27577059,1276.49,65535,55.799999999999955,55.799999999999955,2.239,2.239,0.0,300,138,82,0.0,,48.845661263912916,2.311482382938266,Garmin Forerunner 735 XT,1.797236051367539,200.6528900572427,2.248131221719469,1.797236051367539,82.0
2024-01-21 15:22:26+00:00,2024-01-21 15:22:26+00:00,582751576,27576722,1278.6,65535,56.200000000000045,56.200000000000045,2.249,2.249,0.0,300,136,82,0.0,,48.84567283093929,2.3114541359245777,Garmin Forerunner 735 XT,2.4345072570421977,203.08739731428489,2.238843438914039,2.4345072570421977,83.0
2024-01-21 15:22:27+00:00,2024-01-21 15:22:27+00:00,582751768,27576381,1281.19,65535,56.39999999999998,56.39999999999998,2.258,2.258,0.0,300,136,81,0.0,,48.84568892419338,2.3114255536347628,Garmin Forerunner 735 XT,2.752602674903211,205.8399999891881,2.23942081447965,2.752602674903211,84.0
2024-01-21 15:22:28+00:00,2024-01-21 15:22:28+00:00,582751959,27576098,1283.61,65535,56.799999999999955,56.799999999999955,2.258,2.258,0.0,300,136,81,0.0,,48.84570493362844,2.3114018328487873,Garmin Forerunner 735 XT,2.486360202600803,208.3263601917889,2.247826244343903,2.486360202600803,85.0
2024-01-21 15:22:29+00:00,2024-01-21 15:22:29+00:00,582752108,27575908,1285.4,65535,56.799999999999955,56.799999999999955,2.267,2.267,0.0,300,138,81,0.0,,48.845717422664165,2.3113859072327614,Garmin Forerunner 735 XT,1.8129080841314573,210.13926827592036,2.258857013574673,1.8129080841314573,86.0
2024-01-21 15:22:30+00:00,2024-01-21 15:22:30+00:00,582752264,27575693,1287.33,65535,57.0,57.0,2.267,2.267,0.0,300,139,81,0.0,,48.84573049843311,2.3113678861409426,Garmin Forerunner 735 XT,1.9629069022261088,212.10217517814647,2.270279638009062,1.9629069022261088,87.0
2024-01-21 15:22:31+00:00,2024-01-21 15:22:31+00:00,582752569,27575751,1289.67,65535,57.39999999999998,57.39999999999998,2.267,2.267,0.0,300,139,81,0.0,,48.845756063237786,2.311372747644782,Garmin Forerunner 735 XT,2.8648499620206933,214.96702514016715,2.2719104072398313,2.8648499620206933,88.0
2024-01-21 15:22:32+00:00,2024-01-21 15:22:32+00:00,582752746,27575597,1291.57,65535,57.60000000000002,57.60000000000002,2.267,2.267,0.0,300,139,81,0.0,,48.8457708992064,2.311359839513898,Garmin Forerunner 735 XT,1.9009640774371404,216.8679892176043,2.2684705882353065,1.9009640774371404,89.0
2024-01-21 15:22:33+00:00,2024-01-21 15:22:33+00:00,582752914,27575557,1293.08,65535,57.799999999999955,57.799999999999955,2.267,2.267,0.0,300,140,81,0.0,,48.84578498080373,2.3113564867526293,Garmin Forerunner 735 XT,1.5849066520708974,218.4528958696752,2.2640950226244465,1.5849066520708974,90.0
2024-01-21 15:22:34+00:00,2024-01-21 15:22:34+00:00,582753038,27575453,1294.39,65535,58.0,58.0,2.267,2.267,0.0,300,140,81,0.0,,48.84579537436366,2.311347769573331,Garmin Forerunner 735 XT,1.3200644518865412,219.77296032156173,2.25614932126698,1.3200644518865412,91.0
2024-01-21 15:22:35+00:00,2024-01-21 15:22:35+00:00,582753167,27575297,1295.91,65535,58.200000000000045,58.200000000000045,2.258,2.258,0.0,300,140,81,0.0,,48.84580618701875,2.3113346938043833,Garmin Forerunner 735 XT,1.5365819340219322,221.30954225558366,2.2458524886877944,1.5365819340219322,92.0
2024-01-21 15:22:36+00:00,2024-01-21 15:22:36+00:00,582753352,27575195,1297.73,65535,58.39999999999998,58.39999999999998,2.23,2.23,0.0,300,139,81,0.0,,48.84582169353962,2.3113261442631483,Garmin Forerunner 735 XT,1.8342376586820286,223.1437799142657,2.2333294117647178,1.8342376586820286,93.0
2024-01-21 15:22:37+00:00,2024-01-21 15:22:37+00:00,582753468,27575040,1299.13,65535,58.60000000000002,58.60000000000002,2.221,2.221,0.0,300,140,81,0.0,,48.8458314165473,2.3113131523132324,Garmin Forerunner 735 XT,1.439691469935989,224.5834713842017,2.2205864253393783,1.439691469935989,94.0
2024-01-21 15:22:38+00:00,2024-01-21 15:22:38+00:00,582753636,27574977,1300.7,65535,58.799999999999955,58.799999999999955,2.202,2.202,0.0,300,140,81,0.0,,48.84584549814463,2.3113078717142344,Garmin Forerunner 735 XT,1.6127775534820605,226.19624893768375,2.207829864253405,1.6127775534820605,95.0
2024-01-21 15:22:39+00:00,2024-01-21 15:22:39+00:00,582753823,27574881,1302.52,65535,59.0,59.0,2.193,2.193,0.0,300,141,81,0.0,,48.84586117230356,2.3112998250871897,Garmin Forerunner 735 XT,1.8396639346832597,228.03591287236702,2.1939248868778396,1.8396639346832597,96.0
2024-01-21 15:22:40+00:00,2024-01-21 15:22:40+00:00,582754066,27575066,1304.14,65535,59.0,59.0,2.174,2.174,0.0,300,140,82,0.0,,48.845881540328264,2.311315331608057,Garmin Forerunner 735 XT,2.533173353709286,230.5690862260763,2.1793837104072513,2.533173353709286,97.0
2024-01-21 15:22:41+00:00,2024-01-21 15:22:41+00:00,582754352,27575181,1306.35,65535,59.200000000000045,59.200000000000045,2.174,2.174,0.0,300,139,82,0.0,,48.845905512571335,2.3113249707967043,Garmin Forerunner 735 XT,2.7573369484332777,233.32642317450959,2.1694298642534053,2.7573369484332777,98.0
2024-01-21 15:22:42+00:00,2024-01-21 15:22:42+00:00,582754572,27575279,1308.08,65535,59.39999999999998,59.39999999999998,2.174,2.174,0.0,300,140,82,0.0,,48.84592395275831,2.3113331850618124,Garmin Forerunner 735 XT,2.1367430656353115,235.4631662401449,2.164274208144808,2.1367430656353115,99.0
2024-01-21 15:22:43+00:00,2024-01-21 15:22:43+00:00,582754988,27575425,1311.54,65535,59.200000000000045,59.200000000000045,2.174,2.174,0.0,300,138,81,0.0,,48.845958821475506,2.311345422640443,Garmin Forerunner 735 XT,3.9792939602741195,239.442460200419,2.168346606334853,3.9792939602741195,100.0
2024-01-21 15:22:44+00:00,2024-01-21 15:22:44+00:00,582755375,27575632,1314.75,65535,59.200000000000045,59.200000000000045,2.174,2.174,0.0,300,138,81,0.0,,48.84599125944078,2.311362773180008,Garmin Forerunner 735 XT,3.823869651483923,243.26632985190292,2.176967420814491,3.823869651483923,101.0
2024-01-21 15:22:45+00:00,2024-01-21 15:22:45+00:00,582755812,27575830,1318.51,65535,59.200000000000045,59.200000000000045,2.174,2.174,0.0,300,138,82,0.0,,48.84602788835764,2.3113793693482876,Garmin Forerunner 735 XT,4.250150061392894,247.51647991329583,2.196440723981912,4.250150061392894,102.0
2024-01-21 15:22:46+00:00,2024-01-21 15:22:46+00:00,582756191,27576080,1321.74,65535,59.0,59.0,2.202,2.202,0.0,300,138,82,0.0,,48.84605965577066,2.3114003241062164,Garmin Forerunner 735 XT,3.8508341484910917,251.3673140617869,2.2246669683258036,3.8508341484910917,103.0
2024-01-21 15:22:47+00:00,2024-01-21 15:22:47+00:00,582756655,27576475,1325.69,65535,58.39999999999998,58.39999999999998,2.258,2.258,0.0,300,139,82,0.0,,48.846098547801375,2.311433432623744,Garmin Forerunner 735 XT,4.956993599159358,256.32430766094626,2.2624009049773877,4.956993599159358,104.0
2024-01-21 15:22:48+00:00,2024-01-21 15:22:48+00:00,582757061,27576801,1329.24,65535,58.200000000000045,58.200000000000045,2.295,2.295,0.0,300,139,82,0.0,,48.84613257832825,2.3114607576280832,Garmin Forerunner 735 XT,4.27982623676729,260.60413389771355,2.304925791855216,4.27982623676729,105.0
2024-01-21 15:22:49+00:00,2024-01-21 15:22:49+00:00,582757586,27577155,1333.92,65535,57.799999999999955,57.799999999999955,2.361,2.361,0.0,300,139,82,0.0,,48.8461765833199,2.3114904295653105,Garmin Forerunner 735 XT,5.353233114405209,265.95736701211877,2.3490705882353065,5.353233114405209,106.0
2024-01-21 15:22:50+00:00,2024-01-21 15:22:50+00:00,582757977,27577515,1337.42,65535,57.39999999999998,57.39999999999998,2.398,2.398,0.0,300,140,82,0.0,,48.8462093565613,2.311520604416728,Garmin Forerunner 735 XT,4.2609679331114565,270.2183349452302,2.39676380090499,4.2609679331114565,107.0
2024-01-21 15:22:51+00:00,2024-01-21 15:22:51+00:00,582758336,27577894,1340.71,65535,57.200000000000045,57.200000000000045,2.473,2.473,0.0,300,140,82,0.0,,48.84623944759369,2.311552371829748,Garmin Forerunner 735 XT,4.074217734391771,274.29255267962196,2.4472633484163024,4.074217734391771,108.0
2024-01-21 15:22:52+00:00,2024-01-21 15:22:52+00:00,582758679,27578263,1343.97,65535,57.0,57.0,2.51,2.51,0.0,300,140,81,0.0,,48.84626819752157,2.311583301052451,Garmin Forerunner 735 XT,3.9169066352271296,278.2094593148491,2.4974597285068008,3.9169066352271296,109.0
2024-01-21 15:22:53+00:00,2024-01-21 15:22:53+00:00,582759065,27578605,1347.62,65535,56.799999999999955,56.799999999999955,2.547,2.547,0.0,300,140,81,0.0,,48.84630055166781,2.311611967161298,Garmin Forerunner 735 XT,4.164491529366834,282.3739508442159,2.5417746606334974,4.164491529366834,110.0
2024-01-21 15:22:54+00:00,2024-01-21 15:22:54+00:00,582759561,27578986,1352.38,65535,56.39999999999998,56.39999999999998,2.566,2.566,0.0,300,139,81,0.0,,48.84634212590754,2.3116439022123814,Garmin Forerunner 735 XT,5.179921468754425,287.5538723129703,2.582086877828068,5.179921468754425,111.0
2024-01-21 15:22:55+00:00,2024-01-21 15:22:55+00:00,582759944,27579424,1356.22,65535,56.0,56.0,2.594,2.594,0.0,300,139,81,0.0,,48.84637422859669,2.3116806149482727,Garmin Forerunner 735 XT,4.467608290936895,292.0214806039072,2.6203520361991086,4.467608290936895,112.0
2024-01-21 15:22:56+00:00,2024-01-21 15:22:56+00:00,582760304,27579707,1359.78,65535,56.0,56.0,2.659,2.659,0.0,300,140,81,0.0,,48.846404403448105,2.311704335734248,Garmin Forerunner 735 XT,3.7776817476899103,295.7991623515971,2.651202714932141,3.7776817476899103,113.0
2024-01-21 15:22:57+00:00,2024-01-21 15:22:57+00:00,582760627,27580060,1363.14,65535,56.0,56.0,2.697,2.697,0.0,300,141,81,0.0,,48.84643147699535,2.3117339238524437,Garmin Forerunner 735 XT,3.708163275386624,299.5073256269837,2.679927601809969,3.708163275386624,114.0
2024-01-21 15:22:58+00:00,2024-01-21 15:22:58+00:00,582760988,27580479,1367.0,65535,56.0,56.0,2.715,2.715,0.0,300,141,81,0.0,,48.8464617356658,2.3117690440267324,Garmin Forerunner 735 XT,4.233804618023164,303.74113024500684,2.700955656108612,4.233804618023164,115.0
2024-01-21 15:22:59+00:00,2024-01-21 15:22:59+00:00,582761341,27580638,1370.42,65535,55.799999999999955,55.799999999999955,2.725,2.725,0.0,300,140,81,0.0,,48.846491323783994,2.311782371252775,Garmin Forerunner 735 XT,3.4315411301875907,307.17267137519445,2.72451312217196,3.4315411301875907,116.0
2024-01-21 15:23:00+00:00,2024-01-21 15:23:00+00:00,582761667,27580913,1373.77,65535,55.799999999999955,55.799999999999955,2.753,2.753,0.0,300,141,81,0.0,,48.84651864878833,2.311805421486497,Garmin Forerunner 735 XT,3.475175556290985,310.64784693148545,2.747053393665173,3.475175556290985,117.0
2024-01-21 15:23:01+00:00,2024-01-21 15:23:01+00:00,582762048,27581270,1377.76,65535,55.60000000000002,55.60000000000002,2.762,2.762,0.0,300,141,81,0.0,,48.84655058383942,2.3118353448808193,Garmin Forerunner 735 XT,4.171839921443102,314.81968685292856,2.7686823529411915,4.171839921443102,118.0
2024-01-21 15:23:02+00:00,2024-01-21 15:23:02+00:00,582762424,27581440,1381.41,65535,55.60000000000002,55.60000000000002,2.762,2.762,0.0,300,141,81,0.0,,48.84658209979534,2.311849594116211,Garmin Forerunner 735 XT,3.656243338878066,318.47593019180664,2.7862542986425485,3.656243338878066,119.0
2024-01-21 15:23:03+00:00,2024-01-21 15:23:03+00:00,582762912,27581769,1386.33,65535,55.39999999999998,55.39999999999998,2.79,2.79,0.0,300,141,81,0.0,,48.84662300348282,2.3118771705776453,Garmin Forerunner 735 XT,4.975822384842988,323.45175257664965,2.799193665158386,4.975822384842988,120.0
2024-01-21 15:23:04+00:00,2024-01-21 15:23:04+00:00,582763218,27581916,1389.32,65535,55.60000000000002,55.60000000000002,2.799,2.799,0.0,300,142,81,0.0,,48.84664865210652,2.3118894919753075,Garmin Forerunner 735 XT,2.9911197008029844,326.44287227745264,2.8112506787330465,2.9911197008029844,121.0
2024-01-21 15:23:05+00:00,2024-01-21 15:23:05+00:00,582763622,27582162,1393.3,65535,55.39999999999998,55.39999999999998,2.846,2.846,0.0,300,142,81,0.0,,48.84668251499534,2.3119101114571095,Garmin Forerunner 735 XT,4.056433425795842,330.49930570324847,2.8222950226244494,4.056433425795842,122.0
2024-01-21 15:23:06+00:00,2024-01-21 15:23:06+00:00,582763920,27582335,1396.27,65535,55.39999999999998,55.39999999999998,2.846,2.846,0.0,300,142,81,0.0,,48.84670749306679,2.311924612149596,Garmin Forerunner 735 XT,2.973221079265446,333.4725267825139,2.829876923076938,2.973221079265446,123.0
2024-01-21 15:23:07+00:00,2024-01-21 15:23:07+00:00,582764306,27582580,1400.15,65535,55.200000000000045,55.200000000000045,2.846,2.846,0.0,300,142,81,0.0,,48.84673984721303,2.3119451478123665,Garmin Forerunner 735 XT,3.898836501044896,337.3713632835588,2.8339656108597437,3.898836501044896,124.0
2024-01-21 15:23:08+00:00,2024-01-21 15:23:08+00:00,582764622,27582694,1403.18,65535,55.200000000000045,55.200000000000045,2.837,2.837,0.0,300,142,81,0.0,,48.84676633402705,2.311954703181982,Garmin Forerunner 735 XT,3.027060406267082,340.3984236898259,2.8363131221719606,3.027060406267082,125.0
2024-01-21 15:23:09+00:00,2024-01-21 15:23:09+00:00,582764988,27583004,1406.99,65535,55.0,55.0,2.827,2.827,0.0,300,143,81,0.0,,48.84679701179266,2.311980687081814,Garmin Forerunner 735 XT,3.9053221482854403,344.30374583811135,2.835243438914042,3.9053221482854403,126.0
2024-01-21 15:23:10+00:00,2024-01-21 15:23:10+00:00,582765319,27583075,1410.09,65535,55.0,55.0,2.818,2.818,0.0,300,143,81,0.0,,48.84682475589216,2.3119866382330656,Garmin Forerunner 735 XT,3.1155867405702162,347.4193325786816,2.8287031674208296,3.1155867405702162,127.0
2024-01-21 15:23:11+00:00,2024-01-21 15:23:11+00:00,582765671,27583185,1413.44,65535,55.0,55.0,2.818,2.818,0.0,300,143,80,0.0,,48.84685426019132,2.3119958583265543,Garmin Forerunner 735 XT,3.3493829464532983,350.7687155251349,2.8211031674208296,3.3493829464532983,128.0
2024-01-21 15:23:12+00:00,2024-01-21 15:23:12+00:00,582765981,27583342,1416.44,65535,54.60000000000002,54.60000000000002,2.809,2.809,0.0,300,144,80,0.0,,48.84688024409115,2.3120090179145336,Garmin Forerunner 735 XT,3.0455198315728507,353.81423535670774,2.8105004524887027,3.0455198315728507,129.0
2024-01-21 15:23:13+00:00,2024-01-21 15:23:13+00:00,582766272,27583488,1419.28,65535,54.60000000000002,54.60000000000002,2.809,2.809,0.0,300,144,81,0.0,,48.84690463542938,2.312021255493164,Garmin Forerunner 735 XT,2.85619882817846,356.6704341848862,2.802314932126712,2.85619882817846,130.0
2024-01-21 15:23:14+00:00,2024-01-21 15:23:14+00:00,582766567,27583631,1422.16,65535,54.60000000000002,54.60000000000002,2.799,2.799,0.0,300,144,81,0.0,,48.84692936204374,2.3120332416146994,Garmin Forerunner 735 XT,2.885978517239126,359.55641270212533,2.793931221719472,2.885978517239126,131.0
2024-01-21 15:23:15+00:00,2024-01-21 15:23:15+00:00,582766861,27583721,1424.95,65535,54.60000000000002,54.60000000000002,2.79,2.79,0.0,300,144,81,0.0,,48.84695400483906,2.3120407853275537,Garmin Forerunner 735 XT,2.7952019495240576,362.3516146516494,2.788266968325807,2.7952019495240576,132.0
2024-01-21 15:23:16+00:00,2024-01-21 15:23:16+00:00,582767140,27583708,1427.5,65535,54.60000000000002,54.60000000000002,2.781,2.781,0.0,300,144,81,0.0,,48.84697739034891,2.3120396956801414,Garmin Forerunner 735 XT,2.6015722050250107,364.95318685667445,2.784501357466078,2.6015722050250107,133.0
2024-01-21 15:23:17+00:00,2024-01-21 15:23:17+00:00,582767419,27583818,1430.19,65535,54.39999999999998,54.39999999999998,2.781,2.781,0.0,300,144,81,0.0,,48.84700077585876,2.31204891577363,Garmin Forerunner 735 XT,2.6864484147598096,367.63963527143426,2.78286425339368,2.6864484147598096,134.0
2024-01-21 15:23:18+00:00,2024-01-21 15:23:18+00:00,582767750,27583874,1433.23,65535,54.60000000000002,54.60000000000002,2.771,2.771,0.0,300,144,81,0.0,,48.84702851995826,2.312053609639406,Garmin Forerunner 735 XT,3.1040644150732053,370.74369968650745,2.7819040723982047,3.1040644150732053,135.0
2024-01-21 15:23:19+00:00,2024-01-21 15:23:19+00:00,582768108,27583808,1436.42,65535,54.799999999999955,54.799999999999955,2.771,2.771,0.0,300,144,81,0.0,,48.84705852717161,2.312048077583313,Garmin Forerunner 735 XT,3.3611156787310956,374.10481536523855,2.783144796380105,3.3611156787310956,136.0
2024-01-21 15:23:20+00:00,2024-01-21 15:23:20+00:00,582768420,27583637,1439.31,65535,54.799999999999955,54.799999999999955,2.781,2.781,0.0,300,143,81,0.0,,48.84708467870951,2.3120337445288897,Garmin Forerunner 735 XT,3.091276439648134,377.1960918048867,2.784428959276033,3.091276439648134,137.0
2024-01-21 15:23:21+00:00,2024-01-21 15:23:21+00:00,582768692,27583563,1441.89,65535,54.799999999999955,54.799999999999955,2.799,2.799,0.0,300,143,81,0.0,,48.847107477486134,2.3120275419205427,Garmin Forerunner 735 XT,2.5754169510440583,379.77150875593077,2.787351131221734,2.5754169510440583,138.0
2024-01-21 15:23:22+00:00,2024-01-21 15:23:22+00:00,582768973,27583449,1444.58,65535,54.799999999999955,54.799999999999955,2.799,2.799,0.0,300,144,82,0.0,,48.847131030634046,2.312017986550927,Garmin Forerunner 735 XT,2.710719445391768,382.4822282013225,2.7894859728506938,2.710719445391768,139.0
2024-01-21 15:23:23+00:00,2024-01-21 15:23:23+00:00,582769253,27583251,1447.4,65535,54.799999999999955,54.799999999999955,2.799,2.799,0.0,300,145,82,0.0,,48.847154499962926,2.3120013903826475,Garmin Forerunner 735 XT,2.878396852321775,385.3606250536443,2.7905466063348565,2.878396852321775,140.0
2024-01-21 15:23:24+00:00,2024-01-21 15:23:24+00:00,582769506,27583020,1450.06,65535,55.0,55.0,2.79,2.79,0.0,300,145,82,0.0,,48.84717570617795,2.3119820281863213,Garmin Forerunner 735 XT,2.750931717933593,388.1115567715779,2.790729411764721,2.750931717933593,141.0
2024-01-21 15:23:25+00:00,2024-01-21 15:23:25+00:00,582769762,27582757,1452.77,65535,55.0,55.0,2.79,2.79,0.0,300,145,81,0.0,,48.84719716385007,2.31195998378098,Garmin Forerunner 735 XT,2.8800936265967048,390.9916503981746,2.7882542986425487,2.8800936265967048,142.0
2024-01-21 15:23:26+00:00,2024-01-21 15:23:26+00:00,582769986,27582738,1454.85,65535,55.0,55.0,2.781,2.781,0.0,300,145,80,0.0,,48.84721593931317,2.3119583912193775,Garmin Forerunner 735 XT,2.0909860841938945,393.0826364823685,2.7830968325792003,2.0909860841938945,143.0
2024-01-21 15:23:27+00:00,2024-01-21 15:23:27+00:00,582770119,27582625,1456.1,65535,55.0,55.0,2.781,2.781,0.0,300,144,80,0.0,,48.84722708724439,2.3119489196687937,Garmin Forerunner 735 XT,1.4201897189437909,394.5028262013123,2.7782018099547656,1.4201897189437909,144.0
2024-01-21 15:23:28+00:00,2024-01-21 15:23:28+00:00,582770348,27582562,1458.25,65535,55.0,55.0,2.771,2.771,0.0,300,144,80,0.0,,48.847246281802654,2.3119436390697956,Garmin Forerunner 735 XT,2.169032775543655,396.67185897685596,2.7747004524887027,2.169032775543655,145.0
2024-01-21 15:23:29+00:00,2024-01-21 15:23:29+00:00,582770529,27582530,1459.94,65535,55.0,55.0,2.771,2.771,0.0,300,144,80,0.0,,48.847261453047395,2.3119409568607807,Garmin Forerunner 735 XT,1.6983443184203444,398.3702032952763,2.774851583710422,1.6983443184203444,146.0
2024-01-21 15:23:30+00:00,2024-01-21 15:23:30+00:00,582770832,27582707,1462.97,65535,55.200000000000045,55.200000000000045,2.771,2.771,0.0,300,142,80,0.0,,48.847286850214005,2.3119557928293943,Garmin Forerunner 735 XT,3.025511281970857,401.3957145772472,2.7768552036199243,3.025511281970857,147.0
2024-01-21 15:23:31+00:00,2024-01-21 15:23:31+00:00,582770969,27582750,1464.26,65535,55.200000000000045,55.200000000000045,2.762,2.762,0.0,300,143,80,0.0,,48.84729833342135,2.311959397047758,Garmin Forerunner 735 XT,1.303826722048384,402.69954129929556,2.7803339366515987,1.303826722048384,148.0
2024-01-21 15:23:32+00:00,2024-01-21 15:23:32+00:00,582771223,27582820,1466.66,65535,55.39999999999998,55.39999999999998,2.781,2.781,0.0,300,143,80,0.0,,48.847319623455405,2.311965264379978,Garmin Forerunner 735 XT,2.405960345697142,405.1055016449927,2.783545701357481,2.405960345697142,149.0
2024-01-21 15:23:33+00:00,2024-01-21 15:23:33+00:00,582771461,27582638,1468.82,65535,55.39999999999998,55.39999999999998,2.799,2.799,0.0,300,143,79,0.0,,48.84733957238495,2.311950009316206,Garmin Forerunner 735 XT,2.48325581533731,407.58875746033004,2.78676832579187,2.48325581533731,150.0
2024-01-21 15:23:34+00:00,2024-01-21 15:23:34+00:00,582771648,27582446,1470.58,65535,55.60000000000002,55.60000000000002,2.799,2.799,0.0,300,143,78,0.0,,48.847355246543884,2.3119339160621166,Garmin Forerunner 735 XT,2.103427210552669,409.69218467088274,2.7885502262443587,2.103427210552669,151.0
2024-01-21 15:23:35+00:00,2024-01-21 15:23:35+00:00,582771819,27582121,1472.52,65535,55.799999999999955,55.799999999999955,2.799,2.799,0.0,300,144,78,0.0,,48.84736957959831,2.311906674876809,Garmin Forerunner 735 XT,2.5521525139038297,412.24433718478656,2.7884859728506934,2.5521525139038297,152.0
2024-01-21 15:23:36+00:00,2024-01-21 15:23:36+00:00,582771969,27581898,1474.17,65535,55.799999999999955,55.799999999999955,2.79,2.79,0.0,300,144,79,0.0,,48.847382152453065,2.3118879832327366,Garmin Forerunner 735 XT,1.9558154951860875,414.20015267997263,2.7861701357466213,1.9558154951860875,153.0
2024-01-21 15:23:37+00:00,2024-01-21 15:23:37+00:00,582772081,27581668,1475.66,65535,56.0,56.0,2.781,2.781,0.0,300,144,79,0.5,,48.84739154018462,2.311868704855442,Garmin Forerunner 735 XT,1.7548935491258477,415.95504622909846,2.782738461538476,1.7548935491258477,154.0
2024-01-21 15:23:38+00:00,2024-01-21 15:23:38+00:00,582772207,27581355,1477.5,65535,56.200000000000045,56.200000000000045,2.771,2.771,0.0,300,144,79,0.5,,48.84740210138261,2.311842469498515,Garmin Forerunner 735 XT,2.2504433758779876,418.20548960497644,2.7760669683258064,2.2504433758779876,155.0
2024-01-21 15:23:39+00:00,2024-01-21 15:23:39+00:00,582772308,27581063,1479.02,65535,56.39999999999998,56.39999999999998,2.762,2.762,0.0,300,144,79,0.5,,48.847410567104816,2.3118179943412542,Garmin Forerunner 735 XT,2.0232615614765503,420.228751166453,2.7647104072398334,2.0232615614765503,156.0
2024-01-21 15:23:40+00:00,2024-01-21 15:23:40+00:00,582772642,27581209,1482.05,65535,56.200000000000045,56.200000000000045,2.753,2.753,0.0,300,144,79,0.5,,48.84743856266141,2.3118302319198847,Garmin Forerunner 735 XT,3.2391985869462547,423.46794975339924,2.7536542986425485,3.2391985869462547,157.0
2024-01-21 15:23:41+00:00,2024-01-21 15:23:41+00:00,582772920,27581243,1484.63,65535,56.200000000000045,56.200000000000045,2.743,2.743,0.0,300,144,79,0.5,,48.847461864352226,2.311833081766963,Garmin Forerunner 735 XT,2.5994079509649226,426.06735770436416,2.7432859728506935,2.5994079509649226,158.0
2024-01-21 15:23:42+00:00,2024-01-21 15:23:42+00:00,582773163,27581145,1486.9,65535,56.200000000000045,56.200000000000045,2.743,2.743,0.0,300,144,79,0.5,,48.84748223237693,2.311824867501855,Garmin Forerunner 735 XT,2.3432234196725976,428.41058112403675,2.7353339366515983,2.3432234196725976,159.0
2024-01-21 15:23:43+00:00,2024-01-21 15:23:43+00:00,582773450,27581205,1489.56,65535,56.39999999999998,56.39999999999998,2.734,2.734,0.0,300,144,79,0.5,,48.847506288439035,2.311829896643758,Garmin Forerunner 735 XT,2.700107155472544,431.1106882795093,2.73030497737558,2.700107155472544,160.0
2024-01-21 15:23:44+00:00,2024-01-21 15:23:44+00:00,582773794,27581311,1492.79,65535,56.60000000000002,56.60000000000002,2.715,2.715,0.0,300,145,79,0.5,,48.847535122185946,2.3118387814611197,Garmin Forerunner 735 XT,3.2714180535566526,434.38210633306596,2.727459728506802,3.2714180535566526,161.0
2024-01-21 15:23:45+00:00,2024-01-21 15:23:45+00:00,582774096,27581470,1495.69,65535,56.799999999999955,56.799999999999955,2.715,2.715,0.0,300,144,79,0.5,,48.847560435533524,2.3118521086871624,Garmin Forerunner 735 XT,2.9788653917580157,437.36097172482397,2.7298597285068014,2.9788653917580157,162.0
2024-01-21 15:23:46+00:00,2024-01-21 15:23:46+00:00,582774402,27581558,1498.58,65535,57.0,57.0,2.725,2.725,0.0,300,144,79,0.5,4.0,48.84758608415723,2.3118594847619534,Garmin Forerunner 735 XT,2.9026190469759463,440.2635907717999,2.731146606334856,2.9026190469759463,163.0
2024-01-21 15:23:47+00:00,2024-01-21 15:23:47+00:00,582774763,27581631,1501.97,65535,57.39999999999998,57.39999999999998,2.725,2.725,0.0,300,144,79,0.5,4.0,48.84761634282768,2.3118656035512686,Garmin Forerunner 735 XT,3.394270057208854,443.65786082900877,2.7321556561086116,3.394270057208854,164.0
2024-01-21 15:23:49+00:00,2024-01-21 15:23:49+00:00,582775082,27581707,1504.98,65535,57.60000000000002,57.60000000000002,2.743,2.743,0.0,300,144,79,0.5,4.0,48.847643081098795,2.311871973797679,Garmin Forerunner 735 XT,1.5047392009475364,446.66733923090385,2.731570135746621,1.5047392009475364,166.0
2024-01-21 15:23:50+00:00,2024-01-21 15:23:50+00:00,582775374,27581826,1507.76,65535,57.60000000000002,57.60000000000002,2.743,2.743,0.0,300,144,79,0.5,4.0,48.847667556256056,2.311881948262453,Garmin Forerunner 735 XT,2.8176829343593983,449.4850221652633,2.7312144796380236,2.8176829343593983,167.0
2024-01-21 15:23:51+00:00,2024-01-21 15:23:51+00:00,582775659,27581938,1510.45,65535,57.799999999999955,57.799999999999955,2.743,2.743,0.0,300,144,80,0.0,4.0,48.847691444680095,2.311891335994005,Garmin Forerunner 735 XT,2.74365685124182,452.2286790165051,2.7286778280543134,2.74365685124182,168.0
2024-01-21 15:23:52+00:00,2024-01-21 15:23:52+00:00,582775890,27581982,1512.61,65535,57.799999999999955,57.799999999999955,2.743,2.743,0.0,300,145,80,0.0,4.0,48.84771080687642,2.3118950240314007,Garmin Forerunner 735 XT,2.169825280683589,454.3985042971887,2.7234742081448107,2.169825280683589,169.0
2024-01-21 15:23:53+00:00,2024-01-21 15:23:53+00:00,582776145,27582026,1515.0,65535,58.0,58.0,2.697,2.697,0.0,300,145,80,0.0,4.0,48.84773218072951,2.311898712068796,Garmin Forerunner 735 XT,2.391936310499944,456.79044060768865,2.7142868778280684,2.391936310499944,170.0
2024-01-21 15:23:54+00:00,2024-01-21 15:23:54+00:00,582776413,27582033,1517.49,65535,58.0,58.0,2.697,2.697,0.0,300,144,80,0.5,4.0,48.84775464423001,2.311899298802018,Garmin Forerunner 735 XT,2.4981962345411355,459.2886368422298,2.7035990950226387,2.4981962345411355,171.0
2024-01-21 15:23:55+00:00,2024-01-21 15:23:55+00:00,582776604,27581953,1519.31,65535,58.200000000000045,58.200000000000045,2.687,2.687,0.0,300,144,80,0.5,4.0,48.847770653665066,2.311892593279481,Garmin Forerunner 735 XT,1.8465506657592123,461.135187507989,2.6921375565611,1.8465506657592123,172.0
2024-01-21 15:23:56+00:00,2024-01-21 15:23:56+00:00,582776843,27581879,1521.54,65535,58.39999999999998,58.39999999999998,2.687,2.687,0.0,300,144,80,0.5,4.0,48.847790686413646,2.311886390671134,Garmin Forerunner 735 XT,2.273307560579307,463.4084950685683,2.680510407239833,2.273307560579307,173.0
2024-01-21 15:23:57+00:00,2024-01-21 15:23:57+00:00,582777130,27581817,1524.24,65535,58.60000000000002,58.60000000000002,2.659,2.659,0.0,300,144,80,0.5,4.0,48.84781474247575,2.3118811938911676,Garmin Forerunner 735 XT,2.7018059914316983,466.11030106,2.6707239819004664,2.7018059914316983,174.0
2024-01-21 15:23:58+00:00,2024-01-21 15:23:58+00:00,582777422,27581786,1526.96,65535,58.799999999999955,58.799999999999955,2.659,2.659,0.0,300,144,81,0.0,4.0,48.84783921763301,2.3118785955011845,Garmin Forerunner 735 XT,2.7281468006651672,468.83844786066516,2.662430769230783,2.7281468006651672,175.0
2024-01-21 15:23:59+00:00,2024-01-21 15:23:59+00:00,582777641,27581755,1529.01,65535,58.799999999999955,58.799999999999955,2.659,2.659,0.0,300,145,81,0.0,4.0,48.847857574000955,2.3118759971112013,Garmin Forerunner 735 XT,2.0499712779643016,470.88841913862944,2.65655384615386,2.0499712779643016,176.0
2024-01-21 15:24:00+00:00,2024-01-21 15:24:00+00:00,582777924,27581812,1531.61,65535,59.200000000000045,59.200000000000045,2.659,2.659,0.0,300,146,80,0.0,4.0,48.84788129478693,2.311880774796009,Garmin Forerunner 735 XT,2.660698409282186,473.54911754791164,2.654016289592774,2.660698409282186,177.0
2024-01-21 15:24:01+00:00,2024-01-21 15:24:01+00:00,582778169,27581925,1533.93,65535,59.200000000000045,59.200000000000045,2.65,2.65,0.0,300,146,80,0.0,4.0,48.8479018304497,2.311890246346593,Garmin Forerunner 735 XT,2.38632158193464,475.93543912984626,2.6487366515837243,2.38632158193464,178.0
2024-01-21 15:24:02+00:00,2024-01-21 15:24:02+00:00,582778436,27582030,1536.46,65535,59.39999999999998,59.39999999999998,2.65,2.65,0.0,300,147,80,0.0,4.0,48.84792421013117,2.311899047344923,Garmin Forerunner 735 XT,2.570485695039219,478.5059248248855,2.6436570135746744,2.570485695039219,179.0
2024-01-21 15:24:03+00:00,2024-01-21 15:24:03+00:00,582778726,27582170,1539.19,65535,59.60000000000002,59.60000000000002,2.641,2.641,0.0,300,147,80,0.0,4.0,48.847948517650366,2.311910782009363,Garmin Forerunner 735 XT,2.8359861629026533,481.34191098778814,2.640806334841643,2.8359861629026533,180.0
2024-01-21 15:24:04+00:00,2024-01-21 15:24:04+00:00,582779020,27582333,1542.07,65535,59.60000000000002,59.60000000000002,2.641,2.641,0.0,300,147,80,0.0,4.0,48.84797316044569,2.311924444511533,Garmin Forerunner 735 XT,2.9168290884204833,484.2587400762086,2.6421366515837246,2.9168290884204833,181.0
2024-01-21 15:24:05+00:00,2024-01-21 15:24:05+00:00,582779321,27582448,1544.94,65535,59.799999999999955,59.799999999999955,2.641,2.641,0.0,300,147,80,0.0,4.0,48.84799838997424,2.31193408370018,Garmin Forerunner 735 XT,2.892702908273316,487.1514429844819,2.643771040723996,2.892702908273316,182.0
2024-01-21 15:24:06+00:00,2024-01-21 15:24:06+00:00,582779631,27582592,1547.92,65535,59.799999999999955,59.799999999999955,2.641,2.641,0.0,300,146,80,0.0,4.0,48.84802437387407,2.311946153640747,Garmin Forerunner 735 XT,3.0212502743346796,490.1726932588166,2.6480678733031815,3.0212502743346796,183.0
2024-01-21 15:24:07+00:00,2024-01-21 15:24:07+00:00,582780067,27583019,1552.26,65535,58.60000000000002,58.60000000000002,2.641,2.641,0.0,300,146,80,0.0,3.0,48.848060918971896,2.3119819443672895,Garmin Forerunner 735 XT,4.834433993384564,495.00712725220114,2.65360904977377,4.834433993384564,184.0
2024-01-21 15:24:08+00:00,2024-01-21 15:24:08+00:00,582780433,27583391,1556.03,65535,57.60000000000002,57.60000000000002,2.65,2.65,0.0,300,146,79,0.5,3.0,48.848091596737504,2.3120131250470877,Garmin Forerunner 735 XT,4.103894331826087,499.11102158402724,2.66085791855205,4.103894331826087,185.0
2024-01-21 15:24:09+00:00,2024-01-21 15:24:09+00:00,582780720,27583631,1558.99,65535,57.200000000000045,57.200000000000045,2.678,2.678,0.0,300,146,79,0.5,3.0,48.848115652799606,2.3120332416146994,Garmin Forerunner 735 XT,3.0531766545553447,502.16419823858257,2.6679375565611,3.0531766545553447,186.0
2024-01-21 15:24:10+00:00,2024-01-21 15:24:10+00:00,582780934,27583827,1561.22,65535,56.200000000000045,56.200000000000045,2.687,2.687,0.0,300,146,80,0.0,3.0,48.84813359007239,2.3120496701449156,Garmin Forerunner 735 XT,2.3287881468171263,504.4929863853997,2.6740171945701503,2.3287881468171263,187.0
2024-01-21 15:24:11+00:00,2024-01-21 15:24:11+00:00,582781173,27584008,1563.63,65535,55.60000000000002,55.60000000000002,2.687,2.687,0.0,300,146,80,0.0,3.0,48.84815362282097,2.312064841389656,Garmin Forerunner 735 XT,2.4888349924012605,506.981821377801,2.6790398190045392,2.4888349924012605,188.0
2024-01-21 15:24:12+00:00,2024-01-21 15:24:12+00:00,582781455,27584162,1566.38,65535,55.39999999999998,55.39999999999998,2.687,2.687,0.0,300,147,80,0.0,3.0,48.84817725978792,2.3120777495205402,Garmin Forerunner 735 XT,2.7928726731594558,509.7746940509605,2.6811484162896067,2.7928726731594558,189.0
2024-01-21 15:24:13+00:00,2024-01-21 15:24:13+00:00,582781674,27584076,1568.46,65535,54.799999999999955,54.799999999999955,2.678,2.678,0.0,300,147,80,0.0,3.0,48.84819561615586,2.3120705410838127,Garmin Forerunner 735 XT,2.108185397662003,511.8828794486225,2.6810488687782947,2.108185397662003,190.0
2024-01-21 15:24:14+00:00,2024-01-21 15:24:14+00:00,582781897,27584100,1570.55,65535,53.799999999999955,53.799999999999955,2.678,2.678,0.0,300,147,79,0.5,3.0,48.848214307799935,2.312072552740574,Garmin Forerunner 735 XT,2.0836219132989338,513.9665013619214,2.678082352941191,2.0836219132989338,191.0
2024-01-21 15:24:15+00:00,2024-01-21 15:24:15+00:00,582782142,27584214,1572.89,65535,53.200000000000045,53.200000000000045,2.669,2.669,0.0,300,147,79,0.5,3.0,48.848234843462706,2.3120821081101894,Garmin Forerunner 735 XT,2.388108728155295,516.3546100900767,2.6718099547511454,2.388108728155295,192.0
2024-01-21 15:24:16+00:00,2024-01-21 15:24:16+00:00,582782338,27584334,1574.81,65535,52.39999999999998,52.39999999999998,2.659,2.659,0.0,300,147,80,0.0,3.0,48.84825127199292,2.3120921663939953,Garmin Forerunner 735 XT,1.9694583077343408,518.3240683978111,2.6624850678733174,1.9694583077343408,193.0
2024-01-21 15:24:17+00:00,2024-01-21 15:24:17+00:00,582782537,27584546,1576.99,65535,51.60000000000002,51.60000000000002,2.659,2.659,0.0,300,148,80,0.0,3.0,48.84826795198023,2.312109936028719,Garmin Forerunner 735 XT,2.2650974459499973,520.5891658437611,2.6550253393665297,2.2650974459499973,194.0
2024-01-21 15:24:18+00:00,2024-01-21 15:24:18+00:00,582782781,27584721,1579.51,65535,51.200000000000045,51.200000000000045,2.641,2.641,0.0,300,148,80,0.0,3.0,48.84828840382397,2.312124604359269,Garmin Forerunner 735 XT,2.5147023415969065,523.103868185358,2.6481710407239962,2.5147023415969065,195.0
2024-01-21 15:24:19+00:00,2024-01-21 15:24:19+00:00,582783002,27584706,1581.49,65535,50.60000000000002,50.60000000000002,2.641,2.641,0.0,300,148,80,0.0,3.0,48.84830692782998,2.3121233470737934,Garmin Forerunner 735 XT,2.0618289944324437,525.1656971797904,2.6403049773755796,2.0618289944324437,196.0
2024-01-21 15:24:20+00:00,2024-01-21 15:24:20+00:00,582783221,27584924,1583.76,65535,50.0,50.0,2.631,2.631,0.0,300,147,80,0.0,3.0,48.84832528419793,2.3121416196227074,Garmin Forerunner 735 XT,2.4400660198229174,527.6057631996133,2.6326171945701495,2.4400660198229174,197.0
2024-01-21 15:24:21+00:00,2024-01-21 15:24:21+00:00,582783462,27585073,1586.17,65535,49.799999999999955,49.799999999999955,2.622,2.622,0.0,300,147,80,0.0,3.0,48.84834548458457,2.312154108658433,Garmin Forerunner 735 XT,2.4249642972325405,530.0307274968459,2.623133031674222,2.4249642972325405,198.0
2024-01-21 15:24:22+00:00,2024-01-21 15:24:22+00:00,582783637,27585119,1587.81,65535,49.0,49.0,2.613,2.613,0.0,300,147,80,0.0,2.0,48.84836015291512,2.312157964333892,Garmin Forerunner 735 XT,1.6552645982454297,531.6859920950914,2.6131438914027285,1.6552645982454297,199.0
2024-01-21 15:24:23+00:00,2024-01-21 15:24:23+00:00,582783875,27585120,1589.99,65535,48.799999999999955,48.799999999999955,2.613,2.613,0.0,300,147,80,0.0,2.0,48.84838010184467,2.3121580481529236,Garmin Forerunner 735 XT,2.2182282367232813,533.9042203318146,2.6015058823529547,2.2182282367232813,200.0
2024-01-21 15:24:24+00:00,2024-01-21 15:24:24+00:00,582784093,27585227,1592.09,65535,48.799999999999955,48.799999999999955,2.594,2.594,0.0,300,147,79,0.5,2.0,48.84839837439358,2.312167016789317,Garmin Forerunner 735 XT,2.1351679183171592,536.0393882501318,2.5887366515837247,2.1351679183171592,201.0
2024-01-21 15:24:25+00:00,2024-01-21 15:24:25+00:00,582784277,27585241,1593.77,65535,48.200000000000045,48.200000000000045,2.575,2.575,0.0,300,146,79,0.5,2.0,48.84841379709542,2.312168190255761,Garmin Forerunner 735 XT,1.7170744571226593,537.7564627072544,2.576718552036213,1.7170744571226593,202.0
2024-01-21 15:24:26+00:00,2024-01-21 15:24:26+00:00,582784526,27585288,1596.07,65535,48.0,48.0,2.566,2.566,0.0,300,147,79,0.5,2.0,48.848434668034315,2.3121721297502518,Garmin Forerunner 735 XT,2.338576596893145,540.0950393041476,2.5648416289592895,2.338576596893145,203.0
2024-01-21 15:24:27+00:00,2024-01-21 15:24:27+00:00,582784774,27585512,1598.75,65535,48.200000000000045,48.200000000000045,2.547,2.547,0.0,300,147,79,0.5,2.0,48.84845545515418,2.312190905213356,Garmin Forerunner 735 XT,2.6888868488947146,542.7839261530423,2.554095927601823,2.6888868488947146,204.0
2024-01-21 15:24:28+00:00,2024-01-21 15:24:28+00:00,582785031,27585574,1601.14,65535,48.200000000000045,48.200000000000045,2.538,2.538,0.0,300,147,80,0.0,2.0,48.84847699664533,2.3121961019933224,Garmin Forerunner 735 XT,2.425300194526586,545.2092263475689,2.544200904977389,2.425300194526586,205.0
2024-01-21 15:24:29+00:00,2024-01-21 15:24:29+00:00,582785348,27585504,1603.94,65535,48.200000000000045,48.200000000000045,2.529,2.529,0.0,300,147,80,0.0,2.0,48.848503567278385,2.3121902346611023,Garmin Forerunner 735 XT,2.985549524976585,548.1947758725455,2.5342886877828192,2.985549524976585,206.0
2024-01-21 15:24:30+00:00,2024-01-21 15:24:30+00:00,582785603,27585440,1606.18,65535,48.200000000000045,48.200000000000045,2.529,2.529,0.0,300,147,80,0.0,2.0,48.84852494113147,2.3121848702430725,Garmin Forerunner 735 XT,2.4088603463197953,550.6036362188653,2.5271393665158506,2.4088603463197953,207.0
2024-01-21 15:24:31+00:00,2024-01-21 15:24:31+00:00,582785843,27585385,1608.34,65535,48.39999999999998,48.39999999999998,2.529,2.529,0.0,300,147,80,0.0,2.0,48.848545057699084,2.312180260196328,Garmin Forerunner 735 XT,2.2621522869078197,552.8657885057731,2.5247022624434523,2.2621522869078197,208.0
2024-01-21 15:24:32+00:00,2024-01-21 15:24:32+00:00,582786088,27585420,1610.64,65535,48.39999999999998,48.39999999999998,2.529,2.529,0.0,300,148,80,0.0,2.0,48.848565593361855,2.312183193862438,Garmin Forerunner 735 XT,2.293529236137456,555.1593177419106,2.5245665158371176,2.293529236137456,209.0
2024-01-21 15:24:33+00:00,2024-01-21 15:24:33+00:00,582786389,27585325,1613.37,65535,48.39999999999998,48.39999999999998,2.519,2.519,0.0,300,147,80,0.0,2.0,48.8485908228904,2.3121752310544252,Garmin Forerunner 735 XT,2.865262706934242,558.0245804488449,2.5247366515837237,2.865262706934242,210.0
2024-01-21 15:24:34+00:00,2024-01-21 15:24:34+00:00,582786730,27585299,1616.53,65535,48.60000000000002,48.60000000000002,2.519,2.519,0.0,300,146,81,0.0,2.0,48.848619405180216,2.3121730517596006,Garmin Forerunner 735 XT,3.182203555754337,561.2067840045992,2.5251085972850813,3.182203555754337,211.0
2024-01-21 15:24:35+00:00,2024-01-21 15:24:35+00:00,582786996,27585290,1618.99,65535,48.39999999999998,48.39999999999998,2.519,2.519,0.0,300,147,81,0.0,2.0,48.84864170104265,2.312172297388315,Garmin Forerunner 735 XT,2.47980120867817,563.6865852132773,2.5247710407239956,2.47980120867817,212.0
2024-01-21 15:24:36+00:00,2024-01-21 15:24:36+00:00,582787238,27585332,1621.25,65535,48.200000000000045,48.200000000000045,2.538,2.538,0.0,300,149,81,0.0,2.0,48.84866198524833,2.3121758177876472,Garmin Forerunner 735 XT,2.2701626456187713,565.9567478588962,2.524511312217208,2.2701626456187713,213.0
2024-01-21 15:24:37+00:00,2024-01-21 15:24:37+00:00,582787453,27585279,1623.2,65535,48.0,48.0,2.538,2.538,0.0,300,147,81,0.0,2.0,48.848680006340146,2.3121713753789663,Garmin Forerunner 735 XT,2.0300478437796414,567.9867957026759,2.5248832579185656,2.0300478437796414,214.0
2024-01-21 15:24:38+00:00,2024-01-21 15:24:38+00:00,582787734,27585391,1625.83,65535,48.0,48.0,2.529,2.529,0.0,300,146,81,0.0,2.0,48.84870355948806,2.3121807631105185,Garmin Forerunner 735 XT,2.707575810452867,570.6943715131288,2.5263592760181135,2.707575810452867,215.0
2024-01-21 15:24:39+00:00,2024-01-21 15:24:39+00:00,582788011,27585434,1628.41,65535,48.0,48.0,2.519,2.519,0.0,300,146,81,0.0,2.0,48.84872677735984,2.312184367328882,Garmin Forerunner 735 XT,2.595144724375011,573.2895162375038,2.528070588235308,2.595144724375011,216.0
2024-01-21 15:24:40+00:00,2024-01-21 15:24:40+00:00,582788354,27585348,1631.62,65535,48.200000000000045,48.200000000000045,2.519,2.519,0.0,300,146,80,0.0,2.0,48.84875552728772,2.3121771588921547,Garmin Forerunner 735 XT,3.240066757849598,576.5295829953534,2.5311484162896063,3.240066757849598,217.0
2024-01-21 15:24:41+00:00,2024-01-21 15:24:41+00:00,582788685,27585282,1634.68,65535,48.200000000000045,48.200000000000045,2.529,2.529,0.0,300,145,80,0.0,2.0,48.84878327138722,2.3121716268360615,Garmin Forerunner 735 XT,3.111446450855514,579.6410294462089,2.5339547511312355,3.111446450855514,218.0
2024-01-21 15:24:42+00:00,2024-01-21 15:24:42+00:00,582788968,27585218,1637.31,65535,48.200000000000045,48.200000000000045,2.538,2.538,0.0,300,145,81,0.0,1.0,48.848806992173195,2.3121662624180317,Garmin Forerunner 735 XT,2.6666781088887683,582.3077075550976,2.536851583710421,2.6666781088887683,219.0
2024-01-21 15:24:43+00:00,2024-01-21 15:24:43+00:00,582789212,27585161,1639.6,65535,47.799999999999955,47.799999999999955,2.547,2.547,0.0,300,145,81,0.0,1.0,48.84882744401693,2.312161484733224,Garmin Forerunner 735 XT,2.3008546886273953,584.608562243725,2.5408361990950366,2.3008546886273953,220.0
2024-01-21 15:24:44+00:00,2024-01-21 15:24:44+00:00,582789518,27585226,1642.45,65535,47.799999999999955,47.799999999999955,2.547,2.547,0.0,300,145,81,0.0,1.0,48.84885309264064,2.3121669329702854,Garmin Forerunner 735 XT,2.8797244020016683,587.4882866457267,2.546371945701371,2.8797244020016683,221.0
2024-01-21 15:24:45+00:00,2024-01-21 15:24:45+00:00,582789764,27585195,1644.74,65535,47.60000000000002,47.60000000000002,2.547,2.547,0.0,300,145,81,0.0,1.0,48.84887371212244,2.3121643345803022,Garmin Forerunner 735 XT,2.3006514224220758,589.7889380681488,2.550952941176484,2.3006514224220758,222.0
2024-01-21 15:24:46+00:00,2024-01-21 15:24:46+00:00,582790020,27585041,1647.19,65535,47.60000000000002,47.60000000000002,2.557,2.557,0.0,300,145,81,0.0,1.0,48.84889516979456,2.312151426449418,Garmin Forerunner 735 XT,2.566128490617194,592.355066558766,2.5534144796380227,2.566128490617194,223.0
2024-01-21 15:24:47+00:00,2024-01-21 15:24:47+00:00,582790268,27584841,1649.57,65535,47.39999999999998,47.39999999999998,2.557,2.557,0.0,300,146,80,0.0,1.0,48.848915956914425,2.312134662643075,Garmin Forerunner 735 XT,2.616734703356963,594.971801262123,2.553007239819018,2.616734703356963,224.0
2024-01-21 15:24:48+00:00,2024-01-21 15:24:48+00:00,582790469,27584759,1651.43,65535,47.39999999999998,47.39999999999998,2.557,2.557,0.0,300,145,80,0.0,1.0,48.8489328045398,2.3121277894824743,Garmin Forerunner 735 XT,1.9397021986198781,596.9115034607429,2.5510524886877968,1.9397021986198781,225.0
2024-01-21 15:24:49+00:00,2024-01-21 15:24:49+00:00,582790683,27584773,1653.42,65535,47.200000000000045,47.200000000000045,2.557,2.557,0.0,300,145,80,0.0,1.0,48.84895074181259,2.3121289629489183,Garmin Forerunner 735 XT,1.9963810938151485,598.907884554558,2.5475502262443577,1.9963810938151485,226.0
2024-01-21 15:24:50+00:00,2024-01-21 15:24:50+00:00,582790986,27584856,1656.26,65535,47.0,47.0,2.538,2.538,0.0,300,144,80,0.0,1.0,48.8489761389792,2.3121359199285507,Garmin Forerunner 735 XT,2.86954938287533,601.7774339374333,2.5437665158371177,2.86954938287533,227.0
2024-01-21 15:24:51+00:00,2024-01-21 15:24:51+00:00,582791272,27584995,1658.98,65535,47.0,47.0,2.529,2.529,0.0,300,143,80,0.0,1.0,48.84900011122227,2.312147570773959,Garmin Forerunner 735 XT,2.798597871778054,604.5760318092114,2.539319457013588,2.798597871778054,228.0
2024-01-21 15:24:52+00:00,2024-01-21 15:24:52+00:00,582791539,27585179,1661.58,65535,46.799999999999955,46.799999999999955,2.529,2.529,0.0,300,143,81,0.0,1.0,48.849022490903735,2.312162993475795,Garmin Forerunner 735 XT,2.7324309157700926,607.3084627249815,2.5345438914027287,2.7324309157700926,229.0
2024-01-21 15:24:53+00:00,2024-01-21 15:24:53+00:00,582791740,27585312,1663.61,65535,46.200000000000045,46.200000000000045,2.529,2.529,0.0,300,143,81,0.0,1.0,48.84903933852911,2.312174141407013,Garmin Forerunner 735 XT,2.0432565966952856,609.3517193216768,2.528609954751145,2.0432565966952856,230.0
2024-01-21 15:24:54+00:00,2024-01-21 15:24:54+00:00,582791959,27585405,1665.72,65535,46.0,46.0,2.529,2.529,0.0,300,143,81,0.0,1.0,48.849057694897056,2.3121819365769625,Garmin Forerunner 735 XT,2.119332036735051,611.4710513584118,2.524024434389154,2.119332036735051,231.0
2024-01-21 15:24:55+00:00,2024-01-21 15:24:55+00:00,582792189,27585421,1667.86,65535,46.0,46.0,2.519,2.519,0.0,300,143,81,0.0,1.0,48.84907697327435,2.31218327768147,Garmin Forerunner 735 XT,2.1459026305237585,613.6169539889356,2.519294117647072,2.1459026305237585,232.0
2024-01-21 15:24:56+00:00,2024-01-21 15:24:56+00:00,582792463,27585495,1670.42,65535,46.0,46.0,2.519,2.519,0.0,300,143,80,0.0,1.0,48.84909993968904,2.312189480289817,Garmin Forerunner 735 XT,2.5937646252364384,616.210718614172,2.5162868778280676,2.5937646252364384,233.0
2024-01-21 15:24:57+00:00,2024-01-21 15:24:57+00:00,582792676,27585447,1672.41,65535,46.0,46.0,2.51,2.51,0.0,300,143,80,0.0,1.0,48.849117793142796,2.3121854569762945,Garmin Forerunner 735 XT,2.0069226218533998,618.2176412360254,2.5132705882353075,2.0069226218533998,234.0
2024-01-21 15:24:58+00:00,2024-01-21 15:24:58+00:00,582792905,27585394,1674.56,65535,46.200000000000045,46.200000000000045,2.51,2.51,0.0,300,142,80,0.0,1.0,48.84913698770106,2.3121810145676136,Garmin Forerunner 735 XT,2.158948376572733,620.3765896125982,2.5090805429864385,2.158948376572733,235.0
2024-01-21 15:24:59+00:00,2024-01-21 15:24:59+00:00,582793238,27585700,1677.88,65535,45.60000000000002,45.60000000000002,2.501,2.501,0.0,300,142,79,0.0,1.0,48.84916489943862,2.3122066631913185,Garmin Forerunner 735 XT,3.6269480144018797,624.0035376270001,2.5031058823529544,3.6269480144018797,236.0
2024-01-21 15:25:00+00:00,2024-01-21 15:25:00+00:00,582793487,27585874,1680.34,65535,45.200000000000045,45.200000000000045,2.501,2.501,0.0,300,141,79,0.0,1.0,48.84918577037752,2.312221247702837,Garmin Forerunner 735 XT,2.55434653182712,626.5578841588273,2.496579185520375,2.55434653182712,237.0
2024-01-21 15:25:01+00:00,2024-01-21 15:25:01+00:00,582793694,27585998,1682.36,65535,44.60000000000002,44.60000000000002,2.491,2.491,0.0,300,141,79,0.5,1.0,48.84920312091708,2.3122316412627697,Garmin Forerunner 735 XT,2.073774264225171,628.6316584230525,2.4900977375565745,2.073774264225171,238.0
2024-01-21 15:25:02+00:00,2024-01-21 15:25:02+00:00,582793939,27586035,1684.65,65535,44.200000000000045,44.200000000000045,2.491,2.491,0.0,300,140,79,0.5,1.0,48.84922365657985,2.312234742566943,Garmin Forerunner 735 XT,2.2947095107275386,630.92636793378,2.484258823529425,2.2947095107275386,239.0
2024-01-21 15:25:03+00:00,2024-01-21 15:25:03+00:00,582794165,27586015,1686.74,65535,44.200000000000045,44.200000000000045,2.473,2.473,0.0,300,140,79,0.5,1.0,48.84924259968102,2.312233066186309,Garmin Forerunner 735 XT,2.1099452765529176,633.036313210333,2.4775692307692445,2.1099452765529176,240.0
2024-01-21 15:25:04+00:00,2024-01-21 15:25:04+00:00,582794392,27586068,1688.87,65535,44.200000000000045,44.200000000000045,2.473,2.473,0.0,300,142,79,0.5,1.0,48.84926162660122,2.3122375085949898,Garmin Forerunner 735 XT,2.140522083310413,635.1768352936434,2.4725357466063485,2.140522083310413,241.0
2024-01-21 15:25:05+00:00,2024-01-21 15:25:05+00:00,582794685,27586279,1691.79,65535,44.60000000000002,44.60000000000002,2.463,2.463,0.0,300,140,79,0.5,1.0,48.84928618557751,2.3122551944106817,Garmin Forerunner 735 XT,3.0219390253105707,638.198774318954,2.4683285067873437,3.0219390253105707,242.0
2024-01-21 15:25:06+00:00,2024-01-21 15:25:06+00:00,582794944,27586342,1694.22,65535,45.0,45.0,2.463,2.463,0.0,300,141,79,0.5,1.0,48.849307894706726,2.31226047500968,Garmin Forerunner 735 XT,2.444672769476057,640.64344708843,2.4666235294117778,2.444672769476057,243.0
2024-01-21 15:25:07+00:00,2024-01-21 15:25:07+00:00,582795244,27586432,1697.07,65535,45.60000000000002,45.60000000000002,2.463,2.463,0.0,300,143,79,0.5,1.0,48.84933304041624,2.312268018722534,Garmin Forerunner 735 XT,2.850038466937309,643.4934855553673,2.465215384615398,2.850038466937309,244.0
2024-01-21 15:25:08+00:00,2024-01-21 15:25:08+00:00,582795580,27586565,1700.3,65535,46.200000000000045,46.200000000000045,2.463,2.463,0.0,300,145,80,0.0,1.0,48.8493612036109,2.3122791666537523,Garmin Forerunner 735 XT,3.2360961201560623,646.7295816755234,2.465083257918565,3.2360961201560623,245.0
2024-01-21 15:25:09+00:00,2024-01-21 15:25:09+00:00,582795883,27586591,1703.08,65535,46.799999999999955,46.799999999999955,2.463,2.463,0.0,300,146,80,0.0,1.0,48.84938660077751,2.312281345948577,Garmin Forerunner 735 XT,2.828534514822541,649.5581161903459,2.4644805429864385,2.828534514822541,246.0
2024-01-21 15:25:10+00:00,2024-01-21 15:25:10+00:00,582796114,27586620,1705.23,65535,47.0,47.0,2.473,2.473,0.0,300,146,80,0.0,1.0,48.84940596297383,2.3122837767004967,Garmin Forerunner 735 XT,2.160312117394474,651.7184283077404,2.465660633484176,2.160312117394474,247.0
2024-01-21 15:25:11+00:00,2024-01-21 15:25:11+00:00,582796367,27586655,1707.61,65535,47.200000000000045,47.200000000000045,2.473,2.473,0.0,300,146,80,0.0,1.0,48.84942716918886,2.3122867103666067,Garmin Forerunner 735 XT,2.3677738953745173,654.0862022031149,2.4656588235294246,2.3677738953745173,248.0
2024-01-21 15:25:12+00:00,2024-01-21 15:25:12+00:00,582796658,27586592,1710.27,65535,47.60000000000002,47.60000000000002,2.473,2.473,0.0,300,146,80,0.0,1.0,48.849451560527086,2.3122814297676086,Garmin Forerunner 735 XT,2.7395774698865085,656.8257796730014,2.466910407239832,2.7395774698865085,249.0
2024-01-21 15:25:13+00:00,2024-01-21 15:25:13+00:00,582796903,27586564,1712.53,65535,47.799999999999955,47.799999999999955,2.463,2.463,0.0,300,146,80,0.0,1.0,48.84947209618986,2.3122790828347206,Garmin Forerunner 735 XT,2.2899097226376757,659.1156893956392,2.4679493212669814,2.2899097226376757,250.0
2024-01-21 15:25:14+00:00,2024-01-21 15:25:14+00:00,582797200,27586559,1715.28,65535,48.200000000000045,48.200000000000045,2.463,2.463,0.0,300,146,80,0.0,1.0,48.849496990442276,2.312278663739562,Garmin Forerunner 735 XT,2.768284424026927,661.883973819666,2.46867420814481,2.768284424026927,251.0
2024-01-21 15:25:15+00:00,2024-01-21 15:25:15+00:00,582797543,27586516,1718.43,65535,48.799999999999955,48.799999999999955,2.463,2.463,0.0,300,147,80,0.0,1.0,48.849525740370154,2.3122750595211983,Garmin Forerunner 735 XT,3.207705543286975,665.091679362953,2.470077828054312,3.207705543286975,252.0
2024-01-21 15:25:16+00:00,2024-01-21 15:25:16+00:00,582797895,27586651,1721.76,65535,50.0,50.0,2.473,2.473,0.0,300,147,80,0.0,1.0,48.84955524466932,2.31228637509048,Garmin Forerunner 735 XT,3.3835938405318817,668.4752732034848,2.47190678733033,3.3835938405318817,253.0
2024-01-21 15:25:17+00:00,2024-01-21 15:25:17+00:00,582798218,27586634,1724.76,65535,50.39999999999998,50.39999999999998,2.473,2.473,0.0,300,147,80,0.0,0.0,48.84958231821656,2.3122849501669407,Garmin Forerunner 735 XT,3.01224604936333,671.4875192528481,2.4739076923077055,3.01224604936333,254.0
2024-01-21 15:25:18+00:00,2024-01-21 15:25:18+00:00,582798549,27586513,1727.84,65535,50.799999999999955,50.799999999999955,2.482,2.482,0.0,300,147,79,0.5,0.0,48.84961006231606,2.312274808064103,Garmin Forerunner 735 XT,3.173004933196211,674.6605241860443,2.4772117647058955,3.173004933196211,255.0
2024-01-21 15:25:19+00:00,2024-01-21 15:25:19+00:00,582798840,27586433,1730.55,65535,51.200000000000045,51.200000000000045,2.482,2.482,0.0,300,147,80,0.0,0.0,48.84963445365429,2.312268102541566,Garmin Forerunner 735 XT,2.7562156569860283,677.4167398430303,2.4809502262443575,2.7562156569860283,256.0
2024-01-21 15:25:20+00:00,2024-01-21 15:25:20+00:00,582799144,27586479,1733.4,65535,51.60000000000002,51.60000000000002,2.482,2.482,0.0,300,147,79,0.5,0.0,48.84965993463993,2.312271958217025,Garmin Forerunner 735 XT,2.847367298205268,680.2641071412356,2.4849601809954884,2.847367298205268,257.0
2024-01-21 15:25:21+00:00,2024-01-21 15:25:21+00:00,582799379,27586486,1735.59,65535,51.799999999999955,51.799999999999955,2.491,2.491,0.0,300,146,79,0.5,0.0,48.849679632112384,2.312272544950247,Garmin Forerunner 735 XT,2.1906797162934657,682.4547868575291,2.4876941176470724,2.1906797162934657,258.0
2024-01-21 15:25:22+00:00,2024-01-21 15:25:22+00:00,582799596,27586472,1737.62,65535,52.39999999999998,52.39999999999998,2.491,2.491,0.0,300,146,79,0.5,0.0,48.849697820842266,2.312271371483803,Garmin Forerunner 735 XT,2.0243162763123763,684.4791031338415,2.4902398190045383,2.0243162763123763,259.0
2024-01-21 15:25:23+00:00,2024-01-21 15:25:23+00:00,582799848,27586489,1739.96,65535,52.799999999999955,52.799999999999955,2.491,2.491,0.0,300,146,79,0.5,0.0,48.84971894323826,2.312272796407342,Garmin Forerunner 735 XT,2.3510163015317502,686.8301194353733,2.4911791855203758,2.3510163015317502,260.0
2024-01-21 15:25:24+00:00,2024-01-21 15:25:24+00:00,582800145,27586515,1742.73,65535,53.39999999999998,53.39999999999998,2.491,2.491,0.0,300,146,79,0.5,0.0,48.84974383749068,2.3122749757021666,Garmin Forerunner 735 XT,2.772703671429057,689.6028231068024,2.4923601809954885,2.772703671429057,261.0
2024-01-21 15:25:25+00:00,2024-01-21 15:25:25+00:00,582800453,27586629,1745.63,65535,54.200000000000045,54.200000000000045,2.491,2.491,0.0,300,146,79,0.5,0.0,48.849769653752446,2.312284531071782,Garmin Forerunner 735 XT,2.95455505776488,692.5573781645672,2.491830769230783,2.95455505776488,262.0
2024-01-21 15:25:26+00:00,2024-01-21 15:25:26+00:00,582800731,27586531,1748.22,65535,54.799999999999955,54.799999999999955,2.491,2.491,0.0,300,147,80,0.0,0.0,48.84979295544326,2.312276316806674,Garmin Forerunner 735 XT,2.6598277916545356,695.2172059562217,2.4908371040724115,2.6598277916545356,263.0
2024-01-21 15:25:27+00:00,2024-01-21 15:25:27+00:00,582800913,27586367,1750.05,65535,55.39999999999998,55.39999999999998,2.491,2.491,0.0,300,147,80,0.0,0.0,48.849808210507035,2.3122625704854727,Garmin Forerunner 735 XT,1.9720701304724126,697.1892760866941,2.4888253393665294,1.9720701304724126,264.0
2024-01-21 15:25:28+00:00,2024-01-21 15:25:28+00:00,582801096,27586305,1751.8,65535,55.39999999999998,55.39999999999998,2.491,2.491,0.0,300,148,80,0.0,0.0,48.84982354938984,2.3122573737055063,Garmin Forerunner 735 XT,1.7474784993789214,698.936754586073,2.4858769230769364,1.7474784993789214,265.0
2024-01-21 15:25:29+00:00,2024-01-21 15:25:29+00:00,582801333,27586299,1753.97,65535,55.60000000000002,55.60000000000002,2.482,2.482,0.0,300,148,80,0.0,0.0,48.849843414500356,2.312256870791316,Garmin Forerunner 735 XT,2.2092059988233665,701.1459605848963,2.482684162895941,2.2092059988233665,266.0
2024-01-21 15:25:30+00:00,2024-01-21 15:25:30+00:00,582801553,27586255,1756.03,65535,56.60000000000002,56.60000000000002,2.482,2.482,0.0,300,149,80,0.0,0.0,48.84986185468733,2.3122531827539206,Garmin Forerunner 735 XT,2.0681363362615306,703.2140969211579,2.4799393665158505,2.0681363362615306,267.0
2024-01-21 15:25:31+00:00,2024-01-21 15:25:31+00:00,582801844,27586297,1758.74,65535,57.39999999999998,57.39999999999998,2.473,2.473,0.0,300,149,80,0.0,0.0,48.84988624602556,2.3122567031532526,Garmin Forerunner 735 XT,2.7243976826477736,705.9384946038057,2.4770886877828184,2.7243976826477736,268.0
2024-01-21 15:25:32+00:00,2024-01-21 15:25:32+00:00,582802098,27586221,1761.1,65535,57.39999999999998,57.39999999999998,2.473,2.473,0.0,300,150,80,0.0,0.0,48.84990753605962,2.3122503329068422,Garmin Forerunner 735 XT,2.412794266522139,708.3512888703278,2.4746723981900587,2.412794266522139,269.0
2024-01-21 15:25:33+00:00,2024-01-21 15:25:33+00:00,582802428,27586187,1764.17,65535,58.0,58.0,2.473,2.473,0.0,300,149,80,0.0,0.0,48.849935196340084,2.312247483059764,Garmin Forerunner 735 XT,3.0827434231123503,711.4340322934402,2.4739846153846283,3.0827434231123503,270.0
2024-01-21 15:25:34+00:00,2024-01-21 15:25:34+00:00,582802752,27586274,1767.23,65535,58.200000000000045,58.200000000000045,2.473,2.473,0.0,300,148,80,0.0,0.0,48.84996235370636,2.312254775315523,Garmin Forerunner 735 XT,3.066538750983949,714.5005710444241,2.4742995475113254,3.066538750983949,271.0
2024-01-21 15:25:35+00:00,2024-01-21 15:25:35+00:00,582803077,27586403,1770.32,65535,57.799999999999955,57.799999999999955,2.473,2.473,0.0,300,148,80,0.0,0.0,48.84998959489167,2.3122655879706144,Garmin Forerunner 735 XT,3.1306982108963153,717.6312692553204,2.476691402714945,3.1306982108963153,272.0
2024-01-21 15:25:36+00:00,2024-01-21 15:25:36+00:00,582803405,27586551,1773.44,65535,57.39999999999998,57.39999999999998,2.482,2.482,0.0,300,148,80,0.0,0.0,48.85001708753407,2.3122779931873083,Garmin Forerunner 735 XT,3.1889505970029535,720.8202198523234,2.4803529411764837,3.1889505970029535,273.0
2024-01-21 15:25:37+00:00,2024-01-21 15:25:37+00:00,582803758,27586809,1776.85,65535,57.60000000000002,57.60000000000002,2.482,2.482,0.0,300,148,80,0.0,0.0,48.850046675652266,2.312299618497491,Garmin Forerunner 735 XT,3.6507750076870646,724.4709948600105,2.4843248868778414,3.6507750076870646,274.0
2024-01-21 15:25:38+00:00,2024-01-21 15:25:38+00:00,582804034,27586892,1779.43,65535,57.60000000000002,57.60000000000002,2.491,2.491,0.0,300,148,80,0.0,0.0,48.85006980970502,2.3123065754771233,Garmin Forerunner 735 XT,2.622271775310932,727.0932666353214,2.4895665158371174,2.622271775310932,275.0
2024-01-21 15:25:39+00:00,2024-01-21 15:25:39+00:00,582804334,27587061,1782.23,65535,57.60000000000002,57.60000000000002,2.501,2.501,0.0,300,148,80,0.0,0.0,48.850094955414534,2.312320740893483,Garmin Forerunner 735 XT,2.982000745886682,730.075267381208,2.494935746606348,2.982000745886682,276.0
2024-01-21 15:25:40+00:00,2024-01-21 15:25:40+00:00,582804674,27587255,1785.52,65535,57.200000000000045,57.200000000000045,2.501,2.501,0.0,300,148,81,0.0,0.0,48.85012345388532,2.312337001785636,Garmin Forerunner 735 XT,3.3848885547751717,733.4601559359833,2.5009384615384747,3.3848885547751717,277.0
2024-01-21 15:25:41+00:00,2024-01-21 15:25:41+00:00,582805029,27587602,1789.14,65535,57.39999999999998,57.39999999999998,2.51,2.51,0.0,300,148,81,0.0,0.0,48.850153209641576,2.312366086989641,Garmin Forerunner 735 XT,3.9340142856506977,737.394170221634,2.5069285067873435,3.9340142856506977,278.0
2024-01-21 15:25:42+00:00,2024-01-21 15:25:42+00:00,582805315,27587872,1792.1,65535,56.799999999999955,56.799999999999955,2.51,2.51,0.0,300,148,81,0.0,0.0,48.850177181884646,2.3123887181282043,Garmin Forerunner 735 XT,3.1380607927176074,740.5322310143516,2.5144751131221854,3.1380607927176074,279.0
2024-01-21 15:25:43+00:00,2024-01-21 15:25:43+00:00,582805631,27588108,1795.31,65535,56.39999999999998,56.39999999999998,2.519,2.519,0.0,300,148,81,0.0,0.0,48.85020366869867,2.312408499419689,Garmin Forerunner 735 XT,3.281636043737911,743.8138670580895,2.521949321266982,3.281636043737911,280.0
2024-01-21 15:25:44+00:00,2024-01-21 15:25:44+00:00,582805916,27588231,1798.08,65535,56.200000000000045,56.200000000000045,2.529,2.529,0.0,300,148,81,0.0,0.0,48.85022755712271,2.31241880916059,Garmin Forerunner 735 XT,2.761310665376264,746.5751777234658,2.530968325791869,2.761310665376264,281.0
2024-01-21 15:25:45+00:00,2024-01-21 15:25:45+00:00,582806254,27588430,1801.44,65535,56.39999999999998,56.39999999999998,2.538,2.538,0.0,300,148,81,0.0,0.0,48.85025588795543,2.3124354891479015,Garmin Forerunner 735 XT,3.378399348857246,749.953577072323,2.540670588235308,3.378399348857246,282.0
2024-01-21 15:25:46+00:00,2024-01-21 15:25:46+00:00,582806649,27588442,1805.03,65535,57.0,57.0,2.547,2.547,0.0,300,148,81,0.0,0.0,48.850288996472955,2.312436494976282,Garmin Forerunner 735 XT,3.682234723603385,753.6358117959264,2.550076018099561,3.682234723603385,283.0
2024-01-21 15:25:47+00:00,2024-01-21 15:25:47+00:00,582806943,27588514,1807.81,65535,57.0,57.0,2.557,2.557,0.0,300,148,80,0.0,0.0,48.85031363926828,2.3124425299465656,Garmin Forerunner 735 XT,2.77550568633856,756.411317482265,2.559173755656122,2.77550568633856,284.0
2024-01-21 15:25:48+00:00,2024-01-21 15:25:48+00:00,582807234,27588487,1810.51,65535,56.799999999999955,56.799999999999955,2.575,2.575,0.0,300,148,80,0.0,0.0,48.85033803060651,2.3124402668327093,Garmin Forerunner 735 XT,2.717243365096812,759.1285608473618,2.5672235294117782,2.717243365096812,285.0
2024-01-21 15:25:49+00:00,2024-01-21 15:25:49+00:00,582807528,27588322,1813.26,65535,57.200000000000045,57.200000000000045,2.575,2.575,0.0,300,148,80,0.0,0.0,48.85036267340183,2.3124264366924763,Garmin Forerunner 735 XT,2.9210393721486776,762.0496002195105,2.5736371040724118,2.9210393721486776,286.0
2024-01-21 15:25:50+00:00,2024-01-21 15:25:50+00:00,582807719,27588115,1815.25,65535,57.200000000000045,57.200000000000045,2.585,2.585,0.0,300,148,80,0.0,0.0,48.85037868283689,2.312409086152911,Garmin Forerunner 735 XT,2.186480811251446,764.236081030762,2.577907692307706,2.186480811251446,287.0
2024-01-21 15:25:51+00:00,2024-01-21 15:25:51+00:00,582807929,27588028,1817.26,65535,57.200000000000045,57.200000000000045,2.585,2.585,0.0,300,148,80,0.0,0.0,48.85039628483355,2.312401793897152,Garmin Forerunner 735 XT,2.0286780289059942,766.264759059668,2.580315837104086,2.0286780289059942,288.0
2024-01-21 15:25:52+00:00,2024-01-21 15:25:52+00:00,582808229,27588107,1820.09,65535,57.200000000000045,57.200000000000045,2.575,2.575,0.0,300,147,80,0.0,0.0,48.850421430543065,2.3124084156006575,Garmin Forerunner 735 XT,2.8377425267967835,769.1025015864648,2.5806081447963938,2.8377425267967835,289.0
2024-01-21 15:25:53+00:00,2024-01-21 15:25:53+00:00,582808454,27588009,1822.16,65535,56.799999999999955,56.799999999999955,2.575,2.575,0.0,300,147,81,0.0,0.0,48.8504402898252,2.3124002013355494,Garmin Forerunner 735 XT,2.181486881947943,771.2839884684128,2.577997285067887,2.181486881947943,290.0
2024-01-21 15:25:54+00:00,2024-01-21 15:25:54+00:00,582808677,27587875,1824.3,65535,56.60000000000002,56.60000000000002,2.575,2.575,0.0,300,147,81,0.0,0.0,48.850458981469274,2.3123889695852995,Garmin Forerunner 735 XT,2.234994118403347,773.5189825868162,2.5711176470588373,2.234994118403347,291.0
2024-01-21 15:25:55+00:00,2024-01-21 15:25:55+00:00,582808925,27587815,1826.6,65535,56.799999999999955,56.799999999999955,2.566,2.566,0.0,300,147,81,0.0,0.0,48.85047976858914,2.3123839404433966,Garmin Forerunner 735 XT,2.3405300531537088,775.8595126399698,2.5630823529411897,2.3405300531537088,292.0
2024-01-21 15:25:56+00:00,2024-01-21 15:25:56+00:00,582809174,27587762,1828.91,65535,57.0,57.0,2.566,2.566,0.0,300,147,80,0.0,0.0,48.850500639528036,2.3123794980347157,Garmin Forerunner 735 XT,2.3433953205371307,778.202907960507,2.556784615384629,2.3433953205371307,293.0
2024-01-21 15:25:57+00:00,2024-01-21 15:25:57+00:00,582809429,27587564,1831.3,65535,57.39999999999998,57.39999999999998,2.557,2.557,0.0,300,147,80,0.0,0.0,48.85052201338112,2.312362901866436,Garmin Forerunner 735 XT,2.6689179128206413,780.8718258733277,2.553192760181009,2.6689179128206413,294.0
2024-01-21 15:25:58+00:00,2024-01-21 15:25:58+00:00,582809703,27587419,1833.92,65535,58.200000000000045,58.200000000000045,2.547,2.547,0.0,300,147,80,0.0,0.0,48.850544979795814,2.3123507481068373,Garmin Forerunner 735 XT,2.7041544660971617,783.5759803394249,2.554073303167434,2.7041544660971617,295.0
2024-01-21 15:25:59+00:00,2024-01-21 15:25:59+00:00,582810094,27587244,1837.58,65535,59.200000000000045,59.200000000000045,2.538,2.538,0.0,300,147,80,0.0,0.0,48.850577753037214,2.312336079776287,Garmin Forerunner 735 XT,3.7989775489610156,787.3749578883859,2.557392760181009,3.7989775489610156,296.0
2024-01-21 15:26:00+00:00,2024-01-21 15:26:00+00:00,582810404,27587247,1840.41,65535,60.0,60.0,2.538,2.538,0.0,300,146,79,0.5,0.0,48.850603736937046,2.3123363312333822,Garmin Forerunner 735 XT,2.8893364169795634,790.2642943053654,2.561685067873317,2.8893364169795634,297.0
2024-01-21 15:26:01+00:00,2024-01-21 15:26:01+00:00,582810763,27587217,1843.72,65535,61.0,61.0,2.566,2.566,0.0,300,146,79,0.5,0.0,48.85063382796943,2.3123338166624308,Garmin Forerunner 735 XT,3.3510249139955164,793.6153192193609,2.5674841628959415,3.3510249139955164,298.0
2024-01-21 15:26:02+00:00,2024-01-21 15:26:02+00:00,582811028,27587051,1846.37,65535,61.60000000000002,61.60000000000002,2.585,2.585,0.0,300,146,79,0.5,0.0,48.85065604001284,2.312319902703166,Garmin Forerunner 735 XT,2.67146152031802,796.286780739679,2.575253393665172,2.67146152031802,299.0
2024-01-21 15:26:03+00:00,2024-01-21 15:26:03+00:00,582811246,27586928,1848.53,65535,61.60000000000002,61.60000000000002,2.603,2.603,0.0,300,146,79,0.5,0.0,48.85067431256175,2.312309592962265,Garmin Forerunner 735 XT,2.1673299011505303,798.4541106408295,2.582409954751145,2.1673299011505303,300.0
2024-01-21 15:26:04+00:00,2024-01-21 15:26:04+00:00,582811508,27586733,1851.22,65535,62.200000000000045,62.200000000000045,2.603,2.603,0.0,300,146,79,0.5,0.0,48.85069627314806,2.3122932482510805,Garmin Forerunner 735 XT,2.719032694882065,801.1731433357116,2.58941719457015,2.719032694882065,301.0
2024-01-21 15:26:05+00:00,2024-01-21 15:26:05+00:00,582811795,27586641,1853.95,65535,62.799999999999955,62.799999999999955,2.594,2.594,0.0,300,147,80,0.0,0.0,48.85072032921016,2.3122855369001627,Garmin Forerunner 735 XT,2.7337722672624563,803.9069156029741,2.5948570135746745,2.7337722672624563,302.0
2024-01-21 15:26:06+00:00,2024-01-21 15:26:06+00:00,582812002,27586557,1855.94,65535,63.0,63.0,2.594,2.594,0.0,300,148,80,0.0,0.0,48.85073767974973,2.3122784961014986,Garmin Forerunner 735 XT,1.9968887050135915,805.9038043079877,2.597726696832593,1.9968887050135915,303.0
2024-01-21 15:26:07+00:00,2024-01-21 15:26:07+00:00,582812298,27586531,1858.7,65535,63.200000000000045,63.200000000000045,2.594,2.594,0.0,300,148,80,0.0,0.0,48.850762490183115,2.312276316806674,Garmin Forerunner 735 XT,2.7633987110672456,808.6672030190549,2.597847963800919,2.7633987110672456,304.0
2024-01-21 15:26:08+00:00,2024-01-21 15:26:08+00:00,582812530,27586500,1860.86,65535,63.39999999999998,63.39999999999998,2.594,2.594,0.0,300,148,79,0.0,0.0,48.85078193619847,2.312273718416691,Garmin Forerunner 735 XT,2.1706403917777726,810.8378434108326,2.594771945701371,2.1706403917777726,305.0
2024-01-21 15:26:09+00:00,2024-01-21 15:26:09+00:00,582812770,27586538,1863.05,65535,63.39999999999998,63.39999999999998,2.585,2.585,0.0,300,148,79,0.0,0.0,48.850802052766085,2.312276903539896,Garmin Forerunner 735 XT,2.2489679380220413,813.0868113488547,2.5908760180995616,2.2489679380220413,306.0
2024-01-21 15:26:10+00:00,2024-01-21 15:26:10+00:00,582813027,27586670,1865.37,65535,63.799999999999955,63.799999999999955,2.585,2.585,0.0,300,149,80,0.0,0.0,48.850823594257236,2.3122879676520824,Garmin Forerunner 735 XT,2.5284085188715206,815.6152198677262,2.5874497737556696,2.5284085188715206,307.0
2024-01-21 15:26:11+00:00,2024-01-21 15:26:11+00:00,582813288,27586663,1867.8,65535,64.20000000000005,64.20000000000005,2.585,2.585,0.0,300,148,80,0.0,0.0,48.85084547102451,2.3122873809188604,Garmin Forerunner 735 XT,2.432964323729349,818.0481841914556,2.584651583710421,2.432964323729349,308.0
2024-01-21 15:26:12+00:00,2024-01-21 15:26:12+00:00,582813511,27586730,1869.88,65535,64.20000000000005,64.20000000000005,2.585,2.585,0.0,300,147,80,0.0,0.0,48.850864162668586,2.3122929967939854,Garmin Forerunner 735 XT,2.11864501980019,820.1668292112557,2.581627149321281,2.11864501980019,309.0
2024-01-21 15:26:13+00:00,2024-01-21 15:26:13+00:00,582813731,27586713,1871.93,65535,64.0,64.0,2.585,2.585,0.0,300,148,80,0.0,0.0,48.85088260285556,2.312291571870446,Garmin Forerunner 735 XT,2.0531041776090633,822.2199333888648,2.578252488687797,2.0531041776090633,310.0
2024-01-21 15:26:14+00:00,2024-01-21 15:26:14+00:00,582813944,27586753,1873.91,65535,63.60000000000002,63.60000000000002,2.575,2.575,0.0,300,149,80,0.0,0.0,48.85090045630932,2.312294924631715,Garmin Forerunner 735 XT,2.0003131989632803,824.220246587828,2.5742036199095164,2.0003131989632803,311.0
2024-01-21 15:26:15+00:00,2024-01-21 15:26:15+00:00,582814175,27586741,1876.07,65535,64.39999999999998,64.39999999999998,2.566,2.566,0.0,300,149,80,0.0,0.0,48.850919818505645,2.3122939188033342,Garmin Forerunner 735 XT,2.154235478057173,826.3744820658852,2.5705411764706017,2.154235478057173,312.0
2024-01-21 15:26:16+00:00,2024-01-21 15:26:16+00:00,582814455,27586810,1878.67,65535,65.0,65.0,2.566,2.566,0.0,300,147,80,0.0,0.0,48.850943287834525,2.3122997023165226,Garmin Forerunner 735 XT,2.643757345142206,829.0182394110275,2.567161085972864,2.643757345142206,313.0
2024-01-21 15:26:17+00:00,2024-01-21 15:26:17+00:00,582814733,27586763,1881.26,65535,65.20000000000005,65.20000000000005,2.557,2.557,0.0,300,147,80,0.0,0.0,48.85096658952534,2.312295762822032,Garmin Forerunner 735 XT,2.6070139408567647,831.6252533518842,2.5621592760181127,2.6070139408567647,314.0
2024-01-21 15:26:18+00:00,2024-01-21 15:26:18+00:00,582814956,27586721,1883.35,65535,65.20000000000005,65.20000000000005,2.557,2.557,0.0,300,148,80,0.0,0.0,48.850985281169415,2.3122922424227,Garmin Forerunner 735 XT,2.0943165052038815,833.7195698570881,2.5566778280543123,2.0943165052038815,315.0
2024-01-21 15:26:19+00:00,2024-01-21 15:26:19+00:00,582815169,27586636,1885.4,65535,65.79999999999995,65.79999999999995,2.557,2.557,0.0,300,149,80,0.0,0.0,48.85100313462317,2.312285117805004,Garmin Forerunner 735 XT,2.0525163220435463,835.7720861791316,2.551929411764719,2.0525163220435463,316.0
2024-01-21 15:26:20+00:00,2024-01-21 15:26:20+00:00,582815309,27586490,1886.91,65535,66.0,66.0,2.547,2.547,0.0,300,150,80,0.0,0.0,48.85101486928761,2.3122728802263737,Garmin Forerunner 735 XT,1.582511756058907,837.3545979351906,2.548397285067887,1.582511756058907,317.0
2024-01-21 15:26:21+00:00,2024-01-21 15:26:21+00:00,582815489,27586405,1888.66,65535,66.0,66.0,2.547,2.547,0.0,300,150,80,0.0,0.0,48.85102995671332,2.312265755608678,Garmin Forerunner 735 XT,1.7567708394432997,839.1113687746339,2.545055203619923,1.7567708394432997,318.0
2024-01-21 15:26:22+00:00,2024-01-21 15:26:22+00:00,582815799,27586412,1891.54,65535,66.39999999999998,66.39999999999998,2.538,2.538,0.0,300,150,80,0.0,0.0,48.85105594061315,2.3122663423419,Garmin Forerunner 735 XT,2.889596757944159,842.000965532578,2.539984615384629,2.889596757944159,319.0
2024-01-21 15:26:23+00:00,2024-01-21 15:26:23+00:00,582816087,27586398,1894.22,65535,67.39999999999998,67.39999999999998,2.529,2.529,0.0,300,147,80,0.0,0.0,48.851080080494285,2.312265168875456,Garmin Forerunner 735 XT,2.685605172535631,844.6865707051136,2.534040723981914,2.685605172535631,320.0
2024-01-21 15:26:24+00:00,2024-01-21 15:26:24+00:00,582816282,27586365,1896.05,65535,68.20000000000005,68.20000000000005,2.529,2.529,0.0,300,147,80,0.0,0.0,48.85109642520547,2.3122624028474092,Garmin Forerunner 735 XT,1.8286827613893704,846.5152534665029,2.5273728506787467,1.8286827613893704,321.0
2024-01-21 15:26:25+00:00,2024-01-21 15:26:25+00:00,582816434,27586308,1897.5,65535,67.79999999999995,67.79999999999995,2.529,2.529,0.0,300,146,79,0.5,0.0,48.85110916569829,2.3122576251626015,Garmin Forerunner 735 XT,1.45917088566417,847.9744243521671,2.5208361990950365,1.45917088566417,322.0
2024-01-21 15:26:26+00:00,2024-01-21 15:26:26+00:00,582816698,27586356,1899.97,65535,68.39999999999998,68.39999999999998,2.519,2.519,0.0,300,143,79,0.5,0.0,48.85113129392266,2.312261648476124,Garmin Forerunner 735 XT,2.478093401943141,850.4525177541103,2.513285972850692,2.478093401943141,323.0
2024-01-21 15:26:27+00:00,2024-01-21 15:26:27+00:00,582816924,27586349,1902.07,65535,68.39999999999998,68.39999999999998,2.501,2.501,0.0,300,144,79,0.5,0.0,48.85115023702383,2.312261061742902,Garmin Forerunner 735 XT,2.1068141814425765,852.5593319355529,2.5062081447963935,2.1068141814425765,324.0
2024-01-21 15:26:28+00:00,2024-01-21 15:26:28+00:00,582817193,27586323,1904.58,65535,68.79999999999995,68.79999999999995,2.491,2.491,0.0,300,146,79,0.5,0.0,48.85117278434336,2.312258882448077,Garmin Forerunner 735 XT,2.5122131098385423,855.0715450453914,2.4979040723982036,2.5122131098385423,325.0
2024-01-21 15:26:29+00:00,2024-01-21 15:26:29+00:00,582817424,27586276,1906.76,65535,68.60000000000002,68.60000000000002,2.491,2.491,0.0,300,146,80,0.0,0.0,48.85119214653969,2.3122549429535866,Garmin Forerunner 735 XT,2.1721877846669773,857.2437328300584,2.4899212669683393,2.1721877846669773,326.0
2024-01-21 15:26:30+00:00,2024-01-21 15:26:30+00:00,582817605,27586213,1908.46,65535,67.60000000000002,67.60000000000002,2.482,2.482,0.0,300,146,80,0.0,0.0,48.85120731778443,2.3122496623545885,Garmin Forerunner 735 XT,1.7306459515133223,858.9743787815718,2.48249049773757,1.7306459515133223,327.0
2024-01-21 15:26:31+00:00,2024-01-21 15:26:31+00:00,582817816,27586258,1910.44,65535,66.60000000000002,66.60000000000002,2.482,2.482,0.0,300,148,80,0.0,0.0,48.85122500360012,2.3122534342110157,Garmin Forerunner 735 XT,1.9858434032920573,860.9602221848638,2.474596380090511,1.9858434032920573,328.0
2024-01-21 15:26:32+00:00,2024-01-21 15:26:32+00:00,582818057,27586262,1912.68,65535,67.0,67.0,2.463,2.463,0.0,300,148,80,0.0,0.0,48.851245203986764,2.3122537694871426,Garmin Forerunner 735 XT,2.2463144666460173,863.2065366515099,2.4676343891402848,2.2463144666460173,329.0
2024-01-21 15:26:33+00:00,2024-01-21 15:26:33+00:00,582818303,27586333,1914.97,65535,67.39999999999998,67.39999999999998,2.463,2.463,0.0,300,148,80,0.0,0.0,48.851265823468566,2.3122597206383944,Garmin Forerunner 735 XT,2.3337632965043147,865.5402999480142,2.462364705882366,2.3337632965043147,330.0
2024-01-21 15:26:34+00:00,2024-01-21 15:26:34+00:00,582818538,27586397,1917.17,65535,67.60000000000002,67.60000000000002,2.454,2.454,0.0,300,149,80,0.0,0.0,48.85128552094102,2.312265085056424,Garmin Forerunner 735 XT,2.2251502843158906,867.7654502323301,2.458868778280556,2.2251502843158906,331.0
2024-01-21 15:26:35+00:00,2024-01-21 15:26:35+00:00,582818843,27586356,1920.02,65535,68.39999999999998,68.39999999999998,2.454,2.454,0.0,300,149,80,0.0,0.0,48.85131108574569,2.312261648476124,Garmin Forerunner 735 XT,2.8537757571716598,870.6192259895017,2.4547357466063477,2.8537757571716598,332.0
2024-01-21 15:26:36+00:00,2024-01-21 15:26:36+00:00,582819075,27586371,1922.18,65535,68.79999999999995,68.79999999999995,2.454,2.454,0.0,300,148,80,0.0,0.0,48.85133053176105,2.3122629057615995,Garmin Forerunner 735 XT,2.164254245968902,872.7834802354706,2.4504488687782935,2.164254245968902,333.0
2024-01-21 15:26:37+00:00,2024-01-21 15:26:37+00:00,582819336,27586355,1924.61,65535,69.39999999999998,69.39999999999998,2.445,2.445,0.0,300,148,80,0.0,0.0,48.85135240852833,2.312261564657092,Garmin Forerunner 735 XT,2.4345638322886956,875.2180440677594,2.447220814479651,2.4345638322886956,334.0
2024-01-21 15:26:38+00:00,2024-01-21 15:26:38+00:00,582819595,27586391,1927.02,65535,69.60000000000002,69.60000000000002,2.445,2.445,0.0,300,149,80,0.0,0.0,48.85137411765754,2.312264582142234,Garmin Forerunner 735 XT,2.4240205772825805,877.642064645042,2.443606334841642,2.4240205772825805,335.0
2024-01-21 15:26:39+00:00,2024-01-21 15:26:39+00:00,582819773,27586332,1928.71,65535,69.20000000000005,69.20000000000005,2.445,2.445,0.0,300,149,80,0.0,0.0,48.85138903744519,2.3122596368193626,Garmin Forerunner 735 XT,1.6980058416601387,879.3400704867021,2.4419601809954883,1.6980058416601387,336.0
2024-01-21 15:26:40+00:00,2024-01-21 15:26:40+00:00,582820015,27586232,1931.01,65535,69.60000000000002,69.60000000000002,2.445,2.445,0.0,300,150,80,0.0,0.0,48.85140932165086,2.312251254916191,Garmin Forerunner 735 XT,2.3373923768978684,881.6774628636,2.4399864253393795,2.3373923768978684,337.0
2024-01-21 15:26:41+00:00,2024-01-21 15:26:41+00:00,582820270,27586138,1933.42,65535,69.20000000000005,69.20000000000005,2.435,2.435,0.0,300,151,80,0.0,0.0,48.85143069550395,2.31224337592721,Garmin Forerunner 735 XT,2.4455818837721943,884.1230447473722,2.439189140271506,2.4455818837721943,338.0
2024-01-21 15:26:42+00:00,2024-01-21 15:26:42+00:00,582820517,27586034,1935.78,65535,70.0,70.0,2.435,2.435,0.0,300,153,80,0.0,-1.0,48.851451398804784,2.3122346587479115,Garmin Forerunner 735 XT,2.3888247738983193,886.5118695212706,2.437849773755669,2.3888247738983193,339.0
2024-01-21 15:26:43+00:00,2024-01-21 15:26:43+00:00,582820797,27585973,1938.41,65535,70.79999999999995,70.79999999999995,2.435,2.435,0.0,300,153,80,0.0,-1.0,48.851474868133664,2.312229545786977,Garmin Forerunner 735 XT,2.6363483791317783,889.1482179004023,2.437214479638022,2.6363483791317783,340.0
2024-01-21 15:26:44+00:00,2024-01-21 15:26:44+00:00,582821041,27586037,1940.68,65535,70.20000000000005,70.20000000000005,2.435,2.435,0.0,300,153,80,0.0,-1.0,48.8514953199774,2.3122349102050066,Garmin Forerunner 735 XT,2.3077643904811387,891.4559822908834,2.4384479638009178,2.3077643904811387,341.0
2024-01-21 15:26:45+00:00,2024-01-21 15:26:45+00:00,582821271,27586148,1942.8,65535,70.20000000000005,70.20000000000005,2.445,2.445,0.0,300,153,80,0.0,-1.0,48.8515145983547,2.312244214117527,Garmin Forerunner 735 XT,2.249151694295045,893.7051339851785,2.439516742081461,2.249151694295045,342.0
2024-01-21 15:26:46+00:00,2024-01-21 15:26:46+00:00,582821513,27586155,1945.05,65535,70.20000000000005,70.20000000000005,2.445,2.445,0.0,300,153,80,0.0,-1.0,48.85153488256037,2.312244800850749,Garmin Forerunner 735 XT,2.2559092764945827,895.961043261673,2.442187330316755,2.2559092764945827,343.0
2024-01-21 15:26:47+00:00,2024-01-21 15:26:47+00:00,582821816,27586178,1947.85,65535,70.39999999999998,70.39999999999998,2.445,2.445,0.0,300,152,80,0.0,-1.0,48.85156027972698,2.3122467286884785,Garmin Forerunner 735 XT,2.8275566079058363,898.7885998695789,2.445571040723995,2.8275566079058363,344.0
2024-01-21 15:26:48+00:00,2024-01-21 15:26:48+00:00,582822031,27586130,1949.87,65535,70.60000000000002,70.60000000000002,2.445,2.445,0.0,300,152,80,0.0,-1.0,48.8515783008188,2.312242705374956,Garmin Forerunner 735 XT,2.0253612304287505,900.8139611000076,2.450579185520375,2.0253612304287505,345.0
2024-01-21 15:26:49+00:00,2024-01-21 15:26:49+00:00,582822372,27586281,1953.02,65535,70.60000000000002,70.60000000000002,2.454,2.454,0.0,300,152,80,0.0,-1.0,48.851606883108616,2.312255362048745,Garmin Forerunner 735 XT,3.3103737339491386,904.1243348339568,2.4548570135746735,3.3103737339491386,346.0
2024-01-21 15:26:50+00:00,2024-01-21 15:26:50+00:00,582822684,27586263,1955.93,65535,70.60000000000002,70.60000000000002,2.463,2.463,0.0,300,153,80,0.0,-1.0,48.85163303464651,2.3122538533061743,Garmin Forerunner 735 XT,2.9100129247374165,907.0343477586943,2.4591438914027277,2.9100129247374165,347.0
2024-01-21 15:26:51+00:00,2024-01-21 15:26:51+00:00,582822915,27586161,1958.12,65535,70.60000000000002,70.60000000000002,2.463,2.463,0.0,300,153,80,0.0,-1.0,48.85165239684284,2.3122453037649393,Garmin Forerunner 735 XT,2.2420136314143164,909.2763613901086,2.46422714932128,2.2420136314143164,348.0
2024-01-21 15:26:52+00:00,2024-01-21 15:26:52+00:00,582823199,27586313,1960.82,65535,70.20000000000005,70.20000000000005,2.473,2.473,0.0,300,153,80,0.0,-1.0,48.851676201447845,2.31225804425776,Garmin Forerunner 735 XT,2.806301545849916,912.0826629359585,2.4695095022624565,2.806301545849916,349.0
2024-01-21 15:26:53+00:00,2024-01-21 15:26:53+00:00,582823473,27586285,1963.37,65535,70.0,70.0,2.473,2.473,0.0,300,152,80,0.0,-1.0,48.851699167862535,2.312255697324872,Garmin Forerunner 735 XT,2.559515645744415,914.642178581703,2.475778280543,2.559515645744415,350.0
2024-01-21 15:26:54+00:00,2024-01-21 15:26:54+00:00,582823770,27586419,1966.08,65535,70.0,70.0,2.482,2.482,0.0,300,152,80,0.0,-1.0,48.851724062114954,2.312266929075122,Garmin Forerunner 735 XT,2.8875266080031645,917.5297051897062,2.4831619909502396,2.8875266080031645,351.0
2024-01-21 15:26:55+00:00,2024-01-21 15:26:55+00:00,582824060,27586391,1968.8,65535,69.79999999999995,69.79999999999995,2.482,2.482,0.0,300,151,80,0.0,-1.0,48.85174836963415,2.312264582142234,Garmin Forerunner 735 XT,2.7083221403342073,920.2380273300404,2.4893303167420946,2.7083221403342073,352.0
2024-01-21 15:26:56+00:00,2024-01-21 15:26:56+00:00,582824282,27586285,1970.96,65535,69.39999999999998,69.39999999999998,2.491,2.491,0.0,300,151,81,0.0,-1.0,48.85176697745919,2.312255697324872,Garmin Forerunner 735 XT,2.168815097986899,922.4068424280273,2.493489592760194,2.168815097986899,353.0
2024-01-21 15:26:57+00:00,2024-01-21 15:26:57+00:00,582824528,27586277,1973.19,65535,69.39999999999998,69.39999999999998,2.501,2.501,0.0,300,150,82,0.0,-1.0,48.851787596940994,2.3122550267726183,Garmin Forerunner 735 XT,2.2933066424844255,924.7001490705118,2.495338461538475,2.2933066424844255,354.0
2024-01-21 15:26:58+00:00,2024-01-21 15:26:58+00:00,582824738,27586318,1975.08,65535,68.60000000000002,68.60000000000002,2.501,2.501,0.0,300,152,82,0.0,-1.0,48.851805198937654,2.3122584633529186,Garmin Forerunner 735 XT,1.9733380128571423,926.673487083369,2.4954063348416424,1.9733380128571423,355.0
2024-01-21 15:26:59+00:00,2024-01-21 15:26:59+00:00,582824903,27586273,1976.64,65535,68.20000000000005,68.20000000000005,2.501,2.501,0.0,300,152,82,0.0,-1.0,48.85181902907789,2.3122546914964914,Garmin Forerunner 735 XT,1.562408137856772,928.2358952212257,2.49305791855205,1.562408137856772,356.0
2024-01-21 15:27:00+00:00,2024-01-21 15:27:00+00:00,582825074,27586315,1978.15,65535,67.0,67.0,2.501,2.501,0.0,300,152,81,0.0,-1.0,48.85183336213231,2.3122582118958235,Garmin Forerunner 735 XT,1.6144431332064262,929.8503383544322,2.490313122171959,1.6144431332064262,357.0
2024-01-21 15:27:01+00:00,2024-01-21 15:27:01+00:00,582825338,27586386,1980.6,65535,67.0,67.0,2.482,2.482,0.0,300,151,80,0.0,-1.0,48.851855490356684,2.3122641630470753,Garmin Forerunner 735 XT,2.498776992954379,932.3491153473866,2.4860271493212807,2.498776992954379,358.0
2024-01-21 15:27:02+00:00,2024-01-21 15:27:02+00:00,582825544,27586494,1982.56,65535,66.0,66.0,2.473,2.473,0.0,300,151,80,0.0,-1.0,48.85187275707722,2.3122732155025005,Garmin Forerunner 735 XT,2.0310068881107903,934.3801222354974,2.481159276018113,2.0310068881107903,359.0
2024-01-21 15:27:03+00:00,2024-01-21 15:27:03+00:00,582825784,27586587,1984.82,65535,65.39999999999998,65.39999999999998,2.463,2.463,0.0,300,151,80,0.0,-1.0,48.85189287364483,2.31228101067245,Garmin Forerunner 735 XT,2.3084287378670374,936.6885509733645,2.4753855203620043,2.3084287378670374,360.0
2024-01-21 15:27:04+00:00,2024-01-21 15:27:04+00:00,582826083,27586706,1987.67,65535,65.79999999999995,65.79999999999995,2.463,2.463,0.0,300,150,79,0.5,-1.0,48.85191793553531,2.312290985137224,Garmin Forerunner 735 XT,2.8807318174495586,939.5692827908141,2.4687538461538594,2.8807318174495586,361.0
2024-01-21 15:27:05+00:00,2024-01-21 15:27:05+00:00,582826289,27586831,1989.67,65535,66.20000000000005,66.20000000000005,2.463,2.463,0.0,300,149,79,0.0,-1.0,48.851935202255845,2.3123014625161886,Garmin Forerunner 735 XT,2.067357166817419,941.6366399576315,2.4620244343891535,2.067357166817419,362.0
2024-01-21 15:27:06+00:00,2024-01-21 15:27:06+00:00,582826475,27586917,1991.41,65535,66.0,66.0,2.463,2.463,0.0,300,150,79,0.0,-1.0,48.851950792595744,2.312308670952916,Garmin Forerunner 735 XT,1.8120224612712952,943.4486624189028,2.4541773755656235,1.8120224612712952,363.0
2024-01-21 15:27:07+00:00,2024-01-21 15:27:07+00:00,582826694,27586918,1993.43,65535,66.0,66.0,2.454,2.454,0.0,300,150,79,0.0,-1.0,48.85196914896369,2.312308754771948,Garmin Forerunner 735 XT,2.041144200439788,945.4898066193426,2.444803619909515,2.041144200439788,364.0
2024-01-21 15:27:08+00:00,2024-01-21 15:27:08+00:00,582826898,27586864,1995.32,65535,66.60000000000002,66.60000000000002,2.445,2.445,0.0,300,150,79,0.0,-1.0,48.85198624804616,2.3123042285442352,Garmin Forerunner 735 XT,1.9299570732609217,947.4197636926035,2.437294117647072,1.9299570732609217,365.0
2024-01-21 15:27:09+00:00,2024-01-21 15:27:09+00:00,582827058,27586849,1996.78,65535,66.60000000000002,66.60000000000002,2.435,2.435,0.0,300,150,79,0.0,-1.0,48.851999659091234,2.3123029712587595,Garmin Forerunner 735 XT,1.494074877973317,948.9138385705768,2.4291429864253526,1.494074877973317,366.0
2024-01-21 15:27:10+00:00,2024-01-21 15:27:10+00:00,582827282,27587004,1999.03,65535,65.79999999999995,65.79999999999995,2.417,2.417,0.0,300,150,79,0.0,-1.0,48.85201843455434,2.3123159632086754,Garmin Forerunner 735 XT,2.293958924957463,951.2077974955342,2.4221981900452616,2.293958924957463,367.0
2024-01-21 15:27:11+00:00,2024-01-21 15:27:11+00:00,582827496,27587101,2001.09,65535,65.39999999999998,65.39999999999998,2.407,2.407,0.0,300,150,79,0.0,-1.0,48.852036371827126,2.3123240936547518,Garmin Forerunner 735 XT,2.0813569380255075,953.2891544335597,2.4161357466063476,2.0813569380255075,368.0
2024-01-21 15:27:12+00:00,2024-01-21 15:27:12+00:00,582827827,27587089,2004.18,65535,65.0,65.0,2.398,2.398,0.0,300,150,80,0.0,-1.0,48.85206411592662,2.312323087826371,Garmin Forerunner 735 XT,3.0858807751318102,956.3750352086915,2.411996380090511,3.0858807751318102,369.0
2024-01-21 15:27:13+00:00,2024-01-21 15:27:13+00:00,582828139,27587183,2007.03,65535,64.79999999999995,64.79999999999995,2.398,2.398,0.0,300,151,80,0.0,-1.0,48.85209026746452,2.3123309668153524,Garmin Forerunner 735 XT,2.9645099413578535,959.3395451500494,2.4087737556561217,2.9645099413578535,370.0
2024-01-21 15:27:14+00:00,2024-01-21 15:27:14+00:00,582828444,27587215,2009.8,65535,65.0,65.0,2.417,2.417,0.0,300,151,80,0.0,-1.0,48.85211583226919,2.3123336490243673,Garmin Forerunner 735 XT,2.8494426977248355,962.1889878477742,2.409261538461551,2.8494426977248355,371.0
2024-01-21 15:27:15+00:00,2024-01-21 15:27:15+00:00,582828667,27587048,2012.08,65535,64.79999999999995,64.79999999999995,2.417,2.417,0.0,300,151,80,0.0,-1.0,48.852134523913264,2.312319651246071,Garmin Forerunner 735 XT,2.3170546191088714,964.5060424668831,2.411741176470601,2.3170546191088714,372.0
2024-01-21 15:27:16+00:00,2024-01-21 15:27:16+00:00,582828921,27587021,2014.43,65535,64.79999999999995,64.79999999999995,2.426,2.426,0.0,300,151,80,0.0,-1.0,48.85215581394732,2.3123173881322145,Garmin Forerunner 735 XT,2.373127649166746,966.8791701160497,2.416212669683271,2.373127649166746,373.0
2024-01-21 15:27:17+00:00,2024-01-21 15:27:17+00:00,582829248,27586903,2017.55,65535,65.39999999999998,65.39999999999998,2.426,2.426,0.0,300,151,80,0.0,-1.0,48.85218322277069,2.312307497486472,Garmin Forerunner 735 XT,3.132459514678355,970.0116296307281,2.4230099547511443,3.132459514678355,374.0
2024-01-21 15:27:18+00:00,2024-01-21 15:27:18+00:00,582829600,27586831,2020.84,65535,66.0,66.0,2.426,2.426,0.0,300,151,80,0.0,-1.0,48.852212727069855,2.3123014625161886,Garmin Forerunner 735 XT,3.3103100769188196,973.3219397076468,2.4300932126696964,3.3103100769188196,375.0
2024-01-21 15:27:19+00:00,2024-01-21 15:27:19+00:00,582829906,27586686,2023.74,65535,66.20000000000005,66.20000000000005,2.426,2.426,0.0,300,152,80,0.0,-1.0,48.85223837569356,2.31228930875659,Garmin Forerunner 735 XT,2.987415427440759,976.3093551350876,2.4369321266968456,2.987415427440759,376.0
2024-01-21 15:27:20+00:00,2024-01-21 15:27:20+00:00,582830177,27586685,2026.26,65535,66.39999999999998,66.39999999999998,2.445,2.445,0.0,300,152,80,0.0,-1.0,48.852261090651155,2.312289224937558,Garmin Forerunner 735 XT,2.5257954888179364,978.8351506239055,2.442479638009063,2.5257954888179364,377.0
2024-01-21 15:27:21+00:00,2024-01-21 15:27:21+00:00,582830501,27586793,2029.29,65535,66.79999999999995,66.79999999999995,2.445,2.445,0.0,300,152,80,0.0,-1.0,48.85228824801743,2.3122982773929834,Garmin Forerunner 735 XT,3.0915447568913788,981.9266953807969,2.4460769230769364,3.0915447568913788,378.0
2024-01-21 15:27:22+00:00,2024-01-21 15:27:22+00:00,582830797,27586967,2032.13,65535,65.79999999999995,65.79999999999995,2.454,2.454,0.0,300,152,80,0.0,-2.0,48.85231305845082,2.312312861904502,Garmin Forerunner 735 XT,2.9579797668526298,984.8846751476495,2.451060633484176,2.9579797668526298,379.0
2024-01-21 15:27:23+00:00,2024-01-21 15:27:23+00:00,582831044,27586966,2034.43,65535,65.79999999999995,65.79999999999995,2.463,2.463,0.0,300,151,80,0.0,-2.0,48.85233376175165,2.31231277808547,Garmin Forerunner 735 XT,2.302110186231266,987.1867853338808,2.454312217194583,2.302110186231266,380.0
2024-01-21 15:27:24+00:00,2024-01-21 15:27:24+00:00,582831273,27587020,2036.56,65535,64.79999999999995,64.79999999999995,2.463,2.463,0.0,300,151,80,0.0,-2.0,48.852352956309915,2.312317304313183,Garmin Forerunner 735 XT,2.15987704426645,989.3466623781472,2.4581945701357597,2.15987704426645,381.0
2024-01-21 15:27:25+00:00,2024-01-21 15:27:25+00:00,582831596,27587013,2039.56,65535,64.60000000000002,64.60000000000002,2.463,2.463,0.0,300,151,80,0.0,-2.0,48.85238002985716,2.312316717579961,Garmin Forerunner 735 XT,3.0107471712954106,992.3574095494427,2.4627782805429996,3.0107471712954106,382.0
2024-01-21 15:27:26+00:00,2024-01-21 15:27:26+00:00,582831864,27587031,2042.03,65535,64.20000000000005,64.20000000000005,2.463,2.463,0.0,300,153,80,0.0,-2.0,48.85240249335766,2.3123182263225317,Garmin Forerunner 735 XT,2.500265377652651,994.8576749270953,2.4673846153846286,2.500265377652651,383.0
2024-01-21 15:27:27+00:00,2024-01-21 15:27:27+00:00,582832097,27586887,2044.37,65535,63.799999999999955,63.799999999999955,2.463,2.463,0.0,300,153,80,0.0,-2.0,48.85242202319205,2.3123061563819647,Garmin Forerunner 735 XT,2.3443158106110693,997.2019907377064,2.4713348416289724,2.3443158106110693,384.0
2024-01-21 15:27:28+00:00,2024-01-21 15:27:28+00:00,582832493,27587459,2047.78,65535,61.0,61.0,2.473,2.473,0.0,300,153,80,0.0,-2.0,48.85245521552861,2.312354100868106,Garmin Forerunner 735 XT,5.091921370699663,1002.2939121084061,2.477286877828068,5.091921370699663,385.0
2024-01-21 15:27:29+00:00,2024-01-21 15:27:29+00:00,582832848,27587790,2050.8,65535,58.799999999999955,58.799999999999955,2.473,2.473,0.0,300,152,80,0.0,-2.0,48.852484971284866,2.3123818449676037,Garmin Forerunner 735 XT,3.881758578031372,1006.1756706864375,2.4827339366515973,3.881758578031372,386.0
2024-01-21 15:27:30+00:00,2024-01-21 15:27:30+00:00,582833133,27588005,2053.35,65535,58.799999999999955,58.799999999999955,2.491,2.491,0.0,300,151,80,0.0,-2.0,48.852508859708905,2.3123998660594225,Garmin Forerunner 735 XT,2.965520940345299,1009.1411916267828,2.4873411764706015,2.965520940345299,387.0
2024-01-21 15:27:31+00:00,2024-01-21 15:27:31+00:00,582833439,27588443,2056.29,65535,58.200000000000045,58.200000000000045,2.501,2.501,0.0,300,151,80,0.0,-2.0,48.85253450833261,2.312436578795314,Garmin Forerunner 735 XT,3.9178039879589677,1013.0589956147418,2.4908307692307825,3.9178039879589677,388.0
2024-01-21 15:27:32+00:00,2024-01-21 15:27:32+00:00,582833676,27588626,2058.5,65535,57.200000000000045,57.200000000000045,2.501,2.501,0.0,300,151,80,0.0,-2.0,48.85255437344313,2.3124519176781178,Garmin Forerunner 735 XT,2.477653281910519,1015.5366488966523,2.492854298642547,2.477653281910519,389.0
2024-01-21 15:27:33+00:00,2024-01-21 15:27:33+00:00,582833972,27588854,2061.38,65535,57.200000000000045,57.200000000000045,2.501,2.501,0.0,300,151,79,0.0,-2.0,48.852579183876514,2.312471028417349,Garmin Forerunner 735 XT,3.0929070768366156,1018.6295559734889,2.494452488687796,3.0929070768366156,390.0
2024-01-21 15:27:34+00:00,2024-01-21 15:27:34+00:00,582834155,27589082,2063.15,65535,55.799999999999955,55.799999999999955,2.501,2.501,0.0,300,151,79,0.0,-2.0,48.85259452275932,2.31249013915658,Garmin Forerunner 735 XT,2.205497260338204,1020.8350532338271,2.4952814479638143,2.205497260338204,391.0
2024-01-21 15:27:35+00:00,2024-01-21 15:27:35+00:00,582834363,27589322,2065.13,65535,53.60000000000002,53.60000000000002,2.491,2.491,0.0,300,152,78,0.5,-2.0,48.852611957117915,2.3125102557241917,Garmin Forerunner 735 XT,2.4340421341198346,1023.269095367947,2.4957031674208277,2.4340421341198346,392.0
2024-01-21 15:27:36+00:00,2024-01-21 15:27:36+00:00,582834698,27589896,2068.85,65535,52.60000000000002,52.60000000000002,2.482,2.482,0.0,300,152,78,0.5,-2.0,48.85264003649354,2.3125583678483963,Garmin Forerunner 735 XT,4.7053462689564425,1027.9744416369035,2.4960995475113257,4.7053462689564425,393.0
2024-01-21 15:27:37+00:00,2024-01-21 15:27:37+00:00,582834983,27590389,2072.24,65535,50.60000000000002,50.60000000000002,2.482,2.482,0.0,300,152,78,0.5,-2.0,48.85266392491758,2.312599690631032,Garmin Forerunner 735 XT,4.024533064831951,1031.9989747017355,2.4938018099547645,4.024533064831951,394.0
2024-01-21 15:27:38+00:00,2024-01-21 15:27:38+00:00,582835208,27590656,2074.66,65535,48.799999999999955,48.799999999999955,2.491,2.491,0.0,300,152,80,0.0,-2.0,48.852682784199715,2.3126220703125,Garmin Forerunner 735 XT,2.6606065681843756,1034.65958126992,2.4923855203620042,2.6606065681843756,395.0
2024-01-21 15:27:39+00:00,2024-01-21 15:27:39+00:00,582835500,27590798,2077.49,65535,48.39999999999998,48.39999999999998,2.501,2.501,0.0,300,152,80,0.0,-2.0,48.852707259356976,2.3126339726150036,Garmin Forerunner 735 XT,2.8574468854611483,1037.517028155381,2.4926000000000132,2.8574468854611483,396.0
2024-01-21 15:27:40+00:00,2024-01-21 15:27:40+00:00,582835734,27590808,2079.66,65535,48.0,48.0,2.501,2.501,0.0,300,152,80,0.0,-2.0,48.8527268730104,2.3126348108053207,Garmin Forerunner 735 XT,2.1818008255896677,1039.6988289809706,2.492665158371054,2.1818008255896677,397.0
2024-01-21 15:27:41+00:00,2024-01-21 15:27:41+00:00,582835994,27590806,2082.08,65535,48.39999999999998,48.39999999999998,2.501,2.501,0.0,300,152,80,0.0,-2.0,48.85274866595864,2.3126346431672573,Garmin Forerunner 735 XT,2.423296322089957,1042.1221253030606,2.4927529411764837,2.423296322089957,398.0
2024-01-21 15:27:42+00:00,2024-01-21 15:27:42+00:00,582836304,27590837,2084.97,65535,49.0,49.0,2.491,2.491,0.0,300,153,80,0.0,-2.0,48.852774649858475,2.3126372415572405,Garmin Forerunner 735 XT,2.8955257765464086,1045.017651079607,2.4930352941176603,2.8955257765464086,399.0
2024-01-21 15:27:43+00:00,2024-01-21 15:27:43+00:00,582836596,27590784,2087.66,65535,48.799999999999955,48.799999999999955,2.482,2.482,0.0,300,153,80,0.0,-2.0,48.852799125015736,2.3126327991485596,Garmin Forerunner 735 XT,2.740854031757048,1047.758505111364,2.4922995475113257,2.740854031757048,400.0
2024-01-21 15:27:44+00:00,2024-01-21 15:27:44+00:00,582836797,27590840,2089.56,65535,47.200000000000045,47.200000000000045,2.491,2.491,0.0,300,153,81,0.0,-2.0,48.85281597264111,2.3126374930143356,Garmin Forerunner 735 XT,1.9045895433281161,1049.663094654692,2.490722171945715,1.9045895433281161,401.0
2024-01-21 15:27:45+00:00,2024-01-21 15:27:45+00:00,582837064,27591038,2092.19,65535,46.60000000000002,46.60000000000002,2.491,2.491,0.0,300,152,81,0.0,-2.0,48.85283835232258,2.3126540891826153,Garmin Forerunner 735 XT,2.768956808982122,1052.432051463674,2.4877737556561224,2.768956808982122,402.0
2024-01-21 15:27:46+00:00,2024-01-21 15:27:46+00:00,582837335,27591076,2094.72,65535,46.200000000000045,46.200000000000045,2.482,2.482,0.0,300,152,81,0.0,-2.0,48.85286106728017,2.3126572743058205,Garmin Forerunner 735 XT,2.5365160634729236,1054.968567527147,2.484146606334855,2.5365160634729236,403.0
2024-01-21 15:27:47+00:00,2024-01-21 15:27:47+00:00,582837603,27591067,2097.21,65535,45.799999999999955,45.799999999999955,2.482,2.482,0.0,300,152,80,0.0,-2.0,48.85288353078067,2.312656519934535,Garmin Forerunner 735 XT,2.4984370234325284,1057.4670045505793,2.481917647058837,2.4984370234325284,404.0
2024-01-21 15:27:48+00:00,2024-01-21 15:27:48+00:00,582837867,27591077,2099.66,65535,45.39999999999998,45.39999999999998,2.482,2.482,0.0,300,152,80,0.0,-2.0,48.852905659005046,2.312657358124852,Garmin Forerunner 735 XT,2.4613104222775095,1059.928314972857,2.480552941176484,2.4613104222775095,405.0
2024-01-21 15:27:49+00:00,2024-01-21 15:27:49+00:00,582838079,27591105,2101.64,65535,44.60000000000002,44.60000000000002,2.482,2.482,0.0,300,152,80,0.0,-2.0,48.85292342863977,2.31265970505774,Garmin Forerunner 735 XT,1.9833406246993746,1061.9116555975563,2.4808597285068004,1.9833406246993746,406.0
2024-01-21 15:27:50+00:00,2024-01-21 15:27:50+00:00,582838338,27591306,2104.2,65535,44.0,44.0,2.482,2.482,0.0,300,152,80,0.0,-2.0,48.852945137768984,2.312676552683115,Garmin Forerunner 735 XT,2.710460765719948,1064.6221163632763,2.480460633484176,2.710460765719948,407.0
2024-01-21 15:27:51+00:00,2024-01-21 15:27:51+00:00,582838609,27591513,2106.9,65535,43.39999999999998,43.39999999999998,2.473,2.473,0.0,300,151,80,0.0,-2.0,48.85296785272658,2.31269390322268,Garmin Forerunner 735 XT,2.8268602998368872,1067.4489766631132,2.479684162895941,2.8268602998368872,408.0
2024-01-21 15:27:52+00:00,2024-01-21 15:27:52+00:00,582838866,27591635,2109.4,65535,43.39999999999998,43.39999999999998,2.473,2.473,0.0,300,151,80,0.0,-2.0,48.85298939421773,2.3127041291445494,Garmin Forerunner 735 XT,2.5094351220733224,1069.9584117851864,2.4798343891402848,2.5094351220733224,409.0
2024-01-21 15:27:53+00:00,2024-01-21 15:27:53+00:00,582839109,27591787,2111.81,65535,43.0,43.0,2.482,2.482,0.0,300,151,81,0.0,-2.0,48.853009762242436,2.31271686963737,Garmin Forerunner 735 XT,2.4491518966546657,1072.407563681841,2.4800000000000133,2.4491518966546657,410.0
2024-01-21 15:27:54+00:00,2024-01-21 15:27:54+00:00,582839355,27591901,2114.19,65535,43.0,43.0,2.482,2.482,0.0,300,151,81,0.0,-2.0,48.85303038172424,2.3127264250069857,Garmin Forerunner 735 XT,2.397002586214879,1074.804566268056,2.479446153846167,2.397002586214879,411.0
2024-01-21 15:27:55+00:00,2024-01-21 15:27:55+00:00,582839585,27591962,2116.37,65535,42.39999999999998,42.39999999999998,2.482,2.482,0.0,300,151,81,0.0,-2.0,48.85304966010153,2.3127315379679203,Garmin Forerunner 735 XT,2.1760545521908217,1076.980620820247,2.477319457013588,2.1760545521908217,412.0
2024-01-21 15:27:56+00:00,2024-01-21 15:27:56+00:00,582839798,27591944,2118.34,65535,42.200000000000045,42.200000000000045,2.473,2.473,0.0,300,151,81,0.0,-2.0,48.85306751355529,2.3127300292253494,Garmin Forerunner 735 XT,1.9882801678386,1078.9689009880856,2.4729619909502394,1.9882801678386,413.0
2024-01-21 15:27:57+00:00,2024-01-21 15:27:57+00:00,582839963,27591862,2119.94,65535,42.0,42.0,2.473,2.473,0.0,300,152,81,0.0,-2.0,48.85308134369552,2.3127231560647488,Garmin Forerunner 735 XT,1.6179746736305973,1080.5868756617162,2.4656914027149455,1.6179746736305973,414.0
2024-01-21 15:27:58+00:00,2024-01-21 15:27:58+00:00,582840089,27591789,2121.19,65535,42.0,42.0,2.463,2.463,0.0,300,153,80,0.0,-2.0,48.85309190489352,2.3127170372754335,Garmin Forerunner 735 XT,1.256790476948781,1081.843666138665,2.451790045248882,1.256790476948781,415.0
2024-01-21 15:27:59+00:00,2024-01-21 15:27:59+00:00,582840102,27591658,2121.94,65535,41.60000000000002,41.60000000000002,2.454,2.454,0.0,300,152,80,0.0,-2.0,48.85309299454093,2.312706056982279,Garmin Forerunner 735 XT,0.8124625790803693,1082.6561287177453,2.442601809954764,0.8124625790803693,416.0
2024-01-21 15:28:00+00:00,2024-01-21 15:28:00+00:00,582840158,27591353,2123.89,65535,41.39999999999998,41.39999999999998,2.445,2.445,0.0,300,152,80,0.0,-2.0,48.853097688406706,2.3126804921776056,Garmin Forerunner 735 XT,1.9419137863312756,1084.5980425040766,2.4389610859728634,1.9419137863312756,417.0
2024-01-21 15:28:01+00:00,2024-01-21 15:28:01+00:00,582840238,27590941,2126.53,65535,41.200000000000045,41.200000000000045,2.426,2.426,0.0,300,153,79,0.0,-2.0,48.85310439392924,2.312645958736539,Garmin Forerunner 735 XT,2.6343722290906486,1087.2324147331672,2.4403131221719585,2.6343722290906486,418.0
2024-01-21 15:28:02+00:00,2024-01-21 15:28:02+00:00,582840241,27590427,2129.69,65535,41.0,41.0,2.417,2.417,0.0,300,153,78,0.0,-2.0,48.85310464538634,2.312602875754237,Garmin Forerunner 735 XT,3.1523054957943746,1090.3847202289614,2.4443466063348547,3.1523054957943746,419.0
2024-01-21 15:28:03+00:00,2024-01-21 15:28:03+00:00,582840236,27590012,2132.23,65535,41.39999999999998,41.39999999999998,2.417,2.417,0.0,300,151,78,0.0,-2.0,48.85310422629118,2.3125680908560753,Garmin Forerunner 735 XT,2.545475871954555,1092.930196100916,2.453185520362004,2.545475871954555,420.0
2024-01-21 15:28:04+00:00,2024-01-21 15:28:04+00:00,582840225,27589508,2135.28,65535,41.60000000000002,41.60000000000002,2.435,2.435,0.0,300,150,79,0.5,-2.0,48.85310330428183,2.3125258460640907,Garmin Forerunner 735 XT,3.0925549044099236,1096.022751005326,2.466418099547524,3.0925549044099236,421.0
2024-01-21 15:28:05+00:00,2024-01-21 15:28:05+00:00,582840189,27589153,2137.49,65535,41.799999999999955,41.799999999999955,2.529,2.529,0.0,300,150,81,0.0,-2.0,48.85310028679669,2.3124960903078318,Garmin Forerunner 735 XT,2.2027942586512164,1098.2255452639772,2.4822678733031807,2.2027942586512164,422.0
2024-01-21 15:28:06+00:00,2024-01-21 15:28:06+00:00,582840154,27588815,2139.58,65535,41.799999999999955,41.799999999999955,2.529,2.529,0.0,300,150,82,0.0,-2.0,48.85309735313058,2.312467759475112,Garmin Forerunner 735 XT,2.098346807178109,1100.3238920711553,2.498404524886891,2.098346807178109,423.0
2024-01-21 15:28:07+00:00,2024-01-21 15:28:07+00:00,582840076,27588488,2141.71,65535,41.60000000000002,41.60000000000002,2.519,2.519,0.0,300,150,82,0.0,-2.0,48.853090815246105,2.312440350651741,Garmin Forerunner 735 XT,2.1330809968629074,1102.4569730680182,2.513403619909516,2.1330809968629074,424.0
2024-01-21 15:28:08+00:00,2024-01-21 15:28:08+00:00,582839966,27588139,2144.06,65535,41.39999999999998,41.39999999999998,2.519,2.519,0.0,300,149,82,0.0,-2.0,48.85308159515262,2.3124110978096724,Garmin Forerunner 735 XT,2.3731740959154477,1104.8301471639336,2.524934841628973,2.3731740959154477,425.0
2024-01-21 15:28:09+00:00,2024-01-21 15:28:09+00:00,582839900,27587721,2146.69,65535,41.60000000000002,41.60000000000002,2.538,2.538,0.0,300,150,81,0.0,-2.0,48.85307606309652,2.3123760614544153,Garmin Forerunner 735 XT,2.6362210274882485,1107.466368191422,2.5312217194570272,2.6362210274882485,426.0
2024-01-21 15:28:10+00:00,2024-01-21 15:28:10+00:00,582839787,27587382,2149.02,65535,41.60000000000002,41.60000000000002,2.538,2.538,0.0,300,150,81,0.0,-2.0,48.85306659154594,2.312347646802664,Garmin Forerunner 735 XT,2.330519084133245,1109.7968872755553,2.5312416289592896,2.330519084133245,427.0
2024-01-21 15:28:11+00:00,2024-01-21 15:28:11+00:00,582839667,27587091,2151.13,65535,41.39999999999998,41.39999999999998,2.519,2.519,0.0,300,151,80,0.0,-2.0,48.853056533262134,2.3123232554644346,Garmin Forerunner 735 XT,2.1061081286134837,1111.9029954041687,2.5238769230769362,2.1061081286134837,428.0
2024-01-21 15:28:12+00:00,2024-01-21 15:28:12+00:00,582839546,27586955,2152.48,65535,41.60000000000002,41.60000000000002,2.51,2.51,0.0,300,150,80,0.0,-2.0,48.853046391159296,2.3123118560761213,Garmin Forerunner 735 XT,1.4026565920412035,1113.30565199621,2.5111131221719587,1.4026565920412035,429.0
2024-01-21 15:28:13+00:00,2024-01-21 15:28:13+00:00,582839397,27586746,2154.37,65535,41.60000000000002,41.60000000000002,2.501,2.501,0.0,300,150,80,0.0,-2.0,48.85303390212357,2.312294337898493,Garmin Forerunner 735 XT,1.8898030752751163,1115.195455071485,2.504351131221733,1.8898030752751163,430.0
2024-01-21 15:28:14+00:00,2024-01-21 15:28:14+00:00,582839184,27586519,2156.79,65535,41.39999999999998,41.39999999999998,2.491,2.491,0.0,300,151,79,0.5,-2.0,48.853016048669815,2.3122753109782934,Garmin Forerunner 735 XT,2.4246757592604116,1117.6201308307454,2.4974624434389274,2.4246757592604116,431.0
2024-01-21 15:28:15+00:00,2024-01-21 15:28:15+00:00,582838963,27586361,2159.02,65535,41.200000000000045,41.200000000000045,2.491,2.491,0.0,300,148,79,0.5,-2.0,48.852997524663806,2.3122620675712824,Garmin Forerunner 735 XT,2.276303874714264,1119.8964347054598,2.489569230769244,2.276303874714264,432.0
2024-01-21 15:28:16+00:00,2024-01-21 15:28:16+00:00,582838785,27586216,2160.87,65535,40.799999999999955,40.799999999999955,2.482,2.482,0.0,300,148,79,0.5,-2.0,48.85298260487616,2.3122499138116837,Garmin Forerunner 735 XT,1.8822957872181423,1121.778730492678,2.485111312217208,1.8822957872181423,433.0
2024-01-21 15:28:17+00:00,2024-01-21 15:28:17+00:00,582838643,27586144,2162.16,65535,40.39999999999998,40.39999999999998,2.473,2.473,0.0,300,149,80,0.0,-2.0,48.85297070257366,2.3122438788414,Garmin Forerunner 735 XT,1.3951902506005567,1123.1739207432786,2.484371040723995,1.3951902506005567,434.0
2024-01-21 15:28:18+00:00,2024-01-21 15:28:18+00:00,582838564,27586066,2163.02,65535,40.200000000000045,40.200000000000045,2.473,2.473,0.0,300,151,80,0.0,-2.0,48.85296408087015,2.3122373409569263,Garmin Forerunner 735 XT,0.8780399637189732,1124.0519607069975,2.483550226244357,0.8780399637189732,435.0
2024-01-21 15:28:19+00:00,2024-01-21 15:28:19+00:00,582838470,27585936,2164.2,65535,40.0,40.0,2.473,2.473,0.0,300,152,80,0.0,-2.0,48.85295620188117,2.3122264444828033,Garmin Forerunner 735 XT,1.1845504350126366,1125.2365111420102,2.47998642533938,1.1845504350126366,436.0
2024-01-21 15:28:20+00:00,2024-01-21 15:28:20+00:00,582838420,27585827,2165.02,65535,39.799999999999955,39.799999999999955,2.473,2.473,0.0,300,153,80,0.0,-2.0,48.852952010929585,2.3122173082083464,Garmin Forerunner 735 XT,0.8148665205203717,1126.0513776625305,2.469929411764719,0.8148665205203717,437.0
2024-01-21 15:28:21+00:00,2024-01-21 15:28:21+00:00,582838420,27586143,2165.02,65535,40.200000000000045,40.200000000000045,2.473,2.473,0.0,300,153,80,0.0,-2.0,48.852952010929585,2.3122437950223684,Garmin Forerunner 735 XT,1.9379229272383918,1127.9893005897688,2.4535493212669817,1.9379229272383918,438.0
2024-01-21 15:28:22+00:00,2024-01-21 15:28:22+00:00,582838395,27586500,2165.18,65535,40.39999999999998,40.39999999999998,2.473,2.473,0.0,300,152,80,0.0,-3.0,48.85294991545379,2.312273718416691,Garmin Forerunner 735 XT,2.201726454815229,1130.191027044584,2.4300660633484292,2.201726454815229,439.0
2024-01-21 15:28:23+00:00,2024-01-21 15:28:23+00:00,582838377,27586874,2166.13,65535,40.60000000000002,40.60000000000002,2.426,2.426,0.0,300,151,80,0.0,-3.0,48.85294840671122,2.3123050667345524,Garmin Forerunner 735 XT,2.2997450770395527,1132.4907721216234,2.4050289592760308,2.2997450770395527,440.0
2024-01-21 15:28:24+00:00,2024-01-21 15:28:24+00:00,582838278,27587041,2167.38,65535,40.200000000000045,40.200000000000045,2.379,2.379,0.0,300,151,80,0.0,-3.0,48.85294010862708,2.312319064512849,Garmin Forerunner 735 XT,1.3785060780665968,1133.86927819969,2.379958371040737,1.3785060780665968,441.0
2024-01-21 15:28:25+00:00,2024-01-21 15:28:25+00:00,582838191,27587214,2168.6,65535,39.799999999999955,39.799999999999955,2.342,2.342,0.0,300,151,80,0.0,-3.0,48.85293281637132,2.3123335652053356,Garmin Forerunner 735 XT,1.3353335403442805,1135.2046117400341,2.355682352941189,1.3353335403442805,442.0
2024-01-21 15:28:26+00:00,2024-01-21 15:28:26+00:00,582838105,27588038,2173.02,65535,41.60000000000002,41.60000000000002,2.295,2.295,0.0,300,151,80,0.0,-3.0,48.852925607934594,2.312402632087469,Garmin Forerunner 735 XT,5.11649441720422,1140.3211061572383,2.3348289592760305,5.11649441720422,443.0
2024-01-21 15:28:27+00:00,2024-01-21 15:28:27+00:00,582838045,27588855,2177.78,65535,43.39999999999998,43.39999999999998,2.286,2.286,0.0,300,153,80,0.0,-3.0,48.85292057879269,2.3124711122363806,Garmin Forerunner 735 XT,5.041502933743127,1145.3626090909816,2.318932126696845,5.041502933743127,444.0
2024-01-21 15:28:28+00:00,2024-01-21 15:28:28+00:00,582837964,27589751,2183.15,65535,44.799999999999955,44.799999999999955,2.286,2.286,0.0,300,153,80,0.0,-3.0,48.85291378945112,2.3125462140887976,Garmin Forerunner 735 XT,5.546492047288219,1150.9091011382698,2.30697194570137,5.546492047288219,445.0
2024-01-21 15:28:29+00:00,2024-01-21 15:28:29+00:00,582838046,27591109,2191.15,65535,46.39999999999998,46.39999999999998,2.314,2.314,0.0,300,153,79,0.0,-3.0,48.85292066261172,2.312660040333867,Garmin Forerunner 735 XT,8.363162109663486,1159.2722632479333,2.300559276018112,8.363162109663486,446.0
2024-01-21 15:28:30+00:00,2024-01-21 15:28:30+00:00,582838111,27592495,2199.61,65535,47.200000000000045,47.200000000000045,2.323,2.323,0.0,300,153,79,0.0,-3.0,48.852926110848784,2.3127762135118246,Garmin Forerunner 735 XT,8.521443978108213,1167.7937072260415,2.300599095022637,8.521443978108213,447.0
2024-01-21 15:28:31+00:00,2024-01-21 15:28:31+00:00,582838049,27593038,2202.98,65535,46.60000000000002,46.60000000000002,2.323,2.323,0.0,300,152,79,0.5,-3.0,48.85292091406882,2.312821727246046,Garmin Forerunner 735 XT,3.3798055779146035,1171.173512803956,2.3034886877828176,3.3798055779146035,448.0
2024-01-21 15:28:32+00:00,2024-01-21 15:28:32+00:00,582836124,27585492,2236.33,65535,29.600000000000023,29.600000000000023,2.323,2.323,0.0,300,152,80,0.0,-3.0,48.852759562432766,2.3121892288327217,Garmin Forerunner 735 XT,49.63342818765719,1220.8069409916134,2.307838914027162,49.63342818765719,449.0
2024-01-21 15:28:33+00:00,2024-01-21 15:28:33+00:00,582835751,27584292,2244.01,65535,26.600000000000023,26.600000000000023,2.314,2.314,0.0,300,152,80,0.0,-3.0,48.852728297933936,2.3120886459946632,Garmin Forerunner 735 XT,8.139042904019394,1228.9459838956327,2.3112199095022747,8.139042904019394,450.0
2024-01-21 15:28:34+00:00,2024-01-21 15:28:34+00:00,582835464,27583753,2248.26,65535,24.0,24.0,2.295,2.295,0.0,300,152,81,0.0,-3.0,48.852704241871834,2.3120434675365686,Garmin Forerunner 735 XT,4.252251062660099,1233.198234958293,2.3101610859728634,4.252251062660099,451.0
2024-01-21 15:28:35+00:00,2024-01-21 15:28:35+00:00,582835219,27583514,2250.81,65535,21.600000000000023,21.600000000000023,2.295,2.295,0.0,300,152,81,0.0,-3.0,48.85268370620906,2.3120234347879887,Garmin Forerunner 735 XT,2.713395879977396,1235.9116308382704,2.3008045248868902,2.713395879977396,452.0
2024-01-21 15:28:36+00:00,2024-01-21 15:28:36+00:00,582834994,27583218,2253.47,65535,19.600000000000023,19.600000000000023,2.295,2.295,0.0,300,152,81,0.0,-3.0,48.85266484692693,2.311998624354601,Garmin Forerunner 735 XT,2.773605259649195,1238.6852360979196,2.2945746606334962,2.773605259649195,453.0
2024-01-21 15:28:37+00:00,2024-01-21 15:28:37+00:00,582834736,27582930,2256.19,65535,17.200000000000045,17.200000000000045,2.305,2.305,0.0,300,152,80,0.0,-3.0,48.852643221616745,2.311974484473467,Garmin Forerunner 735 XT,2.983579896863128,1241.6688159947828,2.294506787330329,2.983579896863128,454.0
2024-01-21 15:28:38+00:00,2024-01-21 15:28:38+00:00,582834534,27582747,2258.02,65535,15.399999999999977,15.399999999999977,2.305,2.305,0.0,300,152,80,0.0,-3.0,48.85262629017234,2.311959145590663,Garmin Forerunner 735 XT,2.1918139868915736,1243.8606299816743,2.2992823529411885,2.1918139868915736,455.0
2024-01-21 15:28:39+00:00,2024-01-21 15:28:39+00:00,582834339,27582641,2259.32,65535,13.200000000000045,13.200000000000045,2.295,2.295,0.0,300,152,80,0.0,-3.0,48.852609945461154,2.311950260773301,Garmin Forerunner 735 XT,1.9302093014207327,1245.790839283095,2.308394570135759,1.9302093014207327,456.0
2024-01-21 15:28:40+00:00,2024-01-21 15:28:40+00:00,582833806,27583307,2260.05,65535,12.399999999999977,12.399999999999977,2.295,2.295,0.0,300,151,80,0.0,-3.0,48.85256526991725,2.3120060842484236,Garmin Forerunner 735 XT,6.431189098768638,1252.2220283818635,2.32017194570137,6.431189098768638,457.0
2024-01-21 15:28:41+00:00,2024-01-21 15:28:41+00:00,582833369,27583903,2262.41,65535,11.800000000000011,11.800000000000011,2.295,2.295,0.0,300,154,79,0.5,-3.0,48.85252864100039,2.312056040391326,Garmin Forerunner 735 XT,5.4725378979813915,1257.6945662798448,2.3329429864253517,5.4725378979813915,458.0
2024-01-21 15:28:42+00:00,2024-01-21 15:28:42+00:00,582833081,27583858,2265.03,65535,12.600000000000023,12.600000000000023,2.379,2.379,0.0,300,154,79,0.5,-3.0,48.852504501119256,2.3120522685348988,Garmin Forerunner 735 XT,2.698381716965863,1260.3929479968108,2.3442054298642656,2.698381716965863,459.0
2024-01-21 15:28:43+00:00,2024-01-21 15:28:43+00:00,582832714,27583664,2268.65,65535,12.600000000000023,12.600000000000023,2.379,2.379,0.0,300,154,79,0.5,-3.0,48.85247373953462,2.312036007642746,Garmin Forerunner 735 XT,3.6215385748490534,1264.0144865716597,2.3546217194570263,3.6215385748490534,460.0
2024-01-21 15:28:44+00:00,2024-01-21 15:28:44+00:00,582832403,27583519,2271.66,65535,11.199999999999989,11.199999999999989,2.379,2.379,0.0,300,154,80,0.0,-3.0,48.85244767181575,2.3120238538831472,Garmin Forerunner 735 XT,3.0319347701580845,1267.046421341818,2.363513122171958,3.0319347701580845,461.0
2024-01-21 15:28:45+00:00,2024-01-21 15:28:45+00:00,582832103,27583366,2274.6,65535,9.600000000000023,9.600000000000023,2.379,2.379,0.0,300,152,80,0.0,-3.0,48.85242252610624,2.312011029571295,Garmin Forerunner 735 XT,2.9493149672507393,1269.9957363090687,2.3715855203620038,2.9493149672507393,462.0
2024-01-21 15:28:46+00:00,2024-01-21 15:28:46+00:00,582831763,27583232,2277.83,65535,8.199999999999989,8.199999999999989,2.37,2.37,0.0,300,151,80,0.0,-3.0,48.852394027635455,2.311999797821045,Garmin Forerunner 735 XT,3.273708495385252,1273.269444804454,2.374933031674221,3.273708495385252,463.0
2024-01-21 15:28:47+00:00,2024-01-21 15:28:47+00:00,582831287,27583183,2282.1,65535,8.199999999999989,8.199999999999989,2.37,2.37,0.0,300,151,80,0.0,-3.0,48.85235412977636,2.311995690688491,Garmin Forerunner 735 XT,4.446605259582764,1277.7160500640368,2.3763710407239946,4.446605259582764,464.0
2024-01-21 15:28:48+00:00,2024-01-21 15:28:48+00:00,582830861,27583184,2285.87,65535,8.199999999999989,8.199999999999989,2.37,2.37,0.0,300,150,80,0.0,-3.0,48.85231842286885,2.3119957745075226,Garmin Forerunner 735 XT,3.9704316976937966,1281.6864817617306,2.375591855203633,3.9704316976937966,465.0
2024-01-21 15:28:49+00:00,2024-01-21 15:28:49+00:00,582830201,27583511,2291.08,65535,13.0,13.0,2.37,2.37,0.0,300,150,80,0.0,-3.0,48.852263102307916,2.3120231833308935,Garmin Forerunner 735 XT,6.470004979598333,1288.156486741329,2.370240723981913,6.470004979598333,466.0
2024-01-21 15:28:50+00:00,2024-01-21 15:28:50+00:00,582829938,27583535,2293.46,65535,14.399999999999977,14.399999999999977,2.37,2.37,0.0,300,150,80,0.0,-3.0,48.852241057902575,2.3120251949876547,Garmin Forerunner 735 XT,2.455641019212364,1290.6121277605414,2.3727583710407365,2.455641019212364,467.0
2024-01-21 15:28:51+00:00,2024-01-21 15:28:51+00:00,582829610,27584108,2296.99,65535,14.399999999999977,14.399999999999977,2.37,2.37,0.0,300,151,81,0.0,-3.0,48.85221356526017,2.3120732232928276,Garmin Forerunner 735 XT,4.6577023599657466,1295.269830120507,2.3779547511312344,4.6577023599657466,468.0
2024-01-21 15:28:52+00:00,2024-01-21 15:28:52+00:00,582829278,27584556,2300.47,65535,14.399999999999977,14.399999999999977,2.37,2.37,0.0,300,151,81,0.0,-3.0,48.85218573734164,2.312110774219036,Garmin Forerunner 735 XT,4.138050652179092,1299.4078807726862,2.3853230769230898,4.138050652179092,469.0
2024-01-21 15:28:53+00:00,2024-01-21 15:28:53+00:00,582828956,27584917,2303.64,65535,14.799999999999955,14.799999999999955,2.407,2.407,0.0,300,153,81,0.0,-3.0,48.85215874761343,2.3121410328894854,Garmin Forerunner 735 XT,3.729370065209773,1303.137250837896,2.394356561085986,3.729370065209773,470.0
2024-01-21 15:28:54+00:00,2024-01-21 15:28:54+00:00,582828437,27585099,2308.38,65535,18.399999999999977,18.399999999999977,2.407,2.407,0.0,300,155,80,0.0,-3.0,48.85211524553597,2.3121562879532576,Garmin Forerunner 735 XT,4.964315149525194,1308.1015659874213,2.4039375565610985,4.964315149525194,471.0
2024-01-21 15:28:55+00:00,2024-01-21 15:28:55+00:00,582828031,27585218,2311.97,65535,21.600000000000023,21.600000000000023,2.407,2.407,0.0,300,155,80,0.0,-3.0,48.85208121500909,2.3121662624180317,Garmin Forerunner 735 XT,3.85375529843368,1311.955321285855,2.414289592760194,3.85375529843368,472.0
2024-01-21 15:28:56+00:00,2024-01-21 15:28:56+00:00,582827659,27585393,2315.3,65535,24.600000000000023,24.600000000000023,2.426,2.426,0.0,300,156,80,0.0,-3.0,48.852050034329295,2.312180930748582,Garmin Forerunner 735 XT,3.629441987551517,1315.5847632734065,2.4237176470588366,3.629441987551517,473.0
2024-01-21 15:28:57+00:00,2024-01-21 15:28:57+00:00,582827258,27585431,2318.98,65535,29.0,29.0,2.435,2.435,0.0,300,155,80,0.0,-3.0,48.85201642289758,2.312184115871787,Garmin Forerunner 735 XT,3.7446793777692284,1319.3294426511757,2.433510407239832,3.7446793777692284,474.0
2024-01-21 15:28:58+00:00,2024-01-21 15:28:58+00:00,582826924,27585403,2322.1,65535,34.0,34.0,2.435,2.435,0.0,300,153,80,0.0,-3.0,48.851988427340984,2.312181768938899,Garmin Forerunner 735 XT,3.117696434486331,1322.447139085662,2.4362488687782937,3.117696434486331,475.0
2024-01-21 15:28:59+00:00,2024-01-21 15:28:59+00:00,582826615,27585366,2324.98,65535,38.799999999999955,38.799999999999955,2.435,2.435,0.0,300,152,81,0.0,-3.0,48.851962527260184,2.3121786676347256,Garmin Forerunner 735 XT,2.8888830462305646,1325.3360221318926,2.4329737556561217,2.8888830462305646,476.0
2024-01-21 15:29:00+00:00,2024-01-21 15:29:00+00:00,582826370,27585410,2327.22,65535,42.200000000000045,42.200000000000045,2.435,2.435,0.0,300,149,81,0.0,-3.0,48.851941991597414,2.312182355672121,Garmin Forerunner 735 XT,2.2993502573658615,1327.6353723892585,2.4227257918552167,2.2993502573658615,477.0
2024-01-21 15:29:01+00:00,2024-01-21 15:29:01+00:00,582826152,27585377,2329.22,65535,45.200000000000045,45.200000000000045,2.426,2.426,0.0,300,149,81,0.0,-3.0,48.8519237190485,2.3121795896440744,Garmin Forerunner 735 XT,2.041869157219145,1329.6772415464777,2.411688687782819,2.041869157219145,478.0
2024-01-21 15:29:02+00:00,2024-01-21 15:29:02+00:00,582825951,27585320,2331.08,65535,49.39999999999998,49.39999999999998,2.407,2.407,0.0,300,149,80,0.0,-3.0,48.851906871423125,2.3121748119592667,Garmin Forerunner 735 XT,1.9057060619397883,1331.5829476084175,2.3968461538461665,1.9057060619397883,479.0
2024-01-21 15:29:03+00:00,2024-01-21 15:29:03+00:00,582825746,27585239,2332.99,65535,53.799999999999955,53.799999999999955,2.389,2.389,0.0,300,149,80,0.0,-3.0,48.851889688521624,2.3121680226176977,Garmin Forerunner 735 XT,1.9741722542575315,1333.557119862675,2.3790398190045376,1.9741722542575315,480.0
2024-01-21 15:29:04+00:00,2024-01-21 15:29:04+00:00,582825519,27585085,2335.31,65535,57.39999999999998,57.39999999999998,2.333,2.333,0.0,300,152,80,0.0,-3.0,48.851870661601424,2.3121551144868135,Garmin Forerunner 735 XT,2.3169293242251765,1335.8740491869003,2.3617420814479764,2.3169293242251765,481.0
2024-01-21 15:29:05+00:00,2024-01-21 15:29:05+00:00,582825292,27584979,2337.48,65535,60.200000000000045,60.200000000000045,2.333,2.333,0.0,300,152,80,0.0,-3.0,48.851851634681225,2.3121462296694517,Garmin Forerunner 735 XT,2.213317369386558,1338.0873665562867,2.3465067873303296,2.213317369386558,482.0
2024-01-21 15:29:06+00:00,2024-01-21 15:29:06+00:00,582825079,27584947,2339.28,65535,62.39999999999998,62.39999999999998,2.323,2.323,0.0,300,152,80,0.0,-3.0,48.85183378122747,2.312143547460437,Garmin Forerunner 735 XT,1.9948901001657557,1340.0822566564525,2.3326289592760308,1.9948901001657557,483.0
2024-01-21 15:29:07+00:00,2024-01-21 15:29:07+00:00,582824926,27584894,2340.59,65535,64.20000000000005,64.20000000000005,2.323,2.323,0.0,300,151,80,0.0,-3.0,48.85182095691562,2.312139105051756,Garmin Forerunner 735 XT,1.4625736302804033,1341.5448302867328,2.3212850678733155,1.4625736302804033,484.0
2024-01-21 15:29:08+00:00,2024-01-21 15:29:08+00:00,582824845,27584774,2341.66,65535,66.60000000000002,66.60000000000002,2.314,2.314,0.0,300,151,80,0.0,-3.0,48.85181416757405,2.31212904676795,Garmin Forerunner 735 XT,1.054294953671453,1342.5991252404042,2.3136515837104197,1.054294953671453,485.0
2024-01-21 15:29:09+00:00,2024-01-21 15:29:09+00:00,582824730,27584768,2342.37,65535,68.20000000000005,68.20000000000005,2.314,2.314,0.0,300,150,80,0.0,-3.0,48.8518045283854,2.3121285438537598,Garmin Forerunner 735 XT,1.0724603228534646,1343.6715855632576,2.3096588235294244,1.0724603228534646,486.0
2024-01-21 15:29:10+00:00,2024-01-21 15:29:10+00:00,582824653,27584672,2343.27,65535,69.60000000000002,69.60000000000002,2.314,2.314,0.0,300,150,80,0.0,-3.0,48.85179807431996,2.312120497226715,Garmin Forerunner 735 XT,0.9282569810569066,1344.5998425443145,2.3091122171945826,0.9282569810569066,487.0
2024-01-21 15:29:11+00:00,2024-01-21 15:29:11+00:00,582824644,27584174,2346.03,65535,71.60000000000002,71.60000000000002,2.314,2.314,0.0,300,151,80,0.0,-3.0,48.85179731994867,2.312078755348921,Garmin Forerunner 735 XT,3.055290525873411,1347.655133070188,2.3104895927601934,3.055290525873411,488.0
2024-01-21 15:29:12+00:00,2024-01-21 15:29:12+00:00,582824562,27583946,2347.63,65535,71.60000000000002,71.60000000000002,2.305,2.305,0.0,300,151,80,0.0,-3.0,48.85179044678807,2.3120596446096897,Garmin Forerunner 735 XT,1.5935126906531756,1349.248645760841,2.3081583710407365,1.5935126906531756,489.0
2024-01-21 15:29:13+00:00,2024-01-21 15:29:13+00:00,582824471,27583647,2349.65,65535,71.79999999999995,71.79999999999995,2.305,2.305,0.0,300,150,80,0.0,-3.0,48.85178281925619,2.312034582719207,Garmin Forerunner 735 XT,2.020356309441355,1351.2690020702826,2.3064153846153967,2.020356309441355,490.0
2024-01-21 15:29:14+00:00,2024-01-21 15:29:14+00:00,582824328,27583356,2351.81,65535,71.60000000000002,71.60000000000002,2.305,2.305,0.0,300,150,80,0.0,-3.0,48.85177083313465,2.3120101913809776,Garmin Forerunner 735 XT,2.2274006983951784,1353.4964027686779,2.304219909502275,2.2274006983951784,491.0
2024-01-21 15:29:15+00:00,2024-01-21 15:29:15+00:00,582824150,27583097,2353.94,65535,70.60000000000002,70.60000000000002,2.305,2.305,0.0,300,150,80,0.0,-3.0,48.851755913347006,2.3119884822517633,Garmin Forerunner 735 XT,2.2968035729524874,1355.7932063416304,2.3025312217194696,2.2968035729524874,492.0
2024-01-21 15:29:16+00:00,2024-01-21 15:29:16+00:00,582823879,27582883,2356.39,65535,69.0,69.0,2.305,2.305,0.0,300,150,80,0.0,-3.0,48.85173319838941,2.3119705449789762,Garmin Forerunner 735 XT,2.846411432848904,1358.6396177744793,2.300991855203632,2.846411432848904,493.0
2024-01-21 15:29:17+00:00,2024-01-21 15:29:17+00:00,582823745,27582666,2358.18,65535,68.60000000000002,68.60000000000002,2.295,2.295,0.0,300,151,80,0.0,-3.0,48.85172196663916,2.311952356249094,Garmin Forerunner 735 XT,1.825067360482288,1360.4646851349617,2.2992443438914147,1.825067360482288,494.0
2024-01-21 15:29:18+00:00,2024-01-21 15:29:18+00:00,582823550,27582485,2360.13,65535,68.0,68.0,2.295,2.295,0.0,300,151,78,0.0,-3.0,48.85170562192798,2.3119371850043535,Garmin Forerunner 735 XT,2.1296267570631144,1362.5943118920247,2.2981773755656225,2.1296267570631144,495.0
2024-01-21 15:29:19+00:00,2024-01-21 15:29:19+00:00,582823333,27582270,2362.46,65535,67.0,67.0,2.295,2.295,0.0,300,151,78,0.0,-3.0,48.851687433198094,2.3119191639125347,Garmin Forerunner 735 XT,2.414347817330085,1365.0086597093548,2.2968796380090617,2.414347817330085,496.0
2024-01-21 15:29:20+00:00,2024-01-21 15:29:20+00:00,582823109,27582073,2364.83,65535,66.0,66.0,2.295,2.295,0.0,300,151,78,0.0,-3.0,48.85166865773499,2.311902651563287,Garmin Forerunner 735 XT,2.41211696999011,1367.420776679345,2.29380452488689,2.41211696999011,497.0
2024-01-21 15:29:21+00:00,2024-01-21 15:29:21+00:00,582822902,27581909,2366.98,65535,65.20000000000005,65.20000000000005,2.295,2.295,0.0,300,149,78,0.0,-3.0,48.851651307195425,2.3118889052420855,Garmin Forerunner 735 XT,2.1757223667680456,1369.596499046113,2.2916407239819123,2.1757223667680456,498.0
2024-01-21 15:29:22+00:00,2024-01-21 15:29:22+00:00,582822694,27581818,2368.95,65535,64.60000000000002,64.60000000000002,2.295,2.295,0.0,300,149,80,0.0,-3.0,48.85163387283683,2.3118812777101994,Garmin Forerunner 735 XT,2.017344501146043,1371.613843547259,2.289395475113134,2.017344501146043,499.0
2024-01-21 15:29:23+00:00,2024-01-21 15:29:23+00:00,582822433,27581935,2370.91,65535,65.39999999999998,65.39999999999998,2.286,2.286,0.0,300,149,80,0.0,-3.0,48.85161199606955,2.31189108453691,Garmin Forerunner 735 XT,2.536205367762653,1374.1500489150217,2.2873221719457133,2.536205367762653,500.0
2024-01-21 15:29:24+00:00,2024-01-21 15:29:24+00:00,582822035,27581865,2374.52,65535,68.0,68.0,2.286,2.286,0.0,300,149,80,0.0,-3.0,48.85157863609493,2.31188521720469,Garmin Forerunner 735 XT,3.7342188017811924,1377.884267716803,2.2856742081448083,3.7342188017811924,501.0
2024-01-21 15:29:25+00:00,2024-01-21 15:29:25+00:00,582821635,27581931,2378.0,65535,69.20000000000005,69.20000000000005,2.277,2.277,0.0,300,150,79,0.0,-3.0,48.85154510848224,2.311890749260783,Garmin Forerunner 735 XT,3.750009253526194,1381.6342769703292,2.2840262443439037,3.750009253526194,502.0
2024-01-21 15:29:26+00:00,2024-01-21 15:29:26+00:00,582821259,27581678,2381.82,65535,71.79999999999995,71.79999999999995,2.277,2.277,0.0,300,150,78,0.0,-3.0,48.85151359252632,2.311869543045759,Garmin Forerunner 735 XT,3.8325462444189626,1385.4668232147483,2.281952941176483,3.8325462444189626,503.0
2024-01-21 15:29:27+00:00,2024-01-21 15:29:27+00:00,582821047,27581459,2384.18,65535,74.0,74.0,2.286,2.286,0.0,300,150,78,0.0,-4.0,48.85149582289159,2.3118511866778135,Garmin Forerunner 735 XT,2.3891531714437324,1387.855976386192,2.2790018099547633,2.3891531714437324,504.0
2024-01-21 15:29:28+00:00,2024-01-21 15:29:28+00:00,582820790,27581179,2387.11,65535,77.0,77.0,2.277,2.277,0.0,300,149,79,0.0,-4.0,48.85147428140044,2.311827717348933,Garmin Forerunner 735 XT,2.9472444834274834,1390.8032208696195,2.2767203619909626,2.9472444834274834,505.0
2024-01-21 15:29:29+00:00,2024-01-21 15:29:29+00:00,582820495,27580955,2390.13,65535,78.79999999999995,78.79999999999995,2.277,2.277,0.0,300,149,79,0.0,-4.0,48.851449554786086,2.311808941885829,Garmin Forerunner 735 XT,3.073567928356978,1393.8767887979766,2.275271493212682,3.073567928356978,506.0
2024-01-21 15:29:30+00:00,2024-01-21 15:29:30+00:00,582820234,27580842,2392.53,65535,80.39999999999998,80.39999999999998,2.277,2.277,0.0,300,149,79,0.0,-4.0,48.85142767801881,2.311799470335245,Garmin Forerunner 735 XT,2.529375125347155,1396.4061639233237,2.274818099547524,2.529375125347155,507.0
2024-01-21 15:29:31+00:00,2024-01-21 15:29:31+00:00,582820013,27580734,2394.61,65535,80.20000000000005,80.20000000000005,2.277,2.277,0.0,300,149,79,0.0,-4.0,48.8514091540128,2.31179041787982,Garmin Forerunner 735 XT,2.163649795903864,1398.5698137192276,2.2736416289592882,2.163649795903864,508.0
2024-01-21 15:29:32+00:00,2024-01-21 15:29:32+00:00,582819715,27580636,2397.31,65535,79.0,79.0,2.267,2.267,0.0,300,149,79,0.0,-4.0,48.85138417594135,2.3117822036147118,Garmin Forerunner 735 XT,2.841719433191386,1401.411533152419,2.274258823529424,2.841719433191386,509.0
2024-01-21 15:29:33+00:00,2024-01-21 15:29:33+00:00,582819398,27580602,2400.15,65535,79.60000000000002,79.60000000000002,2.267,2.267,0.0,300,149,79,0.0,-4.0,48.851357605308294,2.3117793537676334,Garmin Forerunner 735 XT,2.9618685796622057,1404.3734017320812,2.274258823529424,2.9618685796622057,510.0
2024-01-21 15:29:34+00:00,2024-01-21 15:29:34+00:00,582819123,27580486,2402.81,65535,80.20000000000005,80.20000000000005,2.277,2.277,0.0,300,149,80,0.0,-4.0,48.85133455507457,2.3117696307599545,Garmin Forerunner 735 XT,2.6599681069970824,1407.0333698390782,2.273006334841641,2.6599681069970824,511.0
2024-01-21 15:29:35+00:00,2024-01-21 15:29:35+00:00,582818825,27580333,2405.74,65535,80.60000000000002,80.60000000000002,2.277,2.277,0.0,300,149,80,0.0,-4.0,48.85130957700312,2.311756806448102,Garmin Forerunner 735 XT,2.931655657463156,1409.9650254965413,2.2740769230769353,2.931655657463156,512.0
2024-01-21 15:29:36+00:00,2024-01-21 15:29:36+00:00,582818623,27580211,2407.76,65535,79.60000000000002,79.60000000000002,2.277,2.277,0.0,300,149,79,0.0,-4.0,48.851292645558715,2.3117465805262327,Garmin Forerunner 735 XT,2.0259177435932108,1411.9909432401346,2.276778280542999,2.0259177435932108,513.0
2024-01-21 15:29:37+00:00,2024-01-21 15:29:37+00:00,582818360,27580286,2409.78,65535,79.20000000000005,79.20000000000005,2.277,2.277,0.0,300,149,79,0.0,-4.0,48.851270601153374,2.3117528669536114,Garmin Forerunner 735 XT,2.494008269827006,1414.4849515099615,2.281229864253406,2.494008269827006,514.0
2024-01-21 15:29:38+00:00,2024-01-21 15:29:38+00:00,582818075,27580379,2412.02,65535,81.20000000000005,81.20000000000005,2.286,2.286,0.0,300,149,79,0.0,-4.0,48.851246712729335,2.311760662123561,Garmin Forerunner 735 XT,2.716815437122858,1417.2017669470845,2.2857846153846277,2.716815437122858,515.0
2024-01-21 15:29:39+00:00,2024-01-21 15:29:39+00:00,582817608,27580747,2415.73,65535,81.0,81.0,2.277,2.277,0.0,300,149,79,0.0,-4.0,48.851207569241524,2.311791507527232,Garmin Forerunner 735 XT,4.902891954353552,1422.1046589014381,2.287072398190057,4.902891954353552,516.0
2024-01-21 15:29:40+00:00,2024-01-21 15:29:40+00:00,582817287,27580771,2418.53,65535,81.60000000000002,81.60000000000002,2.277,2.277,0.0,300,148,79,0.0,-4.0,48.85118066333234,2.3117935191839933,Garmin Forerunner 735 XT,2.9954190813712054,1425.1000779828094,2.284215384615397,2.9954190813712054,517.0
2024-01-21 15:29:41+00:00,2024-01-21 15:29:41+00:00,582817041,27580812,2420.79,65535,82.60000000000002,82.60000000000002,2.295,2.295,0.0,300,148,80,0.0,-4.0,48.85116004385054,2.3117969557642937,Garmin Forerunner 735 XT,2.306528665226373,1427.4066066480357,2.2783357466063467,2.306528665226373,518.0
2024-01-21 15:29:42+00:00,2024-01-21 15:29:42+00:00,582816850,27580734,2422.59,65535,85.0,85.0,2.295,2.295,0.0,300,148,80,0.0,-4.0,48.85114403441548,2.31179041787982,Garmin Forerunner 735 XT,1.8433207204446842,1429.2499273684803,2.2732108597285188,1.8433207204446842,519.0
2024-01-21 15:29:43+00:00,2024-01-21 15:29:43+00:00,582816695,27580806,2424.01,65535,86.79999999999995,86.79999999999995,2.277,2.277,0.0,300,147,80,0.0,-4.0,48.85113104246557,2.3117964528501034,Garmin Forerunner 735 XT,1.5106170780046675,1430.760544446485,2.2657239819004644,1.5106170780046675,520.0
2024-01-21 15:29:44+00:00,2024-01-21 15:29:44+00:00,582816567,27580738,2425.26,65535,86.39999999999998,86.39999999999998,2.249,2.249,0.0,300,148,80,0.5,-4.0,48.85112031362951,2.3117907531559467,Garmin Forerunner 735 XT,1.2637839095444323,1432.0243283560294,2.2553411764706004,1.2637839095444323,521.0
2024-01-21 15:29:45+00:00,2024-01-21 15:29:45+00:00,582816377,27580470,2427.61,65535,85.79999999999995,85.79999999999995,2.221,2.221,0.0,300,148,81,0.0,-4.0,48.85110438801348,2.311768289655447,Garmin Forerunner 735 XT,2.416065558857824,1434.4403939148872,2.243548416289605,2.416065558857824,522.0
2024-01-21 15:29:46+00:00,2024-01-21 15:29:46+00:00,582816228,27580293,2429.36,65535,84.60000000000002,84.60000000000002,2.221,2.221,0.0,300,148,82,0.0,-4.0,48.85109189897776,2.3117534536868334,Garmin Forerunner 735 XT,1.7626385899475123,1436.2030325048347,2.231277828054311,1.7626385899475123,523.0
2024-01-21 15:29:47+00:00,2024-01-21 15:29:47+00:00,582816054,27580143,2431.19,65535,83.60000000000002,83.60000000000002,2.221,2.221,0.0,300,149,82,0.0,-4.0,48.85107731446624,2.311740880832076,Garmin Forerunner 735 XT,1.8644750162681871,1438.067507521103,2.2176615384615506,1.8644750162681871,524.0
2024-01-21 15:29:48+00:00,2024-01-21 15:29:48+00:00,582815744,27580160,2433.96,65535,84.20000000000005,84.20000000000005,2.221,2.221,0.0,300,149,82,0.0,-4.0,48.851051330566406,2.3117423057556152,Garmin Forerunner 735 XT,2.891158316168697,1440.9586658372716,2.204266968325804,2.891158316168697,525.0
2024-01-21 15:29:49+00:00,2024-01-21 15:29:49+00:00,582815436,27580157,2436.83,65535,85.0,85.0,2.193,2.193,0.0,300,149,82,0.0,-4.0,48.85102551430464,2.31174205429852,Garmin Forerunner 735 XT,2.8706962941490985,1443.8293621314208,2.193883257918564,2.8706962941490985,526.0
2024-01-21 15:29:50+00:00,2024-01-21 15:29:50+00:00,582815183,27580140,2439.19,65535,84.0,84.0,2.183,2.183,0.0,300,149,81,0.0,-4.0,48.851004308089614,2.311740629374981,Garmin Forerunner 735 XT,2.3603272989760233,1446.1896894303968,2.1874995475113237,2.3603272989760233,527.0
2024-01-21 15:29:51+00:00,2024-01-21 15:29:51+00:00,582814963,27580120,2441.24,65535,83.20000000000005,83.20000000000005,2.183,2.183,0.0,300,148,80,0.0,-4.0,48.85098586790264,2.3117389529943466,Garmin Forerunner 735 XT,2.0541206645177152,1448.2438100949146,2.1836371040724094,2.0541206645177152,528.0
2024-01-21 15:29:52+00:00,2024-01-21 15:29:52+00:00,582814707,27579893,2443.91,65535,83.0,83.0,2.174,2.174,0.0,300,147,80,0.0,-4.0,48.85096441023052,2.3117199260741472,Garmin Forerunner 735 XT,2.7624372645991095,1451.0062473595137,2.180540271493224,2.7624372645991095,529.0
2024-01-21 15:29:53+00:00,2024-01-21 15:29:53+00:00,582814480,27579741,2446.18,65535,82.79999999999995,82.79999999999995,2.174,2.174,0.0,300,147,79,0.5,-4.0,48.85094538331032,2.3117071855813265,Garmin Forerunner 735 XT,2.3119635690845834,1453.3182109285983,2.179517647058835,2.3119635690845834,530.0
2024-01-21 15:29:54+00:00,2024-01-21 15:29:54+00:00,582814230,27579650,2448.57,65535,82.60000000000002,82.60000000000002,2.174,2.174,0.0,300,147,79,0.5,-4.0,48.85092442855239,2.3116995580494404,Garmin Forerunner 735 XT,2.3959680291646595,1455.714178957763,2.180713122171957,2.3959680291646595,531.0
2024-01-21 15:29:55+00:00,2024-01-21 15:29:55+00:00,582814020,27579587,2450.56,65535,81.60000000000002,81.60000000000002,2.174,2.174,0.0,300,147,79,0.5,-4.0,48.85090682655573,2.3116942774504423,Garmin Forerunner 735 XT,1.995024542860287,1457.7092035006233,2.180723076923088,1.995024542860287,532.0
2024-01-21 15:29:56+00:00,2024-01-21 15:29:56+00:00,582813772,27579460,2452.95,65535,81.0,81.0,2.183,2.183,0.0,300,147,79,0.5,-4.0,48.85088603943586,2.3116836324334145,Garmin Forerunner 735 XT,2.439124458629344,1460.1483279592526,2.1805375565610974,2.439124458629344,533.0
2024-01-21 15:29:57+00:00,2024-01-21 15:29:57+00:00,582813587,27579447,2454.68,65535,79.79999999999995,79.79999999999995,2.183,2.183,0.0,300,147,80,0.0,-4.0,48.850870532914996,2.311682542786002,Garmin Forerunner 735 XT,1.7260887498315227,1461.874416709084,2.1777366515837215,1.7260887498315227,534.0
2024-01-21 15:29:58+00:00,2024-01-21 15:29:58+00:00,582813402,27579567,2456.44,65535,78.0,78.0,2.183,2.183,0.0,300,147,80,0.0,-4.0,48.85085502639413,2.311692601069808,Garmin Forerunner 735 XT,1.8747398257323244,1463.7491565348164,2.1702787330316853,1.8747398257323244,535.0
2024-01-21 15:29:59+00:00,2024-01-21 15:29:59+00:00,582813240,27579433,2458.11,65535,76.79999999999995,76.79999999999995,2.183,2.183,0.0,300,150,80,0.0,-4.0,48.85084144771099,2.311681369319558,Garmin Forerunner 735 XT,1.7190446696387252,1465.4682012044552,2.1591484162896046,1.7190446696387252,536.0
2024-01-21 15:30:00+00:00,2024-01-21 15:30:00+00:00,582812966,27579335,2460.64,65535,74.60000000000002,74.60000000000002,2.146,2.146,0.0,300,150,79,0.0,-4.0,48.8508184812963,2.31167315505445,Garmin Forerunner 735 XT,2.6235217240300037,1468.0917229284853,2.1434117647058937,2.6235217240300037,537.0
2024-01-21 15:30:01+00:00,2024-01-21 15:30:01+00:00,582812764,27579177,2462.72,65535,73.20000000000005,73.20000000000005,2.109,2.109,0.0,300,150,79,0.0,-4.0,48.850801549851894,2.311659911647439,Garmin Forerunner 735 XT,2.117425559436834,1470.2091484879222,2.123400904977387,2.117425559436834,538.0
2024-01-21 15:30:02+00:00,2024-01-21 15:30:02+00:00,582812598,27579051,2464.41,65535,72.20000000000005,72.20000000000005,2.099,2.099,0.0,300,150,80,0.0,-4.0,48.85078763589263,2.311649350449443,Garmin Forerunner 735 XT,1.7294076733616333,1471.938556161284,2.0996434389140384,1.7294076733616333,539.0
2024-01-21 15:30:03+00:00,2024-01-21 15:30:03+00:00,582812414,27578970,2466.07,65535,70.60000000000002,70.60000000000002,2.081,2.081,0.0,300,150,80,0.0,-4.0,48.850772213190794,2.311642561107874,Garmin Forerunner 735 XT,1.7854271015889147,1473.723983262873,2.0745484162896037,1.7854271015889147,540.0
2024-01-21 15:30:04+00:00,2024-01-21 15:30:04+00:00,582812213,27578906,2467.86,65535,69.20000000000005,69.20000000000005,2.043,2.043,0.0,300,151,80,0.0,-4.0,48.85075536556542,2.311637196689844,Garmin Forerunner 735 XT,1.9140478939360663,1475.638031156809,2.050676923076934,1.9140478939360663,541.0
2024-01-21 15:30:05+00:00,2024-01-21 15:30:05+00:00,582812046,27578873,2469.3,65535,67.79999999999995,67.79999999999995,2.025,2.025,0.0,300,151,80,0.0,-4.0,48.85074136778712,2.3116344306617975,Garmin Forerunner 735 XT,1.569584808951697,1477.2076159657606,2.0280361990950335,1.569584808951697,542.0
2024-01-21 15:30:06+00:00,2024-01-21 15:30:06+00:00,582811866,27578773,2471.05,65535,66.39999999999998,66.39999999999998,2.006,2.006,0.0,300,151,79,0.5,-4.0,48.850726280361414,2.311626048758626,Garmin Forerunner 735 XT,1.7862314610560057,1478.9938474268167,2.008653393665169,1.7862314610560057,543.0
2024-01-21 15:30:07+00:00,2024-01-21 15:30:07+00:00,582811682,27578718,2472.72,65535,64.79999999999995,64.79999999999995,1.987,1.987,0.0,300,151,79,0.5,-4.0,48.85071085765958,2.3116214387118816,Garmin Forerunner 735 XT,1.7477846239099843,1480.7416320507268,1.9938497737556666,1.7477846239099843,544.0
2024-01-21 15:30:08+00:00,2024-01-21 15:30:08+00:00,582811459,27578720,2474.59,65535,62.39999999999998,62.39999999999998,1.978,1.978,0.0,300,151,82,0.0,-4.0,48.850692166015506,2.311621606349945,Garmin Forerunner 735 XT,2.0784521850977797,1482.8200842358247,1.9811882352941284,2.0784521850977797,545.0
2024-01-21 15:30:09+00:00,2024-01-21 15:30:09+00:00,582811267,27578685,2476.32,65535,61.200000000000045,61.200000000000045,1.978,1.978,0.0,300,150,82,0.0,-4.0,48.850676072761416,2.311618672683835,Garmin Forerunner 735 XT,1.8023162855875212,1484.6224005214121,1.970288687782816,1.8023162855875212,546.0
2024-01-21 15:30:10+00:00,2024-01-21 15:30:10+00:00,582811051,27578640,2478.26,65535,59.60000000000002,59.60000000000002,1.969,1.969,0.0,300,150,82,0.0,-4.0,48.850657967850566,2.311614900827408,Garmin Forerunner 735 XT,2.032003176537782,1486.6544036979499,1.9640226244343997,2.032003176537782,547.0
2024-01-21 15:30:11+00:00,2024-01-21 15:30:11+00:00,582810782,27578427,2481.07,65535,60.39999999999998,60.39999999999998,1.959,1.959,0.0,300,151,81,0.0,-4.0,48.850635420531034,2.3115970473736525,Garmin Forerunner 735 XT,2.827057897318083,1489.481461595268,1.962276018099558,2.827057897318083,548.0
2024-01-21 15:30:12+00:00,2024-01-21 15:30:12+00:00,582810483,27578352,2483.63,65535,60.200000000000045,60.200000000000045,1.959,1.959,0.0,300,151,80,0.0,-4.0,48.85061035864055,2.311590760946274,Garmin Forerunner 735 XT,2.8244605829601572,1492.3059221782282,1.9629828054298748,2.8244605829601572,549.0
2024-01-21 15:30:13+00:00,2024-01-21 15:30:13+00:00,582810116,27578321,2486.83,65535,60.799999999999955,60.799999999999955,1.959,1.959,0.0,300,151,80,0.0,-4.0,48.85057959705591,2.3115881625562906,Garmin Forerunner 735 XT,3.4258117885785544,1495.7317339668068,1.9666678733031782,3.4258117885785544,550.0
2024-01-21 15:30:14+00:00,2024-01-21 15:30:14+00:00,582809795,27578216,2489.81,65535,60.60000000000002,60.60000000000002,1.969,1.969,0.0,300,151,80,0.0,-4.0,48.85055269114673,2.3115793615579605,Garmin Forerunner 735 XT,3.0603196389870524,1498.7920536057939,1.9721429864253501,3.0603196389870524,551.0
2024-01-21 15:30:15+00:00,2024-01-21 15:30:15+00:00,582809480,27578125,2492.76,65535,60.60000000000002,60.60000000000002,1.978,1.978,0.0,300,151,80,0.0,-4.0,48.85052628815174,2.3115717340260744,Garmin Forerunner 735 XT,2.9884546572818587,1501.7805082630757,1.9781185520362097,2.9884546572818587,552.0
2024-01-21 15:30:16+00:00,2024-01-21 15:30:16+00:00,582809175,27578183,2495.51,65535,59.799999999999955,59.799999999999955,1.987,1.987,0.0,300,151,79,0.0,-4.0,48.85050072334707,2.311576595529914,Garmin Forerunner 735 XT,2.864845754114948,1504.6453540171906,1.985152941176481,2.864845754114948,553.0
2024-01-21 15:30:17+00:00,2024-01-21 15:30:17+00:00,582808898,27578185,2498.07,65535,59.60000000000002,59.60000000000002,1.997,1.997,0.0,300,152,79,0.0,-4.0,48.85047750547528,2.3115767631679773,Garmin Forerunner 735 XT,2.581738688127472,1507.227092705318,1.9938045248868885,2.581738688127472,554.0
2024-01-21 15:30:18+00:00,2024-01-21 15:30:18+00:00,582808637,27578174,2500.46,65535,57.200000000000045,57.200000000000045,2.006,2.006,0.0,300,151,79,0.0,-4.0,48.850455628708005,2.3115758411586285,Garmin Forerunner 735 XT,2.4335208214545827,1509.6606135267725,2.0015375565610967,2.4335208214545827,555.0
2024-01-21 15:30:19+00:00,2024-01-21 15:30:19+00:00,582808434,27578257,2502.2,65535,54.799999999999955,54.799999999999955,2.006,2.006,0.0,300,151,79,0.0,-4.0,48.85043861344457,2.311582798138261,Garmin Forerunner 735 XT,1.9592917198453814,1511.619905246618,2.00703891402716,1.9592917198453814,556.0
2024-01-21 15:30:20+00:00,2024-01-21 15:30:20+00:00,582808209,27578357,2504.17,65535,52.60000000000002,52.60000000000002,2.006,2.006,0.0,300,150,80,0.0,-4.0,48.85041975416243,2.3115911800414324,Garmin Forerunner 735 XT,2.184898154851244,1513.8048034014691,2.00936742081449,2.184898154851244,557.0
2024-01-21 15:30:21+00:00,2024-01-21 15:30:21+00:00,582808005,27578524,2505.85,65535,49.799999999999955,49.799999999999955,2.006,2.006,0.0,300,150,80,0.0,-4.0,48.85040265507996,2.311605177819729,Garmin Forerunner 735 XT,2.159643790967621,1515.9644471924369,2.0057882352941285,2.159643790967621,558.0
2024-01-21 15:30:22+00:00,2024-01-21 15:30:22+00:00,582807796,27578663,2507.35,65535,46.60000000000002,46.60000000000002,2.006,2.006,0.0,300,150,80,0.0,-4.0,48.85038513690233,2.3116168286651373,Garmin Forerunner 735 XT,2.126304417606427,1518.0907516100433,1.9976633484163002,2.126304417606427,559.0
2024-01-21 15:30:23+00:00,2024-01-21 15:30:23+00:00,582807574,27578855,2509.01,65535,43.799999999999955,43.799999999999955,1.997,1.997,0.0,300,151,79,0.0,-4.0,48.85036652907729,2.3116329219192266,Garmin Forerunner 735 XT,2.380701692819484,1520.4714533028628,1.9850470588235396,2.380701692819484,560.0
2024-01-21 15:30:24+00:00,2024-01-21 15:30:24+00:00,582807399,27578931,2510.14,65535,40.799999999999955,40.799999999999955,1.978,1.978,0.0,300,152,79,0.0,-4.0,48.85035186074674,2.311639292165637,Garmin Forerunner 735 XT,1.6963372140783122,1522.167790516941,1.9693918552036305,1.6963372140783122,561.0
2024-01-21 15:30:25+00:00,2024-01-21 15:30:25+00:00,582807216,27579032,2511.33,65535,38.200000000000045,38.200000000000045,1.959,1.959,0.0,300,152,79,0.0,-4.0,48.85033652186394,2.3116477578878403,Garmin Forerunner 735 XT,1.8146038840810441,1523.982394401022,1.9510995475113226,1.8146038840810441,562.0
2024-01-21 15:30:26+00:00,2024-01-21 15:30:26+00:00,582806964,27579035,2513.44,65535,35.200000000000045,35.200000000000045,1.931,1.931,0.0,300,152,78,0.0,-4.0,48.850315399467945,2.3116480093449354,Garmin Forerunner 735 XT,2.3487753375373477,1526.3311697385593,1.934053393665169,2.3487753375373477,563.0
2024-01-21 15:30:27+00:00,2024-01-21 15:30:27+00:00,582806725,27579177,2515.21,65535,32.0,32.0,1.903,1.903,0.0,300,152,78,0.0,-4.0,48.850295366719365,2.311659911647439,Garmin Forerunner 735 XT,2.391730515360411,1528.7229002539198,1.9178443438914132,2.391730515360411,564.0
2024-01-21 15:30:28+00:00,2024-01-21 15:30:28+00:00,582806444,27579263,2517.6,65535,28.799999999999955,28.799999999999955,1.894,1.894,0.0,300,152,78,0.0,-4.0,48.85027181357145,2.3116671200841665,Garmin Forerunner 735 XT,2.6715729177484517,1531.3944731716683,1.9040633484162997,2.6715729177484517,565.0
2024-01-21 15:30:29+00:00,2024-01-21 15:30:29+00:00,582806123,27579497,2520.55,65535,29.0,29.0,1.885,1.885,0.0,300,152,79,0.0,-4.0,48.85024490766227,2.311686733737588,Garmin Forerunner 735 XT,3.318198946896171,1534.7126721185646,1.894081447963811,3.318198946896171,566.0
2024-01-21 15:30:30+00:00,2024-01-21 15:30:30+00:00,582805904,27579627,2522.71,65535,27.200000000000045,27.200000000000045,1.885,1.885,0.0,300,151,79,0.0,-4.0,48.85022655129433,2.311697630211711,Garmin Forerunner 735 XT,2.19132458203391,1536.9039967005986,1.8891176470588336,2.19132458203391,567.0
2024-01-21 15:30:31+00:00,2024-01-21 15:30:31+00:00,582805624,27579946,2525.81,65535,26.799999999999955,26.799999999999955,1.885,1.885,0.0,300,151,80,0.0,-4.0,48.85020308196545,2.311724368482828,Garmin Forerunner 735 XT,3.261593040109947,1540.1655897407086,1.8898986425339466,3.261593040109947,568.0
2024-01-21 15:30:32+00:00,2024-01-21 15:30:32+00:00,582805385,27580067,2528.14,65535,26.600000000000023,26.600000000000023,1.903,1.903,0.0,300,148,80,0.0,-4.0,48.85018304921687,2.3117345105856657,Garmin Forerunner 735 XT,2.347900655500268,1542.513490396209,1.8936651583710509,2.347900655500268,569.0
2024-01-21 15:30:33+00:00,2024-01-21 15:30:33+00:00,582805114,27580213,2530.81,65535,26.799999999999955,26.799999999999955,1.903,1.903,0.0,300,149,81,0.0,-4.0,48.85016033425927,2.311746748164296,Garmin Forerunner 735 XT,2.6798098330971376,1545.193300229306,1.9010859728506888,2.6798098330971376,570.0
2024-01-21 15:30:34+00:00,2024-01-21 15:30:34+00:00,582804723,27580431,2534.63,65535,28.200000000000045,28.200000000000045,1.913,1.913,0.0,300,149,81,0.0,-4.0,48.85012756101787,2.31176502071321,Garmin Forerunner 735 XT,3.8817374625922416,1549.0750376918984,1.9109194570135846,3.8817374625922416,571.0
2024-01-21 15:30:35+00:00,2024-01-21 15:30:35+00:00,582804392,27580478,2537.73,65535,27.799999999999955,27.799999999999955,1.922,1.922,0.0,300,149,80,0.0,-4.0,48.85009981691837,2.3117689602077007,Garmin Forerunner 735 XT,3.098440451111186,1552.1734781430096,1.9209212669683362,3.098440451111186,572.0
2024-01-21 15:30:36+00:00,2024-01-21 15:30:36+00:00,582804136,27580538,2540.12,65535,27.399999999999977,27.399999999999977,1.931,1.931,0.0,300,149,79,0.0,-4.0,48.850078359246254,2.3117739893496037,Garmin Forerunner 735 XT,2.41419366542552,1554.587671808435,1.9312244343891507,2.41419366542552,573.0
2024-01-21 15:30:37+00:00,2024-01-21 15:30:37+00:00,582803687,27580647,2544.33,65535,28.200000000000045,28.200000000000045,1.941,1.941,0.0,300,150,79,0.0,-4.0,48.850040724501014,2.3117831256240606,Garmin Forerunner 735 XT,4.23785106633398,1558.8255228747691,1.9405393665158477,4.23785106633398,574.0
2024-01-21 15:30:38+00:00,2024-01-21 15:30:38+00:00,582803370,27580554,2547.29,65535,27.799999999999955,27.799999999999955,1.941,1.941,0.0,300,150,80,0.0,-4.0,48.85001415386796,2.311775330454111,Garmin Forerunner 735 XT,3.009071210944432,1561.8345940857137,1.9487411764705986,3.009071210944432,575.0
2024-01-21 15:30:39+00:00,2024-01-21 15:30:39+00:00,582803112,27580521,2549.7,65535,27.399999999999977,27.399999999999977,1.959,1.959,0.0,300,149,80,0.0,-4.0,48.84999252855778,2.3117725644260645,Garmin Forerunner 735 XT,2.41312702114009,1564.2477211068538,1.9550696832579288,2.41312702114009,576.0
2024-01-21 15:30:40+00:00,2024-01-21 15:30:40+00:00,582802843,27580538,2552.21,65535,27.0,27.0,1.969,1.969,0.0,300,149,80,0.0,-4.0,48.849969981238246,2.3117739893496037,Garmin Forerunner 735 XT,2.5093145002893076,1566.757035607143,1.9612570135746712,2.5093145002893076,577.0
2024-01-21 15:30:41+00:00,2024-01-21 15:30:41+00:00,582802563,27580532,2554.82,65535,27.0,27.0,1.969,1.969,0.0,300,150,80,0.0,-4.0,48.849946511909366,2.3117734864354134,Garmin Forerunner 735 XT,2.60992973076572,1569.3669653379088,1.9648000000000105,2.60992973076572,578.0
2024-01-21 15:30:42+00:00,2024-01-21 15:30:42+00:00,582802321,27580609,2557.09,65535,26.399999999999977,26.399999999999977,1.969,1.969,0.0,300,151,80,0.0,-5.0,48.84992622770369,2.3117799405008554,Garmin Forerunner 735 XT,2.3044083691782857,1571.671373707087,1.967015384615395,2.3044083691782857,579.0
2024-01-21 15:30:43+00:00,2024-01-21 15:30:43+00:00,582802055,27580668,2559.6,65535,25.399999999999977,25.399999999999977,1.969,1.969,0.0,300,150,80,0.0,-5.0,48.849903931841254,2.3117848858237267,Garmin Forerunner 735 XT,2.5054544632931974,1574.1768281703803,1.969019909502273,2.5054544632931974,580.0
2024-01-21 15:30:44+00:00,2024-01-21 15:30:44+00:00,582801827,27580640,2561.69,65535,23.600000000000023,23.600000000000023,1.969,1.969,0.0,300,150,80,0.0,-5.0,48.84988482110202,2.3117825388908386,Garmin Forerunner 735 XT,2.1319446137342513,1576.3087727841146,1.9681538461538568,2.1319446137342513,581.0
2024-01-21 15:30:45+00:00,2024-01-21 15:30:45+00:00,582801541,27580551,2564.32,65535,21.200000000000045,21.200000000000045,1.969,1.969,0.0,300,150,80,0.0,-5.0,48.84986084885895,2.311775078997016,Garmin Forerunner 735 XT,2.7209046411140587,1579.0296774252286,1.9695773755656214,2.7209046411140587,582.0
2024-01-21 15:30:46+00:00,2024-01-21 15:30:46+00:00,582801153,27580641,2567.97,65535,20.200000000000045,20.200000000000045,1.969,1.969,0.0,300,150,80,0.0,-5.0,48.84982832707465,2.3117826227098703,Garmin Forerunner 735 XT,3.658140701400212,1582.6878181266288,1.971824434389151,3.658140701400212,583.0
2024-01-21 15:30:47+00:00,2024-01-21 15:30:47+00:00,582800783,27580737,2571.45,65535,19.200000000000045,19.200000000000045,1.969,1.969,0.0,300,150,80,0.0,-5.0,48.84979731403291,2.311790669336915,Garmin Forerunner 735 XT,3.4983934775595746,1586.1862116041884,1.9766271493212777,3.4983934775595746,584.0
2024-01-21 15:30:48+00:00,2024-01-21 15:30:48+00:00,582800313,27580846,2575.88,65535,18.200000000000045,18.200000000000045,1.978,1.978,0.0,300,150,81,0.0,-5.0,48.849757919088006,2.311799805611372,Garmin Forerunner 735 XT,4.431233967497877,1590.6174455716864,1.9835022624434495,4.431233967497877,585.0
2024-01-21 15:30:49+00:00,2024-01-21 15:30:49+00:00,582799834,27581070,2580.48,65535,17.799999999999955,17.799999999999955,1.987,1.987,0.0,300,151,81,0.0,-5.0,48.849717769771814,2.3118185810744762,Garmin Forerunner 735 XT,4.670996883222374,1595.2884424549088,1.9906018099547615,4.670996883222374,586.0
2024-01-21 15:30:50+00:00,2024-01-21 15:30:50+00:00,582799465,27581260,2584.07,65535,17.399999999999977,17.399999999999977,1.987,1.987,0.0,300,153,80,0.0,-5.0,48.84968684054911,2.311834506690502,Garmin Forerunner 735 XT,3.6312245472493627,1598.9196670021581,1.9985837104072504,3.6312245472493627,587.0
2024-01-21 15:30:51+00:00,2024-01-21 15:30:51+00:00,582799255,27581177,2585.95,65535,15.200000000000045,15.200000000000045,2.025,2.025,0.0,300,154,80,0.0,-5.0,48.84966923855245,2.31182754971087,Garmin Forerunner 735 XT,2.0223661223229854,1600.9420331244812,2.0062244343891513,2.0223661223229854,588.0
2024-01-21 15:30:52+00:00,2024-01-21 15:30:52+00:00,582799084,27581114,2587.49,65535,13.0,13.0,2.025,2.025,0.0,300,154,81,0.0,-5.0,48.84965490549803,2.3118222691118717,Garmin Forerunner 735 XT,1.6399306254769612,1602.5819637499583,2.011418099547522,1.6399306254769612,589.0
2024-01-21 15:30:53+00:00,2024-01-21 15:30:53+00:00,582798860,27581081,2589.57,65535,10.800000000000011,10.800000000000011,2.025,2.025,0.0,300,153,81,0.0,-5.0,48.849636130034924,2.311819503083825,Garmin Forerunner 735 XT,2.097523514640927,1604.6794872645992,2.015800904977386,2.097523514640927,590.0
2024-01-21 15:30:54+00:00,2024-01-21 15:30:54+00:00,582798644,27581042,2591.57,65535,8.800000000000011,8.800000000000011,2.025,2.025,0.0,300,152,81,0.0,-5.0,48.84961802512407,2.311816234141588,Garmin Forerunner 735 XT,2.027333793922416,1606.7068210585217,2.023147511312228,2.027333793922416,591.0
2024-01-21 15:30:55+00:00,2024-01-21 15:30:55+00:00,582798289,27581184,2594.94,65535,7.800000000000011,7.800000000000011,2.025,2.025,0.0,300,151,81,0.0,-5.0,48.849588269367814,2.311828136444092,Garmin Forerunner 735 XT,3.4213864777518594,1610.1282075362735,2.0307683257918656,3.4213864777518594,592.0
2024-01-21 15:30:56+00:00,2024-01-21 15:30:56+00:00,582797854,27581366,2599.04,65535,7.399999999999977,7.399999999999977,2.034,2.034,0.0,300,150,81,0.0,-5.0,48.84955180808902,2.311843391507864,Garmin Forerunner 735 XT,4.205160200301116,1614.3333677365747,2.041019909502273,4.205160200301116,593.0
2024-01-21 15:30:57+00:00,2024-01-21 15:30:57+00:00,582797310,27581547,2604.09,65535,8.0,8.0,2.034,2.034,0.0,300,150,81,0.0,-5.0,48.849506210535765,2.3118585627526045,Garmin Forerunner 735 XT,5.190317254005222,1619.52368499058,2.0537800904977486,5.190317254005222,594.0
2024-01-21 15:30:58+00:00,2024-01-21 15:30:58+00:00,582796832,27581623,2608.44,65535,9.199999999999989,9.199999999999989,2.043,2.043,0.0,300,150,81,0.0,-5.0,48.849466145038605,2.311864932999015,Garmin Forerunner 735 XT,4.479397409393603,1624.0030823999737,2.065761990950237,4.479397409393603,595.0
2024-01-21 15:30:59+00:00,2024-01-21 15:30:59+00:00,582796386,27581623,2612.54,65535,10.800000000000011,10.800000000000011,2.081,2.081,0.0,300,151,81,0.0,-5.0,48.84942876175046,2.311864932999015,Garmin Forerunner 735 XT,4.15683198302294,1628.1599143829967,2.080960180995486,4.15683198302294,596.0
2024-01-21 15:31:00+00:00,2024-01-21 15:31:00+00:00,582796002,27581718,2616.05,65535,12.600000000000023,12.600000000000023,2.118,2.118,0.0,300,151,81,0.0,-5.0,48.84939657524228,2.311872895807028,Garmin Forerunner 735 XT,3.6260925129401773,1631.786006895937,2.0957692307692417,3.6260925129401773,597.0
2024-01-21 15:31:01+00:00,2024-01-21 15:31:01+00:00,582795609,27581745,2619.68,65535,13.200000000000045,13.200000000000045,2.118,2.118,0.0,300,151,81,0.0,-5.0,48.84936363436282,2.311875158920884,Garmin Forerunner 735 XT,3.666599923077702,1635.4526068190146,2.1092660633484277,3.666599923077702,598.0
2024-01-21 15:31:02+00:00,2024-01-21 15:31:02+00:00,582795202,27581790,2623.41,65535,14.399999999999977,14.399999999999977,2.137,2.137,0.0,300,151,80,0.0,-5.0,48.84932952001691,2.3118789307773113,Garmin Forerunner 735 XT,3.8033689548975005,1639.255975773912,2.120527601809966,3.8033689548975005,599.0
2024-01-21 15:31:03+00:00,2024-01-21 15:31:03+00:00,582794755,27581917,2627.47,65535,16.200000000000045,16.200000000000045,2.137,2.137,0.0,300,151,80,0.0,-5.0,48.84929205290973,2.311889575794339,Garmin Forerunner 735 XT,4.238339071333129,1643.494314845245,2.1272895927601922,4.238339071333129,600.0
2024-01-21 15:31:04+00:00,2024-01-21 15:31:04+00:00,582794325,27582047,2631.44,65535,18.200000000000045,18.200000000000045,2.127,2.127,0.0,300,151,80,0.0,-5.0,48.849256010726094,2.311900472268462,Garmin Forerunner 735 XT,4.086247538396322,1647.5805623836413,2.131698642533948,4.086247538396322,601.0
2024-01-21 15:31:05+00:00,2024-01-21 15:31:05+00:00,582793907,27582171,2635.36,65535,21.0,21.0,2.127,2.127,0.0,300,151,81,0.0,-5.0,48.84922097437084,2.311910865828395,Garmin Forerunner 735 XT,3.969399814760652,1651.549962198402,2.1332705882353054,3.969399814760652,602.0
2024-01-21 15:31:06+00:00,2024-01-21 15:31:06+00:00,582793289,27582218,2641.03,65535,23.600000000000023,23.600000000000023,2.127,2.127,0.0,300,153,81,0.0,-5.0,48.84916917420924,2.3119148053228855,Garmin Forerunner 735 XT,5.767123620671887,1657.3170858190738,2.135403619909513,5.767123620671887,603.0
2024-01-21 15:31:07+00:00,2024-01-21 15:31:07+00:00,582792819,27582296,2645.26,65535,26.600000000000023,26.600000000000023,2.127,2.127,0.0,300,154,81,0.0,-5.0,48.84912977926433,2.3119213432073593,Garmin Forerunner 735 XT,4.406562113063477,1661.7236479321373,2.1357574660633594,4.406562113063477,604.0
2024-01-21 15:31:08+00:00,2024-01-21 15:31:08+00:00,582792331,27582316,2649.72,65535,29.399999999999977,29.399999999999977,2.127,2.127,0.0,300,154,81,0.0,-5.0,48.849088875576854,2.3119230195879936,Garmin Forerunner 735 XT,4.54993627567748,1666.2735842078148,2.136519457013586,4.54993627567748,605.0
2024-01-21 15:31:09+00:00,2024-01-21 15:31:09+00:00,582791932,27582322,2653.4,65535,32.799999999999955,32.799999999999955,2.127,2.127,0.0,300,154,81,0.0,-5.0,48.8490554317832,2.311923522502184,Garmin Forerunner 735 XT,3.7189622475593977,1669.9925464553742,2.135159276018111,3.7189622475593977,606.0
2024-01-21 15:31:10+00:00,2024-01-21 15:31:10+00:00,582791638,27582234,2656.18,65535,35.799999999999955,35.799999999999955,2.146,2.146,0.0,300,153,81,0.0,-5.0,48.849030788987875,2.311916146427393,Garmin Forerunner 735 XT,2.7928009689740474,1672.7853474243482,2.1337538461538577,2.7928009689740474,607.0
2024-01-21 15:31:11+00:00,2024-01-21 15:31:11+00:00,582791488,27582048,2657.82,65535,41.0,41.0,2.155,2.155,0.0,300,152,81,0.0,-5.0,48.84901821613312,2.311900556087494,Garmin Forerunner 735 XT,1.8043989409318388,1674.58974636528,2.132380090497749,1.8043989409318388,608.0
2024-01-21 15:31:12+00:00,2024-01-21 15:31:12+00:00,582791234,27582052,2660.1,65535,42.39999999999998,42.39999999999998,2.155,2.155,0.0,300,152,81,0.0,-5.0,48.84899692609906,2.3119008913636208,Garmin Forerunner 735 XT,2.367470886414918,1676.9572172516948,2.128484162895939,2.367470886414918,609.0
2024-01-21 15:31:13+00:00,2024-01-21 15:31:13+00:00,582790997,27582075,2662.3,65535,45.200000000000045,45.200000000000045,2.109,2.109,0.0,300,151,81,0.0,-5.0,48.848977060988545,2.31190281920135,Garmin Forerunner 735 XT,2.213399120340881,1679.1706163720357,2.1253122171945815,2.213399120340881,610.0
2024-01-21 15:31:14+00:00,2024-01-21 15:31:14+00:00,582790759,27581900,2664.62,65535,48.799999999999955,48.799999999999955,2.109,2.109,0.0,300,150,81,0.0,-5.0,48.848957112059,2.3118881508708,Garmin Forerunner 735 XT,2.464239552518567,1681.6348559245544,2.122138461538473,2.464239552518567,611.0
2024-01-21 15:31:15+00:00,2024-01-21 15:31:15+00:00,582790492,27581907,2667.1,65535,51.799999999999955,51.799999999999955,2.109,2.109,0.0,300,149,81,0.0,-5.0,48.84893473237753,2.311888737604022,Garmin Forerunner 735 XT,2.488877347281757,1684.123733271836,2.1200371040724093,2.488877347281757,612.0
2024-01-21 15:31:16+00:00,2024-01-21 15:31:16+00:00,582790214,27582001,2669.75,65535,54.0,54.0,2.109,2.109,0.0,300,150,81,0.0,-5.0,48.84891143068671,2.3118966165930033,Garmin Forerunner 735 XT,2.654393986437371,1686.7781272582733,2.118200904977387,2.654393986437371,613.0
2024-01-21 15:31:17+00:00,2024-01-21 15:31:17+00:00,582789942,27581946,2672.25,65535,56.60000000000002,56.60000000000002,2.118,2.118,0.0,300,148,81,0.0,-5.0,48.848888631910086,2.311892006546259,Garmin Forerunner 735 XT,2.5574521604403753,1689.3355794187137,2.1176226244344005,2.5574521604403753,614.0
2024-01-21 15:31:18+00:00,2024-01-21 15:31:18+00:00,582789659,27581806,2674.91,65535,59.39999999999998,59.39999999999998,2.118,2.118,0.0,300,148,81,0.0,-5.0,48.84886491112411,2.3118802718818188,Garmin Forerunner 735 XT,2.773872016516487,1692.10945143523,2.121314932126708,2.773872016516487,615.0
2024-01-21 15:31:19+00:00,2024-01-21 15:31:19+00:00,582789469,27581718,2676.72,65535,62.200000000000045,62.200000000000045,2.137,2.137,0.0,300,150,81,0.0,-5.0,48.848848985508084,2.311872895807028,Garmin Forerunner 735 XT,1.8512693123409814,1693.960720747571,2.1285719457013688,1.8512693123409814,616.0
2024-01-21 15:31:20+00:00,2024-01-21 15:31:20+00:00,582789333,27581357,2678.62,65535,62.60000000000002,62.60000000000002,2.137,2.137,0.0,300,152,81,0.0,-5.0,48.84883758611977,2.3118426371365786,Garmin Forerunner 735 XT,2.551238926476262,1696.5119596740474,2.137675113122183,2.551238926476262,617.0
2024-01-21 15:31:21+00:00,2024-01-21 15:31:21+00:00,582789226,27580966,2680.61,65535,63.200000000000045,63.200000000000045,2.146,2.146,0.0,300,152,81,0.0,-5.0,48.84882861748338,2.311809863895178,Garmin Forerunner 735 XT,2.597168104738809,1699.1091277787862,2.1404416289592874,2.597168104738809,618.0
2024-01-21 15:31:22+00:00,2024-01-21 15:31:22+00:00,582789168,27580619,2682.07,65535,64.0,64.0,2.146,2.146,0.0,300,152,81,0.0,-5.0,48.84882375597954,2.3117807786911726,Garmin Forerunner 735 XT,2.195792077420021,1701.3049198562062,2.143488687782817,2.195792077420021,619.0
2024-01-21 15:31:23+00:00,2024-01-21 15:31:23+00:00,582789141,27580306,2683.06,65535,65.20000000000005,65.20000000000005,2.155,2.155,0.0,300,153,81,0.0,-5.0,48.84882149286568,2.3117545433342457,Garmin Forerunner 735 XT,1.9361068805981994,1703.2410267368043,2.147015384615396,1.9361068805981994,620.0
2024-01-21 15:31:24+00:00,2024-01-21 15:31:24+00:00,582789124,27579991,2684.09,65535,66.0,66.0,2.155,2.155,0.0,300,153,81,0.0,-5.0,48.84882006794214,2.3117281403392553,Garmin Forerunner 735 XT,1.9384359870723127,1705.1794627238767,2.149220814479649,1.9384359870723127,621.0
2024-01-21 15:31:25+00:00,2024-01-21 15:31:25+00:00,582789078,27579447,2686.66,65535,64.79999999999995,64.79999999999995,2.146,2.146,0.0,300,152,84,0.5,-5.0,48.848816212266684,2.311682542786002,Garmin Forerunner 735 XT,3.3638796765813823,1708.543342400458,2.1509348416289704,3.3638796765813823,622.0
2024-01-21 15:31:26+00:00,2024-01-21 15:31:26+00:00,582788550,27579261,2691.69,65535,61.799999999999955,61.799999999999955,2.137,2.137,0.0,300,150,84,0.5,-5.0,48.84877195581794,2.311666952446103,Garmin Forerunner 735 XT,5.051584930476794,1713.5949273309348,2.1504814479638124,5.051584930476794,623.0
2024-01-21 15:31:27+00:00,2024-01-21 15:31:27+00:00,582788263,27579101,2694.54,65535,60.200000000000045,60.200000000000045,2.137,2.137,0.0,300,147,84,0.5,-5.0,48.848747899755836,2.3116535414010286,Garmin Forerunner 735 XT,2.8492317914273877,1716.4441591223622,2.150815384615396,2.8492317914273877,624.0
2024-01-21 15:31:28+00:00,2024-01-21 15:31:28+00:00,582787996,27578966,2697.16,65535,58.60000000000002,58.60000000000002,2.165,2.165,0.0,300,147,83,0.0,-5.0,48.84872552007437,2.311642225831747,Garmin Forerunner 735 XT,2.6226356703973357,1719.0667947927595,2.1515067873303284,2.6226356703973357,625.0
2024-01-21 15:31:29+00:00,2024-01-21 15:31:29+00:00,582787738,27578938,2699.57,65535,57.200000000000045,57.200000000000045,2.165,2.165,0.0,300,147,83,0.0,-5.0,48.848703894764185,2.311639878898859,Garmin Forerunner 735 XT,2.410749106738086,1721.4775438994977,2.1528316742081564,2.410749106738086,626.0
2024-01-21 15:31:30+00:00,2024-01-21 15:31:30+00:00,582787432,27578869,2702.45,65535,56.39999999999998,56.39999999999998,2.155,2.155,0.0,300,147,83,0.0,-5.0,48.84867824614048,2.3116340953856707,Garmin Forerunner 735 XT,2.883223154943328,1724.360767054441,2.1550660633484275,2.883223154943328,627.0
2024-01-21 15:31:31+00:00,2024-01-21 15:31:31+00:00,582787149,27578759,2705.16,65535,54.60000000000002,54.60000000000002,2.155,2.155,0.0,300,146,83,0.5,-5.0,48.848654525354505,2.311624875292182,Garmin Forerunner 735 XT,2.722545093946015,1727.0833121483872,2.159121266968337,2.722545093946015,628.0
2024-01-21 15:31:32+00:00,2024-01-21 15:31:32+00:00,582786902,27578664,2707.54,65535,53.0,53.0,2.155,2.155,0.0,300,146,83,0.5,-5.0,48.84863382205367,2.311616912484169,Garmin Forerunner 735 XT,2.374691316046809,1729.4580034644341,2.1641085972850798,2.374691316046809,629.0
2024-01-21 15:31:33+00:00,2024-01-21 15:31:33+00:00,582786686,27578564,2709.63,65535,51.799999999999955,51.799999999999955,2.165,2.165,0.0,300,146,83,0.5,-5.0,48.84861571714282,2.3116085305809975,Garmin Forerunner 735 XT,2.104526458842695,1731.5625299232768,2.1678226244344003,2.104526458842695,630.0
2024-01-21 15:31:34+00:00,2024-01-21 15:31:34+00:00,582786402,27578496,2712.32,65535,50.39999999999998,50.39999999999998,2.174,2.174,0.0,300,151,82,0.0,-5.0,48.84859191253781,2.311602830886841,Garmin Forerunner 735 XT,2.6796059919422914,1734.242135915219,2.170611764705894,2.6796059919422914,631.0
2024-01-21 15:31:35+00:00,2024-01-21 15:31:35+00:00,582786129,27578447,2714.88,65535,50.200000000000045,50.200000000000045,2.174,2.174,0.0,300,153,82,0.0,-5.0,48.848569029942155,2.3115987237542868,Garmin Forerunner 735 XT,2.5621149600764115,1736.8042508752953,2.1726045248868893,2.5621149600764115,632.0
2024-01-21 15:31:36+00:00,2024-01-21 15:31:36+00:00,582785801,27578282,2718.07,65535,50.200000000000045,50.200000000000045,2.183,2.183,0.0,300,153,82,0.0,-5.0,48.84854153729975,2.3115848936140537,Garmin Forerunner 735 XT,3.220187797724239,1740.0244386730196,2.1778769230769344,3.220187797724239,633.0
2024-01-21 15:31:37+00:00,2024-01-21 15:31:37+00:00,582785487,27578146,2721.09,65535,50.200000000000045,50.200000000000045,2.183,2.183,0.0,300,153,82,0.0,-5.0,48.848515218123794,2.3115734942257404,Garmin Forerunner 735 XT,3.0431064605493567,1743.067545133569,2.182904977375577,3.0431064605493567,634.0
2024-01-21 15:31:38+00:00,2024-01-21 15:31:38+00:00,582785137,27578334,2724.31,65535,49.60000000000002,49.60000000000002,2.183,2.183,0.0,300,153,82,0.0,-5.0,48.84848588146269,2.311589252203703,Garmin Forerunner 735 XT,3.459873955643432,1746.5274190892123,2.1861411764705996,3.459873955643432,635.0
2024-01-21 15:31:39+00:00,2024-01-21 15:31:39+00:00,582784811,27578448,2727.34,65535,49.0,49.0,2.183,2.183,0.0,300,153,81,0.0,-5.0,48.848458556458354,2.3115988075733185,Garmin Forerunner 735 XT,3.1178113783040633,1749.6452304675165,2.188038009049785,3.1178113783040633,636.0
2024-01-21 15:31:40+00:00,2024-01-21 15:31:40+00:00,582784516,27578571,2730.12,65535,48.799999999999955,48.799999999999955,2.193,2.193,0.0,300,153,81,0.0,-5.0,48.848433829844,2.3116091173142195,Garmin Forerunner 735 XT,2.8510885423126693,1752.4963190098292,2.188342081447975,2.8510885423126693,637.0
2024-01-21 15:31:41+00:00,2024-01-21 15:31:41+00:00,582784207,27578516,2733.01,65535,52.799999999999955,52.799999999999955,2.193,2.193,0.0,300,154,81,0.0,-5.0,48.8484079297632,2.311604507267475,Garmin Forerunner 735 XT,2.8996457291869935,1755.395964739016,2.188184615384627,2.8996457291869935,638.0
2024-01-21 15:31:42+00:00,2024-01-21 15:31:42+00:00,582783921,27578421,2735.69,65535,57.60000000000002,57.60000000000002,2.193,2.193,0.0,300,155,81,0.0,-5.0,48.84838395752013,2.311596544459462,Garmin Forerunner 735 XT,2.728528579581003,1758.1244933185972,2.187942986425351,2.728528579581003,639.0
2024-01-21 15:31:43+00:00,2024-01-21 15:31:43+00:00,582783634,27578356,2738.4,65535,61.200000000000045,61.200000000000045,2.183,2.183,0.0,300,155,81,0.0,-5.0,48.848359901458025,2.3115910962224007,Garmin Forerunner 735 XT,2.704456361500398,1760.8289496800976,2.1869004524886995,2.704456361500398,640.0
2024-01-21 15:31:44+00:00,2024-01-21 15:31:44+00:00,582783342,27578323,2741.11,65535,62.799999999999955,62.799999999999955,2.183,2.183,0.0,300,154,81,0.0,-5.0,48.848335426300764,2.311588330194354,Garmin Forerunner 735 XT,2.729028971962024,1763.5579786520595,2.186221719457025,2.729028971962024,641.0
2024-01-21 15:31:45+00:00,2024-01-21 15:31:45+00:00,582783068,27578202,2743.76,65535,63.0,63.0,2.183,2.183,0.0,300,153,81,0.0,-5.0,48.848312459886074,2.3115781880915165,Garmin Forerunner 735 XT,2.659394109531248,1766.2173727615907,2.185271493212681,2.659394109531248,642.0
2024-01-21 15:31:46+00:00,2024-01-21 15:31:46+00:00,582782919,27577937,2745.68,65535,63.39999999999998,63.39999999999998,2.183,2.183,0.0,300,153,82,0.0,-5.0,48.84829997085035,2.311555976048112,Garmin Forerunner 735 XT,2.1377935174279825,1768.3551662790187,2.1840497737556674,2.1377935174279825,643.0
2024-01-21 15:31:47+00:00,2024-01-21 15:31:47+00:00,582782722,27577697,2747.9,65535,64.20000000000005,64.20000000000005,2.183,2.183,0.0,300,152,82,0.0,-5.0,48.8482834585011,2.3115358594805,Garmin Forerunner 735 XT,2.3532831088946784,1770.7084493879133,2.1831918552036313,2.3532831088946784,644.0
2024-01-21 15:31:48+00:00,2024-01-21 15:31:48+00:00,582782514,27577470,2750.17,65535,65.20000000000005,65.20000000000005,2.183,2.183,0.0,300,153,82,0.0,-5.0,48.848266024142504,2.311516832560301,Garmin Forerunner 735 XT,2.3867478068359973,1773.0951971947493,2.1829176470588347,2.3867478068359973,645.0
2024-01-21 15:31:49+00:00,2024-01-21 15:31:49+00:00,582782317,27577317,2752.16,65535,66.20000000000005,66.20000000000005,2.183,2.183,0.0,300,153,82,0.0,-5.0,48.848249511793256,2.3115040082484484,Garmin Forerunner 735 XT,2.06198763105299,1775.1571848258022,2.1833285067873414,2.06198763105299,646.0
2024-01-21 15:31:50+00:00,2024-01-21 15:31:50+00:00,582782153,27577198,2753.79,65535,66.20000000000005,66.20000000000005,2.183,2.183,0.0,300,153,81,0.0,-5.0,48.848235765472054,2.3114940337836742,Garmin Forerunner 735 XT,1.6938320113001444,1776.8510168371024,2.183431674208156,1.6938320113001444,647.0
2024-01-21 15:31:51+00:00,2024-01-21 15:31:51+00:00,582782007,27577024,2755.3,65535,67.20000000000005,67.20000000000005,2.183,2.183,0.0,300,153,81,0.0,-5.0,48.848223527893424,2.3114794492721558,Garmin Forerunner 735 XT,1.72931838088123,1778.5803352179837,2.182095927601821,1.72931838088123,648.0
2024-01-21 15:31:52+00:00,2024-01-21 15:31:52+00:00,582781845,27576886,2756.96,65535,66.79999999999995,66.79999999999995,2.183,2.183,0.0,300,154,81,0.0,-6.0,48.848209949210286,2.311467882245779,Garmin Forerunner 735 XT,1.7309282381316464,1780.3112634561153,2.1801900452488803,1.7309282381316464,649.0
2024-01-21 15:31:53+00:00,2024-01-21 15:31:53+00:00,582781672,27576733,2758.79,65535,66.39999999999998,66.39999999999998,2.183,2.183,0.0,300,155,80,0.0,-6.0,48.8481954485178,2.3114550579339266,Garmin Forerunner 735 XT,1.8655871072749792,1782.1768505633902,2.1785828054298757,1.8655871072749792,650.0
2024-01-21 15:31:54+00:00,2024-01-21 15:31:54+00:00,582781467,27576525,2761.05,65535,65.79999999999995,65.79999999999995,2.174,2.174,0.0,300,155,80,0.0,-6.0,48.8481782656163,2.31143762357533,Garmin Forerunner 735 XT,2.297398742401089,1784.4742493057913,2.1761429864253508,2.297398742401089,651.0
2024-01-21 15:31:55+00:00,2024-01-21 15:31:55+00:00,582781192,27576263,2764.08,65535,66.39999999999998,66.39999999999998,2.174,2.174,0.0,300,155,81,0.0,-6.0,48.848155215382576,2.3114156629890203,Garmin Forerunner 735 XT,3.025143066605291,1787.4993923723966,2.173123981900464,3.025143066605291,652.0
2024-01-21 15:31:56+00:00,2024-01-21 15:31:56+00:00,582780968,27576111,2766.36,65535,65.60000000000002,65.60000000000002,2.165,2.165,0.0,300,154,81,0.0,-6.0,48.84813643991947,2.3114029224961996,Garmin Forerunner 735 XT,2.286425571771745,1789.7858179441685,2.1697791855203734,2.286425571771745,653.0
2024-01-21 15:31:57+00:00,2024-01-21 15:31:57+00:00,582780696,27575986,2768.99,65535,66.60000000000002,66.60000000000002,2.165,2.165,0.0,300,153,81,0.0,-6.0,48.848113641142845,2.311392445117235,Garmin Forerunner 735 XT,2.6484972241881284,1792.4343151683565,2.1663619909502376,2.6484972241881284,654.0
2024-01-21 15:31:58+00:00,2024-01-21 15:31:58+00:00,582780494,27575934,2770.88,65535,65.79999999999995,65.79999999999995,2.165,2.165,0.0,300,153,81,0.0,-6.0,48.84809670969844,2.311388086527586,Garmin Forerunner 735 XT,1.909513136969472,1794.343828305326,2.163125791855215,1.909513136969472,655.0
2024-01-21 15:31:59+00:00,2024-01-21 15:31:59+00:00,582780234,27575886,2773.29,65535,66.0,66.0,2.165,2.165,0.0,300,153,82,0.0,-6.0,48.84807491675019,2.3113840632140636,Garmin Forerunner 735 XT,2.4410825493239168,1796.78491085465,2.160323981900464,2.4410825493239168,656.0
2024-01-21 15:32:00+00:00,2024-01-21 15:32:00+00:00,582779942,27575857,2775.99,65535,64.60000000000002,64.60000000000002,2.155,2.155,0.0,300,154,82,0.0,-6.0,48.84805044159293,2.311381632462144,Garmin Forerunner 735 XT,2.727319304900366,1799.5122301595504,2.1575040723982015,2.727319304900366,657.0
2024-01-21 15:32:01+00:00,2024-01-21 15:32:01+00:00,582779590,27575793,2779.29,65535,62.39999999999998,62.39999999999998,2.155,2.155,0.0,300,155,82,0.0,-6.0,48.84802093729377,2.311376268044114,Garmin Forerunner 735 XT,3.3041274084475014,1802.816357567998,2.1562135746606446,3.3041274084475014,658.0
2024-01-21 15:32:02+00:00,2024-01-21 15:32:02+00:00,582779307,27575807,2781.89,65535,61.0,61.0,2.155,2.155,0.0,300,155,81,0.0,-6.0,48.84799721650779,2.311377441510558,Garmin Forerunner 735 XT,2.639028330547119,1805.455385898545,2.1527574660633597,2.639028330547119,659.0
2024-01-21 15:32:03+00:00,2024-01-21 15:32:03+00:00,582779084,27575858,2783.93,65535,59.799999999999955,59.799999999999955,2.155,2.155,0.0,300,154,81,0.0,-6.0,48.84797852486372,2.3113817162811756,Garmin Forerunner 735 XT,2.1018218359236944,1807.5572077344686,2.1512995475113232,2.1018218359236944,660.0
2024-01-21 15:32:04+00:00,2024-01-21 15:32:04+00:00,582778839,27575808,2786.24,65535,58.39999999999998,58.39999999999998,2.155,2.155,0.0,300,153,81,0.0,-6.0,48.84795798920095,2.31137752532959,Garmin Forerunner 735 XT,2.303961639857949,1809.8611693743267,2.1515285067873418,2.303961639857949,661.0
2024-01-21 15:32:05+00:00,2024-01-21 15:32:05+00:00,582778572,27575729,2788.77,65535,56.799999999999955,56.799999999999955,2.155,2.155,0.0,300,152,81,0.0,-6.0,48.84793560951948,2.3113709036260843,Garmin Forerunner 735 XT,2.535238804542898,1812.3964081788695,2.152584615384627,2.535238804542898,662.0
2024-01-21 15:32:06+00:00,2024-01-21 15:32:06+00:00,582778355,27575704,2790.8,65535,55.200000000000045,55.200000000000045,2.155,2.155,0.0,300,152,81,0.0,-6.0,48.8479174207896,2.3113688081502914,Garmin Forerunner 735 XT,2.028298466100087,1814.4247066449695,2.157268778280555,2.028298466100087,663.0
2024-01-21 15:32:07+00:00,2024-01-21 15:32:07+00:00,582777761,27576059,2796.1,65535,56.200000000000045,56.200000000000045,2.165,2.165,0.0,300,152,81,0.0,-6.0,48.84786763228476,2.3113985639065504,Garmin Forerunner 735 XT,5.9489950653749055,1820.3737017103444,2.1665918552036314,5.9489950653749055,664.0
2024-01-21 15:32:08+00:00,2024-01-21 15:32:08+00:00,582777413,27575957,2799.39,65535,56.39999999999998,56.39999999999998,2.165,2.165,0.0,300,154,80,0.0,-6.0,48.84783846326172,2.3113900143653154,Garmin Forerunner 735 XT,3.303228871713093,1823.6769305820576,2.181386425339378,3.303228871713093,665.0
2024-01-21 15:32:09+00:00,2024-01-21 15:32:09+00:00,582777097,27575932,2802.33,65535,56.60000000000002,56.60000000000002,2.202,2.202,0.0,300,154,80,0.0,-6.0,48.8478119764477,2.3113879188895226,Garmin Forerunner 735 XT,2.9491880215197113,1826.6261186035772,2.201482352941188,2.9491880215197113,666.0
2024-01-21 15:32:10+00:00,2024-01-21 15:32:10+00:00,582776555,27576265,2807.47,65535,55.0,55.0,2.221,2.221,0.0,300,154,81,0.0,-6.0,48.84776654653251,2.311415830627084,Garmin Forerunner 735 XT,5.4488322790202215,1832.0749508825975,2.225970135746618,5.4488322790202215,667.0
2024-01-21 15:32:11+00:00,2024-01-21 15:32:11+00:00,582776143,27576339,2811.32,65535,53.0,53.0,2.239,2.239,0.0,300,154,81,0.0,-6.0,48.847732013091445,2.3114220332354307,Garmin Forerunner 735 XT,3.8666728206931147,1835.9416237032906,2.2538389140271615,3.8666728206931147,668.0
2024-01-21 15:32:12+00:00,2024-01-21 15:32:12+00:00,582775714,27576443,2815.37,65535,50.799999999999955,50.799999999999955,2.286,2.286,0.0,300,154,82,0.0,-6.0,48.84769605472684,2.311430750414729,Garmin Forerunner 735 XT,4.048947392044089,1839.9905710953346,2.2850470588235416,4.048947392044089,669.0
2024-01-21 15:32:13+00:00,2024-01-21 15:32:13+00:00,582775302,27576592,2819.3,65535,50.60000000000002,50.60000000000002,2.323,2.323,0.0,300,154,82,0.0,-6.0,48.84766152128577,2.3114432394504547,Garmin Forerunner 735 XT,3.947190459853189,1843.9377615551878,2.316354751131234,3.947190459853189,670.0
2024-01-21 15:32:14+00:00,2024-01-21 15:32:14+00:00,582774883,27576661,2823.23,65535,50.200000000000045,50.200000000000045,2.361,2.361,0.0,300,154,82,0.0,-6.0,48.847626401111484,2.311449022963643,Garmin Forerunner 735 XT,3.9280489814795527,1847.8658105366674,2.3452515837104198,3.9280489814795527,671.0
2024-01-21 15:32:15+00:00,2024-01-21 15:32:15+00:00,582774477,27576813,2827.08,65535,49.0,49.0,2.379,2.379,0.0,300,156,82,0.0,-6.0,48.84759237058461,2.311461763456464,Garmin Forerunner 735 XT,3.8971707607171533,1851.7629812973846,2.3721212669683385,3.8971707607171533,672.0
2024-01-21 15:32:16+00:00,2024-01-21 15:32:16+00:00,582774076,27577023,2830.94,65535,47.799999999999955,47.799999999999955,2.398,2.398,0.0,300,156,82,0.0,-6.0,48.84755875915289,2.311479365453124,Garmin Forerunner 735 XT,3.953132103583919,1855.7161134009684,2.394219909502275,3.953132103583919,673.0
2024-01-21 15:32:17+00:00,2024-01-21 15:32:17+00:00,582773803,27577009,2833.47,65535,46.39999999999998,46.39999999999998,2.417,2.417,0.0,300,155,82,0.0,-6.0,48.84753587655723,2.31147819198668,Garmin Forerunner 735 XT,2.5458770000175233,1858.261990400986,2.4150479638009177,2.5458770000175233,674.0
2024-01-21 15:32:18+00:00,2024-01-21 15:32:18+00:00,582773448,27576928,2836.77,65535,47.60000000000002,47.60000000000002,2.435,2.435,0.0,300,155,81,0.0,-6.0,48.84750612080097,2.311471402645111,Garmin Forerunner 735 XT,3.345778531199113,1861.607768932185,2.4314552036199224,3.345778531199113,675.0
2024-01-21 15:32:19+00:00,2024-01-21 15:32:19+00:00,582773058,27576885,2840.39,65535,50.0,50.0,2.435,2.435,0.0,300,155,81,0.0,-6.0,48.8474734313786,2.3114677984267473,Garmin Forerunner 735 XT,3.6444530797089785,1865.252222011894,2.4433954751131353,3.6444530797089785,676.0
2024-01-21 15:32:20+00:00,2024-01-21 15:32:20+00:00,582772702,27576870,2843.71,65535,50.0,50.0,2.445,2.445,0.0,300,155,81,0.0,-6.0,48.84744359180331,2.3114665411412716,Garmin Forerunner 735 XT,3.3192846069694046,1868.5715066188634,2.453825339366529,3.3192846069694046,677.0
2024-01-21 15:32:21+00:00,2024-01-21 15:32:21+00:00,582772318,27576656,2847.3,65535,54.799999999999955,54.799999999999955,2.463,2.463,0.0,300,156,82,0.0,-6.0,48.847411405295134,2.3114486038684845,Garmin Forerunner 735 XT,3.8120627001521803,1872.3835693190156,2.4626950226244473,3.8120627001521803,678.0
2024-01-21 15:32:22+00:00,2024-01-21 15:32:22+00:00,582772058,27576516,2849.74,65535,54.200000000000045,54.200000000000045,2.473,2.473,0.0,300,156,82,0.0,-6.0,48.84738961234689,2.3114368692040443,Garmin Forerunner 735 XT,2.570899934273418,1874.954469253289,2.4711339366515968,2.570899934273418,679.0
2024-01-21 15:32:23+00:00,2024-01-21 15:32:23+00:00,582771799,27576432,2852.14,65535,53.60000000000002,53.60000000000002,2.482,2.482,0.0,300,156,82,0.0,-6.0,48.84736790321767,2.3114298284053802,Garmin Forerunner 735 XT,2.468311792669275,1877.4227810459583,2.4797520361991086,2.468311792669275,680.0
2024-01-21 15:32:24+00:00,2024-01-21 15:32:24+00:00,582771507,27576277,2854.95,65535,53.200000000000045,53.200000000000045,2.482,2.482,0.0,300,156,82,0.0,-6.0,48.84734342806041,2.3114168364554644,Garmin Forerunner 735 XT,2.8827777630532423,1880.3055588090117,2.485907692307706,2.8827777630532423,681.0
2024-01-21 15:32:25+00:00,2024-01-21 15:32:25+00:00,582771252,27576284,2857.31,65535,53.39999999999998,53.39999999999998,2.491,2.491,0.0,300,155,82,0.0,-6.0,48.847322054207325,2.3114174231886864,Garmin Forerunner 735 XT,2.377051782752569,1882.6826105917642,2.4897728506787464,2.377051782752569,682.0
2024-01-21 15:32:26+00:00,2024-01-21 15:32:26+00:00,582770919,27575918,2860.4,65535,61.39999999999998,61.39999999999998,2.491,2.491,0.0,300,155,81,0.0,-6.0,48.847294142469764,2.3113867454230785,Garmin Forerunner 735 XT,3.83037498900149,1886.5129855807656,2.491704977375579,3.83037498900149,683.0
2024-01-21 15:32:27+00:00,2024-01-21 15:32:27+00:00,582770699,27575750,2862.47,65535,62.60000000000002,62.60000000000002,2.491,2.491,0.0,300,156,81,0.0,-6.0,48.847275702282786,2.3113726638257504,Garmin Forerunner 735 XT,2.294798606737124,1888.8077841875029,2.489048868778294,2.294798606737124,684.0
2024-01-21 15:32:28+00:00,2024-01-21 15:32:28+00:00,582770525,27575616,2864.13,65535,63.799999999999955,63.799999999999955,2.491,2.491,0.0,300,156,81,0.0,-6.0,48.84726111777127,2.3113614320755005,Garmin Forerunner 735 XT,1.8180921925202345,1890.625876380023,2.4812126696832713,1.8180921925202345,685.0
2024-01-21 15:32:29+00:00,2024-01-21 15:32:29+00:00,582770302,27575473,2866.31,65535,64.39999999999998,64.39999999999998,2.491,2.491,0.0,300,157,82,0.0,-6.0,48.847242426127195,2.311349445953965,Garmin Forerunner 735 XT,2.255896072826789,1892.8817724528499,2.471720361990964,2.255896072826789,686.0
2024-01-21 15:32:30+00:00,2024-01-21 15:32:30+00:00,582770114,27575336,2868.08,65535,65.39999999999998,65.39999999999998,2.463,2.463,0.0,300,157,82,0.0,-6.0,48.84722666814923,2.31133796274662,Garmin Forerunner 735 XT,1.9432668612344473,1894.8250393140843,2.4636036199095153,1.9432668612344473,687.0
2024-01-21 15:32:31+00:00,2024-01-21 15:32:31+00:00,582769874,27575197,2870.33,65535,66.39999999999998,66.39999999999998,2.454,2.454,0.0,300,157,82,0.0,-6.0,48.84720655158162,2.3113263119012117,Garmin Forerunner 735 XT,2.393818205197239,1897.2188575192815,2.458533936651597,2.393818205197239,688.0
2024-01-21 15:32:32+00:00,2024-01-21 15:32:32+00:00,582768674,27576266,2882.2,65535,49.60000000000002,49.60000000000002,2.445,2.445,0.0,300,155,82,0.0,-6.0,48.84710596874356,2.3114159144461155,Garmin Forerunner 735 XT,12.96446461164657,1910.183322130928,2.4517511312217324,12.96446461164657,689.0
2024-01-21 15:32:33+00:00,2024-01-21 15:32:33+00:00,582768320,27576363,2885.55,65535,47.200000000000045,47.200000000000045,2.435,2.435,0.0,300,154,81,0.0,-6.0,48.847076296806335,2.311424044892192,Garmin Forerunner 735 XT,3.3525791126804325,1913.5359012436084,2.4529176470588365,3.3525791126804325,690.0
2024-01-21 15:32:34+00:00,2024-01-21 15:32:34+00:00,582768020,27576393,2888.35,65535,45.60000000000002,45.60000000000002,2.435,2.435,0.0,300,154,81,0.0,-6.0,48.84705115109682,2.3114265594631433,Garmin Forerunner 735 XT,2.8021230940459327,1916.3380243376544,2.4583420814479773,2.8021230940459327,691.0
2024-01-21 15:32:35+00:00,2024-01-21 15:32:35+00:00,582767763,27576385,2890.72,65535,44.799999999999955,44.799999999999955,2.463,2.463,0.0,300,154,80,0.0,-6.0,48.84702960960567,2.3114258889108896,Garmin Forerunner 735 XT,2.3958070387604997,1918.7338313764149,2.4735285067873436,2.3958070387604997,692.0
2024-01-21 15:32:36+00:00,2024-01-21 15:32:36+00:00,582767511,27576288,2893.06,65535,44.200000000000045,44.200000000000045,2.491,2.491,0.0,300,156,80,0.0,-6.0,48.84700848720968,2.3114177584648132,Garmin Forerunner 735 XT,2.4228825314862474,1921.1567139079011,2.4871809954751263,2.4228825314862474,693.0
2024-01-21 15:32:37+00:00,2024-01-21 15:32:37+00:00,582767198,27576184,2896.04,65535,44.200000000000045,44.200000000000045,2.501,2.501,0.0,300,158,81,0.0,-6.0,48.84698225185275,2.311409041285515,Garmin Forerunner 735 XT,2.986161973336472,1924.1428758812376,2.500269683257932,2.986161973336472,694.0
2024-01-21 15:32:38+00:00,2024-01-21 15:32:38+00:00,582766872,27576001,2899.23,65535,43.799999999999955,43.799999999999955,2.501,2.501,0.0,300,158,81,0.0,-6.0,48.84695492684841,2.311393702402711,Garmin Forerunner 735 XT,3.2390886259989724,1927.3819645072365,2.5080877828054433,3.2390886259989724,695.0
2024-01-21 15:32:39+00:00,2024-01-21 15:32:39+00:00,582766644,27575844,2901.54,65535,43.0,43.0,2.557,2.557,0.0,300,158,81,0.0,-6.0,48.84693581610918,2.3113805428147316,Garmin Forerunner 735 XT,2.333015224785453,1929.714979732022,2.5148461538461673,2.333015224785453,696.0
2024-01-21 15:32:40+00:00,2024-01-21 15:32:40+00:00,582766413,27575763,2903.75,65535,41.799999999999955,41.799999999999955,2.538,2.538,0.0,300,158,81,0.0,-6.0,48.846916453912854,2.3113737534731627,Garmin Forerunner 735 XT,2.2095543271199167,1931.9245340591417,2.5165447963801038,2.2095543271199167,697.0
2024-01-21 15:32:41+00:00,2024-01-21 15:32:41+00:00,582766151,27575670,2906.26,65535,40.200000000000045,40.200000000000045,2.538,2.538,0.0,300,158,81,0.0,-6.0,48.846894493326545,2.311365958303213,Garmin Forerunner 735 XT,2.507641910465512,1934.4321759696072,2.5107538461538597,2.507641910465512,698.0
2024-01-21 15:32:42+00:00,2024-01-21 15:32:42+00:00,582765914,27575685,2908.46,65535,38.799999999999955,38.799999999999955,2.454,2.454,0.0,300,158,80,0.0,-6.0,48.84687462821603,2.311367215588689,Garmin Forerunner 735 XT,2.210814610966534,1936.6429905805737,2.497178280543,2.210814610966534,699.0
2024-01-21 15:32:43+00:00,2024-01-21 15:32:43+00:00,582765719,27575686,2910.28,65535,37.60000000000002,37.60000000000002,2.454,2.454,0.0,300,158,80,0.0,-6.0,48.846858283504844,2.3113672994077206,Garmin Forerunner 735 XT,1.8174593104865004,1938.4604498910603,2.478073303167434,1.8174593104865004,700.0
2024-01-21 15:32:44+00:00,2024-01-21 15:32:44+00:00,582765499,27575625,2912.36,65535,36.200000000000045,36.200000000000045,2.445,2.445,0.0,300,157,80,0.0,-6.0,48.846839843317866,2.311362186446786,Garmin Forerunner 735 XT,2.0843095173630988,1940.5447594084235,2.451575565610873,2.0843095173630988,701.0
2024-01-21 15:32:45+00:00,2024-01-21 15:32:45+00:00,582765280,27575466,2914.57,65535,35.0,35.0,2.445,2.445,0.0,300,156,81,0.0,-6.0,48.84682148694992,2.311348859220743,Garmin Forerunner 735 XT,2.2621390562212293,1942.8068984646447,2.4189963800905105,2.2621390562212293,702.0
2024-01-21 15:32:46+00:00,2024-01-21 15:32:46+00:00,582765099,27575305,2916.44,65535,33.60000000000002,33.60000000000002,2.398,2.398,0.0,300,156,81,0.0,-6.0,48.84680631570518,2.311335364356637,Garmin Forerunner 735 XT,1.9547302063419334,1944.7616286709867,2.38016380090499,1.9547302063419334,703.0
2024-01-21 15:32:47+00:00,2024-01-21 15:32:47+00:00,582764874,27575195,2918.65,65535,32.39999999999998,32.39999999999998,2.361,2.361,0.0,300,156,81,0.0,-6.0,48.846787456423044,2.3113261442631483,Garmin Forerunner 735 XT,2.2029149151039453,1946.9645435860907,2.3467502262443567,2.2029149151039453,704.0
2024-01-21 15:32:48+00:00,2024-01-21 15:32:48+00:00,582764698,27575058,2920.47,65535,31.0,31.0,2.323,2.323,0.0,300,158,81,0.0,-6.0,48.84677270427346,2.3113146610558033,Garmin Forerunner 735 XT,1.843058193143815,1948.8076017792346,2.314577375565623,1.843058193143815,705.0
2024-01-21 15:32:49+00:00,2024-01-21 15:32:49+00:00,582764480,27574990,2922.54,65535,29.799999999999955,29.799999999999955,2.277,2.277,0.0,300,159,81,0.0,-6.0,48.84675443172455,2.3113089613616467,Garmin Forerunner 735 XT,2.074179585788975,1950.8817813650235,2.2890199095022745,2.074179585788975,706.0
2024-01-21 15:32:50+00:00,2024-01-21 15:32:50+00:00,582764252,27574899,2924.73,65535,28.799999999999955,28.799999999999955,2.23,2.23,0.0,300,159,81,0.0,-6.0,48.84673532098532,2.3113013338297606,Garmin Forerunner 735 XT,2.1970936967903514,1953.0788750618137,2.2618696832579306,2.1970936967903514,707.0
2024-01-21 15:32:51+00:00,2024-01-21 15:32:51+00:00,582764058,27574926,2926.46,65535,27.799999999999955,27.799999999999955,2.221,2.221,0.0,300,160,80,0.0,-6.0,48.846719060093164,2.311303596943617,Garmin Forerunner 735 XT,1.8156964659177104,1954.8945715277314,2.2399185520362113,1.8156964659177104,708.0
2024-01-21 15:32:52+00:00,2024-01-21 15:32:52+00:00,582763910,27574949,2927.82,65535,26.399999999999977,26.399999999999977,2.211,2.211,0.0,300,161,80,0.0,-6.0,48.84670665487647,2.3113055247813463,Garmin Forerunner 735 XT,1.386591853659476,1956.2811633813908,2.2247348416289716,1.386591853659476,709.0
2024-01-21 15:32:53+00:00,2024-01-21 15:32:53+00:00,582763739,27574848,2929.52,65535,24.799999999999955,24.799999999999955,2.221,2.221,0.0,300,160,81,0.0,-6.0,48.84669232182205,2.311297059059143,Garmin Forerunner 735 XT,1.7099215654448015,1957.9910849468356,2.2176868778280663,1.7099215654448015,710.0
2024-01-21 15:32:54+00:00,2024-01-21 15:32:54+00:00,582763609,27574760,2930.85,65535,23.0,23.0,2.221,2.221,0.0,300,159,81,0.0,-6.0,48.846681425347924,2.311289682984352,Garmin Forerunner 735 XT,1.3264144808346081,1959.31749942767,2.2150199095022742,1.3264144808346081,711.0
2024-01-21 15:32:55+00:00,2024-01-21 15:32:55+00:00,582763446,27574758,2932.28,65535,21.600000000000023,21.600000000000023,2.23,2.23,0.0,300,159,81,0.0,-6.0,48.846667762845755,2.3112895153462887,Garmin Forerunner 735 XT,1.5192504504986146,1960.8367498781688,2.216091402714944,1.5192504504986146,712.0
2024-01-21 15:32:56+00:00,2024-01-21 15:32:56+00:00,582763233,27574812,2934.1,65535,20.0,20.0,2.23,2.23,0.0,300,159,81,0.0,-6.0,48.846649909392,2.3112940415740013,Garmin Forerunner 735 XT,2.012652418955179,1962.849402297124,2.2185257918552157,2.012652418955179,713.0
2024-01-21 15:32:57+00:00,2024-01-21 15:32:57+00:00,582763002,27574915,2936.25,65535,18.799999999999955,18.799999999999955,2.221,2.221,0.0,300,159,81,0.0,-6.0,48.84663054719567,2.311302674934268,Garmin Forerunner 735 XT,2.243750261079501,1965.0931525582034,2.21981266968327,2.243750261079501,714.0
2024-01-21 15:32:58+00:00,2024-01-21 15:32:58+00:00,582762795,27574977,2938.2,65535,17.0,17.0,2.221,2.221,0.0,300,157,81,0.0,-6.0,48.84661319665611,2.3113078717142344,Garmin Forerunner 735 XT,1.9664118143899234,1967.0595643725933,2.2181574660633605,1.9664118143899234,715.0
2024-01-21 15:32:59+00:00,2024-01-21 15:32:59+00:00,582762594,27575063,2940.11,65535,15.0,15.0,2.211,2.211,0.0,300,154,81,0.0,-6.0,48.84659634903073,2.311315080150962,Garmin Forerunner 735 XT,1.9462137909400357,1969.0057781635333,2.215307692307704,1.9462137909400357,716.0
2024-01-21 15:33:00+00:00,2024-01-21 15:33:00+00:00,582762355,27575123,2942.37,65535,13.0,13.0,2.211,2.211,0.0,300,154,81,0.0,-6.0,48.84657631628215,2.311320109292865,Garmin Forerunner 735 XT,2.2577341561278046,1971.263512319661,2.2123049773755774,2.2577341561278046,717.0
2024-01-21 15:33:01+00:00,2024-01-21 15:33:01+00:00,582762104,27575160,2944.72,65535,11.199999999999989,11.199999999999989,2.202,2.202,0.0,300,154,81,0.0,-6.0,48.84655527770519,2.3113232105970383,Garmin Forerunner 735 XT,2.3503645706992384,1973.6138768903602,2.206786425339378,2.3503645706992384,718.0
2024-01-21 15:33:02+00:00,2024-01-21 15:33:02+00:00,582761892,27575245,2946.71,65535,9.399999999999977,9.399999999999977,2.193,2.193,0.0,300,156,81,0.0,-6.0,48.84653750807047,2.311330335214734,Garmin Forerunner 735 XT,2.0435148703223858,1975.6573917606827,2.199512217194582,2.0435148703223858,719.0
2024-01-21 15:33:03+00:00,2024-01-21 15:33:03+00:00,582761673,27575355,2948.74,65535,8.199999999999989,8.199999999999989,2.193,2.193,0.0,300,157,81,0.0,-6.0,48.84651915170252,2.3113395553082228,Garmin Forerunner 735 XT,2.149750009587258,1977.80714177027,2.1911945701357585,2.149750009587258,720.0
2024-01-21 15:33:04+00:00,2024-01-21 15:33:04+00:00,582761504,27575349,2950.32,65535,6.199999999999989,6.199999999999989,2.193,2.193,0.0,300,158,81,0.0,-6.0,48.84650498628616,2.3113390523940325,Garmin Forerunner 735 XT,1.5755522756593265,1979.3826940459292,2.1814244343891516,1.5755522756593265,721.0
2024-01-21 15:33:05+00:00,2024-01-21 15:33:05+00:00,582761355,27575376,2951.7,65535,4.399999999999977,4.399999999999977,2.183,2.183,0.0,300,158,81,0.0,-6.0,48.84649249725044,2.311341315507889,Garmin Forerunner 735 XT,1.3985565855201236,1980.7812506314492,2.1711819004525004,1.3985565855201236,722.0
2024-01-21 15:33:06+00:00,2024-01-21 15:33:06+00:00,582761230,27575389,2952.86,65535,2.8000000000000114,2.8000000000000114,2.174,2.174,0.0,300,158,82,0.0,-6.0,48.84648201987147,2.311342405155301,Garmin Forerunner 735 XT,1.167756736048087,1981.9490073674972,2.1612271493212787,1.167756736048087,723.0
2024-01-21 15:33:07+00:00,2024-01-21 15:33:07+00:00,582761022,27575421,2954.73,65535,2.1999999999999886,2.1999999999999886,2.137,2.137,0.0,300,158,82,0.0,-6.0,48.84646458551288,2.311345087364316,Garmin Forerunner 735 XT,1.9485224065174636,1983.8975297740146,2.1521004524886993,1.9485224065174636,724.0
2024-01-21 15:33:08+00:00,2024-01-21 15:33:08+00:00,582760802,27575457,2956.65,65535,1.1999999999999886,1.1999999999999886,2.137,2.137,0.0,300,158,82,0.0,-6.0,48.8464461453259,2.3113481048494577,Garmin Forerunner 735 XT,2.062309722009006,1985.9598394960237,2.1450959276018216,2.062309722009006,725.0
2024-01-21 15:33:09+00:00,2024-01-21 15:33:09+00:00,582760517,27575688,2959.06,65535,1.3999999999999773,1.3999999999999773,2.127,2.127,0.0,300,157,82,0.0,-6.0,48.84642225690186,2.311367467045784,Garmin Forerunner 735 XT,3.0105128415432385,1988.970352337567,2.1382144796380205,3.0105128415432385,726.0
2024-01-21 15:33:10+00:00,2024-01-21 15:33:10+00:00,582760235,27575881,2961.48,65535,1.8000000000000114,1.8000000000000114,2.127,2.127,0.0,300,157,82,0.0,-6.0,48.84639861993492,2.311383644118905,Garmin Forerunner 735 XT,2.8825863682880777,1991.852938705855,2.132540271493224,2.8825863682880777,727.0
2024-01-21 15:33:11+00:00,2024-01-21 15:33:11+00:00,582759945,27576058,2964.0,65535,2.0,2.0,2.137,2.137,0.0,300,157,82,0.0,-6.0,48.84637431241572,2.3113984800875187,Garmin Forerunner 735 XT,2.9127481833792723,1994.7656868892343,2.129950226244355,2.9127481833792723,728.0
2024-01-21 15:33:12+00:00,2024-01-21 15:33:12+00:00,582759677,27576237,2966.38,65535,1.8000000000000114,1.8000000000000114,2.137,2.137,0.0,300,157,82,0.0,-6.0,48.84635184891522,2.3114134836941957,Garmin Forerunner 735 XT,2.72846255143537,1997.4941494406696,2.132358371040735,2.72846255143537,729.0
2024-01-21 15:33:13+00:00,2024-01-21 15:33:13+00:00,582759394,27576360,2968.97,65535,1.8000000000000114,1.8000000000000114,2.146,2.146,0.0,300,160,82,0.0,-6.0,48.846328128129244,2.3114237934350967,Garmin Forerunner 735 XT,2.7434000224495425,2000.2375494631192,2.1381221719457124,2.7434000224495425,730.0
2024-01-21 15:33:14+00:00,2024-01-21 15:33:14+00:00,582759031,27576620,2972.44,65535,2.8000000000000114,2.8000000000000114,2.146,2.146,0.0,300,161,82,0.0,-6.0,48.84629770182073,2.3114455863833427,Garmin Forerunner 735 XT,3.7402502957081127,2003.9777997588274,2.1469303167420932,3.7402502957081127,731.0
2024-01-21 15:33:15+00:00,2024-01-21 15:33:15+00:00,582758634,27576974,2976.34,65535,4.800000000000011,4.800000000000011,2.146,2.146,0.0,300,162,82,0.0,-6.0,48.84626442566514,2.31147525832057,Garmin Forerunner 735 XT,4.2901486710418055,2008.2679484298692,2.157411764705894,4.2901486710418055,732.0
2024-01-21 15:33:16+00:00,2024-01-21 15:33:16+00:00,582758228,27577216,2980.21,65535,7.0,7.0,2.165,2.165,0.0,300,162,81,0.0,-6.0,48.846230395138264,2.311495542526245,Garmin Forerunner 735 XT,4.064724001303742,2012.332672431173,2.1704479638009166,4.064724001303742,733.0
2024-01-21 15:33:17+00:00,2024-01-21 15:33:17+00:00,582757869,27577402,2983.61,65535,8.199999999999989,8.199999999999989,2.183,2.183,0.0,300,162,81,0.0,-7.0,48.84620030410588,2.311511132866144,Garmin Forerunner 735 XT,3.535110807272131,2015.867783238445,2.184723981900464,3.535110807272131,734.0
2024-01-21 15:33:18+00:00,2024-01-21 15:33:18+00:00,582757492,27577457,2987.12,65535,9.0,9.0,2.202,2.202,0.0,300,162,81,0.0,-7.0,48.84616870433092,2.3115157429128885,Garmin Forerunner 735 XT,3.5298910859320722,2019.3976743243772,2.1996787330316856,3.5298910859320722,735.0
2024-01-21 15:33:19+00:00,2024-01-21 15:33:19+00:00,582757086,27577672,2991.02,65535,10.600000000000023,10.600000000000023,2.211,2.211,0.0,300,162,81,0.0,-7.0,48.846134673804045,2.3115337640047073,Garmin Forerunner 735 XT,4.007218308930227,2023.4048926333076,2.2160651583710527,4.007218308930227,736.0
2024-01-21 15:33:20+00:00,2024-01-21 15:33:20+00:00,582756775,27577630,2993.88,65535,10.0,10.0,2.23,2.23,0.0,300,162,81,0.0,-7.0,48.84610860608518,2.3115302436053753,Garmin Forerunner 735 XT,2.9100227360956925,2026.3149153694033,2.2314714932126813,2.9100227360956925,737.0
2024-01-21 15:33:21+00:00,2024-01-21 15:33:21+00:00,582756477,27577544,2996.68,65535,9.800000000000011,9.800000000000011,2.258,2.258,0.0,300,160,81,0.0,-7.0,48.84608362801373,2.3115230351686478,Garmin Forerunner 735 XT,2.8270799524828676,2029.141995321886,2.244248868778292,2.8270799524828676,738.0
2024-01-21 15:33:22+00:00,2024-01-21 15:33:22+00:00,582756174,27577289,2999.73,65535,9.800000000000011,9.800000000000011,2.258,2.258,0.0,300,160,82,0.0,-7.0,48.84605823084712,2.3115016613155603,Garmin Forerunner 735 XT,3.2282219497366187,2032.3702172716226,2.2539945701357587,3.2282219497366187,739.0
2024-01-21 15:33:23+00:00,2024-01-21 15:33:23+00:00,582755955,27577185,3001.86,65535,9.600000000000023,9.600000000000023,2.267,2.267,0.0,300,160,82,0.0,-7.0,48.846039874479175,2.311492944136262,Garmin Forerunner 735 XT,2.1384877273843825,2034.508704999007,2.259695022624446,2.1384877273843825,740.0
2024-01-21 15:33:24+00:00,2024-01-21 15:33:24+00:00,582755707,27577097,3004.22,65535,9.600000000000023,9.600000000000023,2.267,2.267,0.0,300,160,81,0.0,-7.0,48.84601908735931,2.311485568061471,Garmin Forerunner 735 XT,2.3736053318343027,2036.8823103308414,2.262332126696845,2.3736053318343027,741.0
2024-01-21 15:33:25+00:00,2024-01-21 15:33:25+00:00,582755474,27577165,3006.42,65535,9.600000000000023,9.600000000000023,2.267,2.267,0.0,300,161,81,0.0,-7.0,48.84599955752492,2.3114912677556276,Garmin Forerunner 735 XT,2.2113077560721544,2039.0936180869135,2.264015384615397,2.2113077560721544,742.0
2024-01-21 15:33:26+00:00,2024-01-21 15:33:26+00:00,582755221,27577227,3008.8,65535,9.399999999999977,9.399999999999977,2.258,2.258,0.0,300,162,80,0.0,-7.0,48.845978351309896,2.311496464535594,Garmin Forerunner 735 XT,2.3884904222724437,2041.482108509186,2.264815384615397,2.3884904222724437,743.0
2024-01-21 15:33:27+00:00,2024-01-21 15:33:27+00:00,582754985,27577211,3010.97,65535,8.600000000000023,8.600000000000023,2.249,2.249,0.0,300,163,80,0.0,-7.0,48.84595857001841,2.3114951234310865,Garmin Forerunner 735 XT,2.201767391890125,2043.6838759010761,2.264942081447976,2.201767391890125,744.0
2024-01-21 15:33:28+00:00,2024-01-21 15:33:28+00:00,582754687,27577232,3013.73,65535,8.600000000000023,8.600000000000023,2.258,2.258,0.0,300,163,80,0.0,-7.0,48.84593359194696,2.3114968836307526,Garmin Forerunner 735 XT,2.780419873832379,2046.4642957749086,2.2624235294117767,2.780419873832379,745.0
2024-01-21 15:33:29+00:00,2024-01-21 15:33:29+00:00,582754420,27577121,3016.18,65535,8.0,8.0,2.258,2.258,0.0,300,163,80,0.0,-7.0,48.84591121226549,2.311487579718232,Garmin Forerunner 735 XT,2.579958415473984,2049.0442541903826,2.259876923076935,2.579958415473984,746.0
2024-01-21 15:33:30+00:00,2024-01-21 15:33:30+00:00,582754156,27577018,3018.62,65535,7.199999999999989,7.199999999999989,2.258,2.258,0.0,300,162,80,0.0,-7.0,48.84588908404112,2.3114789463579655,Garmin Forerunner 735 XT,2.5403544608306325,2051.5846086512133,2.254390045248881,2.5403544608306325,747.0
2024-01-21 15:33:31+00:00,2024-01-21 15:33:31+00:00,582753945,27576946,3020.53,65535,7.0,7.0,2.267,2.267,0.0,300,162,80,0.0,-7.0,48.84587139822543,2.311472911387682,Garmin Forerunner 735 XT,2.0155477123766716,2053.60015636359,2.217543891402727,2.0155477123766716,748.0
2024-01-21 15:33:32+00:00,2024-01-21 15:33:32+00:00,582753793,27576902,3021.8,65535,6.199999999999989,6.199999999999989,2.258,2.258,0.0,300,161,80,0.0,-7.0,48.845858657732606,2.3114692233502865,Garmin Forerunner 735 XT,1.4421545833793856,2055.0423109469693,2.208227149321279,1.4421545833793856,749.0
2024-01-21 15:33:33+00:00,2024-01-21 15:33:33+00:00,582753529,27577006,3024.29,65535,6.800000000000011,6.800000000000011,2.249,2.249,0.0,300,161,81,0.0,-7.0,48.84583652950823,2.311477940529585,Garmin Forerunner 735 XT,2.5418869021416635,2057.584197849111,2.233136651583722,2.5418869021416635,750.0
2024-01-21 15:33:34+00:00,2024-01-21 15:33:34+00:00,582753301,27577173,3026.65,65535,7.199999999999989,7.199999999999989,2.221,2.221,0.0,300,161,81,0.0,-7.0,48.845817418769,2.3114919383078814,Garmin Forerunner 735 XT,2.359002179044505,2059.943200028156,2.2736524886877953,2.359002179044505,751.0
2024-01-21 15:33:35+00:00,2024-01-21 15:33:35+00:00,582752985,27577064,3029.5,65535,7.399999999999977,7.399999999999977,2.221,2.221,0.0,300,160,81,0.0,-7.0,48.84579093195498,2.3114828020334244,Garmin Forerunner 735 XT,3.020126908223683,2062.9633269363794,2.3196307692307814,3.020126908223683,752.0
2024-01-21 15:33:36+00:00,2024-01-21 15:33:36+00:00,582752207,27576855,3036.86,65535,15.0,15.0,2.221,2.221,0.0,300,160,81,0.0,-7.0,48.845725720748305,2.311465283855796,Garmin Forerunner 735 XT,7.36359635722357,2070.326923293603,2.374922171945714,7.36359635722357,753.0
2024-01-21 15:33:37+00:00,2024-01-21 15:33:37+00:00,582751591,27576784,3042.58,65535,20.399999999999977,20.399999999999977,2.239,2.239,0.0,300,159,81,0.0,-7.0,48.84567408822477,2.311459332704544,Garmin Forerunner 735 XT,5.757766908855223,2076.084690202458,2.4487194570135875,5.757766908855223,754.0
2024-01-21 15:33:38+00:00,2024-01-21 15:33:38+00:00,582751100,27576801,3047.12,65535,24.399999999999977,24.399999999999977,2.697,2.697,0.0,300,159,81,0.0,-7.0,48.845632933080196,2.3114607576280832,Garmin Forerunner 735 XT,4.577431039388824,2080.662121241847,2.4739511312217326,4.577431039388824,755.0
2024-01-21 15:33:39+00:00,2024-01-21 15:33:39+00:00,582750738,27576872,3050.47,65535,26.600000000000023,26.600000000000023,2.697,2.697,0.0,300,160,81,0.0,-7.0,48.845602590590715,2.311466708779335,Garmin Forerunner 735 XT,3.401919349382174,2084.0640405912295,2.4728226244344023,3.401919349382174,756.0
2024-01-21 15:33:40+00:00,2024-01-21 15:33:40+00:00,582750313,27576814,3054.42,65535,28.600000000000023,28.600000000000023,2.547,2.547,0.0,300,160,81,0.0,-7.0,48.845566967502236,2.3114618472754955,Garmin Forerunner 735 XT,3.9770494510306174,2088.0410900422603,2.44381085972852,3.9770494510306174,757.0
2024-01-21 15:33:41+00:00,2024-01-21 15:33:41+00:00,582750100,27576778,3056.38,65535,28.200000000000045,28.200000000000045,2.463,2.463,0.0,300,160,80,0.0,-7.0,48.84554911404848,2.3114588297903538,Garmin Forerunner 735 XT,1.9974556356852071,2090.0385456779454,2.3803466063348546,1.9974556356852071,758.0
2024-01-21 15:33:42+00:00,2024-01-21 15:33:42+00:00,582749957,27576877,3057.71,65535,27.799999999999955,27.799999999999955,2.407,2.407,0.0,300,160,80,0.0,-7.0,48.845537127926946,2.3114671278744936,Garmin Forerunner 735 XT,1.4646043209423767,2091.5031499988877,2.3070868778280667,1.4646043209423767,759.0
2024-01-21 15:33:43+00:00,2024-01-21 15:33:43+00:00,582749853,27577108,3059.28,65535,27.399999999999977,27.399999999999977,2.249,2.249,0.0,300,161,81,0.0,-7.0,48.84552841074765,2.31148649007082,Garmin Forerunner 735 XT,1.7166932127573653,2093.219843211645,2.2258796380090615,1.7166932127573653,760.0
2024-01-21 15:33:44+00:00,2024-01-21 15:33:44+00:00,582749778,27577327,3060.78,65535,26.799999999999955,26.799999999999955,1.801,1.801,0.0,300,163,81,0.0,-7.0,48.84552212432027,2.3115048464387655,Garmin Forerunner 735 XT,1.5142513076252928,2094.7340945192705,2.138396380090509,1.5142513076252928,761.0
2024-01-21 15:33:45+00:00,2024-01-21 15:33:45+00:00,582749742,27577473,3061.71,65535,26.399999999999977,26.399999999999977,1.931,1.931,0.0,300,163,81,0.0,-7.0,48.84551910683513,2.311517084017396,Garmin Forerunner 735 XT,0.9562971266454338,2095.690391645916,2.0416253393665267,0.9562971266454338,762.0
2024-01-21 15:33:46+00:00,2024-01-21 15:33:46+00:00,582749705,27577930,3064.49,65535,26.799999999999955,26.799999999999955,1.931,1.931,0.0,300,163,81,0.0,-7.0,48.84551600553095,2.31155538931489,Garmin Forerunner 735 XT,2.824178360578471,2098.5145700064945,2.0071936651583817,2.824178360578471,763.0
2024-01-21 15:33:47+00:00,2024-01-21 15:33:47+00:00,582749710,27578311,3066.81,65535,26.799999999999955,26.799999999999955,1.969,1.969,0.0,300,163,81,0.0,-7.0,48.84551642462611,2.3115873243659735,Garmin Forerunner 735 XT,2.337357927809807,2100.8519279343045,2.0097330316742186,2.337357927809807,764.0
2024-01-21 15:33:48+00:00,2024-01-21 15:33:48+00:00,582749728,27578602,3068.58,65535,27.600000000000023,27.600000000000023,2.165,2.165,0.0,300,161,81,0.0,-7.0,48.84551793336868,2.3116117157042027,Garmin Forerunner 735 XT,1.7927382108421202,2102.644666145147,2.033358371040735,1.7927382108421202,765.0
2024-01-21 15:33:49+00:00,2024-01-21 15:33:49+00:00,582749820,27578909,3070.65,65535,27.399999999999977,27.399999999999977,2.165,2.165,0.0,300,160,81,0.0,-7.0,48.8455256447196,2.3116374481469393,Garmin Forerunner 735 XT,2.0690488892134042,2104.71371503436,2.0805782805429978,2.0690488892134042,766.0
2024-01-21 15:33:50+00:00,2024-01-21 15:33:50+00:00,582749966,27579260,3073.2,65535,27.200000000000045,27.200000000000045,2.174,2.174,0.0,300,160,81,0.0,-7.0,48.84553788229823,2.3116668686270714,Garmin Forerunner 735 XT,2.5468753065096963,2107.26059034087,2.149465158371052,2.5468753065096963,767.0
2024-01-21 15:33:51+00:00,2024-01-21 15:33:51+00:00,582750125,27579570,3075.62,65535,27.0,27.0,2.174,2.174,0.0,300,160,81,0.0,-7.0,48.845551209524274,2.311692852526903,Garmin Forerunner 735 XT,2.4106927970139345,2109.6712831378836,2.22261266968327,2.4106927970139345,768.0
2024-01-21 15:33:52+00:00,2024-01-21 15:33:52+00:00,582750316,27579792,3077.86,65535,26.600000000000023,26.600000000000023,2.258,2.258,0.0,300,159,81,0.0,-7.0,48.84556721895933,2.311711460351944,Garmin Forerunner 735 XT,2.241226765498873,2111.9125099033827,2.2478153846153965,2.241226765498873,769.0
2024-01-21 15:33:53+00:00,2024-01-21 15:33:53+00:00,582750516,27580041,3080.26,65535,26.0,26.0,2.286,2.286,0.0,300,158,81,0.0,-7.0,48.845583982765675,2.311732331290841,Garmin Forerunner 735 XT,2.409814061813609,2114.322323965196,2.27119638009051,2.409814061813609,770.0
2024-01-21 15:33:54+00:00,2024-01-21 15:33:54+00:00,582750635,27580239,3081.91,65535,26.0,26.0,2.295,2.295,0.0,300,157,81,0.0,-7.0,48.84559395723045,2.3117489274591208,Garmin Forerunner 735 XT,1.6446901210588432,2115.967014086255,2.2788199095022748,1.6446901210588432,771.0
2024-01-21 15:33:55+00:00,2024-01-21 15:33:55+00:00,582750783,27580394,3083.58,65535,26.0,26.0,2.295,2.295,0.0,300,157,81,0.0,-7.0,48.84560636244714,2.3117619194090366,Garmin Forerunner 735 XT,1.6752828999152234,2117.64229698617,2.275575565610872,1.6752828999152234,772.0
2024-01-21 15:33:56+00:00,2024-01-21 15:33:56+00:00,582751044,27580534,3086.11,65535,26.600000000000023,26.600000000000023,2.277,2.277,0.0,300,157,81,0.0,-7.0,48.84562823921442,2.311773654073477,Garmin Forerunner 735 XT,2.5796970235918266,2120.221994009762,2.2808452488687903,2.5796970235918266,773.0
2024-01-21 15:33:57+00:00,2024-01-21 15:33:57+00:00,582751263,27580643,3088.22,65535,26.799999999999955,26.799999999999955,2.267,2.267,0.0,300,157,81,0.0,-7.0,48.845646595582366,2.3117827903479338,Garmin Forerunner 735 XT,2.147836676511325,2122.3698306862734,2.2801239819004646,2.147836676511325,774.0
2024-01-21 15:33:58+00:00,2024-01-21 15:33:58+00:00,582751532,27580709,3090.73,65535,26.600000000000023,26.600000000000023,2.258,2.258,0.0,300,157,81,0.0,-7.0,48.8456691429019,2.311788322404027,Garmin Forerunner 735 XT,2.5396188681347844,2124.909449554408,2.27398823529413,2.5396188681347844,775.0
2024-01-21 15:33:59+00:00,2024-01-21 15:33:59+00:00,582751723,27580666,3092.34,65535,26.799999999999955,26.799999999999955,2.258,2.258,0.0,300,158,81,0.0,-7.0,48.845685152336955,2.3117847181856632,Garmin Forerunner 735 XT,1.7995994927586223,2126.709049047167,2.2612144796380207,1.7995994927586223,776.0
2024-01-21 15:34:00+00:00,2024-01-21 15:34:00+00:00,582752006,27580730,3094.95,65535,27.0,27.0,2.249,2.249,0.0,300,158,81,0.0,-7.0,48.84570887312293,2.311790082603693,Garmin Forerunner 735 XT,2.666681683770627,2129.3757307309374,2.2528452488687902,2.666681683770627,777.0
2024-01-21 15:34:01+00:00,2024-01-21 15:34:01+00:00,582752203,27580719,3096.76,65535,27.399999999999977,27.399999999999977,2.258,2.258,0.0,300,159,80,0.0,-7.0,48.84572538547218,2.311789160594344,Garmin Forerunner 735 XT,1.8373286574781866,2131.213059388416,2.247000000000012,1.8373286574781866,778.0
2024-01-21 15:34:02+00:00,2024-01-21 15:34:02+00:00,582752448,27580745,3099.04,65535,27.600000000000023,27.600000000000023,2.239,2.239,0.0,300,159,81,0.0,-7.0,48.84574592113495,2.3117913398891687,Garmin Forerunner 735 XT,2.2890233546444194,2133.5020827430603,2.241397285067885,2.2890233546444194,779.0
2024-01-21 15:34:03+00:00,2024-01-21 15:34:03+00:00,582752667,27580758,3101.08,65535,27.799999999999955,27.799999999999955,2.239,2.239,0.0,300,160,81,0.0,-7.0,48.845764277502894,2.311792429536581,Garmin Forerunner 735 XT,2.0426918239103142,2135.544774566971,2.239532126696844,2.0426918239103142,780.0
2024-01-21 15:34:04+00:00,2024-01-21 15:34:04+00:00,582752934,27580763,3103.57,65535,27.600000000000023,27.600000000000023,2.239,2.239,0.0,300,160,81,0.0,-7.0,48.84578665718436,2.3117928486317396,Garmin Forerunner 735 XT,2.488696002687465,2138.033470569658,2.2391656108597404,2.488696002687465,781.0
2024-01-21 15:34:05+00:00,2024-01-21 15:34:05+00:00,582753157,27580727,3105.65,65535,28.200000000000045,28.200000000000045,2.239,2.239,0.0,300,160,81,0.0,-7.0,48.845805348828435,2.311789831146598,Garmin Forerunner 735 XT,2.090112203461772,2140.12358277312,2.2402742081448084,2.090112203461772,782.0
2024-01-21 15:34:06+00:00,2024-01-21 15:34:06+00:00,582753410,27580742,3108.0,65535,28.399999999999977,28.399999999999977,2.239,2.239,0.0,300,160,81,0.0,-7.0,48.84582655504346,2.3117910884320736,Garmin Forerunner 735 XT,2.359817686702899,2142.483400459823,2.242952941176483,2.359817686702899,783.0
2024-01-21 15:34:07+00:00,2024-01-21 15:34:07+00:00,582753747,27580892,3111.27,65535,28.399999999999977,28.399999999999977,2.239,2.239,0.0,300,160,81,0.0,-7.0,48.84585480205715,2.311803661286831,Garmin Forerunner 735 XT,3.27289842097921,2145.756298880802,2.246590950226256,3.27289842097921,784.0
2024-01-21 15:34:08+00:00,2024-01-21 15:34:08+00:00,582753998,27580927,3113.57,65535,29.0,29.0,2.239,2.239,0.0,300,160,81,0.0,-7.0,48.84587584063411,2.311806594952941,Garmin Forerunner 735 XT,2.3492121527973033,2148.1055110335997,2.2493067873303287,2.3492121527973033,785.0
2024-01-21 15:34:09+00:00,2024-01-21 15:34:09+00:00,582754237,27580942,3115.8,65535,29.600000000000023,29.600000000000023,2.267,2.267,0.0,300,160,80,0.0,-7.0,48.84589587338269,2.3118078522384167,Garmin Forerunner 735 XT,2.22943917658217,2150.334950210182,2.2533592760181116,2.22943917658217,786.0
2024-01-21 15:34:10+00:00,2024-01-21 15:34:10+00:00,582754479,27580970,3118.04,65535,30.200000000000045,30.200000000000045,2.267,2.267,0.0,300,160,80,0.0,-7.0,48.84591615758836,2.3118101991713047,Garmin Forerunner 735 XT,2.2620296023892883,2152.596979812571,2.2560597285067994,2.2620296023892883,787.0
2024-01-21 15:34:11+00:00,2024-01-21 15:34:11+00:00,582754689,27580957,3119.97,65535,31.0,31.0,2.267,2.267,0.0,300,160,80,0.0,-7.0,48.84593375958502,2.3118091095238924,Garmin Forerunner 735 XT,1.9588762205644805,2154.5558560331356,2.258934841628971,1.9588762205644805,788.0
2024-01-21 15:34:12+00:00,2024-01-21 15:34:12+00:00,582754948,27580964,3122.38,65535,31.200000000000045,31.200000000000045,2.267,2.267,0.0,300,160,80,0.0,-7.0,48.84595546871424,2.3118096962571144,Garmin Forerunner 735 XT,2.414326820684651,2156.97018285382,2.2627239819004643,2.414326820684651,789.0
2024-01-21 15:34:13+00:00,2024-01-21 15:34:13+00:00,582755233,27580991,3125.03,65535,31.200000000000045,31.200000000000045,2.258,2.258,0.0,300,159,81,0.0,-7.0,48.845979357138276,2.3118119593709707,Garmin Forerunner 735 XT,2.6614288736626737,2159.631611727483,2.2662144796380215,2.6614288736626737,790.0
2024-01-21 15:34:14+00:00,2024-01-21 15:34:14+00:00,582755438,27580896,3126.83,65535,31.200000000000045,31.200000000000045,2.258,2.258,0.0,300,159,81,0.0,-7.0,48.84599654003978,2.3118039965629578,Garmin Forerunner 735 XT,1.9975260230535792,2161.6291377505363,2.2701936651583834,1.9975260230535792,791.0
2024-01-21 15:34:15+00:00,2024-01-21 15:34:15+00:00,582755748,27580925,3129.72,65535,31.399999999999977,31.399999999999977,2.267,2.267,0.0,300,159,81,0.0,-7.0,48.84602252393961,2.3118064273148775,Garmin Forerunner 735 XT,2.8947478071120862,2164.5238855576486,2.2740642533936772,2.8947478071120862,792.0
2024-01-21 15:34:16+00:00,2024-01-21 15:34:16+00:00,582756031,27580970,3132.38,65535,31.200000000000045,31.200000000000045,2.277,2.277,0.0,300,160,81,0.0,-7.0,48.846046244725585,2.3118101991713047,Garmin Forerunner 735 XT,2.6520328237331827,2167.175918381382,2.275958371040736,2.6520328237331827,793.0
2024-01-21 15:34:17+00:00,2024-01-21 15:34:17+00:00,582756314,27580983,3135.01,65535,31.0,31.0,2.286,2.286,0.0,300,163,81,0.0,-7.0,48.84606996551156,2.311811288818717,Garmin Forerunner 735 XT,2.6388359867212645,2169.8147543681034,2.280779185520374,2.6388359867212645,794.0
2024-01-21 15:34:18+00:00,2024-01-21 15:34:18+00:00,582756533,27580976,3137.02,65535,31.0,31.0,2.295,2.295,0.0,300,163,81,0.0,-7.0,48.846088321879506,2.311810702085495,Garmin Forerunner 735 XT,2.041586494074146,2171.8563408621776,2.286702262443451,2.041586494074146,795.0
2024-01-21 15:34:19+00:00,2024-01-21 15:34:19+00:00,582756826,27581107,3139.86,65535,30.0,30.0,2.295,2.295,0.0,300,163,81,0.0,-7.0,48.8461128808558,2.3118216823786497,Garmin Forerunner 735 XT,2.846585173986207,2174.7029260361637,2.2936597285067997,2.846585173986207,796.0
2024-01-21 15:34:20+00:00,2024-01-21 15:34:20+00:00,582757091,27581137,3142.29,65535,29.799999999999955,29.799999999999955,2.305,2.305,0.0,300,163,81,0.0,-7.0,48.8461350928992,2.311824196949601,Garmin Forerunner 735 XT,2.4767112453753555,2177.1796372815393,2.301431674208157,2.4767112453753555,797.0
2024-01-21 15:34:21+00:00,2024-01-21 15:34:21+00:00,582757394,27581230,3145.16,65535,28.799999999999955,28.799999999999955,2.305,2.305,0.0,300,161,81,0.0,-7.0,48.84616049006581,2.3118319921195507,Garmin Forerunner 735 XT,2.8810681545397068,2180.060705436079,2.3093058823529535,2.8810681545397068,798.0
2024-01-21 15:34:22+00:00,2024-01-21 15:34:22+00:00,582757671,27581199,3147.68,65535,28.600000000000023,28.600000000000023,2.305,2.305,0.0,300,161,81,0.0,-8.0,48.8461837079376,2.3118293937295675,Garmin Forerunner 735 XT,2.588701764490762,2182.64940720057,2.316985520362003,2.588701764490762,799.0
2024-01-21 15:34:23+00:00,2024-01-21 15:34:23+00:00,582757959,27581158,3150.28,65535,28.200000000000045,28.200000000000045,2.323,2.323,0.0,300,161,81,0.0,-8.0,48.84620784781873,2.311825957149267,Garmin Forerunner 735 XT,2.695986261703014,2185.345393462273,2.325490497737569,2.695986261703014,800.0
2024-01-21 15:34:24+00:00,2024-01-21 15:34:24+00:00,582758252,27581176,3152.99,65535,27.799999999999955,27.799999999999955,2.333,2.333,0.0,300,161,81,0.0,-8.0,48.846232406795025,2.311827465891838,Garmin Forerunner 735 XT,2.733064354030438,2188.0784578163034,2.3334253393665287,2.733064354030438,801.0
2024-01-21 15:34:25+00:00,2024-01-21 15:34:25+00:00,582758543,27581237,3155.73,65535,27.600000000000023,27.600000000000023,2.342,2.342,0.0,300,162,81,0.0,-8.0,48.846256798133254,2.3118325788527727,Garmin Forerunner 735 XT,2.7378776601757595,2190.8163354764793,2.340660633484176,2.7378776601757595,802.0
2024-01-21 15:34:26+00:00,2024-01-21 15:34:26+00:00,582758790,27581209,3157.97,65535,27.0,27.0,2.351,2.351,0.0,300,162,81,0.0,-8.0,48.84627750143409,2.3118302319198847,Garmin Forerunner 735 XT,2.308498972904961,2193.1248344493843,2.3472190045248995,2.308498972904961,803.0
2024-01-21 15:34:27+00:00,2024-01-21 15:34:27+00:00,582759015,27581167,3160.08,65535,26.799999999999955,26.799999999999955,2.361,2.361,0.0,300,162,82,0.0,-8.0,48.846296360716224,2.3118267115205526,Garmin Forerunner 735 XT,2.112819669373483,2195.2376541187577,2.3519583710407366,2.112819669373483,804.0
2024-01-21 15:34:28+00:00,2024-01-21 15:34:28+00:00,582759264,27581210,3162.4,65535,26.600000000000023,26.600000000000023,2.361,2.361,0.0,300,161,82,0.0,-8.0,48.84631723165512,2.3118303157389164,Garmin Forerunner 735 XT,2.3356807301331677,2197.573334848891,2.3550506787330443,2.3356807301331677,805.0
2024-01-21 15:34:29+00:00,2024-01-21 15:34:29+00:00,582759477,27581209,3164.39,65535,26.799999999999955,26.799999999999955,2.361,2.361,0.0,300,159,82,0.0,-8.0,48.846335085108876,2.3118302319198847,Garmin Forerunner 735 XT,1.9852229556008454,2199.558557804492,2.3560325791855328,1.9852229556008454,806.0
2024-01-21 15:34:30+00:00,2024-01-21 15:34:30+00:00,582759735,27581225,3166.8,65535,26.600000000000023,26.600000000000023,2.351,2.351,0.0,300,158,82,0.0,-8.0,48.84635671041906,2.311831573024392,Garmin Forerunner 735 XT,2.4066264627018525,2201.9651842671938,2.3555619909502385,2.4066264627018525,807.0
2024-01-21 15:34:31+00:00,2024-01-21 15:34:31+00:00,582759977,27581158,3169.06,65535,27.0,27.0,2.351,2.351,0.0,300,158,81,0.0,-8.0,48.846376994624734,2.311825957149267,Garmin Forerunner 735 XT,2.2926311615960886,2204.25781542879,2.355542986425352,2.2926311615960886,808.0
2024-01-21 15:34:32+00:00,2024-01-21 15:34:32+00:00,582760243,27581191,3171.54,65535,26.799999999999955,26.799999999999955,2.351,2.351,0.0,300,157,81,0.0,-8.0,48.84639929048717,2.311828723177314,Garmin Forerunner 735 XT,2.4874353731651597,2206.745250801955,2.3556642533936776,2.4874353731651597,809.0
2024-01-21 15:34:33+00:00,2024-01-21 15:34:33+00:00,582760584,27581336,3174.76,65535,26.200000000000045,26.200000000000045,2.351,2.351,0.0,300,157,81,0.0,-8.0,48.846427872776985,2.3118408769369125,Garmin Forerunner 735 XT,3.3002938600773084,2210.045544662032,2.35613122171947,3.3002938600773084,810.0
2024-01-21 15:34:34+00:00,2024-01-21 15:34:34+00:00,582760875,27581450,3177.56,65535,25.600000000000023,25.600000000000023,2.351,2.351,0.0,300,158,81,0.0,-8.0,48.846452264115214,2.311850432306528,Garmin Forerunner 735 XT,2.8008735909521985,2212.846418252984,2.356666063348429,2.8008735909521985,811.0
2024-01-21 15:34:35+00:00,2024-01-21 15:34:35+00:00,582761148,27581541,3180.16,65535,25.200000000000045,25.200000000000045,2.361,2.361,0.0,300,159,81,0.0,-8.0,48.84647514671087,2.311858059838414,Garmin Forerunner 735 XT,2.604926589183783,2215.451344842168,2.359010859728519,2.604926589183783,812.0
2024-01-21 15:34:36+00:00,2024-01-21 15:34:36+00:00,582761420,27581592,3182.71,65535,25.200000000000045,25.200000000000045,2.37,2.37,0.0,300,162,81,0.0,-8.0,48.8464979454875,2.3118623346090317,Garmin Forerunner 735 XT,2.5543339500708115,2218.005678792239,2.36095565610861,2.5543339500708115,813.0
2024-01-21 15:34:37+00:00,2024-01-21 15:34:37+00:00,582761692,27581631,3185.26,65535,25.0,25.0,2.37,2.37,0.0,300,163,81,0.0,-8.0,48.846520744264126,2.3118656035512686,Garmin Forerunner 735 XT,2.546368591903644,2220.5520473841425,2.3641610859728637,2.546368591903644,814.0
2024-01-21 15:34:38+00:00,2024-01-21 15:34:38+00:00,582761980,27581711,3187.94,65535,24.200000000000045,24.200000000000045,2.37,2.37,0.0,300,163,81,0.0,-8.0,48.84654488414526,2.311872309073806,Garmin Forerunner 735 XT,2.7287114791992937,2223.280758863342,2.368072398190058,2.7287114791992937,815.0
2024-01-21 15:34:39+00:00,2024-01-21 15:34:39+00:00,582762234,27581752,3190.32,65535,23.399999999999977,23.399999999999977,2.37,2.37,0.0,300,163,81,0.0,-8.0,48.846566174179316,2.311875745654106,Garmin Forerunner 735 XT,2.3806626094072985,2225.661421472749,2.3728886877828184,2.3806626094072985,816.0
2024-01-21 15:34:40+00:00,2024-01-21 15:34:40+00:00,582762515,27581800,3192.95,65535,23.200000000000045,23.200000000000045,2.37,2.37,0.0,300,162,81,0.0,-8.0,48.84658972732723,2.3118797689676285,Garmin Forerunner 735 XT,2.6354859383184777,2228.296907411068,2.3781031674208277,2.6354859383184777,817.0
2024-01-21 15:34:41+00:00,2024-01-21 15:34:41+00:00,582762848,27581916,3196.14,65535,22.399999999999977,22.399999999999977,2.379,2.379,0.0,300,160,81,0.0,-8.0,48.84661763906479,2.3118894919753075,Garmin Forerunner 735 XT,3.1841493252179998,2231.481056736286,2.383209049773769,3.1841493252179998,818.0
2024-01-21 15:34:42+00:00,2024-01-21 15:34:42+00:00,582763161,27581976,3199.08,65535,22.0,22.0,2.379,2.379,0.0,300,159,81,0.0,-8.0,48.846643874421716,2.3118945211172104,Garmin Forerunner 735 XT,2.940358783129723,2234.421415519416,2.386993665158384,2.940358783129723,819.0
2024-01-21 15:34:43+00:00,2024-01-21 15:34:43+00:00,582763424,27581944,3201.53,65535,21.799999999999955,21.799999999999955,2.398,2.398,0.0,300,159,81,0.0,-8.0,48.84666591882706,2.3118918389081955,Garmin Forerunner 735 XT,2.4590711667617025,2236.8804866861774,2.391628959276031,2.4590711667617025,820.0
2024-01-21 15:34:44+00:00,2024-01-21 15:34:44+00:00,582763683,27581857,3204.01,65535,21.399999999999977,21.399999999999977,2.407,2.407,0.0,300,159,81,0.0,-8.0,48.84668762795627,2.3118845466524363,Garmin Forerunner 735 XT,2.4722194713947494,2239.3527061575724,2.3965131221719584,2.4722194713947494,821.0
2024-01-21 15:34:45+00:00,2024-01-21 15:34:45+00:00,582763940,27581837,3206.4,65535,20.799999999999955,20.799999999999955,2.407,2.407,0.0,300,159,81,0.0,-8.0,48.84670916944742,2.311882870271802,Garmin Forerunner 735 XT,2.3984435340380736,2241.7511496916104,2.4011149321267093,2.3984435340380736,822.0
2024-01-21 15:34:46+00:00,2024-01-21 15:34:46+00:00,582764196,27581821,3208.78,65535,20.200000000000045,20.200000000000045,2.407,2.407,0.0,300,159,81,0.0,-8.0,48.84673062711954,2.3118815291672945,Garmin Forerunner 735 XT,2.388001555407095,2244.1391512470177,2.4053864253393793,2.388001555407095,823.0
2024-01-21 15:34:47+00:00,2024-01-21 15:34:47+00:00,582764468,27581804,3211.32,65535,19.799999999999955,19.799999999999955,2.407,2.407,0.0,300,159,81,0.0,-8.0,48.84675342589617,2.3118801042437553,Garmin Forerunner 735 XT,2.537251650726577,2246.676402897744,2.4100334841629087,2.537251650726577,824.0
2024-01-21 15:34:48+00:00,2024-01-21 15:34:48+00:00,582764766,27581901,3214.15,65535,19.799999999999955,19.799999999999955,2.407,2.407,0.0,300,160,81,0.0,-8.0,48.84677840396762,2.3118882346898317,Garmin Forerunner 735 XT,2.840440189511676,2249.516843087256,2.4137420814479764,2.840440189511676,825.0
2024-01-21 15:34:49+00:00,2024-01-21 15:34:49+00:00,582765068,27582023,3217.07,65535,20.0,20.0,2.417,2.417,0.0,300,161,81,0.0,-8.0,48.8468037173152,2.311898460611701,Garmin Forerunner 735 XT,2.912480798986622,2252.4293238862424,2.4182443438914154,2.912480798986622,826.0
2024-01-21 15:34:50+00:00,2024-01-21 15:34:50+00:00,582765373,27582165,3220.03,65535,20.0,20.0,2.417,2.417,0.0,300,161,81,0.0,-8.0,48.84682928211987,2.3119103629142046,Garmin Forerunner 735 XT,2.973105481643448,2255.402429367886,2.422226244343904,2.973105481643448,827.0
2024-01-21 15:34:51+00:00,2024-01-21 15:34:51+00:00,582765651,27582263,3222.68,65535,19.399999999999977,19.399999999999977,2.426,2.426,0.0,300,160,81,0.0,-8.0,48.84685258381069,2.3119185771793127,Garmin Forerunner 735 XT,2.6598357674232918,2258.062265135309,2.4270045248868906,2.6598357674232918,828.0
2024-01-21 15:34:52+00:00,2024-01-21 15:34:52+00:00,582765942,27582288,3225.39,65535,19.399999999999977,19.399999999999977,2.435,2.435,0.0,300,158,80,0.0,-8.0,48.846876975148916,2.3119206726551056,Garmin Forerunner 735 XT,2.7165240557315964,2260.7787891910407,2.4324361990950356,2.7165240557315964,829.0
2024-01-21 15:34:53+00:00,2024-01-21 15:34:53+00:00,582766216,27582309,3227.94,65535,19.200000000000045,19.200000000000045,2.445,2.445,0.0,300,158,79,0.5,-8.0,48.846899941563606,2.3119224328547716,Garmin Forerunner 735 XT,2.5569948714683144,2263.335784062509,2.438673303167434,2.5569948714683144,830.0
2024-01-21 15:34:54+00:00,2024-01-21 15:34:54+00:00,582766493,27582258,3230.53,65535,19.399999999999977,19.399999999999977,2.445,2.445,0.0,300,158,79,0.5,-8.0,48.84692315943539,2.311918158084154,Garmin Forerunner 735 XT,2.600590395061695,2265.9363744575708,2.445118552036212,2.600590395061695,831.0
2024-01-21 15:34:55+00:00,2024-01-21 15:34:55+00:00,582766791,27582237,3233.3,65535,19.799999999999955,19.799999999999955,2.454,2.454,0.0,300,157,80,0.0,-8.0,48.84694813750684,2.311916397884488,Garmin Forerunner 735 XT,2.7804197559226034,2268.7167942134934,2.45053936651585,2.7804197559226034,832.0
2024-01-21 15:34:56+00:00,2024-01-21 15:34:56+00:00,582767107,27582281,3236.25,65535,20.0,20.0,2.454,2.454,0.0,300,158,80,0.0,-8.0,48.846974624320865,2.3119200859218836,Garmin Forerunner 735 XT,2.957537623883049,2271.6743318373765,2.4555031674208276,2.957537623883049,833.0
2024-01-21 15:34:57+00:00,2024-01-21 15:34:57+00:00,582767375,27582289,3238.75,65535,20.200000000000045,20.200000000000045,2.454,2.454,0.0,300,158,81,0.0,-8.0,48.846997087821364,2.3119207564741373,Garmin Forerunner 735 XT,2.498309180358423,2274.172641017735,2.460080542986438,2.498309180358423,834.0
2024-01-21 15:34:58+00:00,2024-01-21 15:34:58+00:00,582767632,27582279,3241.13,65535,20.0,20.0,2.463,2.463,0.0,300,158,81,0.0,-8.0,48.847018629312515,2.31191991828382,Garmin Forerunner 735 XT,2.3960896555824798,2276.568730673317,2.4634361990950353,2.3960896555824798,835.0
2024-01-21 15:34:59+00:00,2024-01-21 15:34:59+00:00,582767933,27582304,3243.95,65535,20.0,20.0,2.473,2.473,0.0,300,158,81,0.0,-8.0,48.84704385884106,2.311922013759613,Garmin Forerunner 735 XT,2.809582870130961,2279.3783135434483,2.4668054298642663,2.809582870130961,836.0
2024-01-21 15:35:00+00:00,2024-01-21 15:35:00+00:00,582768232,27582327,3246.73,65535,20.399999999999977,20.399999999999977,2.473,2.473,0.0,300,159,81,0.0,-8.0,48.847068920731544,2.3119239415973425,Garmin Forerunner 735 XT,2.7903232807781557,2282.1686368242263,2.471285067873316,2.7903232807781557,837.0
2024-01-21 15:35:01+00:00,2024-01-21 15:35:01+00:00,582768513,27582396,3249.38,65535,21.0,21.0,2.473,2.473,0.0,300,159,81,0.0,-8.0,48.84709247387946,2.311929725110531,Garmin Forerunner 735 XT,2.652963037412262,2284.8215998616383,2.4763104072398323,2.652963037412262,838.0
2024-01-21 15:35:02+00:00,2024-01-21 15:35:02+00:00,582768819,27582543,3252.36,65535,21.200000000000045,21.200000000000045,2.482,2.482,0.0,300,159,80,0.0,-8.0,48.84711812250316,2.311942046508193,Garmin Forerunner 735 XT,2.9911171528901104,2287.8127170145285,2.4810461538461674,2.9911171528901104,839.0
2024-01-21 15:35:03+00:00,2024-01-21 15:35:03+00:00,582769146,27582669,3255.51,65535,21.799999999999955,21.799999999999955,2.482,2.482,0.0,300,159,80,0.0,-8.0,48.84714553132653,2.311952607706189,Garmin Forerunner 735 XT,3.144175413231266,2290.9568924277596,2.487362895927615,3.144175413231266,840.0
2024-01-21 15:35:04+00:00,2024-01-21 15:35:04+00:00,582769423,27582743,3258.13,65535,22.200000000000045,22.200000000000045,2.491,2.491,0.0,300,158,80,0.0,-8.0,48.84716874919832,2.311958810314536,Garmin Forerunner 735 XT,2.6213016050471962,2293.578194032807,2.493946606334855,2.6213016050471962,841.0
2024-01-21 15:35:05+00:00,2024-01-21 15:35:05+00:00,582769723,27582823,3260.96,65535,22.200000000000045,22.200000000000045,2.501,2.501,0.0,300,158,80,0.0,-8.0,48.84719389490783,2.3119655158370733,Garmin Forerunner 735 XT,2.838801546258671,2296.4169955790658,2.4994832579185657,2.838801546258671,842.0
2024-01-21 15:35:06+00:00,2024-01-21 15:35:06+00:00,582770015,27582842,3263.68,65535,22.799999999999955,22.799999999999955,2.51,2.51,0.0,300,157,80,0.0,-8.0,48.84721837006509,2.311967108398676,Garmin Forerunner 735 XT,2.7240071432257262,2299.1410027222914,2.505704977375579,2.7240071432257262,843.0
2024-01-21 15:35:07+00:00,2024-01-21 15:35:07+00:00,582770330,27582844,3266.6,65535,23.399999999999977,23.399999999999977,2.51,2.51,0.0,300,157,80,0.0,-8.0,48.84724477306008,2.3119672760367393,Garmin Forerunner 735 XT,2.9359047175723703,2302.0769074398636,2.51268235294119,2.9359047175723703,844.0
2024-01-21 15:35:08+00:00,2024-01-21 15:35:08+00:00,582770624,27582858,3269.34,65535,23.399999999999977,23.399999999999977,2.519,2.519,0.0,300,155,80,0.0,-8.0,48.84726941585541,2.3119684495031834,Garmin Forerunner 735 XT,2.741498880033555,2304.8184063198973,2.519121266968339,2.741498880033555,845.0
2024-01-21 15:35:09+00:00,2024-01-21 15:35:09+00:00,582770904,27582853,3271.95,65535,23.600000000000023,23.600000000000023,2.529,2.529,0.0,300,154,80,0.0,-8.0,48.84729288518429,2.311968030408025,Garmin Forerunner 735 XT,2.6098504832455105,2307.428256803143,2.5237981900452624,2.6098504832455105,846.0
2024-01-21 15:35:10+00:00,2024-01-21 15:35:10+00:00,582771196,27582796,3274.7,65535,23.799999999999955,23.799999999999955,2.529,2.529,0.0,300,154,80,0.0,-8.0,48.84731736034155,2.311963252723217,Garmin Forerunner 735 XT,2.743876075944611,2310.1721328790877,2.5285357466063485,2.743876075944611,847.0
2024-01-21 15:35:11+00:00,2024-01-21 15:35:11+00:00,582771449,27582725,3277.09,65535,23.799999999999955,23.799999999999955,2.529,2.529,0.0,300,154,80,0.0,-8.0,48.84733856655657,2.311957301571965,Garmin Forerunner 735 XT,2.397896491119811,2312.5700293702075,2.5314045248868915,2.397896491119811,848.0
2024-01-21 15:35:12+00:00,2024-01-21 15:35:12+00:00,582771735,27582731,3279.75,65535,23.799999999999955,23.799999999999955,2.538,2.538,0.0,300,154,80,0.0,-8.0,48.84736253879964,2.3119578044861555,Garmin Forerunner 735 XT,2.6658458217067,2315.235875191914,2.5343565610859864,2.6658458217067,849.0
2024-01-21 15:35:13+00:00,2024-01-21 15:35:13+00:00,582772029,27582774,3282.5,65535,24.200000000000045,24.200000000000045,2.538,2.538,0.0,300,154,80,0.0,-8.0,48.84738718159497,2.3119614087045193,Garmin Forerunner 735 XT,2.752816487142369,2317.9886916790565,2.5369085972850813,2.752816487142369,850.0
2024-01-21 15:35:14+00:00,2024-01-21 15:35:14+00:00,582772316,27582822,3285.19,65535,24.799999999999955,24.799999999999955,2.538,2.538,0.0,300,154,80,0.0,-8.0,48.84741123765707,2.3119654320180416,Garmin Forerunner 735 XT,2.69106415709999,2320.6797558361563,2.5389176470588373,2.69106415709999,851.0
2024-01-21 15:35:15+00:00,2024-01-21 15:35:15+00:00,582772598,27582855,3287.82,65535,25.200000000000045,25.200000000000045,2.538,2.538,0.0,300,154,80,0.0,-8.0,48.847434874624014,2.311968198046088,Garmin Forerunner 735 XT,2.6360924873751554,2323.3158483235316,2.541065158371054,2.6360924873751554,852.0
2024-01-21 15:35:16+00:00,2024-01-21 15:35:16+00:00,582772942,27582915,3291.05,65535,26.200000000000045,26.200000000000045,2.547,2.547,0.0,300,154,80,0.0,-8.0,48.847463708370924,2.311973227187991,Garmin Forerunner 735 XT,3.2272166288661284,2326.543064952398,2.5450832579185656,3.2272166288661284,853.0
2024-01-21 15:35:17+00:00,2024-01-21 15:35:17+00:00,582773264,27582961,3294.07,65535,26.600000000000023,26.600000000000023,2.547,2.547,0.0,300,155,80,0.0,-8.0,48.847490698099136,2.31197708286345,Garmin Forerunner 735 XT,3.0143532788940606,2329.5574182312916,2.550407239819018,3.0143532788940606,854.0
2024-01-21 15:35:18+00:00,2024-01-21 15:35:18+00:00,582773604,27582989,3297.23,65535,27.200000000000045,27.200000000000045,2.557,2.557,0.0,300,155,80,0.0,-8.0,48.84751919656992,2.311979429796338,Garmin Forerunner 735 XT,3.173535383102905,2332.7309536143944,2.5562018099547643,3.173535383102905,855.0
2024-01-21 15:35:19+00:00,2024-01-21 15:35:19+00:00,582773995,27583013,3300.88,65535,28.200000000000045,28.200000000000045,2.557,2.557,0.0,300,155,80,0.0,-8.0,48.84755196981132,2.3119814414530993,Garmin Forerunner 735 XT,3.647189866028059,2336.3781434804223,2.5624561085972983,3.647189866028059,856.0
2024-01-21 15:35:20+00:00,2024-01-21 15:35:20+00:00,582774346,27583045,3304.15,65535,28.799999999999955,28.799999999999955,2.566,2.566,0.0,300,155,80,0.0,-8.0,48.84758139029145,2.311984123662114,Garmin Forerunner 735 XT,3.2772902954246295,2339.655433775847,2.5701855203620045,3.2772902954246295,857.0
2024-01-21 15:35:21+00:00,2024-01-21 15:35:21+00:00,582774688,27583064,3307.34,65535,29.399999999999977,29.399999999999977,2.585,2.585,0.0,300,155,80,0.0,-8.0,48.8476100564003,2.3119857162237167,Garmin Forerunner 735 XT,3.1896553338834934,2342.8450891097305,2.5791592760181135,3.1896553338834934,858.0
2024-01-21 15:35:22+00:00,2024-01-21 15:35:22+00:00,582775021,27583048,3310.44,65535,30.200000000000045,30.200000000000045,2.594,2.594,0.0,300,155,80,0.0,-8.0,48.84763796813786,2.3119843751192093,Garmin Forerunner 735 XT,3.105194643089406,2345.95028375282,2.5885357466063486,3.105194643089406,859.0
2024-01-21 15:35:23+00:00,2024-01-21 15:35:23+00:00,582775336,27582991,3313.38,65535,30.799999999999955,30.799999999999955,2.594,2.594,0.0,300,155,80,0.0,-8.0,48.84766437113285,2.3119795974344015,Garmin Forerunner 735 XT,2.9566206280628844,2348.9069043808827,2.5981085972850817,2.9566206280628844,860.0
2024-01-21 15:35:24+00:00,2024-01-21 15:35:24+00:00,582775655,27582969,3316.36,65535,31.600000000000023,31.600000000000023,2.603,2.603,0.0,300,155,80,0.0,-8.0,48.84769110940397,2.3119777534157038,Garmin Forerunner 735 XT,2.976220395102987,2351.883124775986,2.6071176470588373,2.976220395102987,861.0
2024-01-21 15:35:25+00:00,2024-01-21 15:35:25+00:00,582775960,27582936,3319.2,65535,31.600000000000023,31.600000000000023,2.613,2.613,0.0,300,156,80,0.0,-8.0,48.84771667420864,2.311974987387657,Garmin Forerunner 735 XT,2.849872908211444,2354.7329976841975,2.6142488687782945,2.849872908211444,862.0
2024-01-21 15:35:26+00:00,2024-01-21 15:35:26+00:00,582776217,27582826,3321.66,65535,31.799999999999955,31.799999999999955,2.622,2.622,0.0,300,156,81,0.0,-8.0,48.84773821569979,2.3119657672941685,Garmin Forerunner 735 XT,2.488504581383143,2357.2215022655805,2.619572850678747,2.488504581383143,863.0
2024-01-21 15:35:27+00:00,2024-01-21 15:35:27+00:00,582776455,27582734,3323.91,65535,32.39999999999998,32.39999999999998,2.631,2.631,0.0,300,156,81,0.0,-8.0,48.84775816462934,2.3119580559432507,Garmin Forerunner 735 XT,2.288862777189394,2359.51036504277,2.623595475113136,2.288862777189394,864.0
2024-01-21 15:35:28+00:00,2024-01-21 15:35:28+00:00,582776680,27582656,3326.05,65535,33.200000000000045,33.200000000000045,2.631,2.631,0.0,300,156,81,0.0,-8.0,48.847777023911476,2.311951518058777,Garmin Forerunner 735 XT,2.1509324020923914,2361.661297444862,2.625728506787344,2.1509324020923914,865.0
2024-01-21 15:35:29+00:00,2024-01-21 15:35:29+00:00,582776945,27582651,3328.52,65535,33.200000000000045,33.200000000000045,2.631,2.631,0.0,300,156,80,0.0,-8.0,48.84779923595488,2.3119510989636183,Garmin Forerunner 735 XT,2.4700569112486264,2364.131354356111,2.6268253393665297,2.4700569112486264,866.0
2024-01-21 15:35:30+00:00,2024-01-21 15:35:30+00:00,582777246,27582673,3331.33,65535,33.39999999999998,33.39999999999998,2.622,2.622,0.0,300,156,80,0.0,-8.0,48.84782446548343,2.311952942982316,Garmin Forerunner 735 XT,2.808638660829987,2366.939993016941,2.627620814479652,2.808638660829987,867.0
2024-01-21 15:35:31+00:00,2024-01-21 15:35:31+00:00,582777523,27582695,3333.91,65535,33.60000000000002,33.60000000000002,2.622,2.622,0.0,300,155,80,0.0,-8.0,48.84784768335521,2.3119547870010138,Garmin Forerunner 735 XT,2.585233252969735,2369.525226269911,2.6271447963801045,2.585233252969735,868.0
2024-01-21 15:35:32+00:00,2024-01-21 15:35:32+00:00,582777788,27582701,3336.38,65535,33.799999999999955,33.799999999999955,2.622,2.622,0.0,300,155,80,0.0,-8.0,48.84786989539862,2.311955289915204,Garmin Forerunner 735 XT,2.470140670497169,2371.995366940408,2.6263085972850817,2.470140670497169,869.0
2024-01-21 15:35:33+00:00,2024-01-21 15:35:33+00:00,582778050,27582757,3338.84,65535,33.39999999999998,33.39999999999998,2.631,2.631,0.0,300,155,81,0.0,-8.0,48.847891855984926,2.31195998378098,Garmin Forerunner 735 XT,2.4659423125633193,2374.461309252971,2.6256081447963937,2.4659423125633193,870.0
2024-01-21 15:35:34+00:00,2024-01-21 15:35:34+00:00,582778331,27582821,3341.48,65535,33.0,33.0,2.622,2.622,0.0,300,155,81,0.0,-8.0,48.84791540913284,2.31196534819901,Garmin Forerunner 735 XT,2.648243107467671,2377.109552360439,2.625420814479652,2.648243107467671,871.0
2024-01-21 15:35:35+00:00,2024-01-21 15:35:35+00:00,582778589,27582861,3343.9,65535,33.0,33.0,2.622,2.622,0.0,300,156,81,0.0,-8.0,48.84793703444302,2.3119687009602785,Garmin Forerunner 735 XT,2.417107318307795,2379.526659678747,2.6262760180995617,2.417107318307795,872.0
2024-01-21 15:35:36+00:00,2024-01-21 15:35:36+00:00,582778825,27582935,3346.13,65535,32.799999999999955,32.799999999999955,2.631,2.631,0.0,300,156,81,0.0,-8.0,48.847956815734506,2.3119749035686255,Garmin Forerunner 735 XT,2.245916362594697,2381.7725760413414,2.6275384615384754,2.245916362594697,873.0
2024-01-21 15:35:37+00:00,2024-01-21 15:35:37+00:00,582779119,27583086,3348.96,65535,32.0,32.0,2.631,2.631,0.0,300,156,81,0.0,-8.0,48.84798145852983,2.3119875602424145,Garmin Forerunner 735 XT,2.89242983979817,2384.6650058811397,2.6298434389140413,2.89242983979817,874.0
2024-01-21 15:35:38+00:00,2024-01-21 15:35:38+00:00,582779447,27583163,3351.97,65535,30.600000000000023,30.600000000000023,2.631,2.631,0.0,300,156,81,0.0,-8.0,48.84800895117223,2.3119940143078566,Garmin Forerunner 735 XT,3.093305593988222,2387.758311475128,2.6314153846153987,3.093305593988222,875.0
2024-01-21 15:35:39+00:00,2024-01-21 15:35:39+00:00,582779681,27583126,3354.17,65535,29.600000000000023,29.600000000000023,2.631,2.631,0.0,300,156,81,0.0,-8.0,48.848028564825654,2.311990913003683,Garmin Forerunner 735 XT,2.1927132849451363,2389.951024760073,2.63306606334843,2.1927132849451363,876.0
2024-01-21 15:35:40+00:00,2024-01-21 15:35:40+00:00,582779948,27583194,3356.64,65535,29.0,29.0,2.631,2.631,0.0,300,156,81,0.0,-8.0,48.84805094450712,2.3119966126978397,Garmin Forerunner 735 XT,2.5232138732339005,2392.474238633307,2.633053393665172,2.5232138732339005,877.0
2024-01-21 15:35:41+00:00,2024-01-21 15:35:41+00:00,582780232,27583357,3359.44,65535,28.200000000000045,28.200000000000045,2.631,2.631,0.0,300,155,81,0.0,-8.0,48.84807474911213,2.3120102752000093,Garmin Forerunner 735 XT,2.8294515608461723,2395.303690194153,2.6324180995475253,2.8294515608461723,878.0
2024-01-21 15:35:42+00:00,2024-01-21 15:35:42+00:00,582780460,27583435,3361.59,65535,27.600000000000023,27.600000000000023,2.631,2.631,0.0,300,154,81,0.0,-8.0,48.84809385985136,2.312016813084483,Garmin Forerunner 735 XT,2.178201015836758,2397.48189120999,2.6290361990950366,2.178201015836758,879.0
2024-01-21 15:35:43+00:00,2024-01-21 15:35:43+00:00,582780674,27583476,3363.6,65535,26.799999999999955,26.799999999999955,2.631,2.631,0.0,300,154,81,0.0,-8.0,48.84811179712415,2.3120202496647835,Garmin Forerunner 735 XT,2.010323061006959,2399.492214270997,2.622803619909516,2.010323061006959,880.0
2024-01-21 15:35:44+00:00,2024-01-21 15:35:44+00:00,582780879,27583510,3365.53,65535,25.799999999999955,25.799999999999955,2.622,2.622,0.0,300,154,81,0.0,-8.0,48.84812898002565,2.312023099511862,Garmin Forerunner 735 XT,1.9219974373034838,2401.4142117083006,2.6161085972850815,1.9219974373034838,881.0
2024-01-21 15:35:45+00:00,2024-01-21 15:35:45+00:00,582781106,27583543,3367.65,65535,25.600000000000023,25.600000000000023,2.613,2.613,0.0,300,155,81,0.0,-8.0,48.84814800694585,2.3120258655399084,Garmin Forerunner 735 XT,2.125356092470566,2403.5395678007712,2.608445248868792,2.125356092470566,882.0
2024-01-21 15:35:46+00:00,2024-01-21 15:35:46+00:00,582781329,27583541,3369.73,65535,25.200000000000045,25.200000000000045,2.594,2.594,0.0,300,156,81,0.0,-8.0,48.84816669858992,2.312025697901845,Garmin Forerunner 735 XT,2.078452188775971,2405.618019989547,2.599189140271507,2.078452188775971,883.0
2024-01-21 15:35:47+00:00,2024-01-21 15:35:47+00:00,582781553,27583558,3371.82,65535,24.799999999999955,24.799999999999955,2.585,2.585,0.0,300,156,81,0.0,-8.0,48.848185474053025,2.312027122825384,Garmin Forerunner 735 XT,2.09033821900376,2407.7083582085506,2.589735746606349,2.09033821900376,884.0
2024-01-21 15:35:48+00:00,2024-01-21 15:35:48+00:00,582781802,27583592,3374.15,65535,24.399999999999977,24.399999999999977,2.575,2.575,0.0,300,157,80,0.0,-8.0,48.84820634499192,2.3120299726724625,Garmin Forerunner 735 XT,2.3300924472892754,2410.03845065584,2.579680542986439,2.3300924472892754,885.0
2024-01-21 15:35:49+00:00,2024-01-21 15:35:49+00:00,582782041,27583637,3376.38,65535,23.399999999999977,23.399999999999977,2.566,2.566,0.0,300,157,80,0.0,-8.0,48.8482263777405,2.3120337445288897,Garmin Forerunner 735 XT,2.244573090882676,2412.2830237467224,2.570500452488701,2.244573090882676,886.0
2024-01-21 15:35:50+00:00,2024-01-21 15:35:50+00:00,582782233,27583580,3378.18,65535,22.600000000000023,22.600000000000023,2.566,2.566,0.0,300,157,80,0.0,-8.0,48.84824247099459,2.312028966844082,Garmin Forerunner 735 XT,1.8233169498578397,2414.1063406965804,2.561872398190059,1.8233169498578397,887.0
2024-01-21 15:35:51+00:00,2024-01-21 15:35:51+00:00,582782479,27583719,3380.56,65535,22.200000000000045,22.200000000000045,2.557,2.557,0.0,300,156,80,0.0,-8.0,48.848263090476394,2.3120406176894903,Garmin Forerunner 735 XT,2.446147977221911,2416.552488673802,2.5560606334841762,2.446147977221911,888.0
2024-01-21 15:35:52+00:00,2024-01-21 15:35:52+00:00,582782742,27583866,3383.07,65535,21.600000000000023,21.600000000000023,2.547,2.547,0.0,300,156,80,0.0,-8.0,48.848285134881735,2.3120529390871525,Garmin Forerunner 735 XT,2.611774688265851,2419.164263362068,2.5509185520362125,2.611774688265851,889.0
2024-01-21 15:35:53+00:00,2024-01-21 15:35:53+00:00,582782999,27583953,3385.51,65535,21.799999999999955,21.799999999999955,2.547,2.547,0.0,300,156,80,0.0,-8.0,48.848306676372886,2.3120602313429117,Garmin Forerunner 735 XT,2.4540179043584813,2421.6182812664265,2.547025339366529,2.4540179043584813,890.0
2024-01-21 15:35:54+00:00,2024-01-21 15:35:54+00:00,582783235,27584083,3387.83,65535,21.600000000000023,21.600000000000023,2.538,2.538,0.0,300,155,80,0.0,-8.0,48.84832645766437,2.3120711278170347,Garmin Forerunner 735 XT,2.3396301032069218,2423.9579113696336,2.540940271493226,2.3396301032069218,891.0
2024-01-21 15:35:55+00:00,2024-01-21 15:35:55+00:00,582783476,27584234,3390.23,65535,21.0,21.0,2.538,2.538,0.0,300,154,80,0.0,-8.0,48.848346658051014,2.3120837844908237,Garmin Forerunner 735 XT,2.4296134941002796,2426.3875248637337,2.533136651583724,2.4296134941002796,892.0
2024-01-21 15:35:56+00:00,2024-01-21 15:35:56+00:00,582783699,27584341,3392.4,65535,20.600000000000023,20.600000000000023,2.529,2.529,0.0,300,154,80,0.0,-8.0,48.84836534969509,2.3120927531272173,Garmin Forerunner 735 XT,2.1795606261460883,2428.56708548988,2.5242561085972985,2.1795606261460883,893.0
2024-01-21 15:35:57+00:00,2024-01-21 15:35:57+00:00,582783904,27584471,3394.44,65535,20.0,20.0,2.529,2.529,0.0,300,155,80,0.0,-8.0,48.84838253259659,2.3121036496013403,Garmin Forerunner 735 XT,2.0703399983848074,2430.637425488265,2.515812669683271,2.0703399983848074,894.0
2024-01-21 15:35:58+00:00,2024-01-21 15:35:58+00:00,582784118,27584619,3396.6,65535,19.399999999999977,19.399999999999977,2.51,2.51,0.0,300,156,80,0.0,-8.0,48.848400469869375,2.312116054818034,Garmin Forerunner 735 XT,2.191373040080198,2432.828798528345,2.509029864253407,2.191373040080198,895.0
2024-01-21 15:35:59+00:00,2024-01-21 15:35:59+00:00,582784357,27584770,3398.96,65535,19.0,19.0,2.501,2.501,0.0,300,157,80,0.0,-8.0,48.848420502617955,2.312128711491823,Garmin Forerunner 735 XT,2.4123902671561113,2435.2411887955013,2.5032497737556696,2.4123902671561113,896.0
2024-01-21 15:36:00+00:00,2024-01-21 15:36:00+00:00,582784669,27584908,3401.93,65535,18.399999999999977,18.399999999999977,2.482,2.482,0.0,300,157,80,0.0,-8.0,48.84844665415585,2.3121402785182,Garmin Forerunner 735 XT,3.028589732361589,2438.269778527863,2.498935746606348,3.028589732361589,897.0
2024-01-21 15:36:01+00:00,2024-01-21 15:36:01+00:00,582784973,27584955,3404.78,65535,18.0,18.0,2.482,2.482,0.0,300,157,80,0.0,-8.0,48.84847213514149,2.3121442180126905,Garmin Forerunner 735 XT,2.8479822030081023,2441.117760730871,2.4959158371040857,2.8479822030081023,898.0
2024-01-21 15:36:02+00:00,2024-01-21 15:36:02+00:00,582785233,27584969,3407.2,65535,17.799999999999955,17.799999999999955,2.491,2.491,0.0,300,157,80,0.0,-8.0,48.84849392808974,2.3121453914791346,Garmin Forerunner 735 XT,2.4247860574929883,2443.542546788364,2.494085972850692,2.4247860574929883,899.0
2024-01-21 15:36:03+00:00,2024-01-21 15:36:03+00:00,582785475,27584916,3409.47,65535,17.799999999999955,17.799999999999955,2.501,2.501,0.0,300,157,80,0.0,-8.0,48.84851421229541,2.3121409490704536,Garmin Forerunner 735 XT,2.278804040661752,2445.8213508290255,2.493977375565624,2.278804040661752,900.0
2024-01-21 15:36:04+00:00,2024-01-21 15:36:04+00:00,582785729,27584880,3411.85,65535,17.399999999999977,17.399999999999977,2.501,2.501,0.0,300,157,80,0.0,-8.0,48.84853550232947,2.312137931585312,Garmin Forerunner 735 XT,2.3776179729105804,2448.198968801936,2.4943918552036335,2.3776179729105804,901.0
2024-01-21 15:36:05+00:00,2024-01-21 15:36:05+00:00,582785999,27584864,3414.35,65535,17.0,17.0,2.501,2.501,0.0,300,157,80,0.0,-8.0,48.84855813346803,2.3121365904808044,Garmin Forerunner 735 XT,2.5183804130634138,2450.7173492149996,2.4951773755656244,2.5183804130634138,902.0
2024-01-21 15:36:06+00:00,2024-01-21 15:36:06+00:00,582786238,27584925,3416.56,65535,17.0,17.0,2.501,2.501,0.0,300,157,80,0.0,-8.0,48.84857816621661,2.312141703441739,Garmin Forerunner 735 XT,2.258739551210453,2452.97608876621,2.494300452488701,2.258739551210453,903.0
2024-01-21 15:36:07+00:00,2024-01-21 15:36:07+00:00,582786455,27584964,3418.58,65535,16.799999999999955,16.799999999999955,2.491,2.491,0.0,300,157,80,0.0,-8.0,48.848596354946494,2.312144972383976,Garmin Forerunner 735 XT,2.036589829580155,2455.01267859579,2.4922814479638142,2.036589829580155,904.0
2024-01-21 15:36:08+00:00,2024-01-21 15:36:08+00:00,582786679,27584938,3420.66,65535,16.799999999999955,16.799999999999955,2.491,2.491,0.0,300,157,80,0.0,-8.0,48.8486151304096,2.3121427930891514,Garmin Forerunner 735 XT,2.093817358239827,2457.10649595403,2.486762895927615,2.093817358239827,905.0
2024-01-21 15:36:09+00:00,2024-01-21 15:36:09+00:00,582786896,27584989,3422.71,65535,16.399999999999977,16.399999999999977,2.482,2.482,0.0,300,157,80,0.0,-8.0,48.84863331913948,2.312147067859769,Garmin Forerunner 735 XT,2.04653938425351,2459.1530353382836,2.4805520361991085,2.04653938425351,906.0
2024-01-21 15:36:10+00:00,2024-01-21 15:36:10+00:00,582787132,27585045,3424.93,65535,16.0,16.0,2.473,2.473,0.0,300,157,80,0.0,-8.0,48.848653100430965,2.312151761725545,Garmin Forerunner 735 XT,2.226232903788734,2461.379268242072,2.4743411764706016,2.226232903788734,907.0
2024-01-21 15:36:11+00:00,2024-01-21 15:36:11+00:00,582787426,27585145,3427.68,65535,16.200000000000045,16.200000000000045,2.463,2.463,0.0,300,156,80,0.0,-8.0,48.84867774322629,2.3121601436287165,Garmin Forerunner 735 XT,2.8079536067298037,2464.187221848802,2.470207239819018,2.8079536067298037,908.0
2024-01-21 15:36:12+00:00,2024-01-21 15:36:12+00:00,582787680,27585149,3430.05,65535,16.200000000000045,16.200000000000045,2.463,2.463,0.0,300,156,80,0.0,-8.0,48.848699033260345,2.3121604789048433,Garmin Forerunner 735 XT,2.367470888035407,2466.5546927368373,2.4669809954751267,2.367470888035407,909.0
2024-01-21 15:36:13+00:00,2024-01-21 15:36:13+00:00,582787949,27585121,3432.56,65535,16.600000000000023,16.600000000000023,2.463,2.463,0.0,300,156,80,0.0,-8.0,48.84872158057988,2.3121581319719553,Garmin Forerunner 735 XT,2.5130220303517685,2469.067714767189,2.4646579185520494,2.5130220303517685,910.0
2024-01-21 15:36:14+00:00,2024-01-21 15:36:14+00:00,582788212,27585138,3435.01,65535,16.799999999999955,16.799999999999955,2.463,2.463,0.0,300,157,82,0.0,-8.0,48.84874362498522,2.3121595568954945,Garmin Forerunner 735 XT,2.4534424964482087,2471.521157263637,2.4657873303167555,2.4534424964482087,911.0
2024-01-21 15:36:15+00:00,2024-01-21 15:36:15+00:00,582788497,27585212,3437.69,65535,16.799999999999955,16.799999999999955,2.473,2.473,0.0,300,158,82,0.0,-8.0,48.84876751340926,2.3121657595038414,Garmin Forerunner 735 XT,2.6947659168091755,2474.215923180446,2.4682678733031804,2.6947659168091755,912.0
2024-01-21 15:36:16+00:00,2024-01-21 15:36:16+00:00,582788787,27585273,3440.42,65535,17.200000000000045,17.200000000000045,2.473,2.473,0.0,300,158,82,0.0,-8.0,48.848791820928454,2.312170872464776,Garmin Forerunner 735 XT,2.728642544519266,2476.9445657249653,2.473798190045262,2.728642544519266,913.0
2024-01-21 15:36:17+00:00,2024-01-21 15:36:17+00:00,582789120,27585336,3443.54,65535,17.399999999999977,17.399999999999977,2.482,2.482,0.0,300,158,82,0.0,-8.0,48.848819732666016,2.312176153063774,Garmin Forerunner 735 XT,3.1276030647997337,2480.072168789765,2.4815140271493346,3.1276030647997337,914.0
2024-01-21 15:36:18+00:00,2024-01-21 15:36:18+00:00,582789467,27585397,3446.8,65535,17.600000000000023,17.600000000000023,2.482,2.482,0.0,300,158,81,0.0,-8.0,48.84884881787002,2.3121812660247087,Garmin Forerunner 735 XT,3.255694495384568,2483.3278632851493,2.489304977375579,3.255694495384568,915.0
2024-01-21 15:36:19+00:00,2024-01-21 15:36:19+00:00,582789782,27585475,3449.77,65535,17.799999999999955,17.799999999999955,2.491,2.491,0.0,300,158,81,0.0,-8.0,48.84887522086501,2.3121878039091825,Garmin Forerunner 735 XT,2.974599182150255,2486.3024624672994,2.4960868778280676,2.974599182150255,916.0
2024-01-21 15:36:20+00:00,2024-01-21 15:36:20+00:00,582790041,27585481,3452.17,65535,17.200000000000045,17.200000000000045,2.51,2.51,0.0,300,158,81,0.0,-8.0,48.848896929994226,2.312188306823373,Garmin Forerunner 735 XT,2.4142255023449466,2488.716687969644,2.502775565610873,2.4142255023449466,917.0
2024-01-21 15:36:21+00:00,2024-01-21 15:36:21+00:00,582790307,27585552,3454.68,65535,17.200000000000045,17.200000000000045,2.51,2.51,0.0,300,158,80,0.0,-8.0,48.84891922585666,2.3121942579746246,Garmin Forerunner 735 XT,2.51713881320607,2491.2338267828504,2.5077809954751267,2.51713881320607,918.0
2024-01-21 15:36:22+00:00,2024-01-21 15:36:22+00:00,582790547,27585631,3456.98,65535,17.399999999999977,17.399999999999977,2.519,2.519,0.0,300,158,80,0.0,-8.0,48.84893934242427,2.31220087967813,Garmin Forerunner 735 XT,2.2887339561240556,2493.5225607389743,2.510759276018113,2.2887339561240556,919.0
2024-01-21 15:36:23+00:00,2024-01-21 15:36:23+00:00,582790777,27585691,3459.15,65535,17.600000000000023,17.600000000000023,2.519,2.519,0.0,300,157,80,0.0,-8.0,48.84895862080157,2.312205908820033,Garmin Forerunner 735 XT,2.1750137458796597,2495.697574484854,2.5127511312217328,2.1750137458796597,920.0
2024-01-21 15:36:24+00:00,2024-01-21 15:36:24+00:00,582791046,27585774,3461.69,65535,17.399999999999977,17.399999999999977,2.51,2.51,0.0,300,156,80,0.0,-8.0,48.8489811681211,2.3122128657996655,Garmin Forerunner 735 XT,2.558304637303549,2498.2558791221577,2.513503167420828,2.558304637303549,921.0
2024-01-21 15:36:25+00:00,2024-01-21 15:36:25+00:00,582791292,27585850,3464.03,65535,17.600000000000023,17.600000000000023,2.51,2.51,0.0,300,156,80,0.0,-8.0,48.8490017876029,2.312219236046076,Garmin Forerunner 735 XT,2.339682822280195,2500.595561944438,2.5127140271493342,2.339682822280195,922.0
2024-01-21 15:36:26+00:00,2024-01-21 15:36:26+00:00,582791588,27585939,3466.84,65535,17.799999999999955,17.799999999999955,2.51,2.51,0.0,300,156,80,0.0,-8.0,48.84902659803629,2.3122266959398985,Garmin Forerunner 735 XT,2.812276425195986,2503.407838369634,2.5096669683258046,2.812276425195986,923.0
2024-01-21 15:36:27+00:00,2024-01-21 15:36:27+00:00,582791877,27586044,3469.6,65535,17.399999999999977,17.399999999999977,2.501,2.501,0.0,300,155,80,0.0,-8.0,48.849050821736455,2.3122354969382286,Garmin Forerunner 735 XT,2.769464964111447,2506.177303333746,2.505526696832592,2.769464964111447,924.0
2024-01-21 15:36:28+00:00,2024-01-21 15:36:28+00:00,582792137,27586074,3472.02,65535,16.600000000000023,16.600000000000023,2.501,2.501,0.0,300,156,79,0.5,-8.0,48.8490726146847,2.31223801150918,Garmin Forerunner 735 XT,2.430240427377893,2508.607543761124,2.5015828054298774,2.430240427377893,925.0
2024-01-21 15:36:29+00:00,2024-01-21 15:36:29+00:00,582792362,27586067,3474.1,65535,16.0,16.0,2.501,2.501,0.0,300,157,79,0.5,-8.0,48.84909147396684,2.312237424775958,Garmin Forerunner 735 XT,2.09749591024567,2510.7050396713694,2.4979601809954883,2.09749591024567,926.0
2024-01-21 15:36:30+00:00,2024-01-21 15:36:30+00:00,582792628,27586130,3476.59,65535,14.600000000000023,14.600000000000023,2.501,2.501,0.0,300,157,79,0.5,-8.0,48.84911376982927,2.312242705374956,Garmin Forerunner 735 XT,2.50911590587177,2513.214155577241,2.49598642533938,2.50911590587177,927.0
2024-01-21 15:36:31+00:00,2024-01-21 15:36:31+00:00,582792904,27586213,3479.21,65535,13.600000000000023,13.600000000000023,2.491,2.491,0.0,300,157,80,0.0,-8.0,48.84913690388203,2.3122496623545885,Garmin Forerunner 735 XT,2.6222736164468925,2515.8364291936878,2.4951891402715067,2.6222736164468925,928.0
2024-01-21 15:36:32+00:00,2024-01-21 15:36:32+00:00,582793172,27586253,3481.72,65535,13.200000000000045,13.200000000000045,2.491,2.491,0.0,300,157,80,0.0,-8.0,48.849159367382526,2.312253015115857,Garmin Forerunner 735 XT,2.5098457508258107,2518.3462749445134,2.4944850678733164,2.5098457508258107,929.0
2024-01-21 15:36:33+00:00,2024-01-21 15:36:33+00:00,582793456,27586322,3484.39,65535,12.600000000000023,12.600000000000023,2.491,2.491,0.0,300,157,81,0.0,-8.0,48.849183171987534,2.3122587986290455,Garmin Forerunner 735 XT,2.680566661099704,2521.0268416056133,2.4945909502262578,2.680566661099704,930.0
2024-01-21 15:36:34+00:00,2024-01-21 15:36:34+00:00,582793717,27586397,3486.87,65535,12.200000000000045,12.200000000000045,2.491,2.491,0.0,300,159,81,0.0,-8.0,48.84920504875481,2.312265085056424,Garmin Forerunner 735 XT,2.4756934769789587,2523.502535082592,2.495588235294131,2.4756934769789587,931.0
2024-01-21 15:36:35+00:00,2024-01-21 15:36:35+00:00,582793995,27586467,3489.5,65535,11.800000000000011,11.800000000000011,2.501,2.501,0.0,300,159,81,0.0,-8.0,48.84922835044563,2.312270952388644,Garmin Forerunner 735 XT,2.626356796205149,2526.1288918787973,2.4963122171945837,2.626356796205149,932.0
2024-01-21 15:36:36+00:00,2024-01-21 15:36:36+00:00,582794289,27586509,3492.23,65535,11.600000000000023,11.600000000000023,2.501,2.501,0.0,300,158,81,0.0,-8.0,48.84925299324095,2.3122744727879763,Garmin Forerunner 735 XT,2.752234753379864,2528.8811266321773,2.498104072398203,2.752234753379864,933.0
2024-01-21 15:36:37+00:00,2024-01-21 15:36:37+00:00,582794548,27586609,3494.72,65535,11.600000000000023,11.600000000000023,2.501,2.501,0.0,300,158,80,0.0,-8.0,48.84927470237017,2.312282854691148,Garmin Forerunner 735 XT,2.4906388996058206,2531.3717655317832,2.499669683257932,2.4906388996058206,934.0
2024-01-21 15:36:38+00:00,2024-01-21 15:36:38+00:00,582794798,27586675,3497.08,65535,12.0,12.0,2.501,2.501,0.0,300,158,80,0.0,-8.0,48.849295657128096,2.312288386747241,Garmin Forerunner 735 XT,2.364961728497618,2533.736727260281,2.5010995475113256,2.364961728497618,935.0
2024-01-21 15:36:39+00:00,2024-01-21 15:36:39+00:00,582795057,27586682,3499.49,65535,12.0,12.0,2.501,2.501,0.0,300,158,80,0.0,-8.0,48.84931736625731,2.312288973480463,Garmin Forerunner 735 XT,2.4143267694270523,2536.151054029708,2.5010995475113256,2.4143267694270523,936.0
2024-01-21 15:36:40+00:00,2024-01-21 15:36:40+00:00,582795320,27586703,3501.94,65535,12.200000000000045,12.200000000000045,2.501,2.501,0.0,300,159,80,0.0,-8.0,48.84933941066265,2.312290733680129,Garmin Forerunner 735 XT,2.454607364328596,2538.605661394037,2.50101085972852,2.454607364328596,937.0
2024-01-21 15:36:41+00:00,2024-01-21 15:36:41+00:00,582795543,27586746,3504.04,65535,11.800000000000011,11.800000000000011,2.501,2.501,0.0,300,160,80,0.0,-8.0,48.849358102306724,2.312294337898493,Garmin Forerunner 735 XT,2.0950807176720936,2540.700742111709,2.4996687782805562,2.0950807176720936,938.0
2024-01-21 15:36:42+00:00,2024-01-21 15:36:42+00:00,582795830,27586792,3506.72,65535,11.800000000000011,11.800000000000011,2.501,2.501,0.0,300,160,79,0.5,-8.0,48.849382158368826,2.3122981935739517,Garmin Forerunner 735 XT,2.6897486604606606,2543.39049077217,2.497790045248882,2.6897486604606606,939.0
2024-01-21 15:36:43+00:00,2024-01-21 15:36:43+00:00,582796079,27586782,3509.01,65535,11.800000000000011,11.800000000000011,2.491,2.491,0.0,300,160,79,0.5,-8.0,48.84940302930772,2.3122973553836346,Garmin Forerunner 735 XT,2.32155278605489,2545.7120435582247,2.4963819004525023,2.32155278605489,940.0
2024-01-21 15:36:44+00:00,2024-01-21 15:36:44+00:00,582796324,27586771,3511.28,65535,11.600000000000023,11.600000000000023,2.491,2.491,0.0,300,160,79,0.5,-8.0,48.84942356497049,2.3122964333742857,Garmin Forerunner 735 XT,2.284457900296323,2547.996501458521,2.4936977375565745,2.284457900296323,941.0
2024-01-21 15:36:45+00:00,2024-01-21 15:36:45+00:00,582796556,27586764,3513.45,65535,12.0,12.0,2.491,2.491,0.0,300,160,79,0.5,-8.0,48.84944301098585,2.3122958466410637,Garmin Forerunner 735 XT,2.1627244062431177,2550.1592258647643,2.490716742081461,2.1627244062431177,942.0
2024-01-21 15:36:46+00:00,2024-01-21 15:36:46+00:00,582796769,27586758,3515.42,65535,11.800000000000011,11.800000000000011,2.491,2.491,0.0,300,158,80,0.0,-8.0,48.84946086443961,2.3122953437268734,Garmin Forerunner 735 XT,1.9855545067235458,2552.1447803714877,2.486618099547525,1.9855545067235458,943.0
2024-01-21 15:36:47+00:00,2024-01-21 15:36:47+00:00,582797023,27586765,3517.77,65535,12.200000000000045,12.200000000000045,2.482,2.482,0.0,300,158,80,0.0,-8.0,48.84948215447366,2.3122959304600954,Garmin Forerunner 735 XT,2.3677330247692043,2554.512513396257,2.4818271493212807,2.3677330247692043,944.0
2024-01-21 15:36:48+00:00,2024-01-21 15:36:48+00:00,582797253,27586687,3519.97,65535,13.0,13.0,2.482,2.482,0.0,300,158,80,0.0,-8.0,48.84950143285096,2.3122893925756216,Garmin Forerunner 735 XT,2.1963872712105954,2556.7089006674673,2.4767692307692446,2.1963872712105954,945.0
2024-01-21 15:36:49+00:00,2024-01-21 15:36:49+00:00,582797497,27586677,3522.24,65535,13.600000000000023,13.600000000000023,2.473,2.473,0.0,300,158,80,0.0,-8.0,48.849521884694695,2.3122885543853045,Garmin Forerunner 735 XT,2.2749681245532107,2558.9838687920205,2.4712343891402844,2.2749681245532107,946.0
2024-01-21 15:36:50+00:00,2024-01-21 15:36:50+00:00,582797755,27586657,3524.65,65535,14.600000000000023,14.600000000000023,2.463,2.463,0.0,300,158,80,0.0,-8.0,48.84954351000488,2.31228687800467,Garmin Forerunner 735 XT,2.407751280537615,2561.391620072558,2.466812669683271,2.407751280537615,947.0
2024-01-21 15:36:51+00:00,2024-01-21 15:36:51+00:00,582797991,27586584,3526.89,65535,15.0,15.0,2.463,2.463,0.0,300,158,80,0.0,-8.0,48.84956329129636,2.312280759215355,Garmin Forerunner 735 XT,2.244682099367562,2563.6363021719258,2.4624633484163025,2.244682099367562,948.0
2024-01-21 15:36:52+00:00,2024-01-21 15:36:52+00:00,582798257,27586581,3529.36,65535,15.200000000000045,15.200000000000045,2.454,2.454,0.0,300,159,80,0.0,-8.0,48.8495855871588,2.3122805077582598,Garmin Forerunner 735 XT,2.4792550619816116,2566.1155572339076,2.459145701357479,2.4792550619816116,949.0
2024-01-21 15:36:53+00:00,2024-01-21 15:36:53+00:00,582798534,27586634,3531.96,65535,15.399999999999977,15.399999999999977,2.454,2.454,0.0,300,159,80,0.0,-8.0,48.849608805030584,2.3122849501669407,Garmin Forerunner 735 XT,2.602092188041544,2568.7176494219493,2.4571131221719584,2.602092188041544,950.0
2024-01-21 15:36:54+00:00,2024-01-21 15:36:54+00:00,582798897,27586687,3535.36,65535,16.399999999999977,16.399999999999977,2.454,2.454,0.0,300,159,80,0.0,-8.0,48.8496392313391,2.3122893925756216,Garmin Forerunner 735 XT,3.3988303486416864,2572.116479770591,2.4566190045249,3.3988303486416864,951.0
2024-01-21 15:36:55+00:00,2024-01-21 15:36:55+00:00,582799148,27586741,3537.72,65535,16.799999999999955,16.799999999999955,2.454,2.454,0.0,300,159,80,0.0,-8.0,48.84966026991606,2.3122939188033342,Garmin Forerunner 735 XT,2.362709676365952,2574.4791894469568,2.456670588235307,2.362709676365952,952.0
2024-01-21 15:36:56+00:00,2024-01-21 15:36:56+00:00,582799390,27586820,3540.03,65535,16.600000000000023,16.600000000000023,2.463,2.463,0.0,300,158,81,0.0,-8.0,48.84968055412173,2.3123005405068398,Garmin Forerunner 735 XT,2.306953843897004,2576.786143290854,2.458075113122185,2.306953843897004,953.0
2024-01-21 15:36:57+00:00,2024-01-21 15:36:57+00:00,582799596,27586811,3541.92,65535,17.0,17.0,2.463,2.463,0.0,300,158,81,0.0,-8.0,48.849697820842266,2.3122997861355543,Garmin Forerunner 735 XT,1.9207650020335454,2578.7069082928874,2.459052488687796,1.9207650020335454,954.0
2024-01-21 15:36:58+00:00,2024-01-21 15:36:58+00:00,582799885,27586922,3544.67,65535,15.600000000000023,15.600000000000023,2.463,2.463,0.0,300,158,81,0.0,-8.0,48.84972204454243,2.3123090900480747,Garmin Forerunner 735 XT,2.7782500674131625,2581.4851583603004,2.4596027149321396,2.7782500674131625,955.0
2024-01-21 15:36:59+00:00,2024-01-21 15:36:59+00:00,582800156,27586996,3547.21,65535,14.0,14.0,2.463,2.463,0.0,300,158,81,0.0,-8.0,48.84974475950003,2.3123152926564217,Garmin Forerunner 735 XT,2.5662388721010405,2584.0513972324015,2.4608705882353075,2.5662388721010405,956.0
2024-01-21 15:37:00+00:00,2024-01-21 15:37:00+00:00,582800404,27587048,3549.5,65535,13.399999999999977,13.399999999999977,2.463,2.463,0.0,300,158,81,0.0,-8.0,48.84976554661989,2.312319651246071,Garmin Forerunner 735 XT,2.3333200119540773,2586.3847172443557,2.4612615384615517,2.3333200119540773,957.0
2024-01-21 15:37:01+00:00,2024-01-21 15:37:01+00:00,582800673,27587111,3552.03,65535,13.0,13.0,2.463,2.463,0.0,300,158,81,0.0,-8.0,48.849788093939424,2.312324931845069,Garmin Forerunner 735 XT,2.5367460007861475,2588.9214632451417,2.4621936651583844,2.5367460007861475,958.0
2024-01-21 15:37:02+00:00,2024-01-21 15:37:02+00:00,582801133,27587039,3556.3,65535,14.200000000000045,14.200000000000045,2.463,2.463,0.0,300,159,80,0.0,-8.0,48.84982665069401,2.3123188968747854,Garmin Forerunner 735 XT,4.309996159457438,2593.2314594045993,2.4643484162896057,4.309996159457438,959.0
2024-01-21 15:37:03+00:00,2024-01-21 15:37:03+00:00,582801556,27587059,3560.24,65535,15.0,15.0,2.463,2.463,0.0,300,160,80,0.0,-8.0,48.84986210614443,2.3123205732554197,Garmin Forerunner 735 XT,3.944373906458334,2597.1758333110574,2.4686705882353075,3.944373906458334,960.0
2024-01-21 15:37:04+00:00,2024-01-21 15:37:04+00:00,582802008,27587091,3564.46,65535,16.200000000000045,16.200000000000045,2.473,2.473,0.0,300,161,80,0.0,-8.0,48.849899992346764,2.3123232554644346,Garmin Forerunner 735 XT,4.217322483441444,2601.393155794499,2.476223529411778,4.217322483441444,961.0
2024-01-21 15:37:05+00:00,2024-01-21 15:37:05+00:00,582802508,27587072,3569.07,65535,18.200000000000045,18.200000000000045,2.482,2.482,0.0,300,161,80,0.0,-8.0,48.84994190186262,2.312321662902832,Garmin Forerunner 735 XT,4.661582218087572,2606.0547380125863,2.4853447963801036,4.661582218087572,962.0
2024-01-21 15:37:06+00:00,2024-01-21 15:37:06+00:00,582802967,27587137,3573.34,65535,19.200000000000045,19.200000000000045,2.491,2.491,0.0,300,161,80,0.0,-8.0,48.84998037479818,2.3123271111398935,Garmin Forerunner 735 XT,4.296529171816583,2610.351267184403,2.497561085972864,4.296529171816583,963.0
2024-01-21 15:37:07+00:00,2024-01-21 15:37:07+00:00,582803374,27587148,3577.12,65535,19.799999999999955,19.799999999999955,2.51,2.51,0.0,300,160,81,0.0,-8.0,48.85001448914409,2.3123280331492424,Garmin Forerunner 735 XT,3.793942049688921,2614.145209234092,2.510497737556574,3.793942049688921,964.0
2024-01-21 15:37:08+00:00,2024-01-21 15:37:08+00:00,582803760,27587100,3580.69,65535,20.399999999999977,20.399999999999977,2.529,2.529,0.0,300,159,81,0.0,-8.0,48.85004684329033,2.31232400983572,Garmin Forerunner 735 XT,3.6096412763971926,2617.754850510489,2.52467420814481,3.6096412763971926,965.0
2024-01-21 15:37:09+00:00,2024-01-21 15:37:09+00:00,582804162,27587213,3584.48,65535,20.600000000000023,20.600000000000023,2.547,2.547,0.0,300,159,80,0.0,-8.0,48.85008053854108,2.312333481386304,Garmin Forerunner 735 XT,3.8102965980689323,2621.565147108558,2.53948235294119,3.8102965980689323,966.0
2024-01-21 15:37:10+00:00,2024-01-21 15:37:10+00:00,582804533,27587190,3587.94,65535,21.0,21.0,2.557,2.557,0.0,300,159,80,0.0,-8.0,48.850111635401845,2.3123315535485744,Garmin Forerunner 735 XT,3.460689172199837,2625.0258362807576,2.552752941176484,3.460689172199837,967.0
2024-01-21 15:37:11+00:00,2024-01-21 15:37:11+00:00,582804865,27587129,3591.06,65535,21.799999999999955,21.799999999999955,2.566,2.566,0.0,300,159,80,0.0,-8.0,48.850139463320374,2.31232644058764,Garmin Forerunner 735 XT,3.1168571054686605,2628.1426933862263,2.5666705882353074,3.1168571054686605,968.0
2024-01-21 15:37:12+00:00,2024-01-21 15:37:12+00:00,582805240,27587094,3594.55,65535,22.200000000000045,22.200000000000045,2.585,2.585,0.0,300,159,80,0.0,-8.0,48.85017089545727,2.3123235069215298,Garmin Forerunner 735 XT,3.5016796085111466,2631.6443729947373,2.5809276018099685,3.5016796085111466,969.0
2024-01-21 15:37:13+00:00,2024-01-21 15:37:13+00:00,582805579,27587036,3597.71,65535,23.200000000000045,23.200000000000045,2.585,2.585,0.0,300,160,80,0.0,-8.0,48.85019931010902,2.3123186454176903,Garmin Forerunner 735 XT,3.1795258205986334,2634.8238988153357,2.59312126696834,3.1795258205986334,970.0
2024-01-21 15:37:14+00:00,2024-01-21 15:37:14+00:00,582805928,27587088,3600.97,65535,23.799999999999955,23.799999999999955,2.603,2.603,0.0,300,160,80,0.0,-8.0,48.85022856295109,2.3123230040073395,Garmin Forerunner 735 XT,3.2683642318721997,2638.092263047208,2.6041656108597424,3.2683642318721997,971.0
2024-01-21 15:37:15+00:00,2024-01-21 15:37:15+00:00,582806297,27587164,3604.44,65535,24.399999999999977,24.399999999999977,2.613,2.613,0.0,300,160,80,0.0,-8.0,48.85025949217379,2.31232937425375,Garmin Forerunner 735 XT,3.4706145168551235,2641.562877564063,2.6149746606334983,3.4706145168551235,972.0
2024-01-21 15:37:16+00:00,2024-01-21 15:37:16+00:00,582806601,27587147,3607.22,65535,25.200000000000045,25.200000000000045,2.622,2.622,0.0,300,160,80,0.0,-8.0,48.85028497315943,2.3123279493302107,Garmin Forerunner 735 XT,2.8352739602089336,2644.3981515242717,2.6264823529411903,2.8352739602089336,973.0
2024-01-21 15:37:17+00:00,2024-01-21 15:37:17+00:00,582806911,27587180,3610.13,65535,25.399999999999977,25.399999999999977,2.65,2.65,0.0,300,160,80,0.0,-8.0,48.850310957059264,2.3123307153582573,Garmin Forerunner 735 XT,2.8963576471801185,2647.294509171452,2.637704072398204,2.8963576471801185,974.0
2024-01-21 15:37:18+00:00,2024-01-21 15:37:18+00:00,582807262,27587214,3613.4,65535,26.200000000000045,26.200000000000045,2.65,2.65,0.0,300,160,81,0.0,-8.0,48.850340377539396,2.3123335652053356,Garmin Forerunner 735 XT,3.2780470443851275,2650.572556215837,2.64814570135748,3.2780470443851275,975.0
2024-01-21 15:37:19+00:00,2024-01-21 15:37:19+00:00,582807615,27587260,3616.7,65535,27.200000000000045,27.200000000000045,2.65,2.65,0.0,300,160,81,0.0,-8.0,48.85036996565759,2.3123374208807945,Garmin Forerunner 735 XT,3.30212207445517,2653.874678290292,2.657609954751145,3.30212207445517,976.0
2024-01-21 15:37:20+00:00,2024-01-21 15:37:20+00:00,582807948,27587234,3619.78,65535,28.200000000000045,28.200000000000045,2.669,2.669,0.0,300,160,80,0.0,-8.0,48.85039787739515,2.31233524158597,Garmin Forerunner 735 XT,3.1077371778979557,2656.98241546819,2.667990045248883,3.1077371778979557,977.0
2024-01-21 15:37:21+00:00,2024-01-21 15:37:21+00:00,582808274,27587240,3622.81,65535,29.200000000000045,29.200000000000045,2.678,2.678,0.0,300,160,79,0.5,-8.0,48.85042520239949,2.31233574450016,Garmin Forerunner 735 XT,3.0386246731171616,2660.0210401413074,2.6774036199095166,3.0386246731171616,978.0
2024-01-21 15:37:22+00:00,2024-01-21 15:37:22+00:00,582808590,27587194,3625.77,65535,30.200000000000045,30.200000000000045,2.687,2.687,0.0,300,161,79,0.5,-8.0,48.850451689213514,2.3123318888247013,Garmin Forerunner 735 XT,2.958680295744012,2662.9797204370516,2.687342986425354,2.958680295744012,979.0
2024-01-21 15:37:23+00:00,2024-01-21 15:37:23+00:00,582808940,27587130,3629.06,65535,31.399999999999977,31.399999999999977,2.687,2.687,0.0,300,161,79,0.5,-8.0,48.850481025874615,2.3123265244066715,Garmin Forerunner 735 XT,3.2856173837122262,2666.2653378207638,2.6965076923077067,3.2856173837122262,980.0
2024-01-21 15:37:24+00:00,2024-01-21 15:37:24+00:00,582809268,27587122,3632.11,65535,32.0,32.0,2.697,2.697,0.0,300,161,80,0.0,-8.0,48.85050851851702,2.312325853854418,Garmin Forerunner 735 XT,3.0574360521536854,2669.3227738729174,2.701780090497752,3.0574360521536854,981.0
2024-01-21 15:37:25+00:00,2024-01-21 15:37:25+00:00,582809555,27587072,3634.8,65535,33.0,33.0,2.706,2.706,0.0,300,161,80,0.0,-8.0,48.85053257457912,2.312321662902832,Garmin Forerunner 735 XT,2.692431557593209,2672.015205430511,2.7055375565611,2.692431557593209,982.0
2024-01-21 15:37:26+00:00,2024-01-21 15:37:26+00:00,582809804,27587034,3637.14,65535,33.799999999999955,33.799999999999955,2.715,2.715,0.0,300,161,80,0.0,-8.0,48.85055344551802,2.312318477779627,Garmin Forerunner 735 XT,2.332414917335893,2674.3476203478467,2.7053447963801047,2.332414917335893,983.0
2024-01-21 15:37:27+00:00,2024-01-21 15:37:27+00:00,582810079,27587058,3639.7,65535,34.39999999999998,34.39999999999998,2.715,2.715,0.0,300,161,80,0.0,-8.0,48.85057649575174,2.312320489436388,Garmin Forerunner 735 XT,2.5672919867760653,2676.914912334623,2.6999891402715073,2.5672919867760653,984.0
2024-01-21 15:37:28+00:00,2024-01-21 15:37:28+00:00,582810253,27586969,3641.37,65535,35.200000000000045,35.200000000000045,2.706,2.706,0.0,300,161,80,0.0,-8.0,48.85059108026326,2.3123130295425653,Garmin Forerunner 735 XT,1.7111170709752634,2678.6260294055983,2.692273303167435,1.7111170709752634,985.0
2024-01-21 15:37:29+00:00,2024-01-21 15:37:29+00:00,582810503,27586987,3643.68,65535,35.39999999999998,35.39999999999998,2.687,2.687,0.0,300,161,81,0.0,-8.0,48.850612035021186,2.3123145382851362,Garmin Forerunner 735 XT,2.3326763971117925,2680.95870580271,2.6824461538461684,2.3326763971117925,986.0
2024-01-21 15:37:30+00:00,2024-01-21 15:37:30+00:00,582810765,27587053,3646.14,65535,36.0,36.0,2.659,2.659,0.0,300,162,81,0.0,-8.0,48.850633995607495,2.3123200703412294,Garmin Forerunner 735 XT,2.4752265679413368,2683.4339323706513,2.671543891402729,2.4752265679413368,987.0
2024-01-21 15:37:31+00:00,2024-01-21 15:37:31+00:00,582811005,27587083,3648.39,65535,36.39999999999998,36.39999999999998,2.65,2.65,0.0,300,162,81,0.0,-8.0,48.85065411217511,2.312322584912181,Garmin Forerunner 735 XT,2.244414309507076,2685.6783466801585,2.658732126696847,2.244414309507076,988.0
2024-01-21 15:37:32+00:00,2024-01-21 15:37:32+00:00,582811275,27587081,3650.9,65535,36.60000000000002,36.60000000000002,2.641,2.641,0.0,300,162,81,0.0,-8.0,48.85067674331367,2.3123224172741175,Garmin Forerunner 735 XT,2.516497685760091,2688.1948443659185,2.647902262443453,2.516497685760091,989.0
2024-01-21 15:37:33+00:00,2024-01-21 15:37:33+00:00,582811544,27587127,3653.42,65535,37.39999999999998,37.39999999999998,2.631,2.631,0.0,300,162,81,0.0,-8.0,48.8506992906332,2.3123262729495764,Garmin Forerunner 735 XT,2.522970060763993,2690.7178144266823,2.6388072398190183,2.522970060763993,990.0
2024-01-21 15:37:34+00:00,2024-01-21 15:37:34+00:00,582811833,27587147,3656.13,65535,37.799999999999955,37.799999999999955,2.631,2.631,0.0,300,161,81,0.0,-8.0,48.85072351433337,2.3123279493302107,Garmin Forerunner 735 XT,2.6963439321347895,2693.414158358817,2.6333719457013713,2.6963439321347895,991.0
2024-01-21 15:37:35+00:00,2024-01-21 15:37:35+00:00,582812135,27587234,3658.98,65535,38.200000000000045,38.200000000000045,2.631,2.631,0.0,300,161,81,0.0,-8.0,48.850748827680945,2.31233524158597,Garmin Forerunner 735 XT,2.8648416235133083,2696.2789999823303,2.6311918552036335,2.8648416235133083,992.0
2024-01-21 15:37:36+00:00,2024-01-21 15:37:36+00:00,582812406,27587268,3661.52,65535,38.39999999999998,38.39999999999998,2.631,2.631,0.0,300,160,81,0.0,-8.0,48.85077154263854,2.3123380914330482,Garmin Forerunner 735 XT,2.5343807443363784,2698.8133807266668,2.6320389140271634,2.5343807443363784,993.0
2024-01-21 15:37:37+00:00,2024-01-21 15:37:37+00:00,582812672,27587274,3663.99,65535,38.799999999999955,38.799999999999955,2.631,2.631,0.0,300,160,81,0.0,-8.0,48.85079383850098,2.3123385943472385,Garmin Forerunner 735 XT,2.4794598592250914,2701.292840585892,2.6329357466063485,2.4794598592250914,994.0
2024-01-21 15:37:38+00:00,2024-01-21 15:37:38+00:00,582812934,27587294,3666.44,65535,39.39999999999998,39.39999999999998,2.641,2.641,0.0,300,160,81,0.0,-8.0,48.850815799087286,2.312340270727873,Garmin Forerunner 735 XT,2.4449844562561887,2703.7378250421484,2.63172941176472,2.4449844562561887,995.0
2024-01-21 15:37:39+00:00,2024-01-21 15:37:39+00:00,582813170,27587291,3668.64,65535,39.799999999999955,39.799999999999955,2.631,2.631,0.0,300,160,80,0.0,-8.0,48.85083558037877,2.3123400192707777,Garmin Forerunner 735 XT,2.1996562042445342,2705.937481246393,2.6291610859728647,2.1996562042445342,996.0
2024-01-21 15:37:40+00:00,2024-01-21 15:37:40+00:00,582813371,27587157,3670.57,65535,39.799999999999955,39.799999999999955,2.631,2.631,0.0,300,160,80,0.0,-8.0,48.850852428004146,2.312328787520528,Garmin Forerunner 735 XT,2.0457008445789717,2707.983182090972,2.6241339366515977,2.0457008445789717,997.0
2024-01-21 15:37:41+00:00,2024-01-21 15:37:41+00:00,582813536,27587035,3672.03,65535,40.0,40.0,2.622,2.622,0.0,300,160,80,0.0,-8.0,48.85086625814438,2.3123185615986586,Garmin Forerunner 735 XT,1.7102001344977331,2709.69338222547,2.617212669683272,1.7102001344977331,998.0
2024-01-21 15:37:42+00:00,2024-01-21 15:37:42+00:00,582813697,27586904,3673.49,65535,40.0,40.0,2.613,2.613,0.0,300,160,80,0.0,-8.0,48.850879753008485,2.312307581305504,Garmin Forerunner 735 XT,1.7021027341096868,2711.39548495958,2.608526696832593,1.7021027341096868,999.0
2024-01-21 15:37:43+00:00,2024-01-21 15:37:43+00:00,582813912,27586850,3675.47,65535,40.39999999999998,40.39999999999998,2.594,2.594,0.0,300,160,80,0.0,-8.0,48.850897774100304,2.312303055077791,Garmin Forerunner 735 XT,2.031036545274361,2713.426521504854,2.5994515837104206,2.031036545274361,1000.0
2024-01-21 15:37:44+00:00,2024-01-21 15:37:44+00:00,582814154,27586794,3677.74,65535,40.799999999999955,40.799999999999955,2.585,2.585,0.0,300,160,80,0.0,-8.0,48.85091805830598,2.312298361212015,Garmin Forerunner 735 XT,2.2814988620438337,2715.708020366898,2.5893628959276156,2.2814988620438337,1001.0
2024-01-21 15:37:45+00:00,2024-01-21 15:37:45+00:00,582814419,27586787,3680.21,65535,41.0,41.0,2.575,2.575,0.0,300,160,80,0.0,-8.0,48.85094027034938,2.312297774478793,Garmin Forerunner 735 XT,2.4702396099204305,2718.1782599768185,2.5790208144796516,2.4702396099204305,1002.0
2024-01-21 15:37:46+00:00,2024-01-21 15:37:46+00:00,582814659,27586762,3682.43,65535,41.60000000000002,41.60000000000002,2.566,2.566,0.0,300,161,80,0.0,-8.0,48.850960386916995,2.3122956790030003,Garmin Forerunner 735 XT,2.2421087637847106,2720.4203687406034,2.571205429864267,2.2421087637847106,1003.0
2024-01-21 15:37:47+00:00,2024-01-21 15:37:47+00:00,582814890,27586754,3684.57,65535,42.200000000000045,42.200000000000045,2.566,2.566,0.0,300,161,80,0.0,-8.0,48.85097974911332,2.3122950084507465,Garmin Forerunner 735 XT,2.153536968545166,2722.5739057091487,2.564853393665172,2.153536968545166,1004.0
2024-01-21 15:37:48+00:00,2024-01-21 15:37:48+00:00,582815142,27586755,3686.92,65535,42.60000000000002,42.60000000000002,2.557,2.557,0.0,300,161,80,0.0,-8.0,48.851000871509314,2.3122950922697783,Garmin Forerunner 735 XT,2.348711279995334,2724.922616989144,2.560323981900466,2.348711279995334,1005.0
2024-01-21 15:37:49+00:00,2024-01-21 15:37:49+00:00,582815391,27586707,3689.24,65535,42.60000000000002,42.60000000000002,2.557,2.557,0.0,300,161,80,0.0,-8.0,48.85102174244821,2.312291068956256,Garmin Forerunner 735 XT,2.3393386038102304,2727.261955592954,2.556396380090511,2.3393386038102304,1006.0
2024-01-21 15:37:50+00:00,2024-01-21 15:37:50+00:00,582815645,27586711,3691.6,65535,42.799999999999955,42.799999999999955,2.547,2.547,0.0,300,161,81,0.0,-8.0,48.851043032482266,2.3122914042323828,Garmin Forerunner 735 XT,2.3674708761349956,2729.629426469089,2.5510959276018235,2.3674708761349956,1007.0
2024-01-21 15:37:51+00:00,2024-01-21 15:37:51+00:00,582815892,27586704,3693.91,65535,43.0,43.0,2.547,2.547,0.0,300,161,81,0.0,-8.0,48.8510637357831,2.3122908174991608,Garmin Forerunner 735 XT,2.3025022713750873,2731.931928740464,2.5436126696832715,2.3025022713750873,1008.0
2024-01-21 15:37:52+00:00,2024-01-21 15:37:52+00:00,582816062,27586699,3695.5,65535,43.39999999999998,43.39999999999998,2.547,2.547,0.0,300,162,81,0.0,-8.0,48.85107798501849,2.312290398404002,Garmin Forerunner 735 XT,1.584739388718894,2733.516668129183,2.53569049773757,1.584739388718894,1009.0
2024-01-21 15:37:53+00:00,2024-01-21 15:37:53+00:00,582816229,27586712,3697.05,65535,44.0,44.0,2.538,2.538,0.0,300,162,81,0.0,-8.0,48.85109198279679,2.3122914880514145,Garmin Forerunner 735 XT,1.5585225373235818,2735.0751906665064,2.527053393665172,1.5585225373235818,1010.0
2024-01-21 15:37:54+00:00,2024-01-21 15:37:54+00:00,582816418,27586711,3698.81,65535,44.39999999999998,44.39999999999998,2.519,2.519,0.0,300,161,81,0.0,-8.0,48.85110782459378,2.3122914042323828,Garmin Forerunner 735 XT,1.76153813073026,2736.8367287972364,2.5167900452488823,1.76153813073026,1011.0
2024-01-21 15:37:55+00:00,2024-01-21 15:37:55+00:00,582816663,27586759,3701.11,65535,44.799999999999955,44.799999999999955,2.501,2.501,0.0,300,161,81,0.0,-8.0,48.85112836025655,2.312295427545905,Garmin Forerunner 735 XT,2.302358656476357,2739.139087453713,2.5064678733031807,2.302358656476357,1012.0
2024-01-21 15:37:56+00:00,2024-01-21 15:37:56+00:00,582816916,27586862,3703.54,65535,45.200000000000045,45.200000000000045,2.482,2.482,0.0,300,161,81,0.0,-8.0,48.85114956647158,2.312304060906172,Garmin Forerunner 735 XT,2.4411686129519246,2741.580256066665,2.4957728506787467,2.4411686129519246,1013.0
2024-01-21 15:37:57+00:00,2024-01-21 15:37:57+00:00,582817147,27586985,3705.82,65535,45.39999999999998,45.39999999999998,2.482,2.482,0.0,300,161,81,0.0,-8.0,48.8511689286679,2.312314370647073,Garmin Forerunner 735 XT,2.2813046305569524,2743.8615606972216,2.486190950226258,2.2813046305569524,1014.0
2024-01-21 15:37:58+00:00,2024-01-21 15:37:58+00:00,582817352,27587028,3707.74,65535,45.39999999999998,45.39999999999998,2.482,2.482,0.0,300,160,81,0.0,-8.0,48.851186111569405,2.3123179748654366,Garmin Forerunner 735 XT,1.9287649278675554,2745.7903256250893,2.47648235294119,1.9287649278675554,1015.0
2024-01-21 15:37:59+00:00,2024-01-21 15:37:59+00:00,582817564,27587061,3709.7,65535,45.799999999999955,45.799999999999955,2.473,2.473,0.0,300,160,81,0.0,-8.0,48.85120388120413,2.312320740893483,Garmin Forerunner 735 XT,1.9862310528752674,2747.7765566779644,2.4694072398190174,1.9862310528752674,1016.0
2024-01-21 15:38:00+00:00,2024-01-21 15:38:00+00:00,582817880,27587172,3712.67,65535,45.799999999999955,45.799999999999955,2.463,2.463,0.0,300,160,81,0.0,-8.0,48.85123036801815,2.3123300448060036,Garmin Forerunner 735 XT,3.0228495318889665,2750.7994062098533,2.4669764705882486,3.0228495318889665,1017.0
2024-01-21 15:38:01+00:00,2024-01-21 15:38:01+00:00,582818128,27587189,3714.98,65535,46.0,46.0,2.463,2.463,0.0,300,159,82,0.0,-8.0,48.851251155138016,2.3123314697295427,Garmin Forerunner 735 XT,2.313772422732841,2753.113178632586,2.466790045248882,2.313772422732841,1018.0
2024-01-21 15:38:02+00:00,2024-01-21 15:38:02+00:00,582818374,27587213,3717.28,65535,46.200000000000045,46.200000000000045,2.463,2.463,0.0,300,158,82,0.0,-8.0,48.85127177461982,2.312333481386304,Garmin Forerunner 735 XT,2.2975014313623476,2755.4106800639483,2.6384009049773898,2.2975014313623476,1019.0
2024-01-21 15:38:03+00:00,2024-01-21 15:38:03+00:00,582818696,27587343,3720.34,65535,45.60000000000002,45.60000000000002,2.463,2.463,0.0,300,158,82,0.0,-8.0,48.85129876434803,2.312344377860427,Garmin Forerunner 735 XT,3.1052167537046267,2758.515896817653,2.604809954751145,3.1052167537046267,1020.0
2024-01-21 15:38:04+00:00,2024-01-21 15:38:04+00:00,582818943,27587393,3722.64,65535,46.200000000000045,46.200000000000045,2.463,2.463,0.0,300,158,82,0.0,-8.0,48.851319467648864,2.3123485688120127,Garmin Forerunner 735 XT,2.322434906780183,2760.838331724433,2.499538461538475,2.322434906780183,1021.0
2024-01-21 15:38:05+00:00,2024-01-21 15:38:05+00:00,582819133,27587410,3724.41,65535,46.200000000000045,46.200000000000045,2.473,2.473,0.0,300,159,82,0.0,-8.0,48.85133539326489,2.312349993735552,Garmin Forerunner 735 XT,1.7739141692558371,2762.612245893689,2.287064253393677,1.7739141692558371,1022.0
2024-01-21 15:38:06+00:00,2024-01-21 15:38:06+00:00,582819356,27587429,3726.49,65535,46.0,46.0,2.473,2.473,0.0,300,159,82,0.0,-8.0,48.85135408490896,2.3123515862971544,Garmin Forerunner 735 XT,2.0816798444838462,2764.6939257381728,2.073512217194581,2.0816798444838462,1023.0
2024-01-21 15:38:07+00:00,2024-01-21 15:38:07+00:00,582819625,27587528,3729.05,65535,45.39999999999998,45.39999999999998,2.454,2.454,0.0,300,160,82,0.0,-8.0,48.851376632228494,2.3123598843812943,Garmin Forerunner 735 XT,2.579617016351249,2767.273542754524,1.8617493212669782,2.579617016351249,1024.0
2024-01-21 15:38:08+00:00,2024-01-21 15:38:08+00:00,582819854,27587614,3731.23,65535,45.0,45.0,2.445,2.445,0.0,300,160,82,0.0,-8.0,48.85139582678676,2.3123670928180218,Garmin Forerunner 735 XT,2.1985392045689403,2769.472081959093,1.6645230769230857,2.1985392045689403,1025.0
2024-01-21 15:38:25+00:00,2024-01-21 15:38:25+00:00,582821142,27587360,3732.73,65535,47.200000000000045,47.200000000000045,0.009,0.009,0.0,300,159,0,0.0,-8.0,48.851503785699606,2.312345802783966,Garmin Forerunner 735 XT,0.7120665106943537,2781.577212640897,1.46337104072399,0.7120665106943537,1042.0
2024-01-21 15:38:26+00:00,2024-01-21 15:38:26+00:00,582821411,27587407,3735.1,65535,47.39999999999998,47.39999999999998,0.877,0.877,0.0,300,159,59,0.0,-8.0,48.85152633301914,2.3123497422784567,Garmin Forerunner 735 XT,2.5236626543128566,2784.10087529521,1.3377846153846227,2.5236626543128566,1043.0
2024-01-21 15:38:27+00:00,2024-01-21 15:38:27+00:00,582821668,27587407,3737.33,65535,47.799999999999955,47.799999999999955,0.877,0.877,0.0,300,159,59,0.0,-8.0,48.85154787451029,2.3123497422784567,Garmin Forerunner 735 XT,2.395304528333846,2786.4961798235436,1.296962895927609,2.395304528333846,1044.0
2024-01-21 15:38:28+00:00,2024-01-21 15:38:28+00:00,582821842,27587270,3739.14,65535,48.200000000000045,48.200000000000045,1.605,1.605,0.0,300,159,59,0.0,-8.0,48.85156245902181,2.3123382590711117,Garmin Forerunner 735 XT,1.8264506267599991,2788.3226304503037,1.340355656108605,1.8264506267599991,1045.0
2024-01-21 15:38:29+00:00,2024-01-21 15:38:29+00:00,582822088,27587243,3741.4,65535,48.60000000000002,48.60000000000002,1.642,1.642,0.0,300,159,59,0.0,-8.0,48.85158307850361,2.3123359959572554,Garmin Forerunner 735 XT,2.2987533893771586,2790.6213838396807,1.4683384615384696,2.2987533893771586,1046.0
2024-01-21 15:38:30+00:00,2024-01-21 15:38:30+00:00,582822398,27587214,3744.28,65535,49.60000000000002,49.60000000000002,1.764,1.764,0.0,300,160,82,0.0,-8.0,48.85160906240344,2.3123335652053356,Garmin Forerunner 735 XT,2.8947465878432097,2793.516130427524,1.6787095022624525,2.8947465878432097,1047.0
2024-01-21 15:38:31+00:00,2024-01-21 15:38:31+00:00,582822764,27587171,3747.7,65535,51.200000000000045,51.200000000000045,1.903,1.903,0.0,300,160,82,0.0,-8.0,48.85163974016905,2.312329960986972,Garmin Forerunner 735 XT,3.4213901356072767,2796.9375205631313,1.967690497737567,3.4213901356072767,1048.0
2024-01-21 15:38:32+00:00,2024-01-21 15:38:32+00:00,582823069,27587179,3750.54,65535,51.60000000000002,51.60000000000002,2.519,2.519,0.0,300,160,82,0.0,-8.0,48.85166530497372,2.3123306315392256,Garmin Forerunner 735 XT,2.8430999420209053,2799.7806205051525,2.329169230769243,2.8430999420209053,1049.0
2024-01-21 15:38:33+00:00,2024-01-21 15:38:33+00:00,582823376,27587232,3753.41,65535,51.60000000000002,51.60000000000002,2.594,2.594,0.0,300,159,82,0.0,-8.0,48.85169103741646,2.3123350739479065,Garmin Forerunner 735 XT,2.8797198159878175,2802.66034032114,2.4249076923077046,2.8797198159878175,1050.0
2024-01-21 15:38:34+00:00,2024-01-21 15:38:34+00:00,582823654,27587285,3756.0,65535,52.0,52.0,2.594,2.594,0.0,300,159,82,0.0,-8.0,48.851714339107275,2.3123395163565874,Garmin Forerunner 735 XT,2.6113379901259637,2805.271678311266,2.5233221719457144,2.6113379901259637,1051.0
2024-01-21 15:38:35+00:00,2024-01-21 15:38:35+00:00,582823923,27587335,3758.52,65535,51.799999999999955,51.799999999999955,2.585,2.585,0.0,300,159,82,0.0,-8.0,48.85173688642681,2.312343707308173,Garmin Forerunner 735 XT,2.5258300471002926,2807.7975083583665,2.549805429864267,2.5258300471002926,1052.0
2024-01-21 15:38:36+00:00,2024-01-21 15:38:36+00:00,582824161,27587348,3760.73,65535,52.200000000000045,52.200000000000045,2.566,2.566,0.0,300,158,81,0.0,-8.0,48.851756835356355,2.3123447969555855,Garmin Forerunner 735 XT,2.219652050184127,2810.017160408551,2.592084162895941,2.219652050184127,1053.0
2024-01-21 15:38:37+00:00,2024-01-21 15:38:37+00:00,582824426,27587386,3763.2,65535,52.200000000000045,52.200000000000045,2.538,2.538,0.0,300,158,81,0.0,-8.0,48.85177904739976,2.3123479820787907,Garmin Forerunner 735 XT,2.4808368662765212,2812.4979972748274,2.5969158371040866,2.4808368662765212,1054.0
2024-01-21 15:38:38+00:00,2024-01-21 15:38:38+00:00,582824706,27587456,3765.82,65535,52.39999999999998,52.39999999999998,2.491,2.491,0.0,300,153,81,0.0,-8.0,48.85180251672864,2.3123538494110107,Garmin Forerunner 735 XT,2.6447447385748597,2815.1427420134023,2.5699185520362127,2.6447447385748597,1055.0
2024-01-21 15:38:39+00:00,2024-01-21 15:38:39+00:00,582825015,27587539,3768.75,65535,52.200000000000045,52.200000000000045,2.482,2.482,0.0,300,152,82,0.0,-8.0,48.85182841680944,2.312360806390643,Garmin Forerunner 735 XT,2.9245957088152226,2818.0673377222174,2.5159683257918686,2.9245957088152226,1056.0
2024-01-21 15:38:40+00:00,2024-01-21 15:38:40+00:00,582825339,27587625,3771.79,65535,52.0,52.0,2.482,2.482,0.0,300,151,82,0.0,-8.0,48.851855574175715,2.3123680148273706,Garmin Forerunner 735 XT,3.0654741281741855,2821.1328118503916,2.5028226244344025,3.0654741281741855,1057.0
2024-01-21 15:38:41+00:00,2024-01-21 15:38:41+00:00,582825637,27587680,3774.58,65535,52.200000000000045,52.200000000000045,2.501,2.501,0.0,300,150,81,0.0,-8.0,48.85188055224717,2.312372624874115,Garmin Forerunner 735 XT,2.797841702611135,2823.9306535530027,2.498858823529425,2.797841702611135,1058.0
2024-01-21 15:38:42+00:00,2024-01-21 15:38:42+00:00,582825934,27587688,3777.35,65535,52.200000000000045,52.200000000000045,2.519,2.519,0.0,300,151,81,0.0,-8.0,48.851905446499586,2.3123732954263687,Garmin Forerunner 735 XT,2.7685493310956684,2826.699202884098,2.5013185520362122,2.7685493310956684,1059.0
2024-01-21 15:38:43+00:00,2024-01-21 15:38:43+00:00,582826223,27587685,3780.04,65535,52.799999999999955,52.799999999999955,2.529,2.529,0.0,300,151,81,0.0,-8.0,48.85192967019975,2.3123730439692736,Garmin Forerunner 735 XT,2.6936153975788426,2829.392818281677,2.509438009049787,2.6936153975788426,1060.0
2024-01-21 15:38:44+00:00,2024-01-21 15:38:44+00:00,582826523,27587706,3782.84,65535,53.200000000000045,53.200000000000045,2.529,2.529,0.0,300,152,82,0.0,-8.0,48.85195481590927,2.3123748041689396,Garmin Forerunner 735 XT,2.799039787111362,2832.1918580687884,2.5226153846153982,2.799039787111362,1061.0
2024-01-21 15:38:45+00:00,2024-01-21 15:38:45+00:00,582826904,27587786,3786.42,65535,53.39999999999998,53.39999999999998,2.538,2.538,0.0,300,152,82,0.0,-8.0,48.85198675096035,2.312381509691477,Garmin Forerunner 735 XT,3.5847486911682447,2835.776606759957,2.5406244343891538,3.5847486911682447,1062.0
2024-01-21 15:38:46+00:00,2024-01-21 15:38:46+00:00,582827298,27587848,3790.1,65535,53.200000000000045,53.200000000000045,2.538,2.538,0.0,300,153,82,0.0,-8.0,48.852019775658846,2.312386706471443,Garmin Forerunner 735 XT,3.6918118711640777,2839.468418631121,2.5569366515837237,3.6918118711640777,1063.0
2024-01-21 15:38:47+00:00,2024-01-21 15:38:47+00:00,582827641,27587799,3793.3,65535,53.799999999999955,53.799999999999955,2.566,2.566,0.0,300,153,82,0.0,-8.0,48.852048525586724,2.312382599338889,Garmin Forerunner 735 XT,3.2109389764291336,2842.67935760755,2.5749194570135883,3.2109389764291336,1064.0
2024-01-21 15:38:48+00:00,2024-01-21 15:38:48+00:00,582827998,27587856,3796.61,65535,53.799999999999955,53.799999999999955,2.594,2.594,0.0,300,153,83,0.0,-8.0,48.85207844898105,2.312387377023697,Garmin Forerunner 735 XT,3.345642012045418,2846.0249996195957,2.59434570135748,3.345642012045418,1065.0
2024-01-21 15:38:49+00:00,2024-01-21 15:38:49+00:00,582828390,27587978,3800.3,65535,53.39999999999998,53.39999999999998,2.613,2.613,0.0,300,153,83,0.0,-8.0,48.85211130604148,2.312397602945566,Garmin Forerunner 735 XT,3.729362362453034,2849.754361982049,2.6157375565610996,3.729362362453034,1066.0
2024-01-21 15:38:50+00:00,2024-01-21 15:38:50+00:00,582828721,27588103,3803.46,65535,54.200000000000045,54.200000000000045,2.641,2.641,0.0,300,153,83,0.0,-8.0,48.85213905014098,2.3124080803245306,Garmin Forerunner 735 XT,3.178822699451509,2852.9331846815003,2.6383095022624574,3.178822699451509,1067.0
2024-01-21 15:38:51+00:00,2024-01-21 15:38:51+00:00,582829097,27588258,3807.04,65535,53.799999999999955,53.799999999999955,2.669,2.669,0.0,300,152,82,0.0,-8.0,48.8521705660969,2.3124210722744465,Garmin Forerunner 735 XT,3.6310494360224244,2856.5642341175226,2.6604018099547653,3.6310494360224244,1068.0
2024-01-21 15:38:52+00:00,2024-01-21 15:38:52+00:00,582829414,27588268,3809.99,65535,53.39999999999998,53.39999999999998,2.678,2.678,0.0,300,152,82,0.0,-8.0,48.852197136729956,2.3124219104647636,Garmin Forerunner 735 XT,2.9551560202036034,2859.519390137726,2.67962533936653,2.9551560202036034,1069.0
2024-01-21 15:38:53+00:00,2024-01-21 15:38:53+00:00,582829742,27588229,3813.07,65535,52.799999999999955,52.799999999999955,2.706,2.706,0.0,300,152,83,0.0,-8.0,48.85222462937236,2.3124186415225267,Garmin Forerunner 735 XT,3.0663844952867385,2862.585774633013,2.6961782805430006,3.0663844952867385,1070.0
2024-01-21 15:38:54+00:00,2024-01-21 15:38:54+00:00,582830064,27588299,3816.07,65535,51.799999999999955,51.799999999999955,2.715,2.715,0.0,300,152,83,0.0,-8.0,48.85225161910057,2.312424508854747,Garmin Forerunner 735 XT,3.0316692919865806,2865.6174439249994,2.706658823529426,3.0316692919865806,1071.0
2024-01-21 15:38:55+00:00,2024-01-21 15:38:55+00:00,582830396,27588413,3819.22,65535,51.200000000000045,51.200000000000045,2.715,2.715,0.0,300,151,83,0.0,-8.0,48.8522794470191,2.3124340642243624,Garmin Forerunner 735 XT,3.172321698092732,2868.789765623092,2.713423529411779,3.172321698092732,1072.0
2024-01-21 15:38:56+00:00,2024-01-21 15:38:56+00:00,582830687,27588528,3821.94,65535,50.200000000000045,50.200000000000045,2.715,2.715,0.0,300,151,83,0.0,-8.0,48.85230383835733,2.3124437034130096,Garmin Forerunner 735 XT,2.802390308927474,2871.5921559320195,2.7171058823529552,2.802390308927474,1073.0
2024-01-21 15:38:57+00:00,2024-01-21 15:38:57+00:00,582830979,27588643,3824.62,65535,48.39999999999998,48.39999999999998,2.715,2.715,0.0,300,151,83,0.0,-8.0,48.85232831351459,2.312453342601657,Garmin Forerunner 735 XT,2.8114114721749517,2874.4035674041943,2.7160054298642677,2.8114114721749517,1074.0
2024-01-21 15:38:58+00:00,2024-01-21 15:38:58+00:00,582831282,27588859,3827.55,65535,46.200000000000045,46.200000000000045,2.715,2.715,0.0,300,151,82,0.0,-8.0,48.8523537106812,2.3124714475125074,Garmin Forerunner 735 XT,3.119284627964072,2877.5228520321584,2.714275113122186,3.119284627964072,1075.0
2024-01-21 15:38:59+00:00,2024-01-21 15:38:59+00:00,582831576,27589042,3830.37,65535,44.39999999999998,44.39999999999998,2.715,2.715,0.0,300,152,82,0.0,-8.0,48.852378353476524,2.3124867863953114,Garmin Forerunner 735 XT,2.9610776213921097,2880.4839296535506,2.7137610859728647,2.9610776213921097,1076.0
2024-01-21 15:39:00+00:00,2024-01-21 15:39:00+00:00,582831912,27589242,3833.63,65535,42.200000000000045,42.200000000000045,2.706,2.706,0.0,300,154,82,0.0,-8.0,48.85240651667118,2.3125035502016544,Garmin Forerunner 735 XT,3.363237122647924,2883.8471667761987,2.712567420814494,3.363237122647924,1077.0
2024-01-21 15:39:01+00:00,2024-01-21 15:39:01+00:00,582832212,27589365,3836.51,65535,41.200000000000045,41.200000000000045,2.706,2.706,0.0,300,154,82,0.0,-8.0,48.852431662380695,2.3125138599425554,Garmin Forerunner 735 XT,2.8960395601735764,2886.743206336372,2.7130714932126843,2.8960395601735764,1078.0
2024-01-21 15:39:02+00:00,2024-01-21 15:39:02+00:00,582832566,27589510,3839.86,65535,39.60000000000002,39.60000000000002,2.706,2.706,0.0,300,153,82,0.0,-8.0,48.85246133431792,2.312526013702154,Garmin Forerunner 735 XT,3.4171030214264597,2890.1603093577987,2.713378280543001,3.4171030214264597,1079.0
2024-01-21 15:39:03+00:00,2024-01-21 15:39:03+00:00,582832911,27589590,3843.1,65535,39.799999999999955,39.799999999999955,2.706,2.706,0.0,300,152,82,0.0,-8.0,48.852490251883864,2.3125327192246914,Garmin Forerunner 735 XT,3.2527004647617375,2893.4130098225605,2.712380090497752,3.2527004647617375,1080.0
2024-01-21 15:39:04+00:00,2024-01-21 15:39:04+00:00,582833186,27589612,3845.67,65535,39.200000000000045,39.200000000000045,2.725,2.725,0.0,300,154,83,0.0,-8.0,48.852513302117586,2.312534563243389,Garmin Forerunner 735 XT,2.5666176814716786,2895.979627504032,2.710769230769245,2.5666176814716786,1081.0
2024-01-21 15:39:05+00:00,2024-01-21 15:39:05+00:00,582833449,27589655,3848.13,65535,39.200000000000045,39.200000000000045,2.725,2.725,0.0,300,154,83,0.0,-8.0,48.85253534652293,2.312538167461753,Garmin Forerunner 735 XT,2.465370242350621,2898.444997746383,2.7090859728506933,2.465370242350621,1082.0
2024-01-21 15:39:06+00:00,2024-01-21 15:39:06+00:00,582833691,27589729,3850.43,65535,38.799999999999955,38.799999999999955,2.715,2.715,0.0,300,153,83,0.0,-8.0,48.8525556307286,2.3125443700701,Garmin Forerunner 735 XT,2.3007036444914397,2900.7457013908743,2.708624434389155,2.3007036444914397,1083.0
2024-01-21 15:39:07+00:00,2024-01-21 15:39:07+00:00,582834002,27589914,3853.54,65535,38.39999999999998,38.39999999999998,2.706,2.706,0.0,300,154,83,0.0,-8.0,48.852581698447466,2.312559876590967,Garmin Forerunner 735 XT,3.112728626484163,2903.8584300173584,2.7092941176470733,3.112728626484163,1084.0
2024-01-21 15:39:08+00:00,2024-01-21 15:39:08+00:00,582834305,27590018,3856.43,65535,38.200000000000045,38.200000000000045,2.697,2.697,0.0,300,156,83,0.0,-8.0,48.852607095614076,2.3125685937702656,Garmin Forerunner 735 XT,2.8951634029564506,2906.7535934203147,2.7097583710407385,2.8951634029564506,1085.0
2024-01-21 15:39:09+00:00,2024-01-21 15:39:09+00:00,582834653,27590121,3859.72,65535,37.200000000000045,37.200000000000045,2.697,2.697,0.0,300,156,83,0.0,-8.0,48.85263626463711,2.3125772271305323,Garmin Forerunner 735 XT,3.30438443742196,2910.0579778577367,2.71048054298644,3.30438443742196,1086.0
2024-01-21 15:39:10+00:00,2024-01-21 15:39:10+00:00,582834930,27590109,3862.31,65535,36.39999999999998,36.39999999999998,2.706,2.706,0.0,300,156,83,0.0,-8.0,48.8526594825089,2.3125762213021517,Garmin Forerunner 735 XT,2.5827582252798846,2912.6407360830167,2.711994570135761,2.5827582252798846,1087.0
2024-01-21 15:39:11+00:00,2024-01-21 15:39:11+00:00,582835258,27590214,3865.41,65535,35.60000000000002,35.60000000000002,2.715,2.715,0.0,300,155,82,0.0,-8.0,48.8526869751513,2.312585022300482,Garmin Forerunner 735 XT,3.124125243308501,2915.764861326325,2.712834389140286,3.124125243308501,1088.0
2024-01-21 15:39:12+00:00,2024-01-21 15:39:12+00:00,582835574,27590296,3868.4,65535,34.799999999999955,34.799999999999955,2.725,2.725,0.0,300,153,82,0.0,-8.0,48.85271346196532,2.3125918954610825,Garmin Forerunner 735 XT,2.987823410203569,2918.7526847365284,2.716819909502277,2.987823410203569,1089.0
2024-01-21 15:39:13+00:00,2024-01-21 15:39:13+00:00,582835907,27590419,3871.58,65535,33.799999999999955,33.799999999999955,2.725,2.725,0.0,300,152,82,0.0,-8.0,48.852741373702884,2.3126022052019835,Garmin Forerunner 735 XT,3.193995079061167,2921.9466798155895,2.7210769230769376,3.193995079061167,1090.0
2024-01-21 15:39:14+00:00,2024-01-21 15:39:14+00:00,582836155,27590320,3873.86,65535,32.799999999999955,32.799999999999955,2.725,2.725,0.0,300,152,82,0.0,-8.0,48.85276216082275,2.3125939071178436,Garmin Forerunner 735 XT,2.389830045305391,2924.3365098608947,2.723815384615399,2.389830045305391,1091.0
2024-01-21 15:39:15+00:00,2024-01-21 15:39:15+00:00,582836411,27590317,3876.24,65535,32.39999999999998,32.39999999999998,2.725,2.725,0.0,300,153,82,0.0,-8.0,48.85278361849487,2.3125936556607485,Garmin Forerunner 735 XT,2.3860552089600238,2926.7225650698547,2.7235837104072544,2.3860552089600238,1092.0
2024-01-21 15:39:16+00:00,2024-01-21 15:39:16+00:00,582836669,27590367,3878.66,65535,31.399999999999977,31.399999999999977,2.725,2.725,0.0,300,152,81,0.0,-8.0,48.85280524380505,2.3125978466123343,Garmin Forerunner 735 XT,2.4240967282807095,2929.1466617981355,2.720659728506802,2.4240967282807095,1093.0
2024-01-21 15:39:17+00:00,2024-01-21 15:39:17+00:00,582836894,27590421,3880.78,65535,30.600000000000023,30.600000000000023,2.715,2.715,0.0,300,152,81,0.0,-8.0,48.85282410308719,2.312602372840047,Garmin Forerunner 735 XT,2.123044079558564,2931.269705877694,2.714685972850693,2.123044079558564,1094.0
2024-01-21 15:39:18+00:00,2024-01-21 15:39:18+00:00,582837147,27590494,3883.13,65535,29.600000000000023,29.600000000000023,2.715,2.715,0.0,300,151,81,0.0,-8.0,48.85284530930221,2.312608491629362,Garmin Forerunner 735 XT,2.400145306768536,2933.6698511844625,2.707867873303182,2.400145306768536,1095.0
2024-01-21 15:39:19+00:00,2024-01-21 15:39:19+00:00,582837393,27590559,3885.45,65535,29.399999999999977,29.399999999999977,2.697,2.697,0.0,300,150,81,0.0,-8.0,48.85286592878401,2.3126139398664236,Garmin Forerunner 735 XT,2.327176281443196,2935.997027465906,2.700492307692322,2.327176281443196,1096.0
2024-01-21 15:39:20+00:00,2024-01-21 15:39:20+00:00,582837658,27590600,3887.93,65535,28.600000000000023,28.600000000000023,2.687,2.687,0.0,300,149,81,0.0,-8.0,48.85288814082742,2.312617376446724,Garmin Forerunner 735 XT,2.482632202983108,2938.479659668889,2.693285972850693,2.482632202983108,1097.0
2024-01-21 15:39:21+00:00,2024-01-21 15:39:21+00:00,582837959,27590662,3890.77,65535,28.200000000000045,28.200000000000045,2.678,2.678,0.0,300,149,81,0.0,-8.0,48.852913370355964,2.3126225732266903,Garmin Forerunner 735 XT,2.831045032627733,2941.3107047015164,2.6863981900452636,2.831045032627733,1098.0
2024-01-21 15:39:22+00:00,2024-01-21 15:39:22+00:00,582838222,27590660,3893.18,65535,27.600000000000023,27.600000000000023,2.678,2.678,0.0,300,150,81,0.0,-8.0,48.852935414761305,2.312622405588627,Garmin Forerunner 735 XT,2.451256721040453,2943.761961422557,2.678130316742096,2.451256721040453,1099.0
2024-01-21 15:39:23+00:00,2024-01-21 15:39:23+00:00,582838487,27590733,3895.69,65535,27.0,27.0,2.669,2.669,0.0,300,150,81,0.0,-8.0,48.85295762680471,2.312628524377942,Garmin Forerunner 735 XT,2.5101120232380327,2946.272073445795,2.6694144796380233,2.5101120232380327,1100.0
2024-01-21 15:39:24+00:00,2024-01-21 15:39:24+00:00,582838745,27590775,3898.1,65535,27.0,27.0,2.669,2.669,0.0,300,151,81,0.0,-8.0,48.85297925211489,2.312632044777274,Garmin Forerunner 735 XT,2.418380375224368,2948.690453821019,2.661818099547525,2.418380375224368,1101.0
2024-01-21 15:39:25+00:00,2024-01-21 15:39:25+00:00,582838990,27590573,3900.69,65535,27.600000000000023,27.600000000000023,2.659,2.659,0.0,300,152,81,0.0,-8.0,48.85299978777766,2.3126151133328676,Garmin Forerunner 735 XT,2.5978484832190607,2951.288302304238,2.6530886877828195,2.5978484832190607,1102.0
2024-01-21 15:39:26+00:00,2024-01-21 15:39:26+00:00,582839135,27590297,3902.85,65535,27.799999999999955,27.799999999999955,2.65,2.65,0.0,300,152,81,0.0,-8.0,48.85301194153726,2.312591979280114,Garmin Forerunner 735 XT,2.1659464196207274,2953.454248723859,2.6453846153846294,2.1659464196207274,1103.0
2024-01-21 15:39:27+00:00,2024-01-21 15:39:27+00:00,582839229,27589917,3905.28,65535,28.200000000000045,28.200000000000045,2.641,2.641,0.0,300,151,81,0.0,-8.0,48.85301982052624,2.3125601280480623,Garmin Forerunner 735 XT,2.4896528732118277,2955.943901597071,2.6375140271493356,2.4896528732118277,1104.0
2024-01-21 15:39:28+00:00,2024-01-21 15:39:28+00:00,582839262,27589498,3907.84,65535,28.200000000000045,28.200000000000045,2.622,2.622,0.0,300,152,81,0.0,-8.0,48.85302258655429,2.3125250078737736,Garmin Forerunner 735 XT,2.5879259724513077,2958.531827569522,2.6312542986425482,2.5879259724513077,1105.0
2024-01-21 15:39:29+00:00,2024-01-21 15:39:29+00:00,582839315,27589060,3910.48,65535,28.799999999999955,28.799999999999955,2.622,2.622,0.0,300,153,80,0.0,-8.0,48.85302702896297,2.3124882951378822,Garmin Forerunner 735 XT,2.731147519645475,2961.262975089168,2.6258461538461675,2.731147519645475,1106.0
2024-01-21 15:39:30+00:00,2024-01-21 15:39:30+00:00,582839329,27588523,3913.74,65535,29.399999999999977,29.399999999999977,2.622,2.622,0.0,300,153,80,0.0,-8.0,48.853028202429414,2.312443284317851,Garmin Forerunner 735 XT,3.295821442199438,2964.558796531367,2.623424434389154,3.295821442199438,1107.0
2024-01-21 15:39:31+00:00,2024-01-21 15:39:31+00:00,582839314,27588029,3916.75,65535,30.0,30.0,2.613,2.613,0.0,300,154,81,0.0,-8.0,48.85302694514394,2.3124018777161837,Garmin Forerunner 735 XT,3.032757212583543,2967.5915537439505,2.6223610859728645,3.032757212583543,1108.0
2024-01-21 15:39:32+00:00,2024-01-21 15:39:32+00:00,582839318,27587550,3919.65,65535,30.399999999999977,30.399999999999977,2.622,2.622,0.0,300,154,81,0.0,-8.0,48.853027280420065,2.312361728399992,Garmin Forerunner 735 XT,2.937779882914377,2970.529333626865,2.624628054298656,2.937779882914377,1109.0
2024-01-21 15:39:33+00:00,2024-01-21 15:39:33+00:00,582839327,27587123,3922.17,65535,31.399999999999977,31.399999999999977,2.631,2.631,0.0,300,154,81,0.0,-8.0,48.85302803479135,2.3123259376734495,Garmin Forerunner 735 XT,2.6199882050646055,2973.1493218319297,2.628931221719471,2.6199882050646055,1110.0
2024-01-21 15:39:34+00:00,2024-01-21 15:39:34+00:00,582839252,27586643,3925.14,65535,32.200000000000045,32.200000000000045,2.641,2.641,0.0,300,154,80,0.0,-8.0,48.85302174836397,2.312285704538226,Garmin Forerunner 735 XT,3.0255340637293338,2976.174855895659,2.6347303167420955,3.0255340637293338,1111.0
2024-01-21 15:39:35+00:00,2024-01-21 15:39:35+00:00,582839122,27586254,3927.75,65535,32.799999999999955,32.799999999999955,2.641,2.641,0.0,300,154,80,0.0,-8.0,48.85301085188985,2.312253098934889,Garmin Forerunner 735 XT,2.675661211641957,2978.850517107301,2.6413330316742223,2.675661211641957,1112.0
2024-01-21 15:39:36+00:00,2024-01-21 15:39:36+00:00,582838953,27585886,3930.48,65535,33.0,33.0,2.65,2.65,0.0,300,154,80,0.0,-8.0,48.85299668647349,2.3122222535312176,Garmin Forerunner 735 XT,2.752134453170037,2981.6026515604713,2.646580995475127,2.752134453170037,1113.0
2024-01-21 15:39:37+00:00,2024-01-21 15:39:37+00:00,582838742,27585496,3933.56,65535,33.39999999999998,33.39999999999998,2.65,2.65,0.0,300,154,80,0.0,-8.0,48.8529790006578,2.3121895641088486,Garmin Forerunner 735 XT,3.0964209754685417,2984.6990725359396,2.651480542986439,3.0964209754685417,1114.0
2024-01-21 15:39:38+00:00,2024-01-21 15:39:38+00:00,582838544,27585247,3935.95,65535,33.39999999999998,33.39999999999998,2.659,2.659,0.0,300,154,80,0.0,-8.0,48.85296240448952,2.3121686931699514,Garmin Forerunner 735 XT,2.3952805132600554,2987.0943530491995,2.6563321266968467,2.3952805132600554,1115.0
2024-01-21 15:39:39+00:00,2024-01-21 15:39:39+00:00,582838365,27585045,3938.03,65535,33.60000000000002,33.60000000000002,2.659,2.659,0.0,300,154,81,0.0,-8.0,48.85294740088284,2.312151761725545,Garmin Forerunner 735 XT,2.077963062772439,2989.172316111972,2.6583900452488827,2.077963062772439,1116.0
2024-01-21 15:39:40+00:00,2024-01-21 15:39:40+00:00,582838130,27584770,3940.8,65535,33.60000000000002,33.60000000000002,2.659,2.659,0.0,300,154,80,0.0,-8.0,48.85292770341039,2.312128711491823,Garmin Forerunner 735 XT,2.764319617577337,2991.9366357295494,2.6592009049773893,2.764319617577337,1117.0
2024-01-21 15:39:41+00:00,2024-01-21 15:39:41+00:00,582837895,27584593,3943.25,65535,33.60000000000002,33.60000000000002,2.659,2.659,0.0,300,155,80,0.0,-8.0,48.852908005937934,2.3121138755232096,Garmin Forerunner 735 XT,2.4444851408275765,2994.381120870377,2.6591221719457154,2.4444851408275765,1118.0
2024-01-21 15:39:42+00:00,2024-01-21 15:39:42+00:00,582837665,27584432,3945.61,65535,33.39999999999998,33.39999999999998,2.659,2.659,0.0,300,155,80,0.0,-8.0,48.85288872756064,2.3121003806591034,Garmin Forerunner 735 XT,2.360116384771414,2996.7412372551485,2.659366515837118,2.360116384771414,1119.0
2024-01-21 15:39:43+00:00,2024-01-21 15:39:43+00:00,582837442,27584157,3948.24,65535,32.799999999999955,32.799999999999955,2.659,2.659,0.0,300,155,80,0.0,-8.0,48.85287003591657,2.3120773304253817,Garmin Forerunner 735 XT,2.67657394525955,2999.417811200408,2.6579819004525027,2.67657394525955,1120.0
2024-01-21 15:39:44+00:00,2024-01-21 15:39:44+00:00,582837251,27583968,3950.37,65535,32.39999999999998,32.39999999999998,2.659,2.659,0.0,300,155,81,0.0,-8.0,48.85285402648151,2.3120614886283875,Garmin Forerunner 735 XT,2.1242541473217647,3001.5420653477295,2.656920361990964,2.1242541473217647,1121.0
2024-01-21 15:39:45+00:00,2024-01-21 15:39:45+00:00,582837006,27583655,3953.32,65535,31.799999999999955,31.799999999999955,2.65,2.65,0.0,300,155,81,0.0,-8.0,48.85283349081874,2.3120352532714605,Garmin Forerunner 735 XT,2.9830837002329162,3004.5251490479623,2.6543339366515974,2.9830837002329162,1122.0
2024-01-21 15:39:46+00:00,2024-01-21 15:39:46+00:00,582836749,27583505,3955.88,65535,30.799999999999955,30.799999999999955,2.65,2.65,0.0,300,156,81,0.0,-8.0,48.85281194932759,2.3120226804167032,Garmin Forerunner 735 XT,2.5658730271863206,3007.0910220751484,2.6516407239819144,2.5658730271863206,1123.0
2024-01-21 15:39:47+00:00,2024-01-21 15:39:47+00:00,582836547,27583393,3957.88,65535,30.399999999999977,30.399999999999977,2.65,2.65,0.0,300,156,81,0.0,-8.0,48.85279501788318,2.312013292685151,Garmin Forerunner 735 XT,2.004071380113388,3009.095093455262,2.649094117647073,2.004071380113388,1124.0
2024-01-21 15:39:48+00:00,2024-01-21 15:39:48+00:00,582836319,27583307,3960.07,65535,29.799999999999955,29.799999999999955,2.65,2.65,0.0,300,156,81,0.0,-8.0,48.85277590714395,2.3120060842484236,Garmin Forerunner 735 XT,2.1894887143123003,3011.284582169574,2.6457828054298784,2.1894887143123003,1125.0
2024-01-21 15:39:49+00:00,2024-01-21 15:39:49+00:00,582836047,27583188,3962.69,65535,28.799999999999955,28.799999999999955,2.641,2.641,0.0,300,156,80,0.0,-8.0,48.852753108367324,2.3119961097836494,Garmin Forerunner 735 XT,2.6380613619948163,3013.922643531569,2.6426769230769374,2.6380613619948163,1126.0
2024-01-21 15:39:50+00:00,2024-01-21 15:39:50+00:00,582835802,27583056,3965.1,65535,28.0,28.0,2.641,2.641,0.0,300,157,80,0.0,-8.0,48.852732572704554,2.311985045671463,Garmin Forerunner 735 XT,2.422707539534219,3016.3453510711033,2.638946606334856,2.422707539534219,1127.0
2024-01-21 15:39:51+00:00,2024-01-21 15:39:51+00:00,582835575,27583025,3967.21,65535,26.799999999999955,26.799999999999955,2.631,2.631,0.0,300,157,81,0.0,-8.0,48.852713545784354,2.31198244728148,Garmin Forerunner 735 XT,2.124221491402313,3018.4695725625056,2.6357140271493353,2.124221491402313,1128.0
2024-01-21 15:39:52+00:00,2024-01-21 15:39:52+00:00,582835337,27582989,3969.43,65535,26.200000000000045,26.200000000000045,2.631,2.631,0.0,300,157,81,0.0,-8.0,48.852693596854806,2.311979429796338,Garmin Forerunner 735 XT,2.2291795425073464,3020.6987521050128,2.6327366515837243,2.2291795425073464,1129.0
2024-01-21 15:39:53+00:00,2024-01-21 15:39:53+00:00,582835123,27582937,3971.45,65535,25.200000000000045,25.200000000000045,2.631,2.631,0.0,300,157,81,0.0,-8.0,48.85267565958202,2.311975071206689,Garmin Forerunner 735 XT,2.019866896692463,3022.718619001705,2.628110407239833,2.019866896692463,1130.0
2024-01-21 15:39:54+00:00,2024-01-21 15:39:54+00:00,582834922,27582920,3973.32,65535,24.600000000000023,24.600000000000023,2.622,2.622,0.0,300,157,81,0.0,-8.0,48.852658811956644,2.3119736462831497,Garmin Forerunner 735 XT,1.8762692264960885,3024.594888228201,2.623612669683272,1.8762692264960885,1131.0
2024-01-21 15:39:55+00:00,2024-01-21 15:39:55+00:00,582834747,27582906,3974.94,65535,24.0,24.0,2.622,2.622,0.0,300,157,81,0.0,-8.0,48.852644143626094,2.3119724728167057,Garmin Forerunner 735 XT,1.633302147441388,3026.2281903756425,2.6192914027149463,1.633302147441388,1132.0
2024-01-21 15:39:56+00:00,2024-01-21 15:39:56+00:00,582834526,27582925,3976.97,65535,23.399999999999977,23.399999999999977,2.613,2.613,0.0,300,157,80,0.0,-8.0,48.852625619620085,2.3119740653783083,Garmin Forerunner 735 XT,2.063068662920149,3028.2912590385627,2.615076018099561,2.063068662920149,1133.0
2024-01-21 15:39:57+00:00,2024-01-21 15:39:57+00:00,582834283,27582919,3979.22,65535,22.399999999999977,22.399999999999977,2.613,2.613,0.0,300,157,80,0.0,-8.0,48.85260525159538,2.311973562464118,Garmin Forerunner 735 XT,2.2651199054108844,3030.5563789439734,2.609234389140285,2.2651199054108844,1134.0
2024-01-21 15:39:58+00:00,2024-01-21 15:39:58+00:00,582834047,27582962,3981.35,65535,21.600000000000023,21.600000000000023,2.603,2.603,0.0,300,157,80,0.0,-8.0,48.85258547030389,2.3119771666824818,Garmin Forerunner 735 XT,2.215330689155854,3032.7717096331294,2.603080542986439,2.215330689155854,1135.0
2024-01-21 15:39:59+00:00,2024-01-21 15:39:59+00:00,582833805,27582976,3983.51,65535,21.200000000000045,21.200000000000045,2.594,2.594,0.0,300,156,80,0.0,-8.0,48.85256518609822,2.311978340148926,Garmin Forerunner 735 XT,2.2571343075625614,3035.028843940692,2.595908597285082,2.2571343075625614,1136.0
2024-01-21 15:40:00+00:00,2024-01-21 15:40:00+00:00,582833537,27582894,3986.04,65535,20.600000000000023,20.600000000000023,2.594,2.594,0.0,300,156,80,0.0,-8.0,48.85254272259772,2.311971466988325,Garmin Forerunner 735 XT,2.547946666355141,3037.576790607047,2.588377375565625,2.547946666355141,1137.0
2024-01-21 15:40:01+00:00,2024-01-21 15:40:01+00:00,582833268,27582829,3988.56,65535,20.200000000000045,20.200000000000045,2.585,2.585,0.0,300,156,80,0.0,-8.0,48.85252017527819,2.3119660187512636,Garmin Forerunner 735 XT,2.5386398067133156,3040.1154304137604,2.582239819004539,2.5386398067133156,1138.0
2024-01-21 15:40:02+00:00,2024-01-21 15:40:02+00:00,582832986,27582829,3991.13,65535,19.799999999999955,19.799999999999955,2.575,2.575,0.0,300,156,80,0.0,-8.0,48.85249653831124,2.3119660187512636,Garmin Forerunner 735 XT,2.6283108054091233,3042.7437412191694,2.5760506787330453,2.6283108054091233,1139.0
2024-01-21 15:40:03+00:00,2024-01-21 15:40:03+00:00,582832717,27582769,3993.63,65535,19.200000000000045,19.200000000000045,2.566,2.566,0.0,300,157,80,0.0,-8.0,48.85247399099171,2.3119609896093607,Garmin Forerunner 735 XT,2.5340059030149513,3045.2777471221843,2.5708941176470725,2.5340059030149513,1140.0
2024-01-21 15:40:04+00:00,2024-01-21 15:40:04+00:00,582832445,27582674,3996.23,65535,18.600000000000023,18.600000000000023,2.566,2.566,0.0,300,158,80,0.0,-8.0,48.852451192215085,2.3119530268013477,Garmin Forerunner 735 XT,2.60119346392498,3047.8789405861094,2.5681882352941314,2.60119346392498,1141.0
2024-01-21 15:40:05+00:00,2024-01-21 15:40:05+00:00,582832150,27582631,3998.96,65535,17.600000000000023,17.600000000000023,2.566,2.566,0.0,300,158,81,0.0,-8.0,48.85242646560073,2.311949422582984,Garmin Forerunner 735 XT,2.7620914637868106,3050.6410320498962,2.5686588235294256,2.7620914637868106,1142.0
2024-01-21 15:40:06+00:00,2024-01-21 15:40:06+00:00,582831885,27582519,4001.51,65535,17.399999999999977,17.399999999999977,2.566,2.566,0.0,300,158,81,0.0,-8.0,48.852404253557324,2.311940034851432,Garmin Forerunner 735 XT,2.5635962590462853,3053.2046283089426,2.570305882352955,2.5635962590462853,1143.0
2024-01-21 15:40:07+00:00,2024-01-21 15:40:07+00:00,582831579,27582395,4004.46,65535,16.399999999999977,16.399999999999977,2.575,2.575,0.0,300,157,81,0.0,-8.0,48.85237860493362,2.311929641291499,Garmin Forerunner 735 XT,2.9516409416535128,3056.156269250596,2.573883257918566,2.9516409416535128,1144.0
2024-01-21 15:40:08+00:00,2024-01-21 15:40:08+00:00,582831240,27582318,4007.66,65535,15.200000000000045,15.200000000000045,2.575,2.575,0.0,300,157,81,0.0,-8.0,48.85235019028187,2.311923187226057,Garmin Forerunner 735 XT,3.1946587211858004,3059.350927971782,2.5798542986425477,3.1946587211858004,1145.0
2024-01-21 15:40:09+00:00,2024-01-21 15:40:09+00:00,582830951,27582253,4010.38,65535,14.399999999999977,14.399999999999977,2.585,2.585,0.0,300,158,81,0.0,-8.0,48.8523259665817,2.3119177389889956,Garmin Forerunner 735 XT,2.7228899925067496,3062.0738179642885,2.5861656108597426,2.7228899925067496,1146.0
2024-01-21 15:40:10+00:00,2024-01-21 15:40:10+00:00,582830671,27582222,4012.98,65535,13.600000000000023,13.600000000000023,2.603,2.603,0.0,300,158,81,0.0,-8.0,48.85230249725282,2.3119151405990124,Garmin Forerunner 735 XT,2.616586105638742,3064.6904040699274,2.5923438914027295,2.616586105638742,1147.0
2024-01-21 15:40:11+00:00,2024-01-21 15:40:11+00:00,582830382,27582192,4015.66,65535,12.799999999999955,12.799999999999955,2.603,2.603,0.0,300,158,81,0.0,-8.0,48.852278273552656,2.311912626028061,Garmin Forerunner 735 XT,2.6998286897011674,3067.3902327596284,2.5985882352941316,2.6998286897011674,1148.0
2024-01-21 15:40:12+00:00,2024-01-21 15:40:12+00:00,582830095,27582150,4018.33,65535,12.0,12.0,2.603,2.603,0.0,300,159,81,0.0,-8.0,48.852254217490554,2.311909105628729,Garmin Forerunner 735 XT,2.687284819969674,3070.077517579598,2.603604524886892,2.687284819969674,1149.0
2024-01-21 15:40:13+00:00,2024-01-21 15:40:13+00:00,582829797,27582225,4021.01,65535,10.800000000000011,10.800000000000011,2.613,2.613,0.0,300,159,81,0.0,-8.0,48.8522292394191,2.3119153920561075,Garmin Forerunner 735 XT,2.8152627331480313,3072.892780312746,2.6092633484163033,2.8152627331480313,1150.0
2024-01-21 15:40:14+00:00,2024-01-21 15:40:14+00:00,582829345,27582534,4024.81,65535,13.600000000000023,13.600000000000023,2.613,2.613,0.0,300,159,81,0.0,-8.0,48.85219135321677,2.3119412921369076,Garmin Forerunner 735 XT,4.619350775877989,3077.512131088624,2.6141692307692446,4.619350775877989,1151.0
2024-01-21 15:40:15+00:00,2024-01-21 15:40:15+00:00,582829115,27582508,4026.93,65535,13.399999999999977,13.399999999999977,2.613,2.613,0.0,300,158,81,0.0,-8.0,48.85217207483947,2.311939112842083,Garmin Forerunner 735 XT,2.149579825065183,3079.661710913689,2.6186316742081583,2.149579825065183,1152.0
2024-01-21 15:40:16+00:00,2024-01-21 15:40:16+00:00,582828705,27582851,4030.48,65535,16.399999999999977,16.399999999999977,2.622,2.622,0.0,300,159,81,0.0,-8.0,48.85213770903647,2.3119678627699614,Garmin Forerunner 735 XT,4.362021338867774,3084.023732252557,2.6230787330316883,4.362021338867774,1153.0
2024-01-21 15:40:17+00:00,2024-01-21 15:40:17+00:00,582828458,27582751,4032.86,65535,15.600000000000023,15.600000000000023,2.631,2.631,0.0,300,159,81,0.0,-8.0,48.852117005735636,2.31195948086679,Garmin Forerunner 735 XT,2.38239001727349,3086.40612226983,2.6284217194570276,2.38239001727349,1154.0
2024-01-21 15:40:18+00:00,2024-01-21 15:40:18+00:00,582828028,27583028,4036.49,65535,18.600000000000023,18.600000000000023,2.631,2.631,0.0,300,158,81,0.0,-8.0,48.852080963552,2.311982698738575,Garmin Forerunner 735 XT,4.352880573083985,3090.759002842914,2.635547511312231,4.352880573083985,1155.0
2024-01-21 15:40:19+00:00,2024-01-21 15:40:19+00:00,582827603,27583224,4040.01,65535,21.399999999999977,21.399999999999977,2.65,2.65,0.0,300,158,81,0.0,-8.0,48.85204534046352,2.311999127268791,Garmin Forerunner 735 XT,4.13947200400674,3094.8984748469206,2.644664253393679,4.13947200400674,1156.0
2024-01-21 15:40:20+00:00,2024-01-21 15:40:20+00:00,582827104,27583412,4044.14,65535,24.799999999999955,24.799999999999955,2.65,2.65,0.0,300,158,81,0.0,-8.0,48.85200351476669,2.3120148852467537,Garmin Forerunner 735 XT,4.791587751608794,3099.6900625985295,2.654052488687797,4.791587751608794,1157.0
2024-01-21 15:40:21+00:00,2024-01-21 15:40:21+00:00,582826685,27583642,4047.64,65535,28.200000000000045,28.200000000000045,2.659,2.659,0.0,300,157,80,0.0,-8.0,48.851968394592404,2.3120341636240482,Garmin Forerunner 735 XT,4.15211953766317,3103.8421821361926,2.6634009049773897,4.15211953766317,1158.0
2024-01-21 15:40:22+00:00,2024-01-21 15:40:22+00:00,582826266,27583864,4051.35,65535,31.200000000000045,31.200000000000045,2.678,2.678,0.0,300,157,80,0.0,-8.0,48.851933274418116,2.312052771449089,Garmin Forerunner 735 XT,4.13571005456091,3107.9778921907537,2.6733429864253533,4.13571005456091,1159.0
2024-01-21 15:40:23+00:00,2024-01-21 15:40:23+00:00,582825811,27583995,4055.3,65535,35.0,35.0,2.687,2.687,0.0,300,157,80,0.0,-8.0,48.851895136758685,2.3120637517422438,Garmin Forerunner 735 XT,4.316144410645566,3112.294036601399,2.684235294117661,4.316144410645566,1160.0
2024-01-21 15:40:24+00:00,2024-01-21 15:40:24+00:00,582825410,27584118,4058.77,65535,38.799999999999955,38.799999999999955,2.697,2.697,0.0,300,157,80,0.0,-8.0,48.85186152532697,2.3120740614831448,Garmin Forerunner 735 XT,3.812785540059401,3116.1068221414585,2.6971882352941323,3.812785540059401,1161.0
2024-01-21 15:40:25+00:00,2024-01-21 15:40:25+00:00,582825025,27584267,4062.1,65535,41.799999999999955,41.799999999999955,2.715,2.715,0.0,300,157,80,0.0,-8.0,48.85182925499976,2.3120865505188704,Garmin Forerunner 735 XT,3.7028206607835,3119.809642802242,2.711373755656123,3.7028206607835,1162.0
2024-01-21 15:40:26+00:00,2024-01-21 15:40:26+00:00,582824354,27584292,4068.0,65535,49.799999999999955,49.799999999999955,2.715,2.715,0.0,300,158,80,0.0,-8.0,48.851773012429476,2.3120886459946632,Garmin Forerunner 735 XT,6.255767592094525,3126.065410394336,2.7247990950226386,6.255767592094525,1163.0
2024-01-21 15:40:27+00:00,2024-01-21 15:40:27+00:00,582823762,27584251,4073.08,65535,56.200000000000045,56.200000000000045,2.725,2.725,0.0,300,158,80,0.0,-8.0,48.8517233915627,2.312085209414363,Garmin Forerunner 735 XT,5.5233150560631845,3131.588725450399,2.7400787330316887,5.5233150560631845,1164.0
2024-01-21 15:40:28+00:00,2024-01-21 15:40:28+00:00,582823278,27584248,4077.09,65535,61.200000000000045,61.200000000000045,2.753,2.753,0.0,300,158,80,0.0,-8.0,48.85168282315135,2.3120849579572678,Garmin Forerunner 735 XT,4.511039043780602,3136.09976449418,2.752227149321282,4.511039043780602,1165.0
2024-01-21 15:40:29+00:00,2024-01-21 15:40:29+00:00,582822856,27584363,4080.62,65535,64.79999999999995,64.79999999999995,2.771,2.771,0.0,300,159,80,0.0,-8.0,48.851647451519966,2.312094597145915,Garmin Forerunner 735 XT,3.9958791008545584,3140.0956435950343,2.9024416289592914,3.9958791008545584,1166.0
2024-01-21 15:40:30+00:00,2024-01-21 15:40:30+00:00,582822464,27584478,4083.99,65535,67.60000000000002,67.60000000000002,2.781,2.781,0.0,300,159,80,0.0,-8.0,48.851614594459534,2.3121042363345623,Garmin Forerunner 735 XT,3.7209886276060904,3143.8166322226402,2.8740561085973004,3.7209886276060904,1167.0
2024-01-21 15:40:31+00:00,2024-01-21 15:40:31+00:00,582822036,27584546,4087.74,65535,69.60000000000002,69.60000000000002,2.781,2.781,0.0,300,158,80,0.0,-8.0,48.85157871991396,2.312109936028719,Garmin Forerunner 735 XT,4.010807335657954,3147.827439558298,2.7929936651583858,4.010807335657954,1168.0
2024-01-21 15:40:32+00:00,2024-01-21 15:40:32+00:00,582821695,27584627,4090.76,65535,71.20000000000005,71.20000000000005,2.781,2.781,0.0,300,157,80,0.0,-8.0,48.851550137624145,2.312116725370288,Garmin Forerunner 735 XT,3.2167936352024795,3151.0442331935005,2.66386606334843,3.2167936352024795,1169.0
2024-01-21 15:40:33+00:00,2024-01-21 15:40:33+00:00,582821331,27584720,4094.02,65535,72.0,72.0,2.781,2.781,0.0,300,156,80,0.0,-8.0,48.8515196274966,2.3121245205402374,Garmin Forerunner 735 XT,3.440180896620488,3154.484414090121,2.4736361990950355,3.440180896620488,1170.0
2024-01-21 15:40:34+00:00,2024-01-21 15:40:34+00:00,582821037,27584748,4096.6,65535,72.79999999999995,72.79999999999995,2.762,2.762,0.0,300,156,80,0.0,-8.0,48.851494984701276,2.3121268674731255,Garmin Forerunner 735 XT,2.7455291994302544,3157.229943289551,2.2856597285067997,2.7455291994302544,1171.0
2024-01-21 15:40:35+00:00,2024-01-21 15:40:35+00:00,582820778,27584567,4099.27,65535,74.0,74.0,2.762,2.762,0.0,300,156,81,0.0,-8.0,48.85147327557206,2.312111696228385,Garmin Forerunner 735 XT,2.656940216209857,3159.886883505761,2.116962895927613,2.656940216209857,1172.0
2024-01-21 15:40:42+00:00,2024-01-21 15:40:42+00:00,582819780,27584433,4100.88,65535,81.79999999999995,81.79999999999995,0.765,0.765,0.0,300,156,0,0.0,-8.0,48.85138962417841,2.312100464478135,Garmin Forerunner 735 XT,1.3339776226286542,3169.2247268641618,1.9867583710407348,1.3339776226286542,1179.0
2024-01-21 15:40:43+00:00,2024-01-21 15:40:43+00:00,582819617,27584327,4102.52,65535,82.0,82.0,1.605,1.605,0.0,300,156,0,0.0,-8.0,48.85137596167624,2.3120915796607733,Garmin Forerunner 735 XT,1.6524465285941816,3170.877173392756,1.8997339366515942,1.6524465285941816,1180.0
2024-01-21 15:40:44+00:00,2024-01-21 15:40:44+00:00,582819381,27584185,4104.89,65535,82.20000000000005,82.20000000000005,1.605,1.605,0.0,300,156,0,0.0,-8.0,48.851356180384755,2.3120796773582697,Garmin Forerunner 735 XT,2.3657043633965746,3173.2428777561527,1.856342081447974,2.3657043633965746,1181.0
2024-01-21 15:40:45+00:00,2024-01-21 15:40:45+00:00,582819148,27584057,4107.2,65535,82.39999999999998,82.39999999999998,1.689,1.689,0.0,300,156,0,0.0,-8.0,48.851336650550365,2.31206894852221,Garmin Forerunner 735 XT,2.30914752715355,3175.552025283306,1.8637058823529515,2.30914752715355,1182.0
2024-01-21 15:40:46+00:00,2024-01-21 15:40:46+00:00,582818898,27583798,4109.96,65535,82.0,82.0,2.193,2.193,0.0,300,156,0,0.0,-8.0,48.85131569579244,2.312047239392996,Garmin Forerunner 735 XT,2.8199728120790732,3178.371998095385,1.9284841628959382,2.8199728120790732,1183.0
2024-01-21 15:40:47+00:00,2024-01-21 15:40:47+00:00,582818684,27583650,4112.14,65535,81.79999999999995,81.79999999999995,2.333,2.333,0.0,300,157,77,0.5,-8.0,48.85129775851965,2.312034834176302,Garmin Forerunner 735 XT,2.1913511498312785,3180.5633492452166,2.052065158371052,2.1913511498312785,1184.0
2024-01-21 15:40:48+00:00,2024-01-21 15:40:48+00:00,582818448,27583591,4114.35,65535,82.0,82.0,2.435,2.435,0.0,300,157,80,0.5,-8.0,48.851277977228165,2.3120298888534307,Garmin Forerunner 735 XT,2.229142583906134,3182.792491829123,2.2267719457013695,2.229142583906134,1185.0
2024-01-21 15:40:49+00:00,2024-01-21 15:40:49+00:00,582818186,27583498,4116.85,65535,82.0,82.0,2.445,2.445,0.0,300,159,81,0.0,-8.0,48.851256016641855,2.312022093683481,Garmin Forerunner 735 XT,2.5076306096362107,3185.300122438759,2.453664253393678,2.5076306096362107,1186.0
2024-01-21 15:40:50+00:00,2024-01-21 15:40:50+00:00,582817931,27583354,4119.38,65535,81.79999999999995,81.79999999999995,2.445,2.445,0.0,300,159,80,0.5,-8.0,48.85123464278877,2.312010023742914,Garmin Forerunner 735 XT,2.535440385508791,3187.835562824268,2.4603466063348547,2.535440385508791,1187.0
2024-01-21 15:40:51+00:00,2024-01-21 15:40:51+00:00,582817667,27583208,4121.98,65535,81.60000000000002,81.60000000000002,2.482,2.482,0.0,300,159,80,0.0,-8.0,48.851212514564395,2.3119977861642838,Garmin Forerunner 735 XT,2.618402153653872,3190.4539649779217,2.4886217194570266,2.618402153653872,1188.0
2024-01-21 15:40:52+00:00,2024-01-21 15:40:52+00:00,582817416,27583140,4124.36,65535,81.0,81.0,2.482,2.482,0.0,300,158,80,0.0,-8.0,48.851191475987434,2.311992086470127,Garmin Forerunner 735 XT,2.376264278201878,3192.8302292561234,2.4724552036199223,2.376264278201878,1189.0
2024-01-21 15:40:53+00:00,2024-01-21 15:40:53+00:00,582817182,27583039,4126.6,65535,80.60000000000002,80.60000000000002,2.426,2.426,0.0,300,158,80,0.0,-8.0,48.85117186233401,2.311983620747924,Garmin Forerunner 735 XT,2.2671957604690016,3195.0974250165923,2.416322171945714,2.2671957604690016,1190.0
2024-01-21 15:40:54+00:00,2024-01-21 15:40:54+00:00,582816938,27582909,4128.95,65535,80.20000000000005,80.20000000000005,2.342,2.342,0.0,300,157,79,0.5,-8.0,48.851151410490274,2.311972724273801,Garmin Forerunner 735 XT,2.4098477893397385,3197.507272805932,2.378293212669696,2.4098477893397385,1191.0
2024-01-21 15:40:55+00:00,2024-01-21 15:40:55+00:00,582816744,27582722,4130.81,65535,80.0,80.0,2.305,2.305,0.0,300,157,79,0.5,-8.0,48.85113514959812,2.31195705011487,Garmin Forerunner 735 XT,2.1411667221344968,3199.648439528067,2.340776470588248,2.1411667221344968,1192.0
2024-01-21 15:40:56+00:00,2024-01-21 15:40:56+00:00,582816530,27582576,4132.85,65535,80.0,80.0,2.295,2.295,0.0,300,157,79,0.5,-8.0,48.851117212325335,2.3119448125362396,Garmin Forerunner 735 XT,2.186300468721298,3201.834739996788,2.3102570135746734,2.186300468721298,1193.0
2024-01-21 15:40:57+00:00,2024-01-21 15:40:57+00:00,582816353,27582546,4134.49,65535,80.0,80.0,2.277,2.277,0.0,300,157,79,0.5,-8.0,48.85110237635672,2.311942297965288,Garmin Forerunner 735 XT,1.6599126174863479,3203.4946526142744,2.283833484162908,1.6599126174863479,1194.0
2024-01-21 15:40:58+00:00,2024-01-21 15:40:58+00:00,582816130,27582433,4136.59,65535,78.60000000000002,78.60000000000002,2.267,2.267,0.0,300,158,82,0.0,-8.0,48.85108368471265,2.3119328264147043,Garmin Forerunner 735 XT,2.190909814367838,3205.6855624286422,2.2641864253393784,2.190909814367838,1195.0
2024-01-21 15:40:59+00:00,2024-01-21 15:40:59+00:00,582815921,27582390,4138.53,65535,77.39999999999998,77.39999999999998,2.258,2.258,0.0,300,158,82,0.0,-8.0,48.85106616653502,2.3119292221963406,Garmin Forerunner 735 XT,1.9657024995850392,3207.651264928227,2.2584072398190163,1.9657024995850392,1196.0
2024-01-21 15:41:00+00:00,2024-01-21 15:41:00+00:00,582815699,27582263,4140.69,65535,76.0,76.0,2.258,2.258,0.0,300,157,82,0.0,-8.0,48.85104755870998,2.3119185771793127,Garmin Forerunner 735 XT,2.2108388716409966,3209.8621037998682,2.267356561085985,2.2108388716409966,1197.0
2024-01-21 15:41:01+00:00,2024-01-21 15:41:01+00:00,582815455,27582105,4143.13,65535,74.60000000000002,74.60000000000002,2.267,2.267,0.0,300,157,82,0.0,-8.0,48.85102710686624,2.3119053337723017,Garmin Forerunner 735 XT,2.4719782808597643,3212.334082080728,2.2841221719457137,2.4719782808597643,1198.0
2024-01-21 15:41:02+00:00,2024-01-21 15:41:02+00:00,582815223,27581901,4145.61,65535,73.39999999999998,73.39999999999998,2.295,2.295,0.0,300,156,82,0.0,-8.0,48.85100766085088,2.3118882346898317,Garmin Forerunner 735 XT,2.498162573443534,3214.8322446541715,2.300725791855216,2.498162573443534,1199.0
2024-01-21 15:41:03+00:00,2024-01-21 15:41:03+00:00,582814974,27581696,4148.25,65535,72.0,72.0,2.323,2.323,0.0,300,156,82,0.0,-8.0,48.850986789911985,2.31187105178833,Garmin Forerunner 735 XT,2.6394153047415294,3217.471659958913,2.318077828054311,2.6394153047415294,1200.0
2024-01-21 15:41:04+00:00,2024-01-21 15:41:04+00:00,582814734,27581510,4150.77,65535,70.39999999999998,70.39999999999998,2.351,2.351,0.0,300,156,81,0.0,-8.0,48.850966673344374,2.311855461448431,Garmin Forerunner 735 XT,2.510933806504056,3219.982593765417,2.3377285067873426,2.510933806504056,1201.0
2024-01-21 15:41:05+00:00,2024-01-21 15:41:05+00:00,582814533,27581401,4152.76,65535,69.0,69.0,2.37,2.37,0.0,300,156,81,0.0,-8.0,48.850949825719,2.311846325173974,Garmin Forerunner 735 XT,1.989068194323891,3221.9716619597407,2.3568778280543112,1.989068194323891,1202.0
2024-01-21 15:41:06+00:00,2024-01-21 15:41:06+00:00,582814307,27581320,4154.91,65535,67.60000000000002,67.60000000000002,2.389,2.389,0.0,300,156,81,0.0,-8.0,48.85093088261783,2.311839535832405,Garmin Forerunner 735 XT,2.164162534460649,3224.135824494201,2.3742352941176597,2.164162534460649,1203.0
2024-01-21 15:41:07+00:00,2024-01-21 15:41:07+00:00,582814075,27581242,4157.14,65535,65.79999999999995,65.79999999999995,2.389,2.389,0.0,300,156,81,0.0,-8.0,48.85091143660247,2.3118329979479313,Garmin Forerunner 735 XT,2.2145810352378033,3226.350405529439,2.3879936651583837,2.2145810352378033,1204.0
2024-01-21 15:41:08+00:00,2024-01-21 15:41:08+00:00,582813745,27581218,4160.0,65535,66.0,66.0,2.389,2.389,0.0,300,157,81,0.0,-8.0,48.85088377632201,2.31183098629117,Garmin Forerunner 735 XT,3.0792028112533623,3229.429608340692,2.3974398190045374,3.0792028112533623,1205.0
2024-01-21 15:41:09+00:00,2024-01-21 15:41:09+00:00,582813439,27581326,4162.59,65535,66.0,66.0,2.398,2.398,0.0,300,156,81,0.0,-8.0,48.8508581276983,2.3118400387465954,Garmin Forerunner 735 XT,2.927900424045872,3232.3575087647378,2.4024714932126825,2.927900424045872,1206.0
2024-01-21 15:41:10+00:00,2024-01-21 15:41:10+00:00,582813208,27581588,4164.79,65535,65.60000000000002,65.60000000000002,2.407,2.407,0.0,300,156,81,0.0,-8.0,48.850838765501976,2.311861999332905,Garmin Forerunner 735 XT,2.6864856826843786,3235.043994447422,2.405063348416302,2.6864856826843786,1207.0
2024-01-21 15:41:11+00:00,2024-01-21 15:41:11+00:00,582812992,27581831,4167.09,65535,65.20000000000005,65.20000000000005,2.407,2.407,0.0,300,156,81,0.0,-8.0,48.850820660591125,2.3118823673576117,Garmin Forerunner 735 XT,2.5047691858192875,3237.5487636332414,2.4061022624434516,2.5047691858192875,1208.0
2024-01-21 15:41:12+00:00,2024-01-21 15:41:12+00:00,582812755,27582018,4169.51,65535,64.79999999999995,64.79999999999995,2.407,2.407,0.0,300,155,81,0.0,-8.0,48.85080079548061,2.3118980415165424,Garmin Forerunner 735 XT,2.488879266283822,3240.037642899525,2.406022624434402,2.488879266283822,1209.0
2024-01-21 15:41:13+00:00,2024-01-21 15:41:13+00:00,582812482,27582046,4172.05,65535,64.0,64.0,2.407,2.407,0.0,300,155,81,0.0,-8.0,48.85077791288495,2.3119003884494305,Garmin Forerunner 735 XT,2.550216678258276,3242.5878595777835,2.406266063348429,2.550216678258276,1210.0
2024-01-21 15:41:14+00:00,2024-01-21 15:41:14+00:00,582812212,27582148,4174.61,65535,64.0,64.0,2.407,2.407,0.0,300,155,81,0.0,-8.0,48.85075528174639,2.3119089379906654,Garmin Forerunner 735 XT,2.593055089924218,3245.180914667708,2.4076968325791985,2.593055089924218,1211.0
2024-01-21 15:41:15+00:00,2024-01-21 15:41:15+00:00,582811922,27582214,4177.32,65535,63.799999999999955,63.799999999999955,2.407,2.407,0.0,300,156,82,0.0,-8.0,48.85073097422719,2.3119144700467587,Garmin Forerunner 735 XT,2.733013605692238,3247.9139282734,2.408085067873316,2.733013605692238,1212.0
2024-01-21 15:41:16+00:00,2024-01-21 15:41:16+00:00,582811687,27582266,4179.52,65535,63.799999999999955,63.799999999999955,2.407,2.407,0.0,300,156,82,0.0,-8.0,48.85071127675474,2.311918828636408,Garmin Forerunner 735 XT,2.213354909842636,3250.1272831832425,2.468271493212683,2.213354909842636,1213.0
2024-01-21 15:41:17+00:00,2024-01-21 15:41:17+00:00,582811392,27582199,4182.3,65535,63.39999999999998,63.39999999999998,2.407,2.407,0.0,300,156,81,0.0,-8.0,48.85068655014038,2.311913212761283,Garmin Forerunner 735 XT,2.780009423801555,3252.907292607044,2.5906144796380226,2.780009423801555,1214.0
2024-01-21 15:41:18+00:00,2024-01-21 15:41:18+00:00,582811122,27582222,4184.77,65535,63.60000000000002,63.60000000000002,2.407,2.407,0.0,300,156,81,0.0,-8.0,48.85066391900182,2.3119151405990124,Garmin Forerunner 735 XT,2.520418108923572,3255.4277107159674,2.4928135746606466,2.520418108923572,1215.0
2024-01-21 15:41:19+00:00,2024-01-21 15:41:19+00:00,582810816,27582275,4187.6,65535,63.799999999999955,63.799999999999955,2.417,2.417,0.0,300,155,81,0.0,-8.0,48.85063827037811,2.3119195830076933,Garmin Forerunner 735 XT,2.870460073406252,3258.2981707893737,2.331075113122184,2.870460073406252,1216.0
2024-01-21 15:41:20+00:00,2024-01-21 15:41:20+00:00,582810504,27582258,4190.51,65535,63.799999999999955,63.799999999999955,2.417,2.417,0.0,300,154,81,0.0,-8.0,48.85061211884022,2.311918158084154,Garmin Forerunner 735 XT,2.9097868045020894,3261.2079575938756,2.132746606334853,2.9097868045020894,1217.0
2024-01-21 15:41:21+00:00,2024-01-21 15:41:21+00:00,582810001,27582173,4195.16,65535,67.20000000000005,67.20000000000005,2.417,2.417,0.0,300,154,81,0.0,-8.0,48.850569957867265,2.3119110334664583,Garmin Forerunner 735 XT,4.716980832259166,3265.9249384261348,1.9441574660633587,4.716980832259166,1218.0
2024-01-21 15:41:22+00:00,2024-01-21 15:41:22+00:00,582809720,27582088,4197.79,65535,67.79999999999995,67.79999999999995,2.426,2.426,0.0,300,154,81,0.0,-8.0,48.85054640471935,2.3119039088487625,Garmin Forerunner 735 XT,2.6703683163848906,3268.59530674252,1.7682841628959372,2.6703683163848906,1219.0
2024-01-21 15:41:28+00:00,2024-01-21 15:41:28+00:00,582809395,27580961,4199.05,65535,58.799999999999955,58.799999999999955,1.577,1.577,0.0,300,154,0,0.0,-8.0,48.850519163534045,2.3118094448000193,Garmin Forerunner 735 XT,1.2577427860783241,3276.1417634589898,1.638678733031683,1.2577427860783241,1225.0
2024-01-21 15:41:29+00:00,2024-01-21 15:41:29+00:00,582809222,27580849,4200.72,65535,57.39999999999998,57.39999999999998,0.0,0.0,0.0,300,154,0,0.0,-8.0,48.85050466284156,2.311800057068467,Garmin Forerunner 735 XT,1.75261683976573,3277.8943802987556,1.5502352941176556,1.75261683976573,1226.0
2024-01-21 15:41:30+00:00,2024-01-21 15:41:30+00:00,582808994,27580755,4202.92,65535,55.60000000000002,55.60000000000002,1.222,1.222,0.0,300,154,0,0.0,-8.0,48.85048555210233,2.311792178079486,Garmin Forerunner 735 XT,2.2018286571083467,3280.096208955864,1.5191203619909586,2.2018286571083467,1227.0
2024-01-21 15:41:31+00:00,2024-01-21 15:41:31+00:00,582808818,27580661,4204.65,65535,52.799999999999955,52.799999999999955,1.549,1.549,0.0,300,154,0,0.0,-8.0,48.850470799952745,2.3117842990905046,Garmin Forerunner 735 XT,1.7387196548433528,3281.8349286107073,1.5457728506787414,1.7387196548433528,1228.0
2024-01-21 15:41:32+00:00,2024-01-21 15:41:32+00:00,582808629,27580609,4206.43,65535,50.799999999999955,50.799999999999955,1.913,1.913,0.0,300,154,73,0.5,-8.0,48.85045495815575,2.3117799405008554,Garmin Forerunner 735 XT,1.7901635324388634,3283.625092143146,1.6325701357466151,1.7901635324388634,1229.0
2024-01-21 15:41:33+00:00,2024-01-21 15:41:33+00:00,582808399,27580573,4208.59,65535,49.799999999999955,49.799999999999955,2.034,2.034,0.0,300,154,73,0.5,-8.0,48.85043567977846,2.3117769230157137,Garmin Forerunner 735 XT,2.154997791517335,3285.7800899346635,1.779914027149331,2.154997791517335,1230.0
2024-01-21 15:41:34+00:00,2024-01-21 15:41:34+00:00,582808144,27580466,4211.05,65535,48.799999999999955,48.799999999999955,2.277,2.277,0.0,300,154,79,0.0,-8.0,48.85041430592537,2.31176795437932,Garmin Forerunner 735 XT,2.4655968431051125,3288.2456867777687,1.9853122171945807,2.4655968431051125,1231.0
2024-01-21 15:41:35+00:00,2024-01-21 15:41:35+00:00,582807899,27580363,4213.42,65535,47.799999999999955,47.799999999999955,2.295,2.295,0.0,300,155,79,0.0,-8.0,48.8503937702626,2.3117593210190535,Garmin Forerunner 735 XT,2.36922718695488,3290.6149139647237,2.248034389140283,2.36922718695488,1232.0
2024-01-21 15:41:36+00:00,2024-01-21 15:41:36+00:00,582807659,27580248,4215.76,65535,46.60000000000002,46.60000000000002,2.417,2.417,0.0,300,155,80,0.0,-8.0,48.85037365369499,2.311749681830406,Garmin Forerunner 735 XT,2.34541722372927,3292.960331188453,2.4535963800905103,2.34541722372927,1233.0
2024-01-21 15:41:37+00:00,2024-01-21 15:41:37+00:00,582807432,27580120,4218.02,65535,45.39999999999998,45.39999999999998,2.426,2.426,0.0,300,157,80,0.0,-8.0,48.85035462677479,2.3117389529943466,Garmin Forerunner 735 XT,2.2566420496685895,3295.2169732381217,2.435718552036212,2.2566420496685895,1234.0
2024-01-21 15:41:38+00:00,2024-01-21 15:41:38+00:00,582807211,27580013,4220.18,65535,44.60000000000002,44.60000000000002,2.435,2.435,0.0,300,158,81,0.0,-8.0,48.85033610276878,2.311729984357953,Garmin Forerunner 735 XT,2.161784525728278,3297.37875776385,2.452791855203633,2.161784525728278,1235.0
2024-01-21 15:41:39+00:00,2024-01-21 15:41:39+00:00,582806964,27579865,4222.66,65535,43.799999999999955,43.799999999999955,2.435,2.435,0.0,300,158,81,0.0,-8.0,48.850315399467945,2.311717579141259,Garmin Forerunner 735 XT,2.474583002669109,3299.853340766519,2.45213122171947,2.474583002669109,1236.0
2024-01-21 15:41:40+00:00,2024-01-21 15:41:40+00:00,582806721,27579737,4225.05,65535,42.799999999999955,42.799999999999955,2.417,2.417,0.0,300,158,81,0.0,-8.0,48.85029503144324,2.3117068503051996,Garmin Forerunner 735 XT,2.3970138160448253,3302.250354582564,2.454110407239832,2.3970138160448253,1237.0
2024-01-21 15:41:41+00:00,2024-01-21 15:41:41+00:00,582806479,27579585,4227.49,65535,41.799999999999955,41.799999999999955,2.417,2.417,0.0,300,157,81,0.0,-8.0,48.85027474723756,2.311694109812379,Garmin Forerunner 735 XT,2.440555000795818,3304.69090958336,2.444893212669696,2.440555000795818,1238.0
2024-01-21 15:41:42+00:00,2024-01-21 15:41:42+00:00,582806261,27579450,4229.69,65535,40.60000000000002,40.60000000000002,2.445,2.445,0.0,300,156,81,0.0,-8.0,48.85025647468865,2.3116827942430973,Garmin Forerunner 735 XT,2.194032778447596,3306.8849423618076,2.4464190045248997,2.194032778447596,1239.0
2024-01-21 15:41:43+00:00,2024-01-21 15:41:43+00:00,582806023,27579288,4232.11,65535,39.200000000000045,39.200000000000045,2.445,2.445,0.0,300,155,82,0.0,-8.0,48.8502365257591,2.3116692155599594,Garmin Forerunner 735 XT,2.4305621142447706,3309.3155044760524,2.441260633484176,2.4305621142447706,1240.0
2024-01-21 15:41:44+00:00,2024-01-21 15:41:44+00:00,582805782,27579156,4234.49,65535,37.39999999999998,37.39999999999998,2.445,2.445,0.0,300,155,82,0.0,-8.0,48.85021632537246,2.311658151447773,Garmin Forerunner 735 XT,2.3876155666099983,3311.7031200426622,2.444388235294131,2.3876155666099983,1241.0
2024-01-21 15:41:45+00:00,2024-01-21 15:41:45+00:00,582805552,27579004,4236.83,65535,35.799999999999955,35.799999999999955,2.445,2.445,0.0,300,154,81,0.0,-8.0,48.85019704699516,2.3116454109549522,Garmin Forerunner 735 XT,2.337583428243013,3314.040703470905,2.4475239819004657,2.337583428243013,1242.0
2024-01-21 15:41:46+00:00,2024-01-21 15:41:46+00:00,582805326,27578859,4239.12,65535,34.0,34.0,2.454,2.454,0.0,300,155,81,0.0,-8.0,48.850178103893995,2.3116332571953535,Garmin Forerunner 735 XT,2.286405995829242,3316.3271094667343,2.4513737556561215,2.286405995829242,1243.0
2024-01-21 15:41:47+00:00,2024-01-21 15:41:47+00:00,582805123,27578762,4241.1,65535,32.39999999999998,32.39999999999998,2.454,2.454,0.0,300,155,81,0.0,-8.0,48.85016108863056,2.311625126749277,Garmin Forerunner 735 XT,1.9833339782138162,3318.3104434449483,2.4535601809954883,1.9833339782138162,1244.0
2024-01-21 15:41:48+00:00,2024-01-21 15:41:48+00:00,582804924,27578588,4243.24,65535,30.600000000000023,30.600000000000023,2.454,2.454,0.0,300,155,81,0.0,-8.0,48.850144408643246,2.3116105422377586,Garmin Forerunner 735 XT,2.1398175497756147,3320.450260994724,2.45131493212671,2.1398175497756147,1245.0
2024-01-21 15:41:49+00:00,2024-01-21 15:41:49+00:00,582804744,27578445,4245.13,65535,28.799999999999955,28.799999999999955,2.445,2.445,0.0,300,155,81,0.0,-8.0,48.85012932121754,2.3115985561162233,Garmin Forerunner 735 XT,1.8930554183597663,3322.343316413084,2.4449158371040856,1.8930554183597663,1246.0
2024-01-21 15:41:50+00:00,2024-01-21 15:41:50+00:00,582804532,27578355,4247.17,65535,28.0,28.0,2.445,2.445,0.0,300,154,81,0.0,-8.0,48.85011155158281,2.311591012403369,Garmin Forerunner 735 XT,2.0515424343107753,3324.3948588473945,2.4391990950226377,2.0515424343107753,1247.0
2024-01-21 15:41:51+00:00,2024-01-21 15:41:51+00:00,582804374,27578251,4248.77,65535,26.0,26.0,2.435,2.435,0.0,300,153,81,0.0,-8.0,48.8500983081758,2.3115822952240705,Garmin Forerunner 735 XT,1.6047995529666939,3325.999658400361,2.4314009049773886,1.6047995529666939,1248.0
2024-01-21 15:41:52+00:00,2024-01-21 15:41:52+00:00,582804162,27578283,4250.49,65535,25.399999999999977,25.399999999999977,2.426,2.426,0.0,300,152,82,0.0,-8.0,48.85008053854108,2.3115849774330854,Garmin Forerunner 735 XT,1.9856159497892094,3327.98527435015,2.422753846153859,1.9856159497892094,1249.0
2024-01-21 15:41:53+00:00,2024-01-21 15:41:53+00:00,582803913,27578285,4252.67,65535,24.799999999999955,24.799999999999955,2.407,2.407,0.0,300,152,82,0.0,-8.0,48.85005966760218,2.311585145071149,Garmin Forerunner 735 XT,2.3207749348794877,3330.3060492850295,2.4120552036199223,2.3207749348794877,1250.0
2024-01-21 15:41:54+00:00,2024-01-21 15:41:54+00:00,582803675,27578260,4254.77,65535,24.200000000000045,24.200000000000045,2.398,2.398,0.0,300,152,82,0.0,-8.0,48.85003971867263,2.311583049595356,Garmin Forerunner 735 XT,2.223512452324362,3332.529561737354,2.4016886877828183,2.223512452324362,1251.0
2024-01-21 15:41:55+00:00,2024-01-21 15:41:55+00:00,582803488,27578255,4256.35,65535,23.600000000000023,23.600000000000023,2.389,2.389,0.0,300,153,82,0.0,-8.0,48.8500240445137,2.3115826305001974,Garmin Forerunner 735 XT,1.7431566995602443,3334.272718436914,2.3929918552036327,1.7431566995602443,1252.0
2024-01-21 15:41:56+00:00,2024-01-21 15:41:56+00:00,582803258,27578261,4258.34,65535,22.200000000000045,22.200000000000045,2.389,2.389,0.0,300,154,82,0.0,-8.0,48.85000476613641,2.3115831334143877,Garmin Forerunner 735 XT,2.1439735656282926,3336.4166920025423,2.3859176470588364,2.1439735656282926,1253.0
2024-01-21 15:41:57+00:00,2024-01-21 15:41:57+00:00,582803005,27578267,4260.58,65535,20.799999999999955,20.799999999999955,2.379,2.379,0.0,300,154,82,0.0,-8.0,48.849983559921384,2.311583636328578,Garmin Forerunner 735 XT,2.3583106338455737,3338.775002636388,2.3809728506787455,2.3583106338455737,1254.0
2024-01-21 15:41:58+00:00,2024-01-21 15:41:58+00:00,582802718,27578281,4263.12,65535,20.399999999999977,20.399999999999977,2.379,2.379,0.0,300,154,82,0.0,-8.0,48.84995950385928,2.311584809795022,Garmin Forerunner 735 XT,2.6762897628051765,3341.451292399193,2.379853393665171,2.6762897628051765,1255.0
2024-01-21 15:41:59+00:00,2024-01-21 15:41:59+00:00,582802433,27578288,4265.65,65535,19.799999999999955,19.799999999999955,2.37,2.37,0.0,300,154,82,0.0,-8.0,48.84993561543524,2.311585396528244,Garmin Forerunner 735 XT,2.6566184681732805,3344.107910867366,2.3811411764706008,2.6566184681732805,1256.0
2024-01-21 15:42:00+00:00,2024-01-21 15:42:00+00:00,582802149,27578234,4268.23,65535,18.799999999999955,18.799999999999955,2.379,2.379,0.0,300,154,82,0.0,-8.0,48.849911810830235,2.3115808703005314,Garmin Forerunner 735 XT,2.6675895704448758,3346.775500437811,2.384688687782818,2.6675895704448758,1257.0
2024-01-21 15:42:01+00:00,2024-01-21 15:42:01+00:00,582801866,27578215,4270.74,65535,18.0,18.0,2.389,2.389,0.0,300,153,82,0.0,-8.0,48.84988809004426,2.311579277738929,Garmin Forerunner 735 XT,2.6402038396604963,3349.4157042774714,2.388572850678746,2.6402038396604963,1258.0
2024-01-21 15:42:02+00:00,2024-01-21 15:42:02+00:00,582801595,27578206,4273.14,65535,17.799999999999955,17.799999999999955,2.389,2.389,0.0,300,153,82,0.0,-8.0,48.849865375086665,2.3115785233676434,Garmin Forerunner 735 XT,2.5263911006365802,3351.9420953781078,2.3896814479638135,2.5263911006365802,1259.0
2024-01-21 15:42:03+00:00,2024-01-21 15:42:03+00:00,582801350,27578165,4275.34,65535,16.799999999999955,16.799999999999955,2.398,2.398,0.0,300,153,81,0.0,-8.0,48.849844839423895,2.311575086787343,Garmin Forerunner 735 XT,2.297264910475421,3354.239360288583,2.3886977375565737,2.297264910475421,1260.0
2024-01-21 15:42:04+00:00,2024-01-21 15:42:04+00:00,582801187,27578074,4276.95,65535,15.0,15.0,2.398,2.398,0.0,300,154,81,0.0,-8.0,48.849831176921725,2.311567459255457,Garmin Forerunner 735 XT,1.6184731643163552,3355.8578334528993,2.3861049773755783,1.6184731643163552,1261.0
2024-01-21 15:42:05+00:00,2024-01-21 15:42:05+00:00,582801021,27577986,4278.59,65535,12.799999999999955,12.799999999999955,2.389,2.389,0.0,300,154,82,0.0,-8.0,48.84981726296246,2.311560083180666,Garmin Forerunner 735 XT,1.6385952761349798,3357.496428729034,2.380586425339379,1.6385952761349798,1262.0
2024-01-21 15:42:06+00:00,2024-01-21 15:42:06+00:00,582800876,27577980,4279.87,65535,11.0,11.0,2.379,2.379,0.0,300,154,82,0.0,-8.0,48.84980510920286,2.3115595802664757,Garmin Forerunner 735 XT,1.3519373055449422,3358.848366034579,2.3729773755656236,1.3519373055449422,1263.0
2024-01-21 15:42:07+00:00,2024-01-21 15:42:07+00:00,582800719,27577927,4281.35,65535,9.0,9.0,2.361,2.361,0.0,300,154,81,0.0,-8.0,48.84979194961488,2.3115551378577948,Garmin Forerunner 735 XT,1.498948086467685,3360.347314121047,2.362042533936664,1.498948086467685,1264.0
2024-01-21 15:42:08+00:00,2024-01-21 15:42:08+00:00,582800543,27577853,4283.0,65535,7.199999999999989,7.199999999999989,2.333,2.333,0.0,300,154,81,0.0,-8.0,48.8497771974653,2.311548935249448,Garmin Forerunner 735 XT,1.7019902951667347,3362.0493044162135,2.3498126696832706,1.7019902951667347,1265.0
2024-01-21 15:42:09+00:00,2024-01-21 15:42:09+00:00,582800347,27577776,4284.83,65535,5.800000000000011,5.800000000000011,2.333,2.333,0.0,300,155,82,0.0,-8.0,48.849760768935084,2.3115424811840057,Garmin Forerunner 735 XT,1.8868231210518511,3363.9361275372653,2.336714027149334,1.8868231210518511,1266.0
2024-01-21 15:42:10+00:00,2024-01-21 15:42:10+00:00,582800163,27577706,4286.58,65535,3.6000000000000227,3.6000000000000227,2.323,2.323,0.0,300,155,82,0.0,-8.0,48.84974534623325,2.3115366138517857,Garmin Forerunner 735 XT,1.7678468573919504,3365.703974394657,2.3237601809954875,1.7678468573919504,1267.0
2024-01-21 15:42:11+00:00,2024-01-21 15:42:11+00:00,582799999,27577666,4288.1,65535,1.6000000000000227,1.6000000000000227,2.314,2.314,0.0,300,155,82,0.0,-8.0,48.84973159991205,2.311533261090517,Garmin Forerunner 735 XT,1.5480827149496332,3367.2520571096065,2.3119167420814604,1.5480827149496332,1268.0
2024-01-21 15:42:12+00:00,2024-01-21 15:42:12+00:00,582799804,27577646,4289.88,65535,-0.6000000000000227,-0.6000000000000227,2.305,2.305,0.0,300,155,82,0.0,-8.0,48.84971525520086,2.3115315847098827,Garmin Forerunner 735 XT,1.8215835174485693,3369.0736406270553,2.3017339366515963,1.8215835174485693,1269.0
2024-01-21 15:42:13+00:00,2024-01-21 15:42:13+00:00,582799596,27577563,4291.87,65535,-2.8000000000000114,-2.8000000000000114,2.295,2.295,0.0,300,155,82,0.0,-8.0,48.849697820842266,2.3115246277302504,Garmin Forerunner 735 XT,2.0043311998421824,3371.0779718268973,2.2931511312217316,2.0043311998421824,1270.0
2024-01-21 15:42:14+00:00,2024-01-21 15:42:14+00:00,582799385,27577499,4293.88,65535,-4.800000000000011,-4.800000000000011,2.286,2.286,0.0,300,155,82,0.0,-8.0,48.849680135026574,2.3115192633122206,Garmin Forerunner 735 XT,2.0053623925155213,3373.083334219413,2.287158371040736,2.0053623925155213,1271.0
2024-01-21 15:42:15+00:00,2024-01-21 15:42:15+00:00,582799172,27577460,4295.87,65535,-6.399999999999977,-6.399999999999977,2.277,2.277,0.0,300,155,81,0.0,-8.0,48.84966228157282,2.3115159943699837,Garmin Forerunner 735 XT,1.9995710237070952,3375.08290524312,2.2824533936651705,1.9995710237070952,1272.0
2024-01-21 15:42:16+00:00,2024-01-21 15:42:16+00:00,582798942,27577422,4298.0,65535,-7.800000000000011,-7.800000000000011,2.277,2.277,0.0,300,154,81,0.0,-8.0,48.849643003195524,2.3115128092467785,Garmin Forerunner 735 XT,2.156289401015716,3377.2391946441358,2.2769031674208264,2.156289401015716,1273.0
2024-01-21 15:42:17+00:00,2024-01-21 15:42:17+00:00,582798715,27577325,4300.2,65535,-9.199999999999989,-9.199999999999989,2.267,2.267,0.0,300,154,82,0.0,-8.0,48.849623976275325,2.311504678800702,Garmin Forerunner 735 XT,2.197746463084999,3379.4369411072207,2.271950226244356,2.197746463084999,1274.0
2024-01-21 15:42:18+00:00,2024-01-21 15:42:18+00:00,582798494,27577273,4302.27,65535,-10.399999999999977,-10.399999999999977,2.267,2.267,0.0,300,155,82,0.0,-8.0,48.849605452269316,2.311500320211053,Garmin Forerunner 735 XT,2.0843188363406404,3381.5212599435613,2.267695927601822,2.0843188363406404,1275.0
2024-01-21 15:42:19+00:00,2024-01-21 15:42:19+00:00,582798302,27577317,4303.96,65535,-12.0,-12.0,2.267,2.267,0.0,300,155,81,0.0,-8.0,48.849589359015226,2.3115040082484484,Garmin Forerunner 735 XT,1.8097209757284396,3383.3309809192897,2.2631954751131342,1.8097209757284396,1276.0
2024-01-21 15:42:20+00:00,2024-01-21 15:42:20+00:00,582798102,27577308,4305.77,65535,-13.199999999999989,-13.199999999999989,2.267,2.267,0.0,300,156,81,0.0,-8.0,48.84957259520888,2.311503253877163,Garmin Forerunner 735 XT,1.864867287159075,3385.1958482064488,2.2585981900452605,1.864867287159075,1277.0
2024-01-21 15:42:21+00:00,2024-01-21 15:42:21+00:00,582797891,27577246,4307.77,65535,-14.600000000000023,-14.600000000000023,2.258,2.258,0.0,300,156,81,0.0,-8.0,48.84955490939319,2.3114980570971966,Garmin Forerunner 735 XT,2.002997801110744,3387.1988460075595,2.254468778280555,2.002997801110744,1278.0
2024-01-21 15:42:22+00:00,2024-01-21 15:42:22+00:00,582797672,27577207,4309.82,65535,-16.0,-16.0,2.249,2.249,0.0,300,156,81,0.0,-8.0,48.849536553025246,2.3114947881549597,Garmin Forerunner 735 XT,2.0551019530917047,3389.253947960651,2.2496904977375687,2.0551019530917047,1279.0
2024-01-21 15:42:23+00:00,2024-01-21 15:42:23+00:00,582797456,27577110,4311.91,65535,-17.0,-17.0,2.239,2.239,0.0,300,156,81,0.0,-8.0,48.849518448114395,2.3114866577088833,Garmin Forerunner 735 XT,2.099235035021794,3391.353182995673,2.244240723981912,2.099235035021794,1280.0
2024-01-21 15:42:24+00:00,2024-01-21 15:42:24+00:00,582797232,27577041,4314.04,65535,-18.399999999999977,-18.399999999999977,2.239,2.239,0.0,300,156,81,0.0,-8.0,48.84949967265129,2.311480874195695,Garmin Forerunner 735 XT,2.13019402925987,3393.4833770249325,2.23926153846155,2.13019402925987,1281.0
2024-01-21 15:42:25+00:00,2024-01-21 15:42:25+00:00,582797007,27576899,4316.3,65535,-19.399999999999977,-19.399999999999977,2.23,2.23,0.0,300,156,81,0.0,-8.0,48.849480813369155,2.3114689718931913,Garmin Forerunner 735 XT,2.270707158517581,3395.7540841834502,2.234580995475125,2.270707158517581,1282.0
2024-01-21 15:42:26+00:00,2024-01-21 15:42:26+00:00,582796764,27576815,4318.58,65535,-20.0,-20.0,2.23,2.23,0.0,300,155,81,0.0,-8.0,48.84946044534445,2.3114619310945272,Garmin Forerunner 735 XT,2.3226761592226945,3398.076760342673,2.2300271493212787,2.3226761592226945,1283.0
2024-01-21 15:42:27+00:00,2024-01-21 15:42:27+00:00,582796561,27576694,4320.6,65535,-21.80000000000001,-21.80000000000001,2.23,2.23,0.0,300,155,81,0.0,-8.0,48.84944343008101,2.3114517889916897,Garmin Forerunner 735 XT,2.0323446582678644,3400.109105000941,2.2261067873303286,2.0323446582678644,1284.0
2024-01-21 15:42:28+00:00,2024-01-21 15:42:28+00:00,582796322,27576585,4322.9,65535,-23.19999999999999,-23.19999999999999,2.221,2.221,0.0,300,155,81,0.0,-8.0,48.84942339733243,2.3114426527172327,Garmin Forerunner 735 XT,2.325690667867818,3402.434795668809,2.223326696832591,2.325690667867818,1285.0
2024-01-21 15:42:29+00:00,2024-01-21 15:42:29+00:00,582796104,27576541,4324.92,65535,-24.399999999999977,-24.399999999999977,2.221,2.221,0.0,300,155,81,0.0,-8.0,48.849405124783516,2.3114389646798372,Garmin Forerunner 735 XT,2.0496569513410856,3404.48445262015,2.2209475113122292,2.0496569513410856,1286.0
2024-01-21 15:42:30+00:00,2024-01-21 15:42:30+00:00,582795893,27576474,4326.92,65535,-25.0,-25.0,2.221,2.221,0.0,300,156,81,0.0,-8.0,48.849387438967824,2.3114333488047123,Garmin Forerunner 735 XT,2.0090452466370055,3406.493497866787,2.2187837104072514,2.0090452466370055,1287.0
2024-01-21 15:42:31+00:00,2024-01-21 15:42:31+00:00,582795645,27576420,4329.2,65535,-26.600000000000023,-26.600000000000023,2.221,2.221,0.0,300,156,81,0.0,-8.0,48.84936665184796,2.3114288225769997,Garmin Forerunner 735 XT,2.335028520258154,3408.8285263870453,2.216429864253406,2.335028520258154,1288.0
2024-01-21 15:42:32+00:00,2024-01-21 15:42:32+00:00,582795409,27576354,4331.34,65535,-27.80000000000001,-27.80000000000001,2.211,2.211,0.0,300,156,81,0.0,-8.0,48.849346870556474,2.3114232905209064,Garmin Forerunner 735 XT,2.236515122854643,3411.0650415099,2.214139366515849,2.236515122854643,1289.0
2024-01-21 15:42:33+00:00,2024-01-21 15:42:33+00:00,582795165,27576248,4333.63,65535,-28.600000000000023,-28.600000000000023,2.211,2.211,0.0,300,157,81,0.0,-8.0,48.849326418712735,2.3114144057035446,Garmin Forerunner 735 XT,2.36524017943999,3413.43028168934,2.2115782805429984,2.36524017943999,1290.0
2024-01-21 15:42:34+00:00,2024-01-21 15:42:34+00:00,582794895,27576132,4336.18,65535,-29.600000000000023,-29.600000000000023,2.211,2.211,0.0,300,157,81,0.0,-8.0,48.84930378757417,2.3114046826958656,Garmin Forerunner 735 XT,2.6151020241251577,3416.045383713465,2.209992760181007,2.6151020241251577,1291.0
2024-01-21 15:42:35+00:00,2024-01-21 15:42:35+00:00,582794644,27576066,4338.51,65535,-30.80000000000001,-30.80000000000001,2.211,2.211,0.0,300,158,81,0.0,-8.0,48.84928274899721,2.3113991506397724,Garmin Forerunner 735 XT,2.3741449685154064,3418.4195286819804,2.2098416289592877,2.3741449685154064,1292.0
2024-01-21 15:42:36+00:00,2024-01-21 15:42:36+00:00,582794397,27575924,4340.97,65535,-31.80000000000001,-31.80000000000001,2.211,2.211,0.0,300,158,81,0.0,-8.0,48.84926204569638,2.311387248337269,Garmin Forerunner 735 XT,2.4613299983518253,3420.880858680332,2.2104561085972967,2.4613299983518253,1293.0
2024-01-21 15:42:37+00:00,2024-01-21 15:42:37+00:00,582794115,27575744,4343.81,65535,-32.39999999999998,-32.39999999999998,2.211,2.211,0.0,300,159,81,0.0,-8.0,48.849238408729434,2.31137216091156,Garmin Forerunner 735 XT,2.8507453886740035,3423.731604069006,2.212747511312229,2.8507453886740035,1294.0
2024-01-21 15:42:38+00:00,2024-01-21 15:42:38+00:00,582793811,27575585,4346.79,65535,-33.0,-33.0,2.211,2.211,0.0,300,159,80,0.0,-8.0,48.84921292774379,2.3113588336855173,Garmin Forerunner 735 XT,2.996474293424187,3426.7280783624306,2.21620452488689,2.996474293424187,1295.0
2024-01-21 15:42:39+00:00,2024-01-21 15:42:39+00:00,582793524,27575499,4349.47,65535,-33.60000000000002,-33.60000000000002,2.221,2.221,0.0,300,159,80,0.0,-8.0,48.84918887168169,2.31135162524879,Garmin Forerunner 735 XT,2.7264183272765385,3429.454496689707,2.2222343891402834,2.7264183272765385,1296.0
2024-01-21 15:42:40+00:00,2024-01-21 15:42:40+00:00,582793264,27575450,4351.88,65535,-34.39999999999998,-34.39999999999998,2.23,2.23,0.0,300,158,81,0.0,-8.0,48.849167078733444,2.3113475181162357,Garmin Forerunner 735 XT,2.4418290100171833,3431.896325699724,2.23002895927603,2.4418290100171833,1297.0
2024-01-21 15:42:41+00:00,2024-01-21 15:42:41+00:00,582792975,27575436,4354.5,65535,-35.19999999999999,-35.19999999999999,2.239,2.239,0.0,300,157,81,0.0,-8.0,48.84914285503328,2.3113463446497917,Garmin Forerunner 735 XT,2.6949207801726383,3434.5912464798967,2.23755746606336,2.6949207801726383,1298.0
2024-01-21 15:42:42+00:00,2024-01-21 15:42:42+00:00,582792666,27575425,4357.35,65535,-36.19999999999999,-36.19999999999999,2.249,2.249,0.0,300,156,81,0.0,-8.0,48.84911695495248,2.311345422640443,Garmin Forerunner 735 XT,2.8807476715434657,3437.47199415144,2.247683257918564,2.8807476715434657,1299.0
2024-01-21 15:42:43+00:00,2024-01-21 15:42:43+00:00,582792351,27575383,4360.28,65535,-36.39999999999998,-36.39999999999998,2.258,2.258,0.0,300,156,81,0.0,-8.0,48.84909055195749,2.311341902241111,Garmin Forerunner 735 XT,2.9471578834382357,3440.419152034878,2.258051583710419,2.9471578834382357,1300.0
2024-01-21 15:42:44+00:00,2024-01-21 15:42:44+00:00,582792070,27575344,4362.88,65535,-37.39999999999998,-37.39999999999998,2.267,2.267,0.0,300,156,81,0.0,-8.0,48.849066998809576,2.311338633298874,Garmin Forerunner 735 XT,2.629890604657014,3443.049042639535,2.2687665158371164,2.629890604657014,1301.0
2024-01-21 15:42:45+00:00,2024-01-21 15:42:45+00:00,582791774,27575238,4365.7,65535,-37.80000000000001,-37.80000000000001,2.286,2.286,0.0,300,157,82,0.0,-8.0,48.84904218837619,2.311329748481512,Garmin Forerunner 735 XT,2.8343594481515244,3445.8834020876866,2.2811013574660755,2.8343594481515244,1302.0
2024-01-21 15:42:46+00:00,2024-01-21 15:42:46+00:00,582791299,27575341,4369.63,65535,-34.19999999999999,-34.19999999999999,2.295,2.295,0.0,300,158,83,0.0,-8.0,48.84900237433612,2.3113383818417788,Garmin Forerunner 735 XT,4.471962430224512,3450.3553645179113,2.2936986425339487,4.471962430224512,1303.0
2024-01-21 15:42:47+00:00,2024-01-21 15:42:47+00:00,582791039,27575219,4372.16,65535,-34.19999999999999,-34.19999999999999,2.295,2.295,0.0,300,158,83,0.5,-8.0,48.84898058138788,2.3113281559199095,Garmin Forerunner 735 XT,2.5361554832307265,3452.891520001142,2.3059502262443563,2.5361554832307265,1304.0
2024-01-21 15:42:48+00:00,2024-01-21 15:42:48+00:00,582790721,27575214,4375.05,65535,-34.39999999999998,-34.39999999999998,2.323,2.323,0.0,300,158,84,0.0,-8.0,48.84895392693579,2.311327736824751,Garmin Forerunner 735 XT,2.963998484003266,3455.8555184851452,2.316317647058836,2.963998484003266,1305.0
2024-01-21 15:42:49+00:00,2024-01-21 15:42:49+00:00,582790380,27575196,4378.18,65535,-34.0,-34.0,2.323,2.323,0.0,300,156,84,0.0,-8.0,48.84892534464598,2.31132622808218,Garmin Forerunner 735 XT,3.1801223916068944,3459.035640876752,2.3264271493212796,3.1801223916068944,1306.0
2024-01-21 15:42:50+00:00,2024-01-21 15:42:50+00:00,582790109,27575207,4380.59,65535,-33.60000000000002,-33.60000000000002,2.342,2.342,0.0,300,156,83,0.0,-8.0,48.84890262968838,2.311327150091529,Garmin Forerunner 735 XT,2.5266888881772003,3461.562329764929,2.3229420814479766,2.5266888881772003,1307.0
2024-01-21 15:42:51+00:00,2024-01-21 15:42:51+00:00,582789851,27575166,4382.97,65535,-33.60000000000002,-33.60000000000002,2.361,2.361,0.0,300,156,83,0.0,-8.0,48.8488810043782,2.3113237135112286,Garmin Forerunner 735 XT,2.4177370286205955,3463.9800667935497,2.2930470588235417,2.4177370286205955,1308.0
2024-01-21 15:42:52+00:00,2024-01-21 15:42:52+00:00,582789518,27575080,4386.07,65535,-33.39999999999998,-33.39999999999998,2.361,2.361,0.0,300,156,83,0.0,-8.0,48.84885309264064,2.311316505074501,Garmin Forerunner 735 XT,3.1481438553299563,3467.1282106488798,2.3064479638009177,3.1481438553299563,1309.0
2024-01-21 15:42:53+00:00,2024-01-21 15:42:53+00:00,582789167,27574957,4389.42,65535,-32.80000000000001,-32.80000000000001,2.361,2.361,0.0,300,157,82,0.0,-8.0,48.848823672160506,2.3113061953336,Garmin Forerunner 735 XT,3.357260856193134,3470.485471505073,2.3923547511312346,3.357260856193134,1310.0
2024-01-21 15:42:54+00:00,2024-01-21 15:42:54+00:00,582788859,27574910,4392.23,65535,-33.0,-33.0,2.37,2.37,0.0,300,158,82,0.0,-8.0,48.84879785589874,2.3113022558391094,Garmin Forerunner 735 XT,2.8850740155038093,3473.370545520577,2.477258823529425,2.8850740155038093,1311.0
2024-01-21 15:42:55+00:00,2024-01-21 15:42:55+00:00,582788076,27575323,4399.07,65535,-25.19999999999999,-25.19999999999999,2.398,2.398,0.0,300,158,82,0.0,-8.0,48.848732225596905,2.311336873099208,Garmin Forerunner 735 XT,7.724853268538787,3481.0953987891157,2.552318552036213,7.724853268538787,1312.0
2024-01-21 15:42:56+00:00,2024-01-21 15:42:56+00:00,582787367,27575587,4405.45,65535,-18.399999999999977,-18.399999999999977,2.417,2.417,0.0,300,158,83,0.0,-8.0,48.84867279790342,2.3113590013235807,Garmin Forerunner 735 XT,6.803536960079407,3487.898935749195,2.6264045248868917,6.803536960079407,1313.0
2024-01-21 15:42:57+00:00,2024-01-21 15:42:57+00:00,582786706,27575836,4411.5,65535,-12.399999999999977,-12.399999999999977,2.631,2.631,0.0,300,157,83,0.0,-8.0,48.848617393523455,2.311379872262478,Garmin Forerunner 735 XT,6.347147881965313,3494.24608363116,2.7048723981900595,6.347147881965313,1314.0
2024-01-21 15:42:58+00:00,2024-01-21 15:42:58+00:00,582786379,27575745,4414.6,65535,-12.199999999999989,-12.199999999999989,3.191,3.191,0.0,300,157,82,0.0,-8.0,48.848589984700084,2.3113722447305918,Garmin Forerunner 735 XT,3.0984043166902024,3497.34448794785,2.7658850678733176,3.0984043166902024,1315.0
2024-01-21 15:42:59+00:00,2024-01-21 15:42:59+00:00,582786108,27575674,4417.15,65535,-11.600000000000023,-11.600000000000023,3.191,3.191,0.0,300,157,82,0.0,-8.0,48.84856726974249,2.31136629357934,Garmin Forerunner 735 XT,2.563050606335991,3499.907538554186,2.803157466063363,2.563050606335991,1316.0
2024-01-21 15:43:00+00:00,2024-01-21 15:43:00+00:00,582785461,27576030,4422.83,65535,-3.8000000000000114,-3.8000000000000114,2.687,2.687,0.0,300,158,82,0.0,-8.0,48.84851303882897,2.3113961331546307,Garmin Forerunner 735 XT,6.413319988630593,3506.3208585428165,2.822945701357481,6.413319988630593,1317.0
2024-01-21 15:43:01+00:00,2024-01-21 15:43:01+00:00,582785178,27575957,4425.51,65535,-3.3999999999999773,-3.3999999999999773,2.687,2.687,0.0,300,158,83,0.0,-8.0,48.84848931804299,2.3113900143653154,Garmin Forerunner 735 XT,2.6753606935254597,3508.996219236342,2.8238036199095173,2.6753606935254597,1318.0
2024-01-21 15:43:02+00:00,2024-01-21 15:43:02+00:00,582784894,27575925,4428.16,65535,-3.6000000000000227,-3.6000000000000227,2.753,2.753,0.0,300,159,83,0.0,-8.0,48.848465513437986,2.3113873321563005,Garmin Forerunner 735 XT,2.6542174647244416,3511.650436701066,2.8070253393665308,2.6542174647244416,1319.0
2024-01-21 15:43:03+00:00,2024-01-21 15:43:03+00:00,582784599,27575915,4430.9,65535,-3.8000000000000114,-3.8000000000000114,2.753,2.753,0.0,300,159,83,0.0,-8.0,48.84844078682363,2.3113864939659834,Garmin Forerunner 735 XT,2.7501580492349027,3514.400594750301,2.76424796380092,2.7501580492349027,1320.0
2024-01-21 15:43:04+00:00,2024-01-21 15:43:04+00:00,582784290,27575869,4433.79,65535,-3.1999999999999886,-3.1999999999999886,2.594,2.594,0.0,300,160,82,0.0,-8.0,48.84841488674283,2.3113826382905245,Garmin Forerunner 735 XT,2.8937435975609875,3517.294338347862,2.693359276018114,2.8937435975609875,1321.0
2024-01-21 15:43:05+00:00,2024-01-21 15:43:05+00:00,582783987,27575795,4436.64,65535,-3.1999999999999886,-3.1999999999999886,2.594,2.594,0.0,300,160,82,0.0,-8.0,48.84838948957622,2.3113764356821775,Garmin Forerunner 735 XT,2.8602740133055446,3520.1546123611674,2.6213004524887022,2.8602740133055446,1322.0
2024-01-21 15:43:06+00:00,2024-01-21 15:43:06+00:00,582783688,27575696,4439.48,65535,-2.8000000000000114,-2.8000000000000114,2.669,2.669,0.0,300,160,83,0.0,-8.0,48.84836442768574,2.3113681375980377,Garmin Forerunner 735 XT,2.8521365682846422,3523.006748929452,2.6110923076923216,2.8521365682846422,1323.0
2024-01-21 15:43:07+00:00,2024-01-21 15:43:07+00:00,582783438,27575669,4441.77,65535,-2.8000000000000114,-2.8000000000000114,2.669,2.669,0.0,300,160,83,0.0,-8.0,48.84834347292781,2.3113658744841814,Garmin Forerunner 735 XT,2.33593984466809,3525.3426887741202,2.6288615384615523,2.33593984466809,1324.0
2024-01-21 15:43:08+00:00,2024-01-21 15:43:08+00:00,582783186,27575639,4444.1,65535,-3.1999999999999886,-3.1999999999999886,2.65,2.65,0.0,300,159,83,0.0,-8.0,48.84832235053182,2.31136335991323,Garmin Forerunner 735 XT,2.3558993950624463,3527.6985881691826,2.6104796380090636,2.3558993950624463,1325.0
2024-01-21 15:43:09+00:00,2024-01-21 15:43:09+00:00,582782891,27575574,4446.86,65535,-2.3999999999999773,-2.3999999999999773,2.575,2.575,0.0,300,159,83,0.0,-8.0,48.84829762391746,2.3113579116761684,Garmin Forerunner 735 XT,2.7782256442031508,3530.476813813386,2.5926180995475248,2.7782256442031508,1326.0
2024-01-21 15:43:10+00:00,2024-01-21 15:43:10+00:00,582782619,27575508,4449.38,65535,-2.3999999999999773,-2.3999999999999773,2.566,2.566,0.0,300,159,82,0.0,-8.0,48.848274825140834,2.3113523796200752,Garmin Forerunner 735 XT,2.567222636373475,3533.0440364497595,2.5855104072398323,2.567222636373475,1327.0
2024-01-21 15:43:11+00:00,2024-01-21 15:43:11+00:00,582782314,27575410,4452.23,65535,-1.6000000000000227,-1.6000000000000227,2.566,2.566,0.0,300,159,82,0.0,-8.0,48.84824926033616,2.311344165354967,Garmin Forerunner 735 XT,2.9055258583871906,3535.9495623081466,2.5881665158371177,2.9055258583871906,1328.0
2024-01-21 15:43:12+00:00,2024-01-21 15:43:12+00:00,582782019,27575262,4455.12,65535,-1.1999999999999886,-1.1999999999999886,2.566,2.566,0.0,300,159,82,0.0,-8.0,48.848224533721805,2.3113317601382732,Garmin Forerunner 735 XT,2.895438436650375,3538.845000744797,2.5766398190045385,2.895438436650375,1329.0
2024-01-21 15:43:13+00:00,2024-01-21 15:43:13+00:00,582781734,27575160,4457.84,65535,-1.3999999999999773,-1.3999999999999773,2.566,2.566,0.0,300,160,82,0.0,-8.0,48.848200645297766,2.3113232105970383,Garmin Forerunner 735 XT,2.7289454126831036,3541.57394615748,2.5626606334841764,2.7289454126831036,1330.0
2024-01-21 15:43:14+00:00,2024-01-21 15:43:14+00:00,582781437,27575034,4460.67,65535,-1.3999999999999773,-1.3999999999999773,2.566,2.566,0.0,300,160,82,0.0,-8.0,48.848175751045346,2.311312649399042,Garmin Forerunner 735 XT,2.873962784928741,3544.4479089424085,2.5564850678733166,2.873962784928741,1331.0
2024-01-21 15:43:15+00:00,2024-01-21 15:43:15+00:00,582781171,27575023,4463.1,65535,-1.1999999999999886,-1.1999999999999886,2.566,2.566,0.0,300,161,83,0.0,-8.0,48.84815345518291,2.3113117273896933,Garmin Forerunner 735 XT,2.480104587190193,3546.9280135295985,2.553828054298656,2.480104587190193,1332.0
2024-01-21 15:43:16+00:00,2024-01-21 15:43:16+00:00,582780950,27575037,4465.15,65535,-1.8000000000000114,-1.8000000000000114,2.566,2.566,0.0,300,161,83,0.0,-8.0,48.8481349311769,2.3113129008561373,Garmin Forerunner 735 XT,2.061564446234329,3548.9895779758326,2.554280542986439,2.061564446234329,1333.0
2024-01-21 15:43:17+00:00,2024-01-21 15:43:17+00:00,582780663,27575089,4467.8,65535,-2.0,-2.0,2.566,2.566,0.0,300,161,83,0.0,-8.0,48.8481108751148,2.3113172594457865,Garmin Forerunner 735 XT,2.6938579284817594,3551.6834359043146,2.5513828054298773,2.6938579284817594,1334.0
2024-01-21 15:43:18+00:00,2024-01-21 15:43:18+00:00,582780391,27575110,4470.34,65535,-2.3999999999999773,-2.3999999999999773,2.538,2.538,0.0,300,161,83,0.0,-8.0,48.84808807633817,2.3113190196454525,Garmin Forerunner 735 XT,2.5383780488095256,3554.221813953124,2.550257013574674,2.5383780488095256,1335.0
2024-01-21 15:43:19+00:00,2024-01-21 15:43:19+00:00,582780083,27575148,4473.14,65535,-2.6000000000000227,-2.6000000000000227,2.538,2.538,0.0,300,161,83,0.0,-8.0,48.848062260076404,2.3113222047686577,Garmin Forerunner 735 XT,2.8800829083480193,3557.101896861472,2.5512850678733163,2.8800829083480193,1336.0
2024-01-21 15:43:20+00:00,2024-01-21 15:43:20+00:00,582779766,27575119,4476.07,65535,-3.3999999999999773,-3.3999999999999773,2.538,2.538,0.0,300,160,83,0.0,-8.0,48.84803568944335,2.311319774016738,Garmin Forerunner 735 XT,2.959868562117337,3560.0617654235893,2.553578280543,2.959868562117337,1337.0
2024-01-21 15:43:21+00:00,2024-01-21 15:43:21+00:00,582779446,27575022,4479.1,65535,-4.199999999999989,-4.199999999999989,2.547,2.547,0.0,300,160,83,0.0,-8.0,48.8480088673532,2.3113116435706615,Garmin Forerunner 735 XT,3.041237828986421,3563.103003252576,2.5580479638009184,3.041237828986421,1338.0
2024-01-21 15:43:22+00:00,2024-01-21 15:43:22+00:00,582779141,27574941,4481.97,65535,-5.0,-5.0,2.566,2.566,0.0,300,160,83,0.0,-8.0,48.84798330254853,2.3113048542290926,Garmin Forerunner 735 XT,2.8857608439257816,3565.9887640965017,2.564359276018113,2.8857608439257816,1339.0
2024-01-21 15:43:23+00:00,2024-01-21 15:43:23+00:00,582778862,27574801,4484.71,65535,-6.199999999999989,-6.199999999999989,2.585,2.585,0.0,300,160,83,0.0,-8.0,48.84795991703868,2.3112931195646524,Garmin Forerunner 735 XT,2.7384512818304656,3568.727215378332,2.6426244343891545,2.7384512818304656,1340.0
2024-01-21 15:43:24+00:00,2024-01-21 15:43:24+00:00,582778594,27574723,4487.25,65535,-7.600000000000023,-7.600000000000023,2.594,2.594,0.0,300,160,83,0.0,-8.0,48.84793745353818,2.3112865816801786,Garmin Forerunner 735 XT,2.5432270400517156,3571.2704424183835,2.647543891402729,2.5432270400517156,1341.0
2024-01-21 15:43:25+00:00,2024-01-21 15:43:25+00:00,582778275,27574699,4490.22,65535,-8.199999999999989,-8.199999999999989,2.594,2.594,0.0,300,161,83,0.0,-8.0,48.84791071526706,2.3112845700234175,Garmin Forerunner 735 XT,2.9768017132894307,3574.2472441316727,2.607626244343905,2.9768017132894307,1342.0
2024-01-21 15:43:26+00:00,2024-01-21 15:43:26+00:00,582777942,27574650,4493.31,65535,-8.399999999999977,-8.399999999999977,2.594,2.594,0.0,300,161,83,0.0,-8.0,48.8478828035295,2.3112804628908634,Garmin Forerunner 735 XT,3.1181601262563263,3577.365404257929,2.518064253393679,3.1181601262563263,1343.0
2024-01-21 15:43:27+00:00,2024-01-21 15:43:27+00:00,582777594,27574815,4496.17,65535,-6.800000000000011,-6.800000000000011,2.603,2.603,0.0,300,161,83,0.0,-8.0,48.847853634506464,2.3112942930310965,Garmin Forerunner 735 XT,3.397658087799439,3580.7630623457285,2.418356561085986,3.397658087799439,1344.0
2024-01-21 15:43:28+00:00,2024-01-21 15:43:28+00:00,582775368,27576650,4514.72,65535,33.0,33.0,2.603,2.603,0.0,300,161,82,0.0,-8.0,48.847667053341866,2.311448100954294,Garmin Forerunner 735 XT,23.602950460338498,3604.366012806067,2.3177058823529535,23.602950460338498,1345.0
2024-01-21 15:43:29+00:00,2024-01-21 15:43:29+00:00,582775298,27576556,4515.47,65535,32.200000000000045,32.200000000000045,2.603,2.603,0.0,300,161,82,0.0,-8.0,48.847661186009645,2.311440221965313,Garmin Forerunner 735 XT,0.8706534396747216,3605.2366662457416,2.2343592760181115,0.8706534396747216,1346.0
2024-01-21 15:43:36+00:00,2024-01-21 15:43:36+00:00,582774504,27576285,4517.4,65535,30.600000000000023,30.600000000000023,1.605,1.605,0.0,300,165,70,0.0,-8.0,48.84759463369846,2.311417507007718,Garmin Forerunner 735 XT,1.0835204289751028,3612.8213092485676,2.178579185520374,1.0835204289751028,1353.0
2024-01-21 15:43:37+00:00,2024-01-21 15:43:37+00:00,582774238,27576285,4519.87,65535,30.200000000000045,30.200000000000045,1.829,1.829,0.0,300,166,70,0.0,-8.0,48.84757233783603,2.311417507007718,Garmin Forerunner 735 XT,2.479186788080946,3615.3004960366484,2.1729864253393787,2.479186788080946,1354.0
2024-01-21 15:43:38+00:00,2024-01-21 15:43:38+00:00,582773939,27576254,4522.67,65535,30.200000000000045,30.200000000000045,1.959,1.959,0.0,300,166,70,0.0,-8.0,48.847547275945544,2.311414908617735,Garmin Forerunner 735 XT,2.793233692825881,3618.0937297294745,2.2328615384615507,2.793233692825881,1355.0
2024-01-21 15:43:39+00:00,2024-01-21 15:43:39+00:00,582773591,27576139,4525.99,65535,29.799999999999955,29.799999999999955,2.305,2.305,0.0,300,166,70,0.0,-8.0,48.84751810692251,2.3114052694290876,Garmin Forerunner 735 XT,3.319253781682148,3621.4129835111567,2.318367420814492,3.319253781682148,1356.0
2024-01-21 15:43:40+00:00,2024-01-21 15:43:40+00:00,582773233,27575981,4529.46,65535,28.799999999999955,28.799999999999955,2.482,2.482,0.0,300,165,70,0.0,-8.0,48.84748809970915,2.3113920260220766,Garmin Forerunner 735 XT,3.4745248831298543,3624.8875083942867,2.4252714932126826,3.4745248831298543,1357.0
2024-01-21 15:43:41+00:00,2024-01-21 15:43:41+00:00,582772909,27575833,4532.61,65535,28.399999999999977,28.399999999999977,2.706,2.706,0.0,300,165,82,0.0,-8.0,48.84746094234288,2.3113796208053827,Garmin Forerunner 735 XT,3.1532427416444135,3628.0407511359313,2.5459475113122307,3.1532427416444135,1358.0
2024-01-21 15:43:42+00:00,2024-01-21 15:43:42+00:00,582772570,27575753,4535.81,65535,28.600000000000023,28.600000000000023,2.883,2.883,0.0,300,165,83,0.0,-8.0,48.847432527691126,2.3113729152828455,Garmin Forerunner 735 XT,3.1974374386074103,3631.2381885745385,2.68959276018101,3.1974374386074103,1359.0
2024-01-21 15:43:43+00:00,2024-01-21 15:43:43+00:00,582772295,27575672,4538.41,65535,27.799999999999955,27.799999999999955,3.07,3.07,0.0,300,165,84,0.0,-8.0,48.847409477457404,2.3113661259412766,Garmin Forerunner 735 XT,2.610772705721913,3633.8489612802605,2.857378280543002,2.610772705721913,1360.0
2024-01-21 15:43:44+00:00,2024-01-21 15:43:44+00:00,582772020,27575586,4541.03,65535,27.399999999999977,27.399999999999977,3.07,3.07,0.0,300,165,84,0.0,-8.0,48.84738642722368,2.311358917504549,Garmin Forerunner 735 XT,2.616781485102797,3636.4657427653633,2.909754751131237,2.616781485102797,1361.0
2024-01-21 15:43:45+00:00,2024-01-21 15:43:45+00:00,582771731,27575511,4543.76,65535,27.200000000000045,27.200000000000045,2.79,2.79,0.0,300,164,83,0.0,-8.0,48.84736220352352,2.3113526310771704,Garmin Forerunner 735 XT,2.732549470274085,3639.1982922356374,2.9359647058823684,2.732549470274085,1362.0
2024-01-21 15:43:46+00:00,2024-01-21 15:43:46+00:00,582771436,27575451,4546.54,65535,26.799999999999955,26.799999999999955,2.771,2.771,0.0,300,164,83,0.0,-8.0,48.84733747690916,2.3113476019352674,Garmin Forerunner 735 XT,2.7739921697492256,3641.9722844053867,2.9270108597285223,2.7739921697492256,1363.0
2024-01-21 15:43:47+00:00,2024-01-21 15:43:47+00:00,582771124,27575396,4549.46,65535,26.200000000000045,26.200000000000045,2.771,2.771,0.0,300,164,83,0.0,-8.0,48.847311325371265,2.311342991888523,Garmin Forerunner 735 XT,2.9274192915832735,3644.89970369697,2.911162895927617,2.9274192915832735,1364.0
2024-01-21 15:43:48+00:00,2024-01-21 15:43:48+00:00,582770801,27575277,4552.56,65535,26.0,26.0,2.874,2.874,0.0,300,163,83,0.0,-8.0,48.84728425182402,2.311333017423749,Garmin Forerunner 735 XT,3.097654856581586,3647.9973585535517,2.8814515837104224,3.097654856581586,1365.0
2024-01-21 15:43:49+00:00,2024-01-21 15:43:49+00:00,582770502,27575219,4555.36,65535,25.600000000000023,25.600000000000023,2.902,2.902,0.0,300,163,83,0.0,-8.0,48.84725918993354,2.3113281559199095,Garmin Forerunner 735 XT,2.8093684843484223,3650.8067270379,2.8528036199095173,2.8093684843484223,1366.0
2024-01-21 15:43:50+00:00,2024-01-21 15:43:50+00:00,582770198,27575142,4558.24,65535,25.600000000000023,25.600000000000023,2.902,2.902,0.0,300,162,83,0.0,-8.0,48.8472337089479,2.3113217018544674,Garmin Forerunner 735 XT,2.872446047282913,3653.6791730851833,2.8341475113122323,2.872446047282913,1367.0
2024-01-21 15:43:51+00:00,2024-01-21 15:43:51+00:00,582769911,27575082,4560.93,65535,25.200000000000045,25.200000000000045,2.883,2.883,0.0,300,162,83,0.0,-8.0,48.847209652885795,2.3113166727125645,Garmin Forerunner 735 XT,2.7001074284890834,3656.3792805136723,2.839469683257934,2.7001074284890834,1368.0
2024-01-21 15:43:52+00:00,2024-01-21 15:43:52+00:00,582769612,27575037,4563.73,65535,25.200000000000045,25.200000000000045,2.855,2.855,0.0,300,162,83,0.0,-8.0,48.84718459099531,2.3113129008561373,Garmin Forerunner 735 XT,2.800389403604142,3659.1796699172764,2.858485972850694,2.800389403604142,1369.0
2024-01-21 15:43:53+00:00,2024-01-21 15:43:53+00:00,582769303,27574972,4566.63,65535,25.0,25.0,2.827,2.827,0.0,300,161,82,0.0,-8.0,48.84715869091451,2.3113074526190758,Garmin Forerunner 735 XT,2.9074203319808967,3662.0870902492575,2.854248868778296,2.9074203319808967,1370.0
2024-01-21 15:43:54+00:00,2024-01-21 15:43:54+00:00,582768993,27574872,4569.59,65535,25.0,25.0,2.809,2.809,0.0,300,161,82,0.0,-8.0,48.84713270701468,2.3112990707159042,Garmin Forerunner 735 XT,2.9536603992890123,3665.0407506485467,2.8430615384615536,2.9536603992890123,1371.0
2024-01-21 15:43:55+00:00,2024-01-21 15:43:55+00:00,582768673,27574799,4572.6,65535,24.799999999999955,24.799999999999955,2.809,2.809,0.0,300,161,81,0.0,-8.0,48.84710588492453,2.311292951926589,Garmin Forerunner 735 XT,3.015900749715015,3668.0566513982617,2.8248470588235444,3.015900749715015,1372.0
2024-01-21 15:43:56+00:00,2024-01-21 15:43:56+00:00,582768374,27574719,4575.42,65535,24.600000000000023,24.600000000000023,2.818,2.818,0.0,300,161,81,0.0,-8.0,48.84708082303405,2.311286246404052,Garmin Forerunner 735 XT,2.8296221804072523,3670.886273578669,2.8136950226244495,2.8296221804072523,1373.0
2024-01-21 15:43:57+00:00,2024-01-21 15:43:57+00:00,582768096,27574657,4578.03,65535,24.200000000000045,24.200000000000045,2.818,2.818,0.0,300,161,82,0.0,-8.0,48.84705752134323,2.3112810496240854,Garmin Forerunner 735 XT,2.618786121243234,3673.505059699912,2.8076072398190197,2.618786121243234,1374.0
2024-01-21 15:43:58+00:00,2024-01-21 15:43:58+00:00,582767797,27574555,4580.88,65535,24.200000000000045,24.200000000000045,2.818,2.818,0.0,300,160,83,0.0,-8.0,48.84703245945275,2.3112725000828505,Garmin Forerunner 735 XT,2.8561138921620195,3676.361173592074,2.805161990950241,2.8561138921620195,1375.0
2024-01-21 15:43:59+00:00,2024-01-21 15:43:59+00:00,582767509,27574477,4583.59,65535,23.399999999999977,23.399999999999977,2.809,2.809,0.0,300,160,83,0.0,-8.0,48.847008319571614,2.3112659621983767,Garmin Forerunner 735 XT,2.7265315320342265,3679.087705124108,2.8048000000000153,2.7265315320342265,1376.0
2024-01-21 15:44:00+00:00,2024-01-21 15:44:00+00:00,582767202,27574377,4586.5,65535,22.600000000000023,22.600000000000023,2.799,2.799,0.0,300,160,83,0.0,-8.0,48.84698258712888,2.311257580295205,Garmin Forerunner 735 XT,2.9263152677343536,3682.0140203918427,2.8046461538461687,2.9263152677343536,1377.0
2024-01-21 15:44:01+00:00,2024-01-21 15:44:01+00:00,582766937,27574240,4589.1,65535,21.399999999999977,21.399999999999977,2.79,2.79,0.0,300,160,82,0.0,-8.0,48.84696037508547,2.31124609708786,Garmin Forerunner 735 XT,2.6088894454524656,3684.622909837295,2.8020760180995627,2.6088894454524656,1378.0
2024-01-21 15:44:02+00:00,2024-01-21 15:44:02+00:00,582766679,27574044,4591.79,65535,20.399999999999977,20.399999999999977,2.79,2.79,0.0,300,160,82,0.0,-8.0,48.84693874977529,2.311229668557644,Garmin Forerunner 735 XT,2.6883782431422767,3687.3112880804374,2.7965556561086125,2.6883782431422767,1379.0
2024-01-21 15:44:03+00:00,2024-01-21 15:44:03+00:00,582766427,27573918,4594.26,65535,19.399999999999977,19.399999999999977,2.79,2.79,0.0,300,161,82,0.0,-8.0,48.8469176273793,2.3112191073596478,Garmin Forerunner 735 XT,2.472577789820805,3689.783865870258,2.7886986425339515,2.472577789820805,1380.0
2024-01-21 15:44:04+00:00,2024-01-21 15:44:04+00:00,582766174,27573869,4596.62,65535,18.399999999999977,18.399999999999977,2.781,2.781,0.0,300,160,82,0.0,-8.0,48.846896421164274,2.3112150002270937,Garmin Forerunner 735 XT,2.377098529978312,3692.1609644002365,2.7784733031674356,2.377098529978312,1381.0
2024-01-21 15:44:05+00:00,2024-01-21 15:44:05+00:00,582765920,27573798,4598.96,65535,17.600000000000023,17.600000000000023,2.771,2.771,0.0,300,160,83,0.0,-8.0,48.84687513113022,2.311209049075842,Garmin Forerunner 735 XT,2.4070630529566572,3694.5680274531933,2.7649701357466214,2.4070630529566572,1382.0
2024-01-21 15:44:06+00:00,2024-01-21 15:44:06+00:00,582765696,27573698,4601.1,65535,17.399999999999977,17.399999999999977,2.753,2.753,0.0,300,160,83,0.0,-8.0,48.846856355667114,2.3112006671726704,Garmin Forerunner 735 XT,2.175966490355706,3696.743993943549,2.7465402714932274,2.175966490355706,1383.0
2024-01-21 15:44:07+00:00,2024-01-21 15:44:07+00:00,582765508,27573564,4603.03,65535,17.0,17.0,2.725,2.725,0.0,300,160,83,0.0,-8.0,48.84684059768915,2.3111894354224205,Garmin Forerunner 735 XT,1.9353844352732315,3698.679378378822,2.7225954751131365,1.9353844352732315,1384.0
2024-01-21 15:44:08+00:00,2024-01-21 15:44:08+00:00,582765356,27573527,4604.43,65535,16.399999999999977,16.399999999999977,2.697,2.697,0.0,300,160,83,0.0,-8.0,48.84682785719633,2.311186334118247,Garmin Forerunner 735 XT,1.434739405717932,3700.11411778454,2.692223529411779,1.434739405717932,1385.0
2024-01-21 15:44:09+00:00,2024-01-21 15:44:09+00:00,582765213,27573490,4605.76,65535,15.0,15.0,2.659,2.659,0.0,300,160,79,0.5,-8.0,48.846815871074796,2.3111832328140736,Garmin Forerunner 735 XT,1.3519782134653453,3701.4660959980056,2.652455203619924,1.3519782134653453,1386.0
2024-01-21 15:44:10+00:00,2024-01-21 15:44:10+00:00,582765057,27573443,4607.24,65535,13.600000000000023,13.600000000000023,2.613,2.613,0.0,300,161,79,0.0,-8.0,48.84680279530585,2.311179293319583,Garmin Forerunner 735 XT,1.4822608682891523,3702.948356866295,2.606910407239833,1.4822608682891523,1387.0
2024-01-21 15:44:11+00:00,2024-01-21 15:44:11+00:00,582764904,27573413,4608.66,65535,12.0,12.0,2.566,2.566,0.0,300,161,78,0.5,-8.0,48.846789970993996,2.3111767787486315,Garmin Forerunner 735 XT,1.4378207310847477,3704.3861775973796,2.559242533936665,1.4378207310847477,1388.0
2024-01-21 15:44:12+00:00,2024-01-21 15:44:12+00:00,582764748,27573366,4610.14,65535,10.0,10.0,2.51,2.51,0.0,300,162,77,0.0,-8.0,48.84677689522505,2.311172839254141,Garmin Forerunner 735 XT,1.4822608972857898,3705.8684384946655,2.508889592760194,1.4822608972857898,1389.0
2024-01-21 15:44:13+00:00,2024-01-21 15:44:13+00:00,582764592,27573336,4611.56,65535,7.600000000000023,7.600000000000023,2.463,2.463,0.0,300,163,77,0.0,-8.0,48.8467638194561,2.3111703246831894,Garmin Forerunner 735 XT,1.4655559604879784,3707.3339944551535,2.4602171945701485,1.4655559604879784,1390.0
2024-01-21 15:44:14+00:00,2024-01-21 15:44:14+00:00,582764379,27573318,4613.51,65535,6.0,6.0,2.407,2.407,0.0,300,163,79,0.5,-8.0,48.846745966002345,2.3111688159406185,Garmin Forerunner 735 XT,1.9882809395084882,3709.322275394662,2.4160045248868904,1.9882809395084882,1391.0
2024-01-21 15:44:15+00:00,2024-01-21 15:44:15+00:00,582764165,27573251,4615.52,65535,4.199999999999989,4.199999999999989,2.351,2.351,0.0,300,161,79,0.5,-8.0,48.84672802872956,2.3111632000654936,Garmin Forerunner 735 XT,2.0364273289291495,3711.3587027235913,2.3761294117647185,2.0364273289291495,1392.0
2024-01-21 15:44:16+00:00,2024-01-21 15:44:16+00:00,582763973,27573223,4617.25,65535,2.8000000000000114,2.8000000000000114,2.333,2.333,0.0,300,159,81,0.0,-8.0,48.84671193547547,2.3111608531326056,Garmin Forerunner 735 XT,1.7977100216247546,3713.156412745216,2.3430941176470714,1.7977100216247546,1393.0
2024-01-21 15:44:17+00:00,2024-01-21 15:44:17+00:00,582763723,27573215,4619.5,65535,1.8000000000000114,1.8000000000000114,2.314,2.314,0.0,300,158,81,0.0,-8.0,48.84669098071754,2.311160182580352,Garmin Forerunner 735 XT,2.330579355386954,3715.486992100603,2.3152090497737685,2.330579355386954,1394.0
2024-01-21 15:44:18+00:00,2024-01-21 15:44:18+00:00,582763546,27573181,4621.15,65535,-0.19999999999998863,-0.19999999999998863,2.286,2.286,0.0,300,156,81,0.0,-8.0,48.846676144748926,2.3111573327332735,Garmin Forerunner 735 XT,1.662812783867328,3717.14980488447,2.2920343891402837,1.662812783867328,1395.0
2024-01-21 15:44:19+00:00,2024-01-21 15:44:19+00:00,582763256,27573231,4623.68,65535,0.0,0.0,2.286,2.286,0.0,300,156,81,0.0,-8.0,48.84665183722973,2.3111615236848593,Garmin Forerunner 735 XT,2.720214898496069,3719.870019782966,2.273599095022637,2.720214898496069,1396.0
2024-01-21 15:44:20+00:00,2024-01-21 15:44:20+00:00,582763084,27573192,4625.27,65535,-1.8000000000000114,-1.8000000000000114,2.277,2.277,0.0,300,156,81,0.0,-8.0,48.846637420356274,2.3111582547426224,Garmin Forerunner 735 XT,1.6208313711050877,3721.490851154071,2.2608850678733154,1.6208313711050877,1397.0
2024-01-21 15:44:21+00:00,2024-01-21 15:44:21+00:00,582762883,27573092,4627.25,65535,-2.8000000000000114,-2.8000000000000114,2.258,2.258,0.0,300,156,81,0.0,-8.0,48.8466205727309,2.311149872839451,Garmin Forerunner 735 XT,1.9712199305891536,3723.4620710846602,2.2536180995475235,1.9712199305891536,1398.0
2024-01-21 15:44:22+00:00,2024-01-21 15:44:22+00:00,582762644,27573153,4629.23,65535,-3.6000000000000227,-3.6000000000000227,2.249,2.249,0.0,300,156,81,0.0,-8.0,48.84660053998232,2.3111549858003855,Garmin Forerunner 735 XT,2.2587419738545575,3725.720813058515,2.249852488687795,2.2587419738545575,1399.0
2024-01-21 15:44:23+00:00,2024-01-21 15:44:23+00:00,582762358,27573133,4631.81,65535,-3.8000000000000114,-3.8000000000000114,2.23,2.23,0.0,300,156,81,0.0,-8.0,48.84657656773925,2.311153309419751,Garmin Forerunner 735 XT,2.6684128924675488,3728.3892259509826,2.2466769230769352,2.6684128924675488,1400.0
2024-01-21 15:44:24+00:00,2024-01-21 15:44:24+00:00,582762043,27573116,4634.55,65535,-3.8000000000000114,-3.8000000000000114,2.23,2.23,0.0,300,156,81,0.0,-8.0,48.84655016474426,2.311151884496212,Garmin Forerunner 735 XT,2.937730074273512,3731.326956025256,2.245816289592772,2.937730074273512,1401.0
2024-01-21 15:44:25+00:00,2024-01-21 15:44:25+00:00,582761802,27572935,4637.05,65535,-5.0,-5.0,2.239,2.239,0.0,300,157,81,0.0,-8.0,48.846529964357615,2.3111367132514715,Garmin Forerunner 735 XT,2.5055480331425923,3733.8325040583986,2.2469375565610976,2.5055480331425923,1402.0
2024-01-21 15:44:26+00:00,2024-01-21 15:44:26+00:00,582761601,27572812,4639.06,65535,-6.600000000000023,-6.600000000000023,2.258,2.258,0.0,300,157,81,0.0,-8.0,48.84651311673224,2.3111264035105705,Garmin Forerunner 735 XT,2.0195689825704553,3735.852073040969,2.2470769230769347,2.0195689825704553,1403.0
2024-01-21 15:44:27+00:00,2024-01-21 15:44:27+00:00,582761390,27572745,4641.03,65535,-8.399999999999977,-8.399999999999977,2.258,2.258,0.0,300,157,81,0.0,-8.0,48.84649543091655,2.3111207876354456,Garmin Forerunner 735 XT,2.0090501009966504,3737.861123141966,2.2465601809954867,2.0090501009966504,1404.0
2024-01-21 15:44:28+00:00,2024-01-21 15:44:28+00:00,582761170,27572707,4643.04,65535,-10.0,-10.0,2.258,2.258,0.0,300,157,81,0.0,-8.0,48.84647699072957,2.3111176025122404,Garmin Forerunner 735 XT,2.0636591262956903,3739.9247822682614,2.2456886877828173,2.0636591262956903,1405.0
2024-01-21 15:44:29+00:00,2024-01-21 15:44:29+00:00,582760954,27572694,4644.95,65535,-11.800000000000011,-11.800000000000011,2.249,2.249,0.0,300,158,81,0.0,-8.0,48.84645888581872,2.311116512864828,Garmin Forerunner 735 XT,2.014752631650011,3741.9395348999115,2.24193303167422,2.014752631650011,1406.0
2024-01-21 15:44:30+00:00,2024-01-21 15:44:30+00:00,582760754,27572610,4646.87,65535,-13.0,-13.0,2.239,2.239,0.0,300,158,81,0.0,-8.0,48.84644212201238,2.311109472066164,Garmin Forerunner 735 XT,1.9339404195510055,3743.8734753194626,2.2353610859728623,1.9339404195510055,1407.0
2024-01-21 15:44:31+00:00,2024-01-21 15:44:31+00:00,582760575,27572542,4648.54,65535,-14.600000000000023,-14.600000000000023,2.23,2.23,0.0,300,158,81,0.0,-8.0,48.8464271184057,2.3111037723720074,Garmin Forerunner 735 XT,1.7196686413162159,3745.593143960779,2.225868778280555,1.7196686413162159,1408.0
2024-01-21 15:44:32+00:00,2024-01-21 15:44:32+00:00,582760345,27572453,4650.7,65535,-16.19999999999999,-16.19999999999999,2.211,2.211,0.0,300,158,81,0.0,-8.0,48.846407840028405,2.3110963124781847,Garmin Forerunner 735 XT,2.212069627574727,3747.8052135883536,2.2151321266968447,2.212069627574727,1409.0
2024-01-21 15:44:33+00:00,2024-01-21 15:44:33+00:00,582760125,27572370,4652.72,65535,-17.600000000000023,-17.600000000000023,2.193,2.193,0.0,300,159,81,0.0,-8.0,48.84638939984143,2.3110893554985523,Garmin Forerunner 735 XT,2.112706113318611,3749.9179197016724,2.2047321266968445,2.112706113318611,1410.0
2024-01-21 15:44:34+00:00,2024-01-21 15:44:34+00:00,582759870,27572238,4655.13,65535,-18.600000000000023,-18.600000000000023,2.193,2.193,0.0,300,159,80,0.0,-8.0,48.84636802598834,2.311078291386366,Garmin Forerunner 735 XT,2.5107795259222456,3752.4286992275947,2.197080542986437,2.5107795259222456,1411.0
2024-01-21 15:44:35+00:00,2024-01-21 15:44:35+00:00,582759639,27572115,4657.36,65535,-20.19999999999999,-20.19999999999999,2.183,2.183,0.0,300,160,80,0.0,-8.0,48.846348663792014,2.311067981645465,Garmin Forerunner 735 XT,2.2813285482340278,3754.7100277758286,2.191424434389152,2.2813285482340278,1412.0
2024-01-21 15:44:36+00:00,2024-01-21 15:44:36+00:00,582759409,27572006,4659.48,65535,-21.399999999999977,-21.399999999999977,2.183,2.183,0.0,300,160,81,0.0,-8.0,48.84632938541472,2.311058845371008,Garmin Forerunner 735 XT,2.2454902302179525,3756.9555180060465,2.1883520361991065,2.2454902302179525,1413.0
2024-01-21 15:44:37+00:00,2024-01-21 15:44:37+00:00,582759129,27571885,4662.09,65535,-22.399999999999977,-22.399999999999977,2.193,2.193,0.0,300,161,82,0.0,-9.0,48.84630591608584,2.3110487032681704,Garmin Forerunner 735 XT,2.713147127997153,3759.6686651340437,2.186570135746618,2.713147127997153,1414.0
2024-01-21 15:44:38+00:00,2024-01-21 15:44:38+00:00,582758881,27571833,4664.23,65535,-24.399999999999977,-24.399999999999977,2.193,2.193,0.0,300,161,82,0.0,-9.0,48.846285128965974,2.311044344678521,Garmin Forerunner 735 XT,2.3333230238139118,3762.001988157858,2.18636561085974,2.3333230238139118,1415.0
2024-01-21 15:44:39+00:00,2024-01-21 15:44:39+00:00,582758636,27571693,4666.65,65535,-25.0,-25.0,2.193,2.193,0.0,300,162,82,0.0,-9.0,48.846264593303204,2.311032610014081,Garmin Forerunner 735 XT,2.439578137230553,3764.4415662950883,2.1886977375565726,2.439578137230553,1416.0
2024-01-21 15:44:40+00:00,2024-01-21 15:44:40+00:00,582758429,27571652,4668.52,65535,-26.80000000000001,-26.80000000000001,2.193,2.193,0.0,300,162,81,0.0,-9.0,48.84624724276364,2.3110291734337807,Garmin Forerunner 735 XT,1.9456120344918342,3766.38717832958,2.1917429864253513,1.9456120344918342,1417.0
2024-01-21 15:44:41+00:00,2024-01-21 15:44:41+00:00,582758151,27571630,4671.0,65535,-27.80000000000001,-27.80000000000001,2.193,2.193,0.0,300,162,81,0.0,-9.0,48.84622394107282,2.311027329415083,Garmin Forerunner 735 XT,2.5945410703360987,3768.981719399916,2.1943502262443557,2.5945410703360987,1418.0
2024-01-21 15:44:42+00:00,2024-01-21 15:44:42+00:00,582757901,27571620,4673.25,65535,-29.19999999999999,-29.19999999999999,2.193,2.193,0.0,300,162,81,0.0,-9.0,48.84620298631489,2.3110264912247658,Garmin Forerunner 735 XT,2.3308698996589787,3771.312589299575,2.1969212669683373,2.3308698996589787,1419.0
2024-01-21 15:44:43+00:00,2024-01-21 15:44:43+00:00,582757547,27571679,4676.42,65535,-29.0,-29.0,2.193,2.193,0.0,300,162,81,0.0,-9.0,48.846173314377666,2.311031436547637,Garmin Forerunner 735 XT,3.319154931329764,3774.6317442309046,2.199202714932138,3.319154931329764,1420.0
2024-01-21 15:44:44+00:00,2024-01-21 15:44:44+00:00,582757301,27571649,4678.7,65535,-30.0,-30.0,2.202,2.202,0.0,300,162,81,0.0,-9.0,48.84615269489586,2.3110289219766855,Garmin Forerunner 735 XT,2.300153485760696,3776.9318977166654,2.200921266968338,2.300153485760696,1421.0
2024-01-21 15:44:45+00:00,2024-01-21 15:44:45+00:00,582757051,27571599,4681.02,65535,-31.80000000000001,-31.80000000000001,2.211,2.211,0.0,300,163,81,0.0,-9.0,48.846131740137935,2.3110247310250998,Garmin Forerunner 735 XT,2.350157892667317,3779.282055609333,2.2042823529411883,2.350157892667317,1422.0
2024-01-21 15:44:46+00:00,2024-01-21 15:44:46+00:00,582756800,27571537,4683.38,65535,-32.80000000000001,-32.80000000000001,2.211,2.211,0.0,300,163,81,0.0,-9.0,48.846110701560974,2.3110195342451334,Garmin Forerunner 735 XT,2.3700893899785127,3781.6521449993115,2.208880542986437,2.3700893899785127,1423.0
2024-01-21 15:44:47+00:00,2024-01-21 15:44:47+00:00,582756530,27571528,4685.87,65535,-33.60000000000002,-33.60000000000002,2.211,2.211,0.0,300,163,81,0.0,-9.0,48.84608807042241,2.311018779873848,Garmin Forerunner 735 XT,2.517073173878867,3784.1692181731905,2.213216289592772,2.517073173878867,1424.0
2024-01-21 15:44:48+00:00,2024-01-21 15:44:48+00:00,582756257,27571455,4688.45,65535,-34.0,-34.0,2.211,2.211,0.0,300,163,81,0.0,-9.0,48.84606518782675,2.3110126610845327,Garmin Forerunner 735 XT,2.5835234248514336,3786.752741598042,2.218377375565623,2.5835234248514336,1425.0
2024-01-21 15:44:49+00:00,2024-01-21 15:44:49+00:00,582756001,27571407,4690.84,65535,-34.60000000000002,-34.60000000000002,2.221,2.221,0.0,300,163,81,0.0,-9.0,48.84604373015463,2.3110086377710104,Garmin Forerunner 735 XT,2.4040793229181268,3789.1568209209604,2.2249692307692426,2.4040793229181268,1426.0
2024-01-21 15:44:50+00:00,2024-01-21 15:44:50+00:00,582755757,27571336,4693.16,65535,-35.60000000000002,-35.60000000000002,2.221,2.221,0.0,300,163,82,0.0,-9.0,48.846023278310895,2.3110026866197586,Garmin Forerunner 735 XT,2.315461279385386,3791.472282200346,2.2274633484163013,2.315461279385386,1427.0
2024-01-21 15:44:51+00:00,2024-01-21 15:44:51+00:00,582755536,27571388,4695.16,65535,-37.0,-37.0,2.23,2.23,0.0,300,162,82,0.0,-9.0,48.846004754304886,2.311007045209408,Garmin Forerunner 735 XT,2.084322345493026,3793.556604545839,2.225038914027161,2.084322345493026,1428.0
2024-01-21 15:44:52+00:00,2024-01-21 15:44:52+00:00,582755317,27571503,4697.32,65535,-37.39999999999998,-37.39999999999998,2.23,2.23,0.0,300,162,82,0.0,-9.0,48.84598639793694,2.311016684398055,Garmin Forerunner 735 XT,2.159573420649037,3795.716177966488,2.2187321266968443,2.159573420649037,1429.0
2024-01-21 15:44:53+00:00,2024-01-21 15:44:53+00:00,582755142,27571678,4699.23,65535,-37.39999999999998,-37.39999999999998,2.221,2.221,0.0,300,161,82,0.0,-9.0,48.84597172960639,2.3110313527286053,Garmin Forerunner 735 XT,1.9525418046560954,3797.668719771144,2.2108253393665276,1.9525418046560954,1430.0
2024-01-21 15:44:54+00:00,2024-01-21 15:44:54+00:00,582754964,27571795,4701.03,65535,-37.60000000000002,-37.60000000000002,2.221,2.221,0.0,300,161,82,0.0,-9.0,48.845956809818745,2.311041159555316,Garmin Forerunner 735 XT,1.8075614088362735,3799.47628117998,2.2011900452488806,1.8075614088362735,1431.0
2024-01-21 15:44:55+00:00,2024-01-21 15:44:55+00:00,582754757,27571857,4702.97,65535,-38.19999999999999,-38.19999999999999,2.202,2.202,0.0,300,160,81,0.0,-9.0,48.84593945927918,2.3110463563352823,Garmin Forerunner 735 XT,1.9664128037991027,3801.442693983779,2.1903330316742196,1.9664128037991027,1432.0
2024-01-21 15:44:56+00:00,2024-01-21 15:44:56+00:00,582754470,27571927,4705.57,65535,-38.60000000000002,-38.60000000000002,2.155,2.155,0.0,300,160,81,0.0,-9.0,48.84591540321708,2.3110522236675024,Garmin Forerunner 735 XT,2.70914992938186,3804.151843913161,2.1793963800905094,2.70914992938186,1433.0
2024-01-21 15:44:57+00:00,2024-01-21 15:44:57+00:00,582754172,27571953,4708.26,65535,-38.60000000000002,-38.60000000000002,2.146,2.146,0.0,300,160,81,0.0,-9.0,48.845890425145626,2.311054402962327,Garmin Forerunner 735 XT,2.7820092470641633,3806.933853160225,2.1697420814479753,2.7820092470641633,1434.0
2024-01-21 15:44:58+00:00,2024-01-21 15:44:58+00:00,582753892,27571916,4710.87,65535,-39.60000000000002,-39.60000000000002,2.146,2.146,0.0,300,161,82,0.0,-9.0,48.845866955816746,2.3110513016581535,Garmin Forerunner 735 XT,2.619519268353055,3809.5533724285783,2.160178280542998,2.619519268353055,1435.0
2024-01-21 15:44:59+00:00,2024-01-21 15:44:59+00:00,582753603,27571957,4713.54,65535,-40.0,-40.0,2.155,2.155,0.0,300,161,81,0.0,-9.0,48.84584273211658,2.311054738238454,Garmin Forerunner 735 XT,2.7052661772326037,3812.258638605811,2.152711312217206,2.7052661772326037,1436.0
2024-01-21 15:45:00+00:00,2024-01-21 15:45:00+00:00,582753380,27571992,4715.64,65535,-40.80000000000001,-40.80000000000001,2.155,2.155,0.0,300,162,81,0.0,-9.0,48.84582404047251,2.311057671904564,Garmin Forerunner 735 XT,2.089473117449741,3814.348111723261,2.1462769230769343,2.089473117449741,1437.0
2024-01-21 15:45:01+00:00,2024-01-21 15:45:01+00:00,582753201,27572043,4717.34,65535,-42.19999999999999,-42.19999999999999,2.155,2.155,0.0,300,162,81,0.0,-9.0,48.84580903686583,2.3110619466751814,Garmin Forerunner 735 XT,1.697397596288901,3816.0455093195496,2.1216941176470696,1.697397596288901,1438.0
2024-01-21 15:45:02+00:00,2024-01-21 15:45:02+00:00,582753022,27572215,4719.31,65535,-43.0,-43.0,2.155,2.155,0.0,300,163,81,0.0,-9.0,48.84579403325915,2.3110763635486364,Garmin Forerunner 735 XT,1.9738968222646935,3818.019406141814,2.1188895927601923,1.9738968222646935,1439.0
2024-01-21 15:45:03+00:00,2024-01-21 15:45:03+00:00,582752406,27572872,4726.06,65535,-34.39999999999998,-34.39999999999998,2.146,2.146,0.0,300,163,81,0.0,-9.0,48.84574240073562,2.3111314326524734,Garmin Forerunner 735 XT,7.014345622117499,3825.033751763932,2.1331239819004635,7.014345622117499,1440.0
2024-01-21 15:45:04+00:00,2024-01-21 15:45:04+00:00,582751606,27573907,4734.78,65535,-21.399999999999977,-21.399999999999977,2.137,2.137,0.0,300,163,81,0.0,-9.0,48.845675345510244,2.311218185350299,Garmin Forerunner 735 XT,9.79259638664621,3834.8263481505783,2.1589266968325904,9.79259638664621,1441.0
2024-01-21 15:45:05+00:00,2024-01-21 15:45:05+00:00,582750513,27575244,4745.54,65535,-2.6000000000000227,-2.6000000000000227,2.137,2.137,0.0,300,163,81,0.0,-9.0,48.84558373130858,2.3113302513957024,Garmin Forerunner 735 XT,13.077656927390194,3847.9040050779686,2.201922171945713,13.077656927390194,1442.0
2024-01-21 15:45:06+00:00,2024-01-21 15:45:06+00:00,582750012,27576076,4751.35,65535,5.800000000000011,5.800000000000011,2.137,2.137,0.0,300,162,81,0.0,-9.0,48.84554173797369,2.3113999888300896,Garmin Forerunner 735 XT,6.917057478375693,3854.8210625563443,2.248658823529424,6.917057478375693,1443.0
2024-01-21 15:45:07+00:00,2024-01-21 15:45:07+00:00,582749794,27576584,4754.83,65535,8.0,8.0,2.155,2.155,0.0,300,162,80,0.0,-9.0,48.845523465424776,2.311442568898201,Garmin Forerunner 735 XT,3.7197895610180294,3858.540852117362,2.296962895927614,3.7197895610180294,1444.0
2024-01-21 15:45:08+00:00,2024-01-21 15:45:08+00:00,582749518,27577106,4758.36,65535,11.800000000000011,11.800000000000011,2.454,2.454,0.0,300,163,80,0.0,-9.0,48.84550033137202,2.3114863224327564,Garmin Forerunner 735 XT,4.1070974867772065,3862.6479496041393,2.3277375565610985,4.1070974867772065,1445.0
2024-01-21 15:45:09+00:00,2024-01-21 15:45:09+00:00,582749265,27577561,4760.15,65535,18.600000000000023,18.600000000000023,2.454,2.454,0.0,300,163,81,0.0,-9.0,48.845479125157,2.311524460092187,Garmin Forerunner 735 XT,3.6535907914763084,3866.3015403956156,2.3399294117647185,3.6535907914763084,1446.0
2024-01-21 15:45:10+00:00,2024-01-21 15:45:10+00:00,582749272,27577958,4762.25,65535,20.399999999999977,20.399999999999977,2.454,2.454,0.0,300,163,81,0.0,-9.0,48.84547971189022,2.311557736247778,Garmin Forerunner 735 XT,2.435906218743843,3868.737446614359,2.3380850678733154,2.435906218743843,1447.0
2024-01-21 15:45:11+00:00,2024-01-21 15:45:11+00:00,582749184,27578235,4762.94,65535,24.399999999999977,24.399999999999977,2.426,2.426,0.0,300,164,81,0.0,-9.0,48.84547233581543,2.311580954119563,Garmin Forerunner 735 XT,1.8866129231549527,3870.6240595375143,2.3223339366515963,1.8866129231549527,1448.0
2024-01-21 15:45:12+00:00,2024-01-21 15:45:12+00:00,582749195,27578419,4763.77,65535,26.600000000000023,26.600000000000023,2.286,2.286,0.0,300,164,80,0.0,-9.0,48.84547325782478,2.3115963768213987,Garmin Forerunner 735 XT,1.1332265161803166,3871.7572860536948,2.2913592760181114,1.1332265161803166,1449.0
2024-01-21 15:45:13+00:00,2024-01-21 15:45:13+00:00,582749208,27578624,4764.8,65535,28.600000000000023,28.600000000000023,2.193,2.193,0.0,300,165,80,0.0,-9.0,48.84547434747219,2.3116135597229004,Garmin Forerunner 735 XT,1.2632088498369403,3873.020494903532,2.2410995475113245,1.2632088498369403,1450.0
2024-01-21 15:45:14+00:00,2024-01-21 15:45:14+00:00,582749331,27578848,4766.59,65535,29.600000000000023,29.600000000000023,2.053,2.053,0.0,300,165,80,0.0,-9.0,48.84548465721309,2.3116323351860046,Garmin Forerunner 735 XT,1.7893784414075864,3874.8098733449397,2.17726968325793,1.7893784414075864,1451.0
2024-01-21 15:45:15+00:00,2024-01-21 15:45:15+00:00,582749447,27578987,4767.96,65535,30.799999999999955,30.799999999999955,2.053,2.053,0.0,300,166,80,0.0,-9.0,48.84549438022077,2.311643986031413,Garmin Forerunner 735 XT,1.3768643161685814,3876.186737661108,2.1014452488687896,1.3768643161685814,1452.0
2024-01-21 15:45:16+00:00,2024-01-21 15:45:16+00:00,582749567,27579101,4769.28,65535,31.600000000000023,31.600000000000023,2.081,2.081,0.0,300,166,80,0.0,-9.0,48.84550443850458,2.3116535414010286,Garmin Forerunner 735 XT,1.3190170479857486,3877.5057547090937,2.066248868778292,1.3190170479857486,1453.0
2024-01-21 15:45:17+00:00,2024-01-21 15:45:17+00:00,582749783,27579186,4771.36,65535,32.0,32.0,2.081,2.081,0.0,300,167,80,0.0,-9.0,48.84552254341543,2.3116606660187244,Garmin Forerunner 735 XT,2.0795866606506404,3879.585341369744,2.058835294117658,2.0795866606506404,1454.0
2024-01-21 15:45:18+00:00,2024-01-21 15:45:18+00:00,582750046,27579286,4773.88,65535,32.0,32.0,2.071,2.071,0.0,300,167,80,0.0,-9.0,48.84554458782077,2.311669047921896,Garmin Forerunner 735 XT,2.5267996829897954,3882.112141052734,2.0803466063348526,2.5267996829897954,1455.0
2024-01-21 15:45:19+00:00,2024-01-21 15:45:19+00:00,582750313,27579313,4776.34,65535,32.39999999999998,32.39999999999998,2.071,2.071,0.0,300,167,80,0.0,-9.0,48.845566967502236,2.3116713110357523,Garmin Forerunner 735 XT,2.494011385512081,3884.606152438246,2.1269538461538575,2.494011385512081,1456.0
2024-01-21 15:45:20+00:00,2024-01-21 15:45:20+00:00,582750758,27579420,4780.54,65535,32.0,32.0,2.146,2.146,0.0,300,167,80,0.0,-9.0,48.84560426697135,2.311680279672146,Garmin Forerunner 735 XT,4.199115705878423,3888.8052681441245,2.1815601809954868,4.199115705878423,1457.0
2024-01-21 15:45:21+00:00,2024-01-21 15:45:21+00:00,582751126,27579412,4783.98,65535,32.60000000000002,32.60000000000002,2.211,2.211,0.0,300,167,81,0.0,-9.0,48.84563511237502,2.311679609119892,Garmin Forerunner 735 XT,3.4302033753051417,3892.2354715194297,2.2393411764706,3.4302033753051417,1458.0
2024-01-21 15:45:22+00:00,2024-01-21 15:45:22+00:00,582751388,27579386,4786.39,65535,33.200000000000045,33.200000000000045,2.342,2.342,0.0,300,167,81,0.0,-9.0,48.84565707296133,2.3116774298250675,Garmin Forerunner 735 XT,2.447107552550551,3894.6825790719804,2.2834977375565733,2.447107552550551,1459.0
2024-01-21 15:45:23+00:00,2024-01-21 15:45:23+00:00,582751648,27579354,4788.82,65535,33.39999999999998,33.39999999999998,2.398,2.398,0.0,300,167,81,0.0,-9.0,48.845678865909576,2.3116747476160526,Garmin Forerunner 735 XT,2.4312009527609177,3897.113780024741,2.3179791855203744,2.4312009527609177,1460.0
2024-01-21 15:45:24+00:00,2024-01-21 15:45:24+00:00,582751916,27579343,4791.31,65535,34.60000000000002,34.60000000000002,2.398,2.398,0.0,300,167,81,0.0,-9.0,48.845701329410076,2.3116738256067038,Garmin Forerunner 735 XT,2.4987383326332657,3899.6125183573745,2.3475176470588357,2.4987383326332657,1461.0
2024-01-21 15:45:25+00:00,2024-01-21 15:45:25+00:00,582752163,27579339,4793.61,65535,35.799999999999955,35.799999999999955,2.389,2.389,0.0,300,167,81,0.0,-9.0,48.84572203271091,2.311673490330577,Garmin Forerunner 735 XT,2.3022327481850153,3901.9147511055594,2.370161085972863,2.3022327481850153,1462.0
2024-01-21 15:45:26+00:00,2024-01-21 15:45:26+00:00,582752348,27579300,4795.33,65535,36.39999999999998,36.39999999999998,2.379,2.379,0.0,300,167,80,0.0,-9.0,48.84573753923178,2.31167022138834,Garmin Forerunner 735 XT,1.740760334927088,3903.6555114404864,2.3843909502262575,1.740760334927088,1463.0
2024-01-21 15:45:27+00:00,2024-01-21 15:45:27+00:00,582752643,27579296,4798.08,65535,37.200000000000045,37.200000000000045,2.361,2.361,0.0,300,166,80,0.0,-9.0,48.84576226584613,2.311669886112213,Garmin Forerunner 735 XT,2.749583529498659,3906.405094969985,2.387905882352954,2.749583529498659,1464.0
2024-01-21 15:45:28+00:00,2024-01-21 15:45:28+00:00,582753044,27579379,4801.85,65535,37.39999999999998,37.39999999999998,2.342,2.342,0.0,300,166,80,0.0,-9.0,48.84579587727785,2.3116768430918455,Garmin Forerunner 735 XT,3.7719332206624285,3910.1770281906474,2.388201809954764,3.7719332206624285,1465.0
2024-01-21 15:45:29+00:00,2024-01-21 15:45:29+00:00,582753422,27579496,4805.44,65535,37.39999999999998,37.39999999999998,2.342,2.342,0.0,300,165,80,0.0,-9.0,48.84582756087184,2.311686649918556,Garmin Forerunner 735 XT,3.595399937158943,3913.7724281278065,2.3871900452488815,3.595399937158943,1466.0
2024-01-21 15:45:30+00:00,2024-01-21 15:45:30+00:00,582753789,27579545,4808.88,65535,37.39999999999998,37.39999999999998,2.389,2.389,0.0,300,165,81,0.0,-9.0,48.84585832245648,2.3116907570511103,Garmin Forerunner 735 XT,3.433710309844089,3917.2061384376507,2.395333031674221,3.433710309844089,1467.0
2024-01-21 15:45:31+00:00,2024-01-21 15:45:31+00:00,582754092,27579555,4811.7,65535,37.799999999999955,37.799999999999955,2.426,2.426,0.0,300,165,81,0.0,-9.0,48.84588371962309,2.3116915952414274,Garmin Forerunner 735 XT,2.824702072014932,3920.0308405096657,2.4110352941176596,2.824702072014932,1468.0
2024-01-21 15:45:32+00:00,2024-01-21 15:45:32+00:00,582754429,27579579,4814.82,65535,38.799999999999955,38.799999999999955,2.454,2.454,0.0,300,165,81,0.0,-9.0,48.84591196663678,2.3116936068981886,Garmin Forerunner 735 XT,3.1443722230982893,3923.175212732764,2.429502262443452,3.1443722230982893,1469.0
2024-01-21 15:45:33+00:00,2024-01-21 15:45:33+00:00,582754735,27579617,4817.67,65535,39.60000000000002,39.60000000000002,2.463,2.463,0.0,300,165,81,0.0,-9.0,48.84593761526048,2.3116967920213938,Garmin Forerunner 735 XT,2.86150475271131,3926.0367174854755,2.4479402714932257,2.86150475271131,1470.0
2024-01-21 15:45:34+00:00,2024-01-21 15:45:34+00:00,582755036,27579692,4820.52,65535,40.0,40.0,2.473,2.473,0.0,300,165,81,0.0,-9.0,48.84596284478903,2.3117030784487724,Garmin Forerunner 735 XT,2.8428608075618818,3928.8795782930374,2.465971040723995,2.8428608075618818,1471.0
2024-01-21 15:45:35+00:00,2024-01-21 15:45:35+00:00,582755273,27579714,4822.72,65535,41.0,41.0,2.482,2.482,0.0,300,165,81,0.0,-9.0,48.845982709899545,2.31170492246747,Garmin Forerunner 735 XT,2.213017206732085,3931.0925954997697,2.4800687782805566,2.213017206732085,1472.0
2024-01-21 15:45:36+00:00,2024-01-21 15:45:36+00:00,582755624,27579759,4826.0,65535,41.799999999999955,41.799999999999955,2.482,2.482,0.0,300,165,81,0.0,-9.0,48.84601213037968,2.3117086943238974,Garmin Forerunner 735 XT,3.283030882336633,3934.3756263821065,2.4887710407239956,3.283030882336633,1473.0
2024-01-21 15:45:37+00:00,2024-01-21 15:45:37+00:00,582755925,27579784,4828.8,65535,42.60000000000002,42.60000000000002,2.491,2.491,0.0,300,165,81,0.0,-9.0,48.84603735990822,2.3117107897996902,Garmin Forerunner 735 XT,2.809583038331537,3937.185209420438,2.4899221719457145,2.809583038331537,1474.0
2024-01-21 15:45:38+00:00,2024-01-21 15:45:38+00:00,582756230,27579772,4831.62,65535,43.60000000000002,43.60000000000002,2.491,2.491,0.0,300,165,81,0.0,-9.0,48.846062924712896,2.3117097839713097,Garmin Forerunner 735 XT,2.8436292686370304,3940.0288386890747,2.488180090497751,2.8436292686370304,1475.0
2024-01-21 15:45:39+00:00,2024-01-21 15:45:39+00:00,582756524,27579749,4834.36,65535,44.60000000000002,44.60000000000002,2.491,2.491,0.0,300,165,81,0.0,-9.0,48.84608756750822,2.31170785613358,Garmin Forerunner 735 XT,2.7437827716730645,3942.772621460748,2.491248868778294,2.7437827716730645,1476.0
2024-01-21 15:45:40+00:00,2024-01-21 15:45:40+00:00,582756847,27579713,4837.35,65535,46.200000000000045,46.200000000000045,2.501,2.501,0.0,300,165,81,0.0,-9.0,48.846114641055465,2.3117048386484385,Garmin Forerunner 735 XT,3.0185279542575962,3945.7911494150053,2.498873303167434,3.0185279542575962,1477.0
2024-01-21 15:45:41+00:00,2024-01-21 15:45:41+00:00,582757140,27579755,4840.09,65535,46.39999999999998,46.39999999999998,2.501,2.501,0.0,300,165,81,0.0,-9.0,48.84613920003176,2.3117083590477705,Garmin Forerunner 735 XT,2.7429570565570915,3948.5341064715626,2.5084208144796514,2.7429570565570915,1478.0
2024-01-21 15:45:42+00:00,2024-01-21 15:45:42+00:00,582757544,27579910,4843.96,65535,43.799999999999955,43.799999999999955,2.51,2.51,0.0,300,165,81,0.0,-9.0,48.84617306292057,2.3117213509976864,Garmin Forerunner 735 XT,3.8835439446719318,3952.4176504162347,2.5206199095022757,3.8835439446719318,1479.0
2024-01-21 15:45:43+00:00,2024-01-21 15:45:43+00:00,582758034,27580119,4848.64,65535,40.0,40.0,2.51,2.51,0.0,300,165,81,0.0,-9.0,48.84621413424611,2.311738869175315,Garmin Forerunner 735 XT,4.743422278400614,3957.161072694635,2.535469683257932,4.743422278400614,1480.0
2024-01-21 15:45:44+00:00,2024-01-21 15:45:44+00:00,582758351,27580156,4851.6,65535,40.0,40.0,2.538,2.538,0.0,300,164,80,0.0,-9.0,48.846240704879165,2.3117419704794884,Garmin Forerunner 735 XT,2.963222471504129,3960.1242951661393,2.5507104072398326,2.963222471504129,1481.0
2024-01-21 15:45:45+00:00,2024-01-21 15:45:45+00:00,582758662,27580223,4854.53,65535,39.799999999999955,39.799999999999955,2.594,2.594,0.0,300,164,80,0.0,-9.0,48.84626677259803,2.3117475863546133,Garmin Forerunner 735 XT,2.9275835747492707,3963.0518787408887,2.5654099547511446,2.9275835747492707,1482.0
2024-01-21 15:45:46+00:00,2024-01-21 15:45:46+00:00,582758976,27580263,4857.46,65535,39.39999999999998,39.39999999999998,2.594,2.594,0.0,300,164,80,0.0,-9.0,48.84629309177399,2.311750939115882,Garmin Forerunner 735 XT,2.936824485799089,3965.988703226688,2.5780823529411903,2.936824485799089,1483.0
2024-01-21 15:45:47+00:00,2024-01-21 15:45:47+00:00,582759345,27580410,4861.0,65535,36.200000000000045,36.200000000000045,2.594,2.594,0.0,300,164,80,0.0,-9.0,48.84632402099669,2.311763260513544,Garmin Forerunner 735 XT,3.555394531928312,3969.5440977586163,2.5866063348416426,3.555394531928312,1484.0
2024-01-21 15:45:48+00:00,2024-01-21 15:45:48+00:00,582759584,27580435,4863.23,65535,35.39999999999998,35.39999999999998,2.603,2.603,0.0,300,164,80,0.0,-9.0,48.84634405374527,2.311765355989337,Garmin Forerunner 735 XT,2.232811391958214,3971.7769091505747,2.592504072398204,2.232811391958214,1485.0
2024-01-21 15:45:49+00:00,2024-01-21 15:45:49+00:00,582759855,27580491,4865.78,65535,34.799999999999955,34.799999999999955,2.603,2.603,0.0,300,163,80,0.0,-9.0,48.846366768702865,2.311770049855113,Garmin Forerunner 735 XT,2.54903512342126,3974.325944273996,2.5959701357466205,2.54903512342126,1486.0
2024-01-21 15:45:50+00:00,2024-01-21 15:45:50+00:00,582760126,27580510,4868.3,65535,34.799999999999955,34.799999999999955,2.594,2.594,0.0,300,163,80,0.0,-9.0,48.84638948366046,2.3117716424167156,Garmin Forerunner 735 XT,2.528475009891936,3976.8544192838876,2.597614479638023,2.528475009891936,1487.0
2024-01-21 15:45:51+00:00,2024-01-21 15:45:51+00:00,582760442,27580578,4871.28,65535,34.799999999999955,34.799999999999955,2.585,2.585,0.0,300,162,80,0.0,-9.0,48.84641597047448,2.3117773421108723,Garmin Forerunner 735 XT,2.97458425745186,3979.8290035413397,2.5963656108597424,2.97458425745186,1488.0
2024-01-21 15:45:52+00:00,2024-01-21 15:45:52+00:00,582760818,27580688,4874.85,65535,34.200000000000045,34.200000000000045,2.585,2.585,0.0,300,162,80,0.0,-9.0,48.84644748643041,2.311786562204361,Garmin Forerunner 735 XT,3.5687694183727996,3983.3977729597127,2.594738461538475,3.5687694183727996,1489.0
2024-01-21 15:45:53+00:00,2024-01-21 15:45:53+00:00,582761165,27580783,4878.13,65535,33.799999999999955,33.799999999999955,2.585,2.585,0.0,300,162,80,0.0,-9.0,48.84647657163441,2.311794525012374,Garmin Forerunner 735 XT,3.2861973468854706,3986.683970306598,2.599320361990964,3.2861973468854706,1490.0
2024-01-21 15:45:54+00:00,2024-01-21 15:45:54+00:00,582761501,27580830,4881.28,65535,33.200000000000045,33.200000000000045,2.603,2.603,0.0,300,162,80,0.0,-9.0,48.84650473482907,2.3117984645068645,Garmin Forerunner 735 XT,3.144844505904653,3989.8288148125025,2.6060090497737693,3.144844505904653,1491.0
2024-01-21 15:45:55+00:00,2024-01-21 15:45:55+00:00,582761811,27580805,4884.15,65535,32.200000000000045,32.200000000000045,2.622,2.622,0.0,300,162,80,0.0,-9.0,48.8465307187289,2.3117963690310717,Garmin Forerunner 735 XT,2.8933438199849264,3992.7221586324877,2.6145031674208283,2.8933438199849264,1492.0
2024-01-21 15:45:56+00:00,2024-01-21 15:45:56+00:00,582762168,27580856,4887.5,65535,30.200000000000045,30.200000000000045,2.631,2.631,0.0,300,162,80,0.0,-9.0,48.84656064212322,2.311800643801689,Garmin Forerunner 735 XT,3.3420009190569853,3996.0641595515444,2.6258660633484303,3.3420009190569853,1493.0
2024-01-21 15:45:57+00:00,2024-01-21 15:45:57+00:00,582762530,27580930,4890.9,65535,28.200000000000045,28.200000000000045,2.641,2.641,0.0,300,162,80,0.0,-9.0,48.8465909846127,2.311806846410036,Garmin Forerunner 735 XT,3.404322598006571,3999.468482149551,2.6397764705882496,3.404322598006571,1494.0
2024-01-21 15:45:58+00:00,2024-01-21 15:45:58+00:00,582762879,27581001,4894.17,65535,27.0,27.0,2.65,2.65,0.0,300,162,79,0.5,-9.0,48.84662023745477,2.311812797561288,Garmin Forerunner 735 XT,3.2817884384900657,4002.750270588041,2.654691402714946,3.2817884384900657,1495.0
2024-01-21 15:45:59+00:00,2024-01-21 15:45:59+00:00,582763216,27581092,4897.36,65535,25.799999999999955,25.799999999999955,2.669,2.669,0.0,300,163,79,0.5,-9.0,48.84664848446846,2.311820425093174,Garmin Forerunner 735 XT,3.1901302833460976,4005.9404008713873,2.6691628959276157,3.1901302833460976,1496.0
2024-01-21 15:46:00+00:00,2024-01-21 15:46:00+00:00,582763562,27581249,4900.73,65535,24.600000000000023,24.600000000000023,2.678,2.678,0.0,300,163,80,0.0,-9.0,48.846677485853434,2.3118335846811533,Garmin Forerunner 735 XT,3.3655091110547635,4009.3059099824422,2.6803538461538605,3.3655091110547635,1497.0
2024-01-21 15:46:01+00:00,2024-01-21 15:46:01+00:00,582763889,27581402,4903.92,65535,24.0,24.0,2.687,2.687,0.0,300,163,80,0.0,-9.0,48.846704894676805,2.3118464089930058,Garmin Forerunner 735 XT,3.188923579462915,4012.494833561905,2.68805791855205,3.188923579462915,1498.0
2024-01-21 15:46:02+00:00,2024-01-21 15:46:02+00:00,582764188,27581494,4906.76,65535,24.0,24.0,2.697,2.697,0.0,300,163,80,0.0,-9.0,48.84672995656729,2.3118541203439236,Garmin Forerunner 735 XT,2.843309843942876,4015.338143405848,2.6927610859728652,2.843309843942876,1499.0
2024-01-21 15:46:03+00:00,2024-01-21 15:46:03+00:00,582764461,27581557,4909.33,65535,23.600000000000023,23.600000000000023,2.706,2.706,0.0,300,163,80,0.0,-9.0,48.846752839162946,2.3118594009429216,Garmin Forerunner 735 XT,2.57360179582861,4017.9117452016767,2.6945909502262584,2.57360179582861,1500.0
2024-01-21 15:46:04+00:00,2024-01-21 15:46:04+00:00,582764704,27581542,4911.57,65535,23.399999999999977,23.399999999999977,2.706,2.706,0.0,300,164,79,0.5,-9.0,48.84677320718765,2.311858143657446,Garmin Forerunner 735 XT,2.266688879460659,4020.1784340811373,2.694191855203634,2.266688879460659,1501.0
2024-01-21 15:46:05+00:00,2024-01-21 15:46:05+00:00,582764972,27581639,4914.14,65535,23.200000000000045,23.200000000000045,2.697,2.697,0.0,300,163,79,0.5,-9.0,48.84679567068815,2.3118662741035223,Garmin Forerunner 735 XT,2.567702705858487,4022.746136786996,2.6918877828054444,2.567702705858487,1502.0
2024-01-21 15:46:06+00:00,2024-01-21 15:46:06+00:00,582765222,27581707,4916.51,65535,22.200000000000045,22.200000000000045,2.678,2.678,0.0,300,163,79,0.5,-9.0,48.84681662544608,2.311871973797679,Garmin Forerunner 735 XT,2.3670956998211556,4025.113232486817,2.6878841628959425,2.3670956998211556,1503.0
2024-01-21 15:46:07+00:00,2024-01-21 15:46:07+00:00,582765517,27581779,4919.29,65535,22.200000000000045,22.200000000000045,2.678,2.678,0.0,300,162,79,0.5,-9.0,48.84684135206044,2.3118780087679625,Garmin Forerunner 735 XT,2.784712475321207,4027.8979449621384,2.683923076923091,2.784712475321207,1504.0
2024-01-21 15:46:08+00:00,2024-01-21 15:46:08+00:00,582765826,27581828,4922.19,65535,22.0,22.0,2.669,2.669,0.0,300,162,80,0.0,-9.0,48.84686725214124,2.3118821159005165,Garmin Forerunner 735 XT,2.8955963739886115,4030.793541336127,2.679828054298657,2.8955963739886115,1505.0
2024-01-21 15:46:09+00:00,2024-01-21 15:46:09+00:00,582766106,27581832,4924.77,65535,22.0,22.0,2.669,2.669,0.0,300,161,80,0.0,-9.0,48.84689072147012,2.3118824511766434,Garmin Forerunner 735 XT,2.6097856217299125,4033.4033269578567,2.6755746606334982,2.6097856217299125,1506.0
2024-01-21 15:46:10+00:00,2024-01-21 15:46:10+00:00,582766400,27581800,4927.5,65535,22.200000000000045,22.200000000000045,2.678,2.678,0.0,300,161,80,0.0,-9.0,48.84691536426544,2.3118797689676285,Garmin Forerunner 735 XT,2.747173910785757,4036.1505008686427,2.6724524886877967,2.747173910785757,1507.0
2024-01-21 15:46:11+00:00,2024-01-21 15:46:11+00:00,582766692,27581811,4930.21,65535,22.399999999999977,22.399999999999977,2.678,2.678,0.0,300,161,81,0.0,-9.0,48.8469398394227,2.3118806909769773,Garmin Forerunner 735 XT,2.7223494611380525,4038.8728503297807,2.672386425339381,2.7223494611380525,1508.0
2024-01-21 15:46:12+00:00,2024-01-21 15:46:12+00:00,582766980,27581837,4932.91,65535,22.600000000000023,22.600000000000023,2.678,2.678,0.0,300,161,81,0.0,-9.0,48.84696397930384,2.311882870271802,Garmin Forerunner 735 XT,2.6889650974026686,4041.5618154271833,2.6748226244344036,2.6889650974026686,1509.0
2024-01-21 15:46:13+00:00,2024-01-21 15:46:13+00:00,582767268,27581856,4935.59,65535,22.399999999999977,22.399999999999977,2.678,2.678,0.0,300,162,81,0.0,-9.0,48.84698811918497,2.3118844628334045,Garmin Forerunner 735 XT,2.6867607662311284,4044.2485761934145,2.678596380090512,2.6867607662311284,1510.0
2024-01-21 15:46:14+00:00,2024-01-21 15:46:14+00:00,582767583,27581844,4938.53,65535,22.399999999999977,22.399999999999977,2.678,2.678,0.0,300,162,81,0.0,-9.0,48.84701452217996,2.311883457005024,Garmin Forerunner 735 XT,2.9368015100119593,4047.1853777034266,2.6817122171945846,2.9368015100119593,1511.0
2024-01-21 15:46:15+00:00,2024-01-21 15:46:15+00:00,582767892,27581845,4941.4,65535,22.399999999999977,22.399999999999977,2.678,2.678,0.0,300,163,81,0.0,-9.0,48.84704042226076,2.3118835408240557,Garmin Forerunner 735 XT,2.8799641157308455,4050.0653418191573,2.6860452488687927,2.8799641157308455,1512.0
2024-01-21 15:46:16+00:00,2024-01-21 15:46:16+00:00,582768171,27581854,4944.01,65535,22.600000000000023,22.600000000000023,2.687,2.687,0.0,300,163,80,0.0,-9.0,48.84706380777061,2.311884295195341,Garmin Forerunner 735 XT,2.6009358873740998,4052.666277706531,2.688883257918566,2.6009358873740998,1513.0
2024-01-21 15:46:17+00:00,2024-01-21 15:46:17+00:00,582768438,27581892,4946.51,65535,22.600000000000023,22.600000000000023,2.697,2.697,0.0,300,164,80,0.0,-9.0,48.84708618745208,2.3118874803185463,Garmin Forerunner 735 XT,2.4993975898169865,4055.165675296348,2.6913339366515983,2.4993975898169865,1514.0
2024-01-21 15:46:18+00:00,2024-01-21 15:46:18+00:00,582768721,27581926,4949.15,65535,23.0,23.0,2.697,2.697,0.0,300,164,80,0.0,-9.0,48.84710990823805,2.3118903301656246,Garmin Forerunner 735 XT,2.6458617626967693,4057.811537059045,2.693951131221734,2.6458617626967693,1515.0
2024-01-21 15:46:19+00:00,2024-01-21 15:46:19+00:00,582768985,27581792,4951.6,65535,23.799999999999955,23.799999999999955,2.697,2.697,0.0,300,164,79,0.5,-9.0,48.847132036462426,2.3118790984153748,Garmin Forerunner 735 XT,2.5941787720947875,4060.40571583114,2.695640723981915,2.5941787720947875,1516.0
2024-01-21 15:46:20+00:00,2024-01-21 15:46:20+00:00,582769238,27581678,4953.97,65535,24.200000000000045,24.200000000000045,2.697,2.697,0.0,300,165,79,0.5,-9.0,48.84715324267745,2.311869543045759,Garmin Forerunner 735 XT,2.459504598713903,4062.8652204298537,2.69582533936653,2.459504598713903,1517.0
2024-01-21 15:46:21+00:00,2024-01-21 15:46:21+00:00,582769525,27581639,4956.64,65535,24.600000000000023,24.600000000000023,2.697,2.697,0.0,300,165,80,0.0,-9.0,48.84717729873955,2.3118662741035223,Garmin Forerunner 735 XT,2.6855859648827507,4065.5508063947364,2.6941475113122317,2.6855859648827507,1518.0
2024-01-21 15:46:22+00:00,2024-01-21 15:46:22+00:00,582769770,27581673,4958.92,65535,24.399999999999977,24.399999999999977,2.687,2.687,0.0,300,166,81,0.0,-9.0,48.84719783440232,2.3118691239506006,Garmin Forerunner 735 XT,2.292963849186629,4067.843770243923,2.6896959276018246,2.292963849186629,1519.0
2024-01-21 15:46:23+00:00,2024-01-21 15:46:23+00:00,582769998,27581672,4961.05,65535,24.200000000000045,24.200000000000045,2.687,2.687,0.0,300,166,81,0.0,-9.0,48.847216945141554,2.311869040131569,Garmin Forerunner 735 XT,2.125026098187203,4069.96879634211,2.682805429864268,2.125026098187203,1520.0
2024-01-21 15:46:24+00:00,2024-01-21 15:46:24+00:00,582770225,27581664,4963.16,65535,24.200000000000045,24.200000000000045,2.678,2.678,0.0,300,166,80,0.0,-9.0,48.84723597206175,2.311868369579315,Garmin Forerunner 735 XT,2.1162658963008667,4072.085062238411,2.675057013574675,2.1162658963008667,1521.0
2024-01-21 15:46:25+00:00,2024-01-21 15:46:25+00:00,582770430,27581540,4965.16,65535,24.799999999999955,24.799999999999955,2.669,2.669,0.0,300,166,80,0.0,-9.0,48.847253154963255,2.3118579760193825,Garmin Forerunner 735 XT,2.056454782053827,4074.1415170204646,2.6669809954751273,2.056454782053827,1522.0
2024-01-21 15:46:26+00:00,2024-01-21 15:46:26+00:00,582770679,27581454,4967.51,65535,25.399999999999977,25.399999999999977,2.659,2.659,0.0,300,166,80,0.0,-9.0,48.84727402590215,2.311850767582655,Garmin Forerunner 735 XT,2.3799306150613533,4076.521447635526,2.6589076923077064,2.3799306150613533,1523.0
2024-01-21 15:46:27+00:00,2024-01-21 15:46:27+00:00,582770938,27581422,4969.93,65535,26.0,26.0,2.65,2.65,0.0,300,165,80,0.0,-9.0,48.847295735031366,2.31184808537364,Garmin Forerunner 735 XT,2.4219107271716274,4078.9433583626974,2.65172126696834,2.4219107271716274,1524.0
2024-01-21 15:46:28+00:00,2024-01-21 15:46:28+00:00,582771260,27581410,4972.93,65535,27.0,27.0,2.641,2.641,0.0,300,165,80,0.0,-9.0,48.84732272475958,2.3118470795452595,Garmin Forerunner 735 XT,3.0020232100080735,4081.9453815727056,2.6470597285068016,3.0020232100080735,1525.0
2024-01-21 15:46:29+00:00,2024-01-21 15:46:29+00:00,582771566,27581386,4975.78,65535,27.799999999999955,27.799999999999955,2.641,2.641,0.0,300,164,80,0.0,-9.0,48.847348373383284,2.3118450678884983,Garmin Forerunner 735 XT,2.8557930461673977,4084.801174618873,2.6451764705882495,2.8557930461673977,1526.0
2024-01-21 15:46:30+00:00,2024-01-21 15:46:30+00:00,582771879,27581413,4978.71,65535,28.0,28.0,2.641,2.641,0.0,300,164,80,0.0,-9.0,48.84737460874021,2.3118473310023546,Garmin Forerunner 735 XT,2.9219350633344354,4087.7231096822075,2.6449402714932266,2.9219350633344354,1527.0
2024-01-21 15:46:31+00:00,2024-01-21 15:46:31+00:00,582772193,27581491,4981.67,65535,28.600000000000023,28.600000000000023,2.641,2.641,0.0,300,164,80,0.0,-9.0,48.84740092791617,2.3118538688868284,Garmin Forerunner 735 XT,2.965402902987228,4090.6885125851945,2.6472199095022764,2.965402902987228,1528.0
2024-01-21 15:46:32+00:00,2024-01-21 15:46:32+00:00,582772506,27581555,4984.61,65535,28.799999999999955,28.799999999999955,2.65,2.65,0.0,300,164,80,0.0,-9.0,48.847427163273096,2.311859233304858,Garmin Forerunner 735 XT,2.943529179507109,4093.6320417647016,2.650932126696847,2.943529179507109,1529.0
2024-01-21 15:46:33+00:00,2024-01-21 15:46:33+00:00,582772795,27581577,4987.31,65535,29.399999999999977,29.399999999999977,2.659,2.659,0.0,300,164,80,0.0,-9.0,48.84745138697326,2.311861077323556,Garmin Forerunner 735 XT,2.6969301937332855,4096.3289719584345,2.6555475113122315,2.6969301937332855,1530.0
2024-01-21 15:46:34+00:00,2024-01-21 15:46:34+00:00,582773073,27581594,4989.9,65535,29.799999999999955,29.799999999999955,2.669,2.669,0.0,300,164,81,0.0,-9.0,48.84747468866408,2.311862502247095,Garmin Forerunner 735 XT,2.5931268751969285,4098.922098833631,2.660316742081462,2.5931268751969285,1531.0
2024-01-21 15:46:35+00:00,2024-01-21 15:46:35+00:00,582773342,27581623,4992.41,65535,30.200000000000045,30.200000000000045,2.669,2.669,0.0,300,164,80,0.0,-9.0,48.84749723598361,2.311864932999015,Garmin Forerunner 735 XT,2.5134489020336246,4101.435547735665,2.6646090497737696,2.5134489020336246,1532.0
2024-01-21 15:46:36+00:00,2024-01-21 15:46:36+00:00,582773623,27581683,4995.06,65535,30.200000000000045,30.200000000000045,2.669,2.669,0.0,300,164,80,0.0,-9.0,48.84752078913152,2.311869962140918,Garmin Forerunner 735 XT,2.644718427687213,4104.0802661633525,2.6676416289592906,2.644718427687213,1533.0
2024-01-21 15:46:37+00:00,2024-01-21 15:46:37+00:00,582773901,27581768,4997.7,65535,30.600000000000023,30.600000000000023,2.669,2.669,0.0,300,163,80,0.0,-9.0,48.84754409082234,2.3118770867586136,Garmin Forerunner 735 XT,2.642957377004924,4106.723223540357,2.669796380090512,2.642957377004924,1534.0
2024-01-21 15:46:38+00:00,2024-01-21 15:46:38+00:00,582774179,27581836,5000.32,65535,31.0,31.0,2.669,2.669,0.0,300,163,80,0.0,-9.0,48.847567392513156,2.3118827864527702,Garmin Forerunner 735 XT,2.6243817860220933,4109.347605326379,2.670819909502277,2.6243817860220933,1535.0
2024-01-21 15:46:39+00:00,2024-01-21 15:46:39+00:00,582774444,27581815,5002.79,65535,31.799999999999955,31.799999999999955,2.669,2.669,0.0,300,163,80,0.0,-9.0,48.84758960455656,2.311881026253104,Garmin Forerunner 735 XT,2.47322261618497,4111.820827942564,2.6711647058823678,2.47322261618497,1536.0
2024-01-21 15:46:40+00:00,2024-01-21 15:46:40+00:00,582774716,27581799,5005.31,65535,32.39999999999998,32.39999999999998,2.669,2.669,0.0,300,163,80,0.0,-9.0,48.84761240333319,2.3118796851485968,Garmin Forerunner 735 XT,2.5370069341018704,4114.357834876666,2.6705294117647203,2.5370069341018704,1537.0
2024-01-21 15:46:41+00:00,2024-01-21 15:46:41+00:00,582774995,27581785,5007.89,65535,33.0,33.0,2.669,2.669,0.0,300,163,80,0.0,-9.0,48.847635788843036,2.3118785116821527,Garmin Forerunner 735 XT,2.6017673697695534,4116.959602246436,2.670078733031689,2.6017673697695534,1538.0
2024-01-21 15:46:42+00:00,2024-01-21 15:46:42+00:00,582775280,27581751,5010.54,65535,33.60000000000002,33.60000000000002,2.669,2.669,0.0,300,163,80,0.0,-9.0,48.847659677267075,2.3118756618350744,Garmin Forerunner 735 XT,2.6644445041593543,4119.624046750595,2.670032579185535,2.6644445041593543,1539.0
2024-01-21 15:46:43+00:00,2024-01-21 15:46:43+00:00,582775521,27581705,5012.8,65535,35.0,35.0,2.669,2.669,0.0,300,163,80,0.0,-9.0,48.84767987765372,2.3118718061596155,Garmin Forerunner 735 XT,2.2638298560376544,4121.887876606633,2.6686923076923224,2.2638298560376544,1540.0
2024-01-21 15:46:44+00:00,2024-01-21 15:46:44+00:00,582775820,27581778,5015.61,65535,36.0,36.0,2.669,2.669,0.0,300,163,82,0.0,-9.0,48.8477049395442,2.3118779249489307,Garmin Forerunner 735 XT,2.8224931474238484,4124.710369754057,2.6670171945701497,2.8224931474238484,1541.0
2024-01-21 15:46:45+00:00,2024-01-21 15:46:45+00:00,582776052,27581824,5017.79,65535,36.799999999999955,36.799999999999955,2.669,2.669,0.0,300,163,82,0.0,-9.0,48.84772438555956,2.3118817806243896,Garmin Forerunner 735 XT,2.1806265874198854,4126.890996341477,2.6646018099547653,2.1806265874198854,1542.0
2024-01-21 15:46:46+00:00,2024-01-21 15:46:46+00:00,582776232,27581881,5019.5,65535,38.200000000000045,38.200000000000045,2.659,2.659,0.0,300,163,82,0.0,-9.0,48.84773947298527,2.3118865583091974,Garmin Forerunner 735 XT,1.7136838991855707,4128.604680240663,2.661260633484177,1.7136838991855707,1543.0
2024-01-21 15:46:47+00:00,2024-01-21 15:46:47+00:00,582776460,27581987,5021.72,65535,39.200000000000045,39.200000000000045,2.659,2.659,0.0,300,162,82,0.0,-9.0,48.8477585837245,2.3118954431265593,Garmin Forerunner 735 XT,2.222243847530959,4130.826924088194,2.656254298642548,2.222243847530959,1544.0
2024-01-21 15:46:48+00:00,2024-01-21 15:46:48+00:00,582776745,27582056,5024.4,65535,40.60000000000002,40.60000000000002,2.65,2.65,0.0,300,161,80,0.0,-9.0,48.84778247214854,2.3119012266397476,Garmin Forerunner 735 XT,2.68977229761994,4133.516696385814,2.650795475113136,2.68977229761994,1545.0
2024-01-21 15:46:49+00:00,2024-01-21 15:46:49+00:00,582776986,27582067,5026.63,65535,41.39999999999998,41.39999999999998,2.641,2.641,0.0,300,160,79,0.5,-9.0,48.84780267253518,2.3119021486490965,Garmin Forerunner 735 XT,2.2471934916385705,4135.763889877452,2.6447321266968467,2.2471934916385705,1546.0
2024-01-21 15:46:50+00:00,2024-01-21 15:46:50+00:00,582777214,27582053,5028.74,65535,42.39999999999998,42.39999999999998,2.641,2.641,0.0,300,159,79,0.5,-9.0,48.84782178327441,2.3119009751826525,Garmin Forerunner 735 XT,2.1267513481745444,4137.8906412256265,2.6374968325792,2.1267513481745444,1547.0
2024-01-21 15:46:51+00:00,2024-01-21 15:46:51+00:00,582777432,27582042,5030.78,65535,43.60000000000002,43.60000000000002,2.631,2.631,0.0,300,159,79,0.5,-9.0,48.847840055823326,2.3119000531733036,Garmin Forerunner 735 XT,2.0329345330551503,4139.923575758682,2.6304036199095164,2.0329345330551503,1548.0
2024-01-21 15:46:52+00:00,2024-01-21 15:46:52+00:00,582777670,27582059,5033.0,65535,44.200000000000045,44.200000000000045,2.622,2.622,0.0,300,159,79,0.5,-9.0,48.847860004752874,2.3119014780968428,Garmin Forerunner 735 XT,2.2206688826712337,4142.144244641353,2.622966515837118,2.2206688826712337,1549.0
2024-01-21 15:46:53+00:00,2024-01-21 15:46:53+00:00,582777955,27582104,5035.65,65535,44.200000000000045,44.200000000000045,2.613,2.613,0.0,300,159,81,0.0,-9.0,48.84788389317691,2.31190524995327,Garmin Forerunner 735 XT,2.6705717572343564,4144.814816398587,2.6159457013574796,2.6705717572343564,1550.0
2024-01-21 15:46:54+00:00,2024-01-21 15:46:54+00:00,582778166,27582012,5037.65,65535,45.200000000000045,45.200000000000045,2.613,2.613,0.0,300,159,81,0.0,-9.0,48.847901578992605,2.311897538602352,Garmin Forerunner 735 XT,2.0459231072455886,4146.8607395058325,2.6087167420814614,2.0459231072455886,1551.0
2024-01-21 15:46:55+00:00,2024-01-21 15:46:55+00:00,582778404,27581979,5039.88,65535,46.0,46.0,2.603,2.603,0.0,300,159,81,0.0,-9.0,48.84792152792215,2.3118947725743055,Garmin Forerunner 735 XT,2.2274344000658908,4149.088173905899,2.6026552036199235,2.2274344000658908,1552.0
2024-01-21 15:46:56+00:00,2024-01-21 15:46:56+00:00,582778684,27582084,5042.55,65535,45.799999999999955,45.799999999999955,2.594,2.594,0.0,300,159,81,0.0,-9.0,48.847944997251034,2.3119035735726357,Garmin Forerunner 735 XT,2.687956134455227,4151.776130040354,2.5971846153846294,2.687956134455227,1553.0
2024-01-21 15:46:57+00:00,2024-01-21 15:46:57+00:00,582778938,27582112,5044.93,65535,46.200000000000045,46.200000000000045,2.594,2.594,0.0,300,160,81,0.0,-9.0,48.84796628728509,2.3119059205055237,Garmin Forerunner 735 XT,2.373564486043938,4154.149694526397,2.5916470588235434,2.373564486043938,1554.0
2024-01-21 15:46:58+00:00,2024-01-21 15:46:58+00:00,582779248,27582134,5047.81,65535,46.0,46.0,2.585,2.585,0.0,300,160,81,0.0,-9.0,48.84799227118492,2.3119077645242214,Garmin Forerunner 735 XT,2.892426849490427,4157.042121375887,2.588349321266983,2.892426849490427,1555.0
2024-01-21 15:46:59+00:00,2024-01-21 15:46:59+00:00,582779499,27582164,5050.16,65535,46.200000000000045,46.200000000000045,2.585,2.585,0.0,300,159,81,0.0,-9.0,48.84801330976188,2.311910279095173,Garmin Forerunner 735 XT,2.3466078208094254,4159.388729196697,2.5856968325791994,2.3466078208094254,1556.0
2024-01-21 15:47:00+00:00,2024-01-21 15:47:00+00:00,582779806,27582170,5053.02,65535,45.60000000000002,45.60000000000002,2.585,2.585,0.0,300,159,80,0.0,-9.0,48.84803904220462,2.311910782009363,Garmin Forerunner 735 XT,2.8615537141429597,4162.25028291084,2.583942986425353,2.8615537141429597,1557.0
2024-01-21 15:47:01+00:00,2024-01-21 15:47:01+00:00,582780117,27582217,5055.93,65535,44.39999999999998,44.39999999999998,2.585,2.585,0.0,300,159,80,0.0,-9.0,48.84806510992348,2.311914721503854,Garmin Forerunner 735 XT,2.912896627240803,4165.163179538081,2.583307692307706,2.912896627240803,1558.0
2024-01-21 15:47:02+00:00,2024-01-21 15:47:02+00:00,582780480,27582207,5059.3,65535,43.200000000000045,43.200000000000045,2.585,2.585,0.0,300,159,80,0.0,-9.0,48.848095536231995,2.3119138833135366,Garmin Forerunner 735 XT,3.3838070261925033,4168.5469865642735,2.585590950226258,3.3838070261925033,1559.0
2024-01-21 15:47:03+00:00,2024-01-21 15:47:03+00:00,582780810,27582252,5062.39,65535,42.200000000000045,42.200000000000045,2.585,2.585,0.0,300,159,80,0.0,-9.0,48.84812319651246,2.311917655169964,Garmin Forerunner 735 XT,3.0880413264929856,4171.635027890767,2.5886914027149466,3.0880413264929856,1560.0
2024-01-21 15:47:04+00:00,2024-01-21 15:47:04+00:00,582781136,27582351,5065.47,65535,41.200000000000045,41.200000000000045,2.594,2.594,0.0,300,159,80,0.0,-9.0,48.8481505215168,2.3119259532541037,Garmin Forerunner 735 XT,3.098478419963761,4174.73350631073,2.5930615384615523,3.098478419963761,1561.0
2024-01-21 15:47:05+00:00,2024-01-21 15:47:05+00:00,582781474,27582454,5068.65,65535,39.799999999999955,39.799999999999955,2.594,2.594,0.0,300,159,80,0.0,-9.0,48.84817885234952,2.3119345866143703,Garmin Forerunner 735 XT,3.2129611547056403,4177.9464674654355,2.599001809954765,3.2129611547056403,1562.0
2024-01-21 15:47:06+00:00,2024-01-21 15:47:06+00:00,582781788,27582513,5071.6,65535,39.799999999999955,39.799999999999955,2.603,2.603,0.0,300,159,80,0.0,-9.0,48.84820517152548,2.3119395319372416,Garmin Forerunner 735 XT,2.9488456374514382,4180.895313102887,2.604931221719471,2.9488456374514382,1563.0
2024-01-21 15:47:07+00:00,2024-01-21 15:47:07+00:00,582782096,27582497,5074.46,65535,39.799999999999955,39.799999999999955,2.613,2.613,0.0,300,159,80,0.0,-9.0,48.84823098778725,2.311938190832734,Garmin Forerunner 735 XT,2.872314150987468,4183.767627253874,2.611068778280557,2.872314150987468,1564.0
2024-01-21 15:47:08+00:00,2024-01-21 15:47:08+00:00,582782383,27582521,5077.13,65535,39.200000000000045,39.200000000000045,2.622,2.622,0.0,300,158,80,0.0,-9.0,48.84825504384935,2.3119402024894953,Garmin Forerunner 735 XT,2.678959078451768,4186.446586332326,2.6162923076923215,2.678959078451768,1565.0
2024-01-21 15:47:09+00:00,2024-01-21 15:47:09+00:00,582782670,27582530,5079.8,65535,39.200000000000045,39.200000000000045,2.622,2.622,0.0,300,158,80,0.0,-9.0,48.84827909991145,2.3119409568607807,Garmin Forerunner 735 XT,2.6754815420302487,4189.122067874356,2.6208443438914166,2.6754815420302487,1566.0
2024-01-21 15:47:10+00:00,2024-01-21 15:47:10+00:00,582782933,27582624,5082.31,65535,38.60000000000002,38.60000000000002,2.631,2.631,0.0,300,157,80,0.0,-9.0,48.84830114431679,2.311948835849762,Garmin Forerunner 735 XT,2.5181122854199347,4191.640180159776,2.6253828054298785,2.5181122854199347,1567.0
2024-01-21 15:47:11+00:00,2024-01-21 15:47:11+00:00,582783208,27582652,5084.87,65535,38.60000000000002,38.60000000000002,2.631,2.631,0.0,300,158,80,0.0,-9.0,48.848324194550514,2.31195118278265,Garmin Forerunner 735 XT,2.56881574725749,4194.208995907034,2.6293194570135885,2.56881574725749,1568.0
2024-01-21 15:47:12+00:00,2024-01-21 15:47:12+00:00,582783538,27582800,5088.06,65535,38.0,38.0,2.631,2.631,0.0,300,158,80,0.0,-9.0,48.84835185483098,2.311963587999344,Garmin Forerunner 735 XT,3.2068329848642887,4197.415828891898,2.633312217194584,3.2068329848642887,1569.0
2024-01-21 15:47:13+00:00,2024-01-21 15:47:13+00:00,582783872,27582943,5091.29,65535,38.0,38.0,2.631,2.631,0.0,300,158,80,0.0,-9.0,48.84837985038757,2.311975574120879,Garmin Forerunner 735 XT,3.234155814614154,4200.649984706512,2.636219004524901,3.234155814614154,1570.0
2024-01-21 15:47:14+00:00,2024-01-21 15:47:14+00:00,582784194,27583039,5094.33,65535,38.200000000000045,38.200000000000045,2.631,2.631,0.0,300,159,80,0.0,-9.0,48.848406840115786,2.311983620747924,Garmin Forerunner 735 XT,3.0583328205320828,4203.7083175270445,2.639414479638023,3.0583328205320828,1571.0
2024-01-21 15:47:15+00:00,2024-01-21 15:47:15+00:00,582784495,27582992,5097.09,65535,39.0,39.0,2.641,2.641,0.0,300,159,80,0.0,-9.0,48.84843206964433,2.3119796812534332,Garmin Forerunner 735 XT,2.8201664863184357,4206.528484013363,2.642763800904991,2.8201664863184357,1572.0
2024-01-21 15:47:16+00:00,2024-01-21 15:47:16+00:00,582784783,27583100,5099.84,65535,38.0,38.0,2.65,2.65,0.0,300,160,80,0.0,-9.0,48.848456209525466,2.3119887337088585,Garmin Forerunner 735 XT,2.7647532620305295,4209.293237275393,2.6452597285068014,2.7647532620305295,1573.0
2024-01-21 15:47:17+00:00,2024-01-21 15:47:17+00:00,582785041,27583181,5102.27,65535,38.0,38.0,2.65,2.65,0.0,300,160,80,0.0,-9.0,48.84847783483565,2.3119955230504274,Garmin Forerunner 735 XT,2.455406523471199,4211.748643798865,2.646820814479652,2.455406523471199,1574.0
2024-01-21 15:47:18+00:00,2024-01-21 15:47:18+00:00,582785310,27583196,5104.77,65535,38.200000000000045,38.200000000000045,2.65,2.65,0.0,300,160,81,0.0,-9.0,48.84850038215518,2.311996780335903,Garmin Forerunner 735 XT,2.5088348819827164,4214.257478680847,2.6474470588235435,2.5088348819827164,1575.0
2024-01-21 15:47:19+00:00,2024-01-21 15:47:19+00:00,582785538,27583259,5106.93,65535,38.39999999999998,38.39999999999998,2.65,2.65,0.0,300,161,81,0.0,-9.0,48.84851949289441,2.3120020609349012,Garmin Forerunner 735 XT,2.159860489235148,4216.417339170082,2.6472199095022764,2.159860489235148,1576.0
2024-01-21 15:47:20+00:00,2024-01-21 15:47:20+00:00,582785764,27583332,5109.05,65535,38.39999999999998,38.39999999999998,2.65,2.65,0.0,300,162,80,0.0,-9.0,48.84853843599558,2.3120081797242165,Garmin Forerunner 735 XT,2.153434470487984,4218.57077364057,2.6450561085972994,2.153434470487984,1577.0
2024-01-21 15:47:21+00:00,2024-01-21 15:47:21+00:00,582785978,27583369,5111.03,65535,38.60000000000002,38.60000000000002,2.641,2.641,0.0,300,162,80,0.0,-9.0,48.848556373268366,2.31201128102839,Garmin Forerunner 735 XT,2.0074016597523956,4220.578175300323,2.6411185520362133,2.0074016597523956,1578.0
2024-01-21 15:47:22+00:00,2024-01-21 15:47:22+00:00,582786208,27583396,5113.19,65535,38.60000000000002,38.60000000000002,2.631,2.631,0.0,300,163,80,0.0,-9.0,48.84857565164566,2.3120135441422462,Garmin Forerunner 735 XT,2.15004436122482,4222.728219661548,2.6355701357466206,2.15004436122482,1579.0
2024-01-21 15:47:23+00:00,2024-01-21 15:47:23+00:00,582786471,27583478,5115.68,65535,38.799999999999955,38.799999999999955,2.631,2.631,0.0,300,164,80,0.0,-9.0,48.848597696051,2.312020417302847,Garmin Forerunner 735 XT,2.5022869930644127,4225.230506654612,2.629958371040738,2.5022869930644127,1580.0
2024-01-21 15:47:24+00:00,2024-01-21 15:47:24+00:00,582786748,27583541,5118.3,65535,38.799999999999955,38.799999999999955,2.622,2.622,0.0,300,165,80,0.0,-9.0,48.84862091392279,2.312025697901845,Garmin Forerunner 735 XT,2.6104640662536545,4227.840970720866,2.625076923076937,2.6104640662536545,1581.0
2024-01-21 15:47:25+00:00,2024-01-21 15:47:25+00:00,582787022,27583590,5120.86,65535,38.799999999999955,38.799999999999955,2.622,2.622,0.0,300,165,80,0.0,-9.0,48.84864388033748,2.312029805034399,Garmin Forerunner 735 XT,2.5713710689488245,4230.4123417898145,2.6206253393665295,2.5713710689488245,1582.0
2024-01-21 15:47:26+00:00,2024-01-21 15:47:26+00:00,582787292,27583604,5123.38,65535,39.0,39.0,2.613,2.613,0.0,300,165,81,0.0,-9.0,48.84866651147604,2.312030978500843,Garmin Forerunner 735 XT,2.517932266610871,4232.930274056425,2.616938461538475,2.517932266610871,1583.0
2024-01-21 15:47:27+00:00,2024-01-21 15:47:27+00:00,582787538,27583579,5125.68,65535,39.39999999999998,39.39999999999998,2.613,2.613,0.0,300,165,81,0.0,-9.0,48.84868713095784,2.31202888302505,Garmin Forerunner 735 XT,2.2979030113433945,4235.228177067769,2.614351131221733,2.2979030113433945,1584.0
2024-01-21 15:47:28+00:00,2024-01-21 15:47:28+00:00,582787832,27583614,5128.42,65535,39.60000000000002,39.60000000000002,2.613,2.613,0.0,300,164,79,0.5,-9.0,48.848711773753166,2.31203181669116,Garmin Forerunner 735 XT,2.7485491715163364,4237.976726239285,2.6125628959276153,2.7485491715163364,1585.0
2024-01-21 15:47:29+00:00,2024-01-21 15:47:29+00:00,582788123,27583687,5131.17,65535,39.60000000000002,39.60000000000002,2.613,2.613,0.0,300,163,79,0.5,-9.0,48.848736165091395,2.3120379354804754,Garmin Forerunner 735 XT,2.748899177702817,4240.725625416988,2.6118271493212806,2.748899177702817,1586.0
2024-01-21 15:47:30+00:00,2024-01-21 15:47:30+00:00,582788405,27583741,5133.81,65535,39.60000000000002,39.60000000000002,2.613,2.613,0.0,300,163,80,0.0,-9.0,48.84875980205834,2.312042461708188,Garmin Forerunner 735 XT,2.649095266793206,4243.374720683781,2.6115665158371177,2.649095266793206,1587.0
2024-01-21 15:47:31+00:00,2024-01-21 15:47:31+00:00,582788697,27583769,5136.54,65535,40.0,40.0,2.613,2.613,0.0,300,163,80,0.0,-9.0,48.8487842772156,2.312044808641076,Garmin Forerunner 735 XT,2.7269260328779272,4246.101646716658,2.611933031674222,2.7269260328779272,1588.0
2024-01-21 15:47:32+00:00,2024-01-21 15:47:32+00:00,582789023,27583746,5139.58,65535,40.39999999999998,40.39999999999998,2.613,2.613,0.0,300,163,81,0.0,-9.0,48.84881160221994,2.3120428808033466,Garmin Forerunner 735 XT,3.0416746384665556,4249.1433213551245,2.612926696832593,3.0416746384665556,1589.0
2024-01-21 15:47:33+00:00,2024-01-21 15:47:33+00:00,582789347,27583651,5142.64,65535,41.200000000000045,41.200000000000045,2.613,2.613,0.0,300,163,81,0.0,-9.0,48.848838759586215,2.3120349179953337,Garmin Forerunner 735 XT,3.0754579024074866,4252.218779257532,2.6151013574660773,3.0754579024074866,1590.0
2024-01-21 15:47:34+00:00,2024-01-21 15:47:34+00:00,582789643,27583657,5145.39,65535,41.60000000000002,41.60000000000002,2.613,2.613,0.0,300,163,81,0.0,-9.0,48.8488635700196,2.312035420909524,Garmin Forerunner 735 XT,2.759039737119112,4254.977818994652,2.6171294117647195,2.759039737119112,1591.0
2024-01-21 15:47:35+00:00,2024-01-21 15:47:35+00:00,582789940,27583708,5148.16,65535,42.39999999999998,42.39999999999998,2.622,2.622,0.0,300,163,80,0.0,-9.0,48.84888846427202,2.3120396956801414,Garmin Forerunner 735 XT,2.78573092871875,4257.763549923371,2.619483257918566,2.78573092871875,1592.0
2024-01-21 15:47:36+00:00,2024-01-21 15:47:36+00:00,582790232,27583790,5150.93,65535,43.0,43.0,2.622,2.622,0.0,300,163,80,0.0,-9.0,48.84891293942928,2.312046568840742,Garmin Forerunner 735 XT,2.7675914943898268,4260.531141417761,2.622000000000014,2.7675914943898268,1593.0
2024-01-21 15:47:37+00:00,2024-01-21 15:47:37+00:00,582790550,27583828,5153.91,65535,43.200000000000045,43.200000000000045,2.622,2.622,0.0,300,163,80,0.0,-9.0,48.84893959388137,2.3120497539639473,Garmin Forerunner 735 XT,2.9729890068460136,4263.504130424607,2.624516742081462,2.9729890068460136,1594.0
2024-01-21 15:47:38+00:00,2024-01-21 15:47:38+00:00,582790855,27583832,5156.75,65535,43.39999999999998,43.39999999999998,2.631,2.631,0.0,300,163,80,0.0,-9.0,48.84896515868604,2.312050089240074,Garmin Forerunner 735 XT,2.8427824380713433,4266.346912862678,2.626164705882367,2.8427824380713433,1595.0
2024-01-21 15:47:39+00:00,2024-01-21 15:47:39+00:00,582791113,27583787,5159.16,65535,44.0,44.0,2.631,2.631,0.0,300,163,80,0.0,-9.0,48.848986783996224,2.312046317383647,Garmin Forerunner 735 XT,2.4204115121246867,4268.767324374803,2.6280751131221862,2.4204115121246867,1596.0
2024-01-21 15:47:40+00:00,2024-01-21 15:47:40+00:00,582791373,27583797,5161.59,65535,44.39999999999998,44.39999999999998,2.631,2.631,0.0,300,163,80,0.0,-9.0,48.84900857694447,2.312047155573964,Garmin Forerunner 735 XT,2.4240412909220153,4271.191365665725,2.6299945701357608,2.4240412909220153,1597.0
2024-01-21 15:47:41+00:00,2024-01-21 15:47:41+00:00,582791622,27583833,5163.91,65535,44.60000000000002,44.60000000000002,2.631,2.631,0.0,300,163,81,0.0,-9.0,48.84902944788337,2.312050173059106,Garmin Forerunner 735 XT,2.3312219019364373,4273.5225875676615,2.6323755656108734,2.3312219019364373,1598.0
2024-01-21 15:47:42+00:00,2024-01-21 15:47:42+00:00,582791938,27583930,5166.89,65535,44.799999999999955,44.799999999999955,2.631,2.631,0.0,300,162,81,0.0,-9.0,48.84905593469739,2.3120583035051823,Garmin Forerunner 735 XT,3.0046835532413816,4276.527271120903,2.6343058823529555,3.0046835532413816,1599.0
2024-01-21 15:47:43+00:00,2024-01-21 15:47:43+00:00,582792248,27583980,5169.79,65535,45.39999999999998,45.39999999999998,2.631,2.631,0.0,300,162,81,0.0,-9.0,48.84908191859722,2.312062494456768,Garmin Forerunner 735 XT,2.9055059841098805,4279.432777105013,2.635704072398204,2.9055059841098805,1600.0
2024-01-21 15:47:44+00:00,2024-01-21 15:47:44+00:00,582792564,27584004,5172.72,65535,45.799999999999955,45.799999999999955,2.631,2.631,0.0,300,162,81,0.0,-9.0,48.84910840541124,2.312064506113529,Garmin Forerunner 735 XT,2.948875317624977,4282.381652422638,2.6365701357466205,2.948875317624977,1601.0
2024-01-21 15:47:45+00:00,2024-01-21 15:47:45+00:00,582792798,27584000,5174.9,65535,45.799999999999955,45.799999999999955,2.641,2.641,0.0,300,162,81,0.0,-9.0,48.849128019064665,2.3120641708374023,Garmin Forerunner 735 XT,2.1810767277010004,4284.562729150339,2.6364452488687924,2.1810767277010004,1602.0
2024-01-21 15:47:46+00:00,2024-01-21 15:47:46+00:00,582793014,27583991,5176.91,65535,45.799999999999955,45.799999999999955,2.641,2.641,0.0,300,162,80,0.0,-9.0,48.849146123975515,2.312063416466117,Garmin Forerunner 735 XT,2.013930817800142,4286.576659968139,2.635362895927616,2.013930817800142,1603.0
2024-01-21 15:47:47+00:00,2024-01-21 15:47:47+00:00,582793195,27583975,5178.61,65535,46.0,46.0,2.641,2.641,0.0,300,161,80,0.0,-9.0,48.849161295220256,2.3120620753616095,Garmin Forerunner 735 XT,1.6898171313204808,4288.26647709946,2.6335764705882494,1.6898171313204808,1604.0
2024-01-21 15:47:48+00:00,2024-01-21 15:47:48+00:00,582793428,27584007,5180.78,65535,45.799999999999955,45.799999999999955,2.631,2.631,0.0,300,161,80,0.0,-9.0,48.849180825054646,2.3120647575706244,Garmin Forerunner 735 XT,2.180468981184012,4290.446946080644,2.630174660633498,2.180468981184012,1605.0
2024-01-21 15:47:49+00:00,2024-01-21 15:47:49+00:00,582793632,27584080,5182.72,65535,45.39999999999998,45.39999999999998,2.622,2.622,0.0,300,161,81,0.0,-9.0,48.849197924137115,2.3120708763599396,Garmin Forerunner 735 XT,1.9533335997447927,4292.400279680389,2.6248570135746743,1.9533335997447927,1606.0
2024-01-21 15:47:50+00:00,2024-01-21 15:47:50+00:00,582793844,27584141,5184.68,65535,45.200000000000045,45.200000000000045,2.622,2.622,0.0,300,161,81,0.0,-9.0,48.84921569377184,2.312075989320874,Garmin Forerunner 735 XT,2.0109998392556325,4294.411279519644,2.6191230769230907,2.0109998392556325,1607.0
2024-01-21 15:47:51+00:00,2024-01-21 15:47:51+00:00,582794107,27584167,5187.13,65535,44.39999999999998,44.39999999999998,2.613,2.613,0.0,300,161,81,0.0,-9.0,48.84923773817718,2.312078168615699,Garmin Forerunner 735 XT,2.45640732659808,4296.867686846243,2.6125203619909643,2.45640732659808,1608.0
2024-01-21 15:47:52+00:00,2024-01-21 15:47:52+00:00,582794372,27584204,5189.6,65535,44.0,44.0,2.603,2.603,0.0,300,161,81,0.0,-9.0,48.849259950220585,2.3120812699198723,Garmin Forerunner 735 XT,2.480269316878799,4299.347956163121,2.6065963800905116,2.480269316878799,1609.0
2024-01-21 15:47:53+00:00,2024-01-21 15:47:53+00:00,582794657,27584270,5192.29,65535,43.39999999999998,43.39999999999998,2.603,2.603,0.0,300,161,81,0.0,-9.0,48.849283838644624,2.3120868019759655,Garmin Forerunner 735 XT,2.686936944160527,4302.034893107281,2.6028986425339506,2.686936944160527,1610.0
2024-01-21 15:47:54+00:00,2024-01-21 15:47:54+00:00,582795051,27584426,5196.01,65535,40.799999999999955,40.799999999999955,2.594,2.594,0.0,300,161,80,0.0,-9.0,48.84931686334312,2.312099877744913,Garmin Forerunner 735 XT,3.794772597818073,4305.8296657051,2.600974660633498,3.794772597818073,1611.0
2024-01-21 15:47:55+00:00,2024-01-21 15:47:55+00:00,582795399,27584541,5199.32,65535,39.0,39.0,2.594,2.594,0.0,300,161,80,0.0,-9.0,48.84934603236616,2.3121095169335604,Garmin Forerunner 735 XT,3.319248397744365,4309.148914102844,2.6010778280543123,3.319248397744365,1612.0
2024-01-21 15:47:56+00:00,2024-01-21 15:47:56+00:00,582795707,27584634,5202.22,65535,37.799999999999955,37.799999999999955,2.603,2.603,0.0,300,161,81,0.0,-9.0,48.849371848627925,2.31211731210351,Garmin Forerunner 735 XT,2.926754330832911,4312.0756684336775,2.602076923076937,2.926754330832911,1613.0
2024-01-21 15:47:57+00:00,2024-01-21 15:47:57+00:00,582796040,27584751,5205.41,65535,37.39999999999998,37.39999999999998,2.603,2.603,0.0,300,161,81,0.0,-9.0,48.849399760365486,2.3121271189302206,Garmin Forerunner 735 XT,3.1855164363917567,4315.261184870069,2.6035945701357606,3.1855164363917567,1614.0
2024-01-21 15:47:58+00:00,2024-01-21 15:47:58+00:00,582796335,27584810,5208.17,65535,37.0,37.0,2.613,2.613,0.0,300,160,81,0.0,-9.0,48.84942448697984,2.312132064253092,Garmin Forerunner 735 XT,2.7731832299184656,4318.034368099988,2.606347511312231,2.7731832299184656,1615.0
2024-01-21 15:47:59+00:00,2024-01-21 15:47:59+00:00,582796595,27584857,5210.59,65535,36.60000000000002,36.60000000000002,2.613,2.613,0.0,300,160,81,0.0,-9.0,48.84944627992809,2.3121360037475824,Garmin Forerunner 735 XT,2.4403495499475407,4320.474717649935,2.609876923076937,2.4403495499475407,1616.0
2024-01-21 15:48:00+00:00,2024-01-21 15:48:00+00:00,582796850,27584838,5212.97,65535,36.39999999999998,36.39999999999998,2.613,2.613,0.0,300,160,81,0.0,-9.0,48.849467653781176,2.31213441118598,Garmin Forerunner 735 XT,2.379519039287899,4322.8542366892225,2.612774660633498,2.379519039287899,1617.0
2024-01-21 15:48:01+00:00,2024-01-21 15:48:01+00:00,582797113,27584905,5215.45,65535,36.0,36.0,2.613,2.613,0.0,300,160,80,0.0,-9.0,48.84948969818652,2.3121400270611048,Garmin Forerunner 735 XT,2.4854299510022257,4325.339666640225,2.6145819004525026,2.4854299510022257,1618.0
2024-01-21 15:48:02+00:00,2024-01-21 15:48:02+00:00,582797334,27584968,5217.55,65535,35.799999999999955,35.799999999999955,2.613,2.613,0.0,300,160,80,0.0,-9.0,48.849508222192526,2.312145307660103,Garmin Forerunner 735 XT,2.0957023171138287,4327.435368957339,2.614133936651598,2.0957023171138287,1619.0
2024-01-21 15:48:03+00:00,2024-01-21 15:48:03+00:00,582797552,27585031,5219.6,65535,35.39999999999998,35.39999999999998,2.613,2.613,0.0,300,160,80,0.0,-9.0,48.84952649474144,2.312150588259101,Garmin Forerunner 735 XT,2.0682272959115298,4329.50359625325,2.612701357466077,2.0682272959115298,1620.0
2024-01-21 15:48:04+00:00,2024-01-21 15:48:04+00:00,582797762,27585098,5221.57,65535,35.0,35.0,2.613,2.613,0.0,300,160,81,0.0,-9.0,48.8495440967381,2.312156204134226,Garmin Forerunner 735 XT,1.9999227046740358,4331.503518957924,2.610365610859742,1.9999227046740358,1621.0
2024-01-21 15:48:05+00:00,2024-01-21 15:48:05+00:00,582798001,27585108,5223.79,65535,34.799999999999955,34.799999999999955,2.613,2.613,0.0,300,161,81,0.0,-9.0,48.84956412948668,2.312157042324543,Garmin Forerunner 735 XT,2.2283841595537255,4333.7319031174775,2.606654298642548,2.2283841595537255,1622.0
2024-01-21 15:48:06+00:00,2024-01-21 15:48:06+00:00,582798252,27585121,5226.13,65535,34.60000000000002,34.60000000000002,2.603,2.603,0.0,300,160,81,0.0,-9.0,48.84958516806364,2.3121581319719553,Garmin Forerunner 735 XT,2.3407412938191605,4336.072644411297,2.6031149321267106,2.3407412938191605,1623.0
2024-01-21 15:48:07+00:00,2024-01-21 15:48:07+00:00,582798530,27585209,5228.77,65535,34.39999999999998,34.39999999999998,2.594,2.594,0.0,300,160,81,0.0,-9.0,48.84960846975446,2.3121655080467463,Garmin Forerunner 735 XT,2.6466437787249895,4338.719288190022,2.6000009049773896,2.6466437787249895,1624.0
2024-01-21 15:48:08+00:00,2024-01-21 15:48:08+00:00,582798810,27585334,5231.47,65535,34.200000000000045,34.200000000000045,2.594,2.594,0.0,300,160,81,0.0,-9.0,48.84963193908334,2.3121759854257107,Garmin Forerunner 735 XT,2.7199462260646317,4341.439234416087,2.596271493212684,2.7199462260646317,1625.0
2024-01-21 15:48:09+00:00,2024-01-21 15:48:09+00:00,582799060,27585397,5233.84,65535,34.200000000000045,34.200000000000045,2.594,2.594,0.0,300,160,80,0.0,-9.0,48.84965289384127,2.3121812660247087,Garmin Forerunner 735 XT,2.361881621850402,4343.801116037937,2.592905882352955,2.361881621850402,1626.0
2024-01-21 15:48:10+00:00,2024-01-21 15:48:10+00:00,582799315,27585417,5236.22,65535,34.0,34.0,2.585,2.585,0.0,300,160,80,0.0,-9.0,48.849674267694354,2.312182942405343,Garmin Forerunner 735 XT,2.379827244521532,4346.180943282459,2.589083257918566,2.379827244521532,1627.0
2024-01-21 15:48:11+00:00,2024-01-21 15:48:11+00:00,582799582,27585478,5238.73,65535,33.799999999999955,33.799999999999955,2.585,2.585,0.0,300,160,80,0.0,-9.0,48.84969664737582,2.3121880553662777,Garmin Forerunner 735 XT,2.516471916541406,4348.697415199001,2.585864253393679,2.516471916541406,1628.0
2024-01-21 15:48:12+00:00,2024-01-21 15:48:12+00:00,582799778,27585565,5240.64,65535,33.200000000000045,33.200000000000045,2.585,2.585,0.0,300,160,80,0.0,-9.0,48.84971307590604,2.312195347622037,Garmin Forerunner 735 XT,1.9031000561216775,4350.600515255122,2.582509502262457,1.9031000561216775,1629.0
2024-01-21 15:48:13+00:00,2024-01-21 15:48:13+00:00,582799979,27585699,5242.68,65535,32.799999999999955,32.799999999999955,2.585,2.585,0.0,300,160,80,0.0,-9.0,48.84972992353141,2.312206579372287,Garmin Forerunner 735 XT,2.045708246135756,4352.646223501259,2.5802316742081586,2.045708246135756,1630.0
2024-01-21 15:48:14+00:00,2024-01-21 15:48:14+00:00,582800301,27585807,5245.75,65535,32.39999999999998,32.39999999999998,2.575,2.575,0.0,300,160,80,0.0,-9.0,48.849756913259625,2.312215631827712,Garmin Forerunner 735 XT,3.0733468849045367,4355.7195703861635,2.5768588235294256,3.0733468849045367,1631.0
2024-01-21 15:48:15+00:00,2024-01-21 15:48:15+00:00,582800519,27585851,5247.81,65535,32.39999999999998,32.39999999999998,2.575,2.575,0.0,300,160,81,0.0,-9.0,48.84977518580854,2.3122193198651075,Garmin Forerunner 735 XT,2.0496567017232943,4357.769227087887,2.5723574660633624,2.0496567017232943,1632.0
2024-01-21 15:48:16+00:00,2024-01-21 15:48:16+00:00,582800741,27585957,5249.97,65535,32.60000000000002,32.60000000000002,2.566,2.566,0.0,300,160,81,0.0,-9.0,48.84979379363358,2.3122282046824694,Garmin Forerunner 735 XT,2.1688227773161457,4359.9380498652035,2.567788235294131,2.1688227773161457,1633.0
2024-01-21 15:48:17+00:00,2024-01-21 15:48:17+00:00,582800964,27586020,5252.08,65535,33.0,33.0,2.566,2.566,0.0,300,160,81,0.0,-9.0,48.84981248527765,2.3122334852814674,Garmin Forerunner 735 XT,2.1140256278794913,4362.052075493083,2.5635764705882487,2.1140256278794913,1634.0
2024-01-21 15:48:18+00:00,2024-01-21 15:48:18+00:00,582801160,27586040,5253.9,65535,32.39999999999998,32.39999999999998,2.557,2.557,0.0,300,160,81,0.0,-9.0,48.84982891380787,2.3122351616621017,Garmin Forerunner 735 XT,1.8308827054073582,4363.88295819849,2.558195475113136,1.8308827054073582,1635.0
2024-01-21 15:48:19+00:00,2024-01-21 15:48:19+00:00,582801396,27586082,5256.11,65535,32.200000000000045,32.200000000000045,2.557,2.557,0.0,300,160,81,0.0,-9.0,48.849848695099354,2.312238682061434,Garmin Forerunner 735 XT,2.214610689392701,4366.0975688878825,2.5539185520362127,2.214610689392701,1636.0
2024-01-21 15:48:20+00:00,2024-01-21 15:48:20+00:00,582801692,27586146,5258.91,65535,31.600000000000023,31.600000000000023,2.547,2.547,0.0,300,159,81,0.0,-9.0,48.84987350553274,2.3122440464794636,Garmin Forerunner 735 XT,2.78657748671371,4368.884146374597,2.5503638009049907,2.78657748671371,1637.0
2024-01-21 15:48:21+00:00,2024-01-21 15:48:21+00:00,582802035,27586296,5262.22,65535,29.399999999999977,29.399999999999977,2.547,2.547,0.0,300,159,81,0.0,-9.0,48.84990225546062,2.312256619334221,Garmin Forerunner 735 XT,3.3265815703637722,4372.21072794496,2.5489493212669823,3.3265815703637722,1638.0
2024-01-21 15:48:22+00:00,2024-01-21 15:48:22+00:00,582802327,27586410,5265.03,65535,27.799999999999955,27.799999999999955,2.547,2.547,0.0,300,159,81,0.0,-9.0,48.84992673061788,2.3122661747038364,Garmin Forerunner 735 XT,2.809887638112128,4375.020615583072,2.5478271493212805,2.809887638112128,1639.0
2024-01-21 15:48:23+00:00,2024-01-21 15:48:23+00:00,582802679,27586521,5268.38,65535,26.200000000000045,26.200000000000045,2.547,2.547,0.0,300,159,81,0.0,-9.0,48.849956234917045,2.312275478616357,Garmin Forerunner 735 XT,3.3506152349169045,4378.371230817989,2.5489493212669823,3.3506152349169045,1640.0
2024-01-21 15:48:24+00:00,2024-01-21 15:48:24+00:00,582803050,27586656,5271.93,65535,25.200000000000045,25.200000000000045,2.547,2.547,0.0,300,159,81,0.0,-9.0,48.84998733177781,2.3122867941856384,Garmin Forerunner 735 XT,3.5555574175410873,4381.926788235531,2.5503638009049907,3.5555574175410873,1641.0
2024-01-21 15:48:25+00:00,2024-01-21 15:48:25+00:00,582803362,27586735,5274.88,65535,24.399999999999977,24.399999999999977,2.557,2.557,0.0,300,159,81,0.0,-9.0,48.850013483315706,2.312293415889144,Garmin Forerunner 735 XT,2.948005820158315,4384.874794055689,2.5532832579185656,2.948005820158315,1642.0
2024-01-21 15:48:26+00:00,2024-01-21 15:48:26+00:00,582803720,27586791,5278.23,65535,24.200000000000045,24.200000000000045,2.557,2.557,0.0,300,159,80,0.0,-9.0,48.85004349052906,2.31229810975492,Garmin Forerunner 735 XT,3.354279354273445,4388.229073409962,2.5568190045249004,3.354279354273445,1643.0
2024-01-21 15:48:27+00:00,2024-01-21 15:48:27+00:00,582804045,27586830,5281.28,65535,23.799999999999955,23.799999999999955,2.566,2.566,0.0,300,159,80,0.0,-9.0,48.85007073171437,2.312301378697157,Garmin Forerunner 735 XT,3.0385105207225633,4391.267583930685,2.562436199095036,3.0385105207225633,1644.0
2024-01-21 15:48:28+00:00,2024-01-21 15:48:28+00:00,582804368,27586781,5284.29,65535,23.600000000000023,23.600000000000023,2.566,2.566,0.0,300,159,80,0.0,-9.0,48.85009780526161,2.312297271564603,Garmin Forerunner 735 XT,3.0254035491705475,4394.292987479856,2.5676280542986563,3.0254035491705475,1645.0
2024-01-21 15:48:29+00:00,2024-01-21 15:48:29+00:00,582804708,27586697,5287.48,65535,23.399999999999977,23.399999999999977,2.575,2.575,0.0,300,159,80,0.0,-9.0,48.850126303732395,2.3122902307659388,Garmin Forerunner 735 XT,3.210488747206442,4397.503476227062,2.5726171945701495,3.210488747206442,1646.0
2024-01-21 15:48:30+00:00,2024-01-21 15:48:30+00:00,582805050,27586636,5290.7,65535,22.799999999999955,22.799999999999955,2.575,2.575,0.0,300,159,80,0.0,-9.0,48.85015496984124,2.312285117805004,Garmin Forerunner 735 XT,3.2094052801804613,4400.712881507242,2.5791357466063487,3.2094052801804613,1647.0
2024-01-21 15:48:31+00:00,2024-01-21 15:48:31+00:00,582805400,27586572,5293.98,65535,22.600000000000023,22.600000000000023,2.585,2.585,0.0,300,159,80,0.0,-9.0,48.85018430650234,2.3122797533869743,Garmin Forerunner 735 XT,3.2856176615920916,4403.998499168834,2.5857176470588374,3.2856176615920916,1648.0
2024-01-21 15:48:32+00:00,2024-01-21 15:48:32+00:00,582805684,27586470,5296.69,65535,21.799999999999955,21.799999999999955,2.594,2.594,0.0,300,159,80,0.0,-9.0,48.85020811110735,2.3122712038457394,Garmin Forerunner 735 XT,2.7198685059727055,4406.718367674807,2.592261538461553,2.7198685059727055,1649.0
2024-01-21 15:48:33+00:00,2024-01-21 15:48:33+00:00,582806003,27586493,5299.67,65535,21.799999999999955,21.799999999999955,2.603,2.603,0.0,300,159,81,0.0,-9.0,48.85023484937847,2.312273131683469,Garmin Forerunner 735 XT,2.9765044276023205,4409.694872102409,2.599124886877842,2.9765044276023205,1650.0
2024-01-21 15:48:34+00:00,2024-01-21 15:48:34+00:00,582806316,27586559,5302.61,65535,21.799999999999955,21.799999999999955,2.603,2.603,0.0,300,159,81,0.0,-9.0,48.85026108473539,2.312278663739562,Garmin Forerunner 735 XT,2.9451869457712037,4412.640059048181,2.605948416289607,2.9451869457712037,1651.0
2024-01-21 15:48:35+00:00,2024-01-21 15:48:35+00:00,582806613,27586581,5305.37,65535,22.0,22.0,2.613,2.613,0.0,300,159,81,0.0,-9.0,48.85028597898781,2.3122805077582598,Garmin Forerunner 735 XT,2.7714009599924436,4415.411460008173,2.6145882352941316,2.7714009599924436,1652.0
2024-01-21 15:48:36+00:00,2024-01-21 15:48:36+00:00,582806912,27586612,5308.15,65535,22.200000000000045,22.200000000000045,2.631,2.631,0.0,300,159,81,0.0,-9.0,48.850311040878296,2.312283106148243,Garmin Forerunner 735 XT,2.793232984990613,4418.204692993164,2.6239728506787467,2.793232984990613,1653.0
2024-01-21 15:48:37+00:00,2024-01-21 15:48:37+00:00,582807237,27586720,5311.25,65535,22.399999999999977,22.399999999999977,2.631,2.631,0.0,300,160,81,0.0,-9.0,48.8503382820636,2.312292158603668,Garmin Forerunner 735 XT,3.1006547520980057,4421.305347745262,2.635962895927616,3.1006547520980057,1654.0
2024-01-21 15:48:38+00:00,2024-01-21 15:48:38+00:00,582807582,27586824,5314.52,65535,22.600000000000023,22.600000000000023,2.641,2.641,0.0,300,160,81,0.0,-9.0,48.850367199629545,2.3123008757829666,Garmin Forerunner 735 XT,3.2781369729764296,4424.583484718239,2.648278733031688,3.2781369729764296,1655.0
2024-01-21 15:48:39+00:00,2024-01-21 15:48:39+00:00,582807933,27586711,5317.54,65535,24.0,24.0,2.65,2.65,0.0,300,161,80,0.0,-9.0,48.85039662010968,2.3122914042323828,Garmin Forerunner 735 XT,3.344009207143629,4427.927493925382,2.660542081447978,3.344009207143629,1656.0
2024-01-21 15:48:40+00:00,2024-01-21 15:48:40+00:00,582808276,27586625,5320.62,65535,25.399999999999977,25.399999999999977,2.669,2.669,0.0,300,161,80,0.0,-9.0,48.850425370037556,2.3122841957956553,Garmin Forerunner 735 XT,3.240063894407087,4431.167557819789,2.6725466063348557,3.240063894407087,1657.0
2024-01-21 15:48:41+00:00,2024-01-21 15:48:41+00:00,582808562,27586607,5323.23,65535,26.200000000000045,26.200000000000045,2.687,2.687,0.0,300,161,80,0.0,-9.0,48.850449342280626,2.3122826870530844,Garmin Forerunner 735 XT,2.6678767651609085,4433.83543458495,2.682954751131236,2.6678767651609085,1658.0
2024-01-21 15:48:42+00:00,2024-01-21 15:48:42+00:00,582808830,27586664,5325.74,65535,26.600000000000023,26.600000000000023,2.697,2.697,0.0,300,161,80,0.0,-9.0,48.850471805781126,2.312287464737892,Garmin Forerunner 735 XT,2.522171080304887,4436.3576056652555,2.690271493212684,2.522171080304887,1659.0
2024-01-21 15:48:43+00:00,2024-01-21 15:48:43+00:00,582809071,27586592,5327.94,65535,27.399999999999977,27.399999999999977,2.706,2.706,0.0,300,161,80,0.0,-9.0,48.85049200616777,2.3122814297676086,Garmin Forerunner 735 XT,2.2891732891718943,4438.646778954428,2.6932552036199238,2.2891732891718943,1660.0
2024-01-21 15:48:44+00:00,2024-01-21 15:48:44+00:00,582809333,27586511,5330.31,65535,28.600000000000023,28.600000000000023,2.697,2.697,0.0,300,160,81,0.0,-9.0,48.85051396675408,2.3122746404260397,Garmin Forerunner 735 XT,2.4919238858280397,4441.138702840256,2.6918687782805577,2.4919238858280397,1661.0
2024-01-21 15:48:45+00:00,2024-01-21 15:48:45+00:00,582809574,27586397,5332.35,65535,29.799999999999955,29.799999999999955,2.687,2.687,0.0,300,159,81,0.0,-9.0,48.85053416714072,2.312265085056424,Garmin Forerunner 735 XT,2.3524771612006217,4443.491180001457,2.6847176470588376,2.3524771612006217,1662.0
2024-01-21 15:48:46+00:00,2024-01-21 15:48:46+00:00,582809811,27586445,5334.56,65535,30.200000000000045,30.200000000000045,2.678,2.678,0.0,300,159,81,0.0,-9.0,48.85055403225124,2.3122691083699465,Garmin Forerunner 735 XT,2.2284294712985893,4445.719609472756,2.672308597285082,2.2284294712985893,1663.0
2024-01-21 15:48:47+00:00,2024-01-21 15:48:47+00:00,582810007,27586468,5336.38,65535,30.399999999999977,30.399999999999977,2.659,2.659,0.0,300,159,81,0.0,-9.0,48.850570460781455,2.312271036207676,Garmin Forerunner 735 XT,1.832207176669197,4447.551816649425,2.6557791855203763,1.832207176669197,1664.0
2024-01-21 15:48:48+00:00,2024-01-21 15:48:48+00:00,582810181,27586503,5338.01,65535,30.600000000000023,30.600000000000023,2.641,2.641,0.0,300,158,81,0.0,-9.0,48.85058504529297,2.312273969873786,Garmin Forerunner 735 XT,1.6358679238773741,4449.187684573302,2.6378036199095165,1.6358679238773741,1665.0
2024-01-21 15:48:49+00:00,2024-01-21 15:48:49+00:00,582810379,27586517,5339.86,65535,30.600000000000023,30.600000000000023,2.613,2.613,0.0,300,158,81,0.0,-9.0,48.85060164146125,2.31227514334023,Garmin Forerunner 735 XT,1.8474060713276224,4451.03509064463,2.6196778280543125,1.8474060713276224,1666.0
2024-01-21 15:48:50+00:00,2024-01-21 15:48:50+00:00,582810579,27586536,5341.73,65535,30.799999999999955,30.799999999999955,2.594,2.594,0.0,300,158,81,0.0,-9.0,48.850618405267596,2.3122767359018326,Garmin Forerunner 735 XT,1.867688825706773,4452.902779470337,2.6031882352941316,1.867688825706773,1667.0
2024-01-21 15:48:51+00:00,2024-01-21 15:48:51+00:00,582810826,27586569,5344.04,65535,31.200000000000045,31.200000000000045,2.585,2.585,0.0,300,158,81,0.0,-9.0,48.85063910856843,2.312279501929879,Garmin Forerunner 735 XT,2.3109812561084673,4455.213760726446,2.591053393665172,2.3109812561084673,1668.0
2024-01-21 15:48:52+00:00,2024-01-21 15:48:52+00:00,582811085,27586577,5346.45,65535,31.799999999999955,31.799999999999955,2.575,2.575,0.0,300,158,81,0.0,-9.0,48.850660817697644,2.312280172482133,Garmin Forerunner 735 XT,2.4144435894644194,4457.62820431591,2.5824054298642674,2.4144435894644194,1669.0
2024-01-21 15:48:53+00:00,2024-01-21 15:48:53+00:00,582811376,27586607,5349.17,65535,32.39999999999998,32.39999999999998,2.575,2.575,0.0,300,158,81,0.0,-9.0,48.85068520903587,2.3122826870530844,Garmin Forerunner 735 XT,2.7184265584748553,4460.346630874385,2.578062443438928,2.7184265584748553,1670.0
2024-01-21 15:48:54+00:00,2024-01-21 15:48:54+00:00,582811690,27586602,5352.07,65535,33.200000000000045,33.200000000000045,2.575,2.575,0.0,300,158,81,0.0,-9.0,48.85071152821183,2.312282267957926,Garmin Forerunner 735 XT,2.9267194893392197,4463.273350363724,2.5771610859728646,2.9267194893392197,1671.0
2024-01-21 15:48:55+00:00,2024-01-21 15:48:55+00:00,582812027,27586643,5355.21,65535,34.200000000000045,34.200000000000045,2.575,2.575,0.0,300,159,81,0.0,-9.0,48.85073977522552,2.312285704538226,Garmin Forerunner 735 XT,3.150973629717179,4466.424323993441,2.577912217194584,3.150973629717179,1672.0
2024-01-21 15:48:56+00:00,2024-01-21 15:48:56+00:00,582812279,27586648,5357.55,65535,34.39999999999998,34.39999999999998,2.585,2.585,0.0,300,159,81,0.0,-9.0,48.85076089762151,2.3122861236333847,Garmin Forerunner 735 XT,2.348903443562571,4468.773227437004,2.580363800904991,2.348903443562571,1673.0
2024-01-21 15:48:57+00:00,2024-01-21 15:48:57+00:00,582812531,27586662,5359.9,65535,34.799999999999955,34.799999999999955,2.594,2.594,0.0,300,160,81,0.0,-9.0,48.850782020017505,2.3122872970998287,Garmin Forerunner 735 XT,2.3502721523285266,4471.123499589332,2.582793665158385,2.3502721523285266,1674.0
2024-01-21 15:48:58+00:00,2024-01-21 15:48:58+00:00,582812827,27586699,5362.67,65535,35.799999999999955,35.799999999999955,2.594,2.594,0.0,300,160,81,0.0,-9.0,48.85080683045089,2.312290398404002,Garmin Forerunner 735 XT,2.768110925858767,4473.891610515191,2.585296832579199,2.768110925858767,1675.0
2024-01-21 15:48:59+00:00,2024-01-21 15:48:59+00:00,582813102,27586720,5365.23,65535,35.799999999999955,35.799999999999955,2.594,2.594,0.0,300,160,81,0.0,-9.0,48.850829880684614,2.312292158603668,Garmin Forerunner 735 XT,2.5663028262253906,4476.457913341416,2.588325791855217,2.5663028262253906,1676.0
2024-01-21 15:49:00+00:00,2024-01-21 15:49:00+00:00,582813379,27586712,5367.8,65535,36.39999999999998,36.39999999999998,2.585,2.585,0.0,300,161,81,0.0,-9.0,48.8508530985564,2.3122914880514145,Garmin Forerunner 735 XT,2.5821757141110533,4479.0400890555275,2.591961085972865,2.5821757141110533,1677.0
2024-01-21 15:49:01+00:00,2024-01-21 15:49:01+00:00,582813702,27586679,5370.81,65535,37.0,37.0,2.585,2.585,0.0,300,161,81,0.0,-9.0,48.85088017210364,2.312288722023368,Garmin Forerunner 735 XT,3.017236466259149,4482.057325521787,2.595695927601824,3.017236466259149,1678.0
2024-01-21 15:49:02+00:00,2024-01-21 15:49:02+00:00,582813986,27586608,5373.49,65535,37.39999999999998,37.39999999999998,2.594,2.594,0.0,300,162,81,0.0,-9.0,48.85090397670865,2.312282770872116,Garmin Forerunner 735 XT,2.6825280749634257,4484.73985359675,2.600317647058837,2.6825280749634257,1679.0
2024-01-21 15:49:03+00:00,2024-01-21 15:49:03+00:00,582814318,27586562,5376.59,65535,38.799999999999955,38.799999999999955,2.603,2.603,0.0,300,162,81,0.0,-9.0,48.85093180462718,2.312278915196657,Garmin Forerunner 735 XT,3.107157134138064,4487.8470107308885,2.6045936651583848,3.107157134138064,1680.0
2024-01-21 15:49:04+00:00,2024-01-21 15:49:04+00:00,582814588,27586566,5379.1,65535,39.60000000000002,39.60000000000002,2.613,2.613,0.0,300,162,81,0.0,-9.0,48.85095443576574,2.312279250472784,Garmin Forerunner 735 XT,2.516587362344569,4490.363598093233,2.610476018099561,2.516587362344569,1681.0
2024-01-21 15:49:05+00:00,2024-01-21 15:49:05+00:00,582814884,27586582,5381.86,65535,40.60000000000002,40.60000000000002,2.622,2.622,0.0,300,163,81,0.0,-9.0,48.85097924619913,2.3122805915772915,Garmin Forerunner 735 XT,2.7605388834538385,4493.124136976687,2.6179167420814617,2.7605388834538385,1682.0
2024-01-21 15:49:06+00:00,2024-01-21 15:49:06+00:00,582815186,27586638,5384.69,65535,41.200000000000045,41.200000000000045,2.631,2.631,0.0,300,163,81,0.0,-9.0,48.85100455954671,2.3122852854430676,Garmin Forerunner 735 XT,2.8355913247792923,4495.959728301466,2.6264090497737698,2.8355913247792923,1683.0
2024-01-21 15:49:07+00:00,2024-01-21 15:49:07+00:00,582815489,27586718,5387.55,65535,41.39999999999998,41.39999999999998,2.631,2.631,0.0,300,163,81,0.0,-9.0,48.85102995671332,2.312291990965605,Garmin Forerunner 735 XT,2.8663391079947513,4498.826067409461,2.6342814479638146,2.8663391079947513,1684.0
2024-01-21 15:49:08+00:00,2024-01-21 15:49:08+00:00,582815787,27586804,5390.38,65535,41.0,41.0,2.641,2.641,0.0,300,163,81,0.0,-9.0,48.85105493478477,2.3122991994023323,Garmin Forerunner 735 XT,2.8270702314065845,4501.6531376408675,2.639227149321281,2.8270702314065845,1685.0
2024-01-21 15:49:09+00:00,2024-01-21 15:49:09+00:00,582816060,27586848,5392.93,65535,41.60000000000002,41.60000000000002,2.641,2.641,0.0,300,163,81,0.0,-9.0,48.85107781738043,2.312302887439728,Garmin Forerunner 735 XT,2.5586977771479416,4504.211835418016,2.642539366515851,2.5586977771479416,1686.0
2024-01-21 15:49:10+00:00,2024-01-21 15:49:10+00:00,582816311,27586870,5395.27,65535,41.799999999999955,41.799999999999955,2.65,2.65,0.0,300,163,81,0.0,-9.0,48.85109885595739,2.3123047314584255,Garmin Forerunner 735 XT,2.3432706479586853,4506.5551060659745,2.645511312217209,2.3432706479586853,1687.0
2024-01-21 15:49:11+00:00,2024-01-21 15:49:11+00:00,582816573,27586924,5397.73,65535,42.39999999999998,42.39999999999998,2.65,2.65,0.0,300,162,80,0.0,-9.0,48.8511208165437,2.312309257686138,Garmin Forerunner 735 XT,2.464260853040683,4509.019366919015,2.647788235294132,2.464260853040683,1688.0
2024-01-21 15:49:12+00:00,2024-01-21 15:49:12+00:00,582816861,27586987,5400.43,65535,43.0,43.0,2.65,2.65,0.0,300,162,80,0.0,-9.0,48.85114495642483,2.3123145382851362,Garmin Forerunner 735 XT,2.7118972134478523,4511.7312641324625,2.6497520361991094,2.7118972134478523,1689.0
2024-01-21 15:49:13+00:00,2024-01-21 15:49:13+00:00,582817153,27587004,5403.16,65535,43.39999999999998,43.39999999999998,2.641,2.641,0.0,300,162,80,0.0,-9.0,48.85116943158209,2.3123159632086754,Garmin Forerunner 735 XT,2.723509626792824,4514.454773759256,2.6494506787330456,2.723509626792824,1690.0
2024-01-21 15:49:14+00:00,2024-01-21 15:49:14+00:00,582817444,27587015,5405.86,65535,43.60000000000002,43.60000000000002,2.641,2.641,0.0,300,162,80,0.0,-9.0,48.85119382292032,2.3123168852180243,Garmin Forerunner 735 XT,2.71303193998975,4517.167805699245,2.6482823529411905,2.71303193998975,1691.0
2024-01-21 15:49:15+00:00,2024-01-21 15:49:15+00:00,582817704,27587006,5408.28,65535,44.0,44.0,2.65,2.65,0.0,300,162,80,0.0,-9.0,48.85121561586857,2.312316130846739,Garmin Forerunner 735 XT,2.4238938128598386,4519.591699512105,2.6444805429864395,2.4238938128598386,1692.0
2024-01-21 15:49:16+00:00,2024-01-21 15:49:16+00:00,582817909,27587001,5410.2,65535,44.39999999999998,44.39999999999998,2.65,2.65,0.0,300,163,80,0.0,-9.0,48.85123279877007,2.3123157117515802,Garmin Forerunner 735 XT,1.9108975254270897,4521.502597037532,2.6396832579185663,1.9108975254270897,1693.0
2024-01-21 15:49:17+00:00,2024-01-21 15:49:17+00:00,582818114,27586973,5412.1,65535,44.60000000000002,44.60000000000002,2.641,2.641,0.0,300,164,80,0.0,-9.0,48.85124998167157,2.312313364818692,Garmin Forerunner 735 XT,1.9183526779896285,4523.420949715522,2.633528506787344,1.9183526779896285,1694.0
2024-01-21 15:49:18+00:00,2024-01-21 15:49:18+00:00,582818359,27587003,5414.38,65535,44.60000000000002,44.60000000000002,2.631,2.631,0.0,300,164,80,0.0,-9.0,48.85127051733434,2.3123158793896437,Garmin Forerunner 735 XT,2.2908617219532093,4525.711811437475,2.627606334841643,2.2908617219532093,1695.0
2024-01-21 15:49:19+00:00,2024-01-21 15:49:19+00:00,582818625,27587007,5416.86,65535,44.799999999999955,44.799999999999955,2.613,2.613,0.0,300,165,80,0.0,-9.0,48.85129281319678,2.3123162146657705,Garmin Forerunner 735 XT,2.479308154328001,4528.191119591803,2.6203656108597424,2.479308154328001,1696.0
2024-01-21 15:49:20+00:00,2024-01-21 15:49:20+00:00,582818906,27587040,5419.49,65535,45.39999999999998,45.39999999999998,2.613,2.613,0.0,300,165,80,0.0,-9.0,48.85131636634469,2.312318980693817,Garmin Forerunner 735 XT,2.6267986380709,4530.817918229874,2.6146904977375707,2.6267986380709,1697.0
2024-01-21 15:49:21+00:00,2024-01-21 15:49:21+00:00,582819189,27587112,5422.16,65535,46.0,46.0,2.603,2.603,0.0,300,164,80,0.0,-9.0,48.851340087130666,2.3123250156641006,Garmin Forerunner 735 XT,2.674337012852813,4533.492255242726,2.608247058823544,2.674337012852813,1698.0
2024-01-21 15:49:22+00:00,2024-01-21 15:49:22+00:00,582819462,27587178,5424.74,65535,46.0,46.0,2.603,2.603,0.0,300,164,80,0.0,-9.0,48.851362969726324,2.312330547720194,Garmin Forerunner 735 XT,2.5764228228439765,4536.06867806557,2.604301357466077,2.5764228228439765,1699.0
2024-01-21 15:49:23+00:00,2024-01-21 15:49:23+00:00,582819801,27587253,5427.92,65535,45.799999999999955,45.799999999999955,2.603,2.603,0.0,300,163,80,0.0,-9.0,48.851391384378076,2.3123368341475725,Garmin Forerunner 735 XT,3.1928700408936797,4539.261548106463,2.604099547511326,3.1928700408936797,1700.0
2024-01-21 15:49:24+00:00,2024-01-21 15:49:24+00:00,582820178,27587278,5431.44,65535,46.60000000000002,46.60000000000002,2.603,2.603,0.0,300,162,80,0.0,-9.0,48.85142298415303,2.3123389296233654,Garmin Forerunner 735 XT,3.5170781489932024,4542.778626255456,2.607793665158385,3.5170781489932024,1701.0
2024-01-21 15:49:25+00:00,2024-01-21 15:49:25+00:00,582820495,27587286,5434.38,65535,46.60000000000002,46.60000000000002,2.603,2.603,0.0,300,161,80,0.0,-9.0,48.851449554786086,2.312339600175619,Garmin Forerunner 735 XT,2.9549269344777427,4545.733553189934,2.613560180995489,2.9549269344777427,1702.0
2024-01-21 15:49:26+00:00,2024-01-21 15:49:26+00:00,582820864,27587281,5437.81,65535,46.799999999999955,46.799999999999955,2.622,2.622,0.0,300,161,80,0.0,-9.0,48.85148048400879,2.3123391810804605,Garmin Forerunner 735 XT,3.4393093507399124,4549.172862540674,2.6195755656108735,3.4393093507399124,1703.0
2024-01-21 15:49:27+00:00,2024-01-21 15:49:27+00:00,582821193,27587283,5440.79,65535,46.39999999999998,46.39999999999998,2.622,2.622,0.0,300,161,80,0.0,-9.0,48.85150806047022,2.312339348718524,Garmin Forerunner 735 XT,3.066387138080096,4552.239249678754,2.6254760180995613,3.066387138080096,1704.0
2024-01-21 15:49:28+00:00,2024-01-21 15:49:28+00:00,582821465,27587200,5443.36,65535,46.60000000000002,46.60000000000002,2.641,2.641,0.0,300,161,80,0.0,-9.0,48.85153085924685,2.3123323917388916,Garmin Forerunner 735 XT,2.5857071565878216,4554.824956835342,2.6299918552036337,2.5857071565878216,1705.0
2024-01-21 15:49:29+00:00,2024-01-21 15:49:29+00:00,582821627,27586980,5445.39,65535,46.39999999999998,46.39999999999998,2.641,2.641,0.0,300,161,79,0.0,-9.0,48.85154443792999,2.312313951551914,Garmin Forerunner 735 XT,2.024882133403248,4556.849838968746,2.631828959276032,2.024882133403248,1706.0
2024-01-21 15:49:30+00:00,2024-01-21 15:49:30+00:00,582821688,27586687,5447.27,65535,45.799999999999955,45.799999999999955,2.641,2.641,0.0,300,161,79,0.0,-9.0,48.85154955089092,2.3122893925756216,Garmin Forerunner 735 XT,1.8847177731550968,4558.734556741901,2.630987330316756,1.8847177731550968,1707.0
2024-01-21 15:49:31+00:00,2024-01-21 15:49:31+00:00,582821632,27586250,5449.93,65535,46.0,46.0,2.631,2.631,0.0,300,160,79,0.0,-9.0,48.85154485702515,2.312252763658762,Garmin Forerunner 735 XT,2.7304006933396496,4561.464957435241,2.6287610859728647,2.7304006933396496,1708.0
2024-01-21 15:49:32+00:00,2024-01-21 15:49:32+00:00,582821619,27585939,5451.84,65535,45.799999999999955,45.799999999999955,2.622,2.622,0.0,300,160,79,0.0,-9.0,48.851543767377734,2.3122266959398985,Garmin Forerunner 735 XT,1.9111578274146728,4563.376115262656,2.6257656108597422,1.9111578274146728,1709.0
2024-01-21 15:49:33+00:00,2024-01-21 15:49:33+00:00,582821523,27585519,5454.48,65535,45.0,45.0,2.622,2.622,0.0,300,160,79,0.0,-9.0,48.85153572075069,2.312191491946578,Garmin Forerunner 735 XT,2.7267703616723065,4566.102885624328,2.620616289592774,2.7267703616723065,1710.0
2024-01-21 15:49:34+00:00,2024-01-21 15:49:34+00:00,582821471,27585063,5457.33,65535,45.0,45.0,2.603,2.603,0.0,300,160,79,0.0,-9.0,48.85153136216104,2.312153270468116,Garmin Forerunner 735 XT,2.8382606837875395,4568.941146308116,2.615943891402729,2.8382606837875395,1711.0
2024-01-21 15:49:35+00:00,2024-01-21 15:49:35+00:00,582821318,27584538,5460.82,65535,45.0,45.0,2.603,2.603,0.0,300,161,79,0.0,-9.0,48.85151853784919,2.3121092654764652,Garmin Forerunner 735 XT,3.5213933816170737,4572.462539689733,2.610579185520376,3.5213933816170737,1712.0
2024-01-21 15:49:36+00:00,2024-01-21 15:49:36+00:00,582821249,27584170,5463.17,65535,44.39999999999998,44.39999999999998,2.603,2.603,0.0,300,162,80,0.0,-9.0,48.851512754336,2.312078420072794,Garmin Forerunner 735 XT,2.346723315487669,4574.809263005221,2.6073248868778416,2.346723315487669,1713.0
2024-01-21 15:49:37+00:00,2024-01-21 15:49:37+00:00,582821200,27583783,5465.59,65535,44.39999999999998,44.39999999999998,2.613,2.613,0.0,300,162,80,0.0,-9.0,48.851508647203445,2.31204598210752,Garmin Forerunner 735 XT,2.416949718832376,4577.226212724053,2.6051837104072537,2.416949718832376,1714.0
2024-01-21 15:49:38+00:00,2024-01-21 15:49:38+00:00,582821105,27583458,5467.78,65535,44.200000000000045,44.200000000000045,2.613,2.613,0.0,300,162,80,0.0,-9.0,48.85150068439543,2.3120187409222126,Garmin Forerunner 735 XT,2.180990646416303,4579.407203370469,2.603793665158385,2.180990646416303,1715.0
2024-01-21 15:49:39+00:00,2024-01-21 15:49:39+00:00,582820944,27583184,5470.03,65535,44.0,44.0,2.603,2.603,0.0,300,163,80,0.0,-9.0,48.851487189531326,2.3119957745075226,Garmin Forerunner 735 XT,2.2528704301456317,4581.660073800615,2.6034081447963944,2.2528704301456317,1716.0
2024-01-21 15:49:40+00:00,2024-01-21 15:49:40+00:00,582820696,27582904,5472.9,65535,43.39999999999998,43.39999999999998,2.603,2.603,0.0,300,163,79,0.0,-9.0,48.85146640241146,2.3119723051786423,Garmin Forerunner 735 XT,2.8794860891934237,4584.539559889808,2.60364977375567,2.8794860891934237,1717.0
2024-01-21 15:49:41+00:00,2024-01-21 15:49:41+00:00,582820468,27582694,5475.39,65535,42.799999999999955,42.799999999999955,2.603,2.603,0.0,300,163,79,0.0,-9.0,48.85144729167223,2.311954703181982,Garmin Forerunner 735 XT,2.484830213657112,4587.024390103465,2.605941176470602,2.484830213657112,1718.0
2024-01-21 15:49:42+00:00,2024-01-21 15:49:42+00:00,582820202,27582439,5478.32,65535,42.39999999999998,42.39999999999998,2.603,2.603,0.0,300,164,79,0.0,-9.0,48.85142499580979,2.3119333293288946,Garmin Forerunner 735 XT,2.93122502551735,4589.955615128982,2.606438914027163,2.93122502551735,1719.0
2024-01-21 15:49:43+00:00,2024-01-21 15:49:43+00:00,582819937,27582188,5481.23,65535,41.39999999999998,41.39999999999998,2.603,2.603,0.0,300,164,79,0.0,-9.0,48.85140278376639,2.311912290751934,Garmin Forerunner 735 XT,2.9102971284137817,4592.865912257395,2.6064841628959416,2.9102971284137817,1720.0
2024-01-21 15:49:44+00:00,2024-01-21 15:49:44+00:00,582819676,27582032,5483.85,65535,41.0,41.0,2.603,2.603,0.0,300,164,80,0.0,-9.0,48.85138090699911,2.3118992149829865,Garmin Forerunner 735 XT,2.6139619164887864,4595.479874173884,2.6060769230769374,2.6139619164887864,1721.0
2024-01-21 15:49:45+00:00,2024-01-21 15:49:45+00:00,582819449,27581914,5486.07,65535,40.60000000000002,40.60000000000002,2.613,2.613,0.0,300,164,80,0.0,-9.0,48.85136188007891,2.311889324337244,Garmin Forerunner 735 XT,2.236041829194404,4597.715916003079,2.606601809954765,2.236041829194404,1722.0
2024-01-21 15:49:46+00:00,2024-01-21 15:49:46+00:00,582819219,27581785,5488.34,65535,40.0,40.0,2.613,2.613,0.0,300,164,79,0.5,-9.0,48.85134260170162,2.3118785116821527,Garmin Forerunner 735 XT,2.2849879806943623,4600.000903983773,2.607443438914041,2.2849879806943623,1723.0
2024-01-21 15:49:47+00:00,2024-01-21 15:49:47+00:00,582818951,27581626,5491.01,65535,39.200000000000045,39.200000000000045,2.613,2.613,0.0,300,163,79,0.5,-9.0,48.85132013820112,2.31186518445611,Garmin Forerunner 735 XT,2.681419641376708,4602.68232362515,2.607307692307706,2.681419641376708,1724.0
2024-01-21 15:49:48+00:00,2024-01-21 15:49:48+00:00,582818710,27581526,5493.34,65535,38.60000000000002,38.60000000000002,2.603,2.603,0.0,300,163,79,0.5,-9.0,48.851299937814474,2.3118568025529385,Garmin Forerunner 735 XT,2.328400236882465,4605.010723862033,2.606900452488702,2.328400236882465,1725.0
2024-01-21 15:49:49+00:00,2024-01-21 15:49:49+00:00,582818489,27581449,5495.45,65535,38.200000000000045,38.200000000000045,2.603,2.603,0.0,300,163,80,0.0,-9.0,48.851281413808465,2.3118503484874964,Garmin Forerunner 735 XT,2.1132149077976274,4607.123938769831,2.6062217194570274,2.1132149077976274,1726.0
2024-01-21 15:49:50+00:00,2024-01-21 15:49:50+00:00,582818204,27581405,5498.1,65535,38.60000000000002,38.60000000000002,2.603,2.603,0.0,300,162,80,0.0,-9.0,48.851257525384426,2.311846660450101,Garmin Forerunner 735 XT,2.6699430131364648,4609.793881782967,2.6039303167420957,2.6699430131364648,1727.0
2024-01-21 15:49:51+00:00,2024-01-21 15:49:51+00:00,582817918,27581312,5500.82,65535,38.799999999999955,38.799999999999955,2.603,2.603,0.0,300,162,80,0.0,-9.0,48.851233553141356,2.3118388652801514,Garmin Forerunner 735 XT,2.725928721128037,4612.519810504095,2.6018497737556703,2.725928721128037,1728.0
2024-01-21 15:49:52+00:00,2024-01-21 15:49:52+00:00,582817615,27581204,5503.73,65535,38.0,38.0,2.603,2.603,0.0,300,162,80,0.0,-9.0,48.851208155974746,2.311829812824726,Garmin Forerunner 735 XT,2.900670371769762,4615.420480875865,2.599631674208159,2.900670371769762,1729.0
2024-01-21 15:49:53+00:00,2024-01-21 15:49:53+00:00,582817353,27581118,5506.22,65535,38.0,38.0,2.603,2.603,0.0,300,162,80,0.0,-9.0,48.851186195388436,2.3118226043879986,Garmin Forerunner 735 XT,2.498216170809454,4617.918697046674,2.6008660633484304,2.498216170809454,1730.0
2024-01-21 15:49:54+00:00,2024-01-21 15:49:54+00:00,582817075,27581041,5508.86,65535,37.799999999999955,37.799999999999955,2.603,2.603,0.0,300,162,81,0.0,-9.0,48.85116289369762,2.3118161503225565,Garmin Forerunner 735 XT,2.6337119517120695,4620.552408998386,2.6051475113122313,2.6337119517120695,1731.0
2024-01-21 15:49:55+00:00,2024-01-21 15:49:55+00:00,582816569,27581159,5513.43,65535,42.60000000000002,42.60000000000002,2.603,2.603,0.0,300,162,81,0.0,-9.0,48.85112048126757,2.311826040968299,Garmin Forerunner 735 XT,4.771248667603155,4625.323657665989,2.610976470588249,4.771248667603155,1732.0
2024-01-21 15:49:56+00:00,2024-01-21 15:49:56+00:00,582816100,27581240,5517.72,65535,47.0,47.0,2.603,2.603,0.0,300,162,80,0.0,-9.0,48.8510811701417,2.311832830309868,Garmin Forerunner 735 XT,4.399334579433391,4629.722992245423,2.619397285067887,4.399334579433391,1733.0
2024-01-21 15:49:57+00:00,2024-01-21 15:49:57+00:00,582815621,27581366,5522.14,65535,51.799999999999955,51.799999999999955,2.622,2.622,0.0,300,163,80,0.0,-9.0,48.851041020825505,2.311843391507864,Garmin Forerunner 735 XT,4.530784152904795,4634.253776398327,2.625854298642548,4.530784152904795,1734.0
2024-01-21 15:49:58+00:00,2024-01-21 15:49:58+00:00,582815334,27581359,5524.8,65535,52.200000000000045,52.200000000000045,2.631,2.631,0.0,300,163,80,0.0,-9.0,48.8510169647634,2.311842804774642,Garmin Forerunner 735 XT,2.675256538283946,4636.929032936611,2.6309828054298783,2.675256538283946,1735.0
2024-01-21 15:49:59+00:00,2024-01-21 15:49:59+00:00,582815083,27581368,5527.12,65535,52.60000000000002,52.60000000000002,2.65,2.65,0.0,300,164,80,0.0,-9.0,48.85099592618644,2.3118435591459274,Garmin Forerunner 735 XT,2.3400340890846434,4639.269067025696,2.6362298642534077,2.3400340890846434,1736.0
2024-01-21 15:50:00+00:00,2024-01-21 15:50:00+00:00,582814858,27581312,5529.25,65535,53.0,53.0,2.65,2.65,0.0,300,164,80,0.0,-9.0,48.850977066904306,2.3118388652801514,Garmin Forerunner 735 XT,2.1249938675574054,4641.3940608932535,2.638865158371055,2.1249938675574054,1737.0
2024-01-21 15:50:01+00:00,2024-01-21 15:50:01+00:00,582814617,27581209,5531.57,65535,53.200000000000045,53.200000000000045,2.641,2.641,0.0,300,164,81,0.0,-9.0,48.85095686651766,2.3118302319198847,Garmin Forerunner 735 XT,2.333314999449468,4643.727375892703,2.6376579185520503,2.333314999449468,1738.0
2024-01-21 15:50:02+00:00,2024-01-21 15:50:02+00:00,582814368,27581143,5533.93,65535,53.200000000000045,53.200000000000045,2.641,2.641,0.0,300,164,81,0.0,-9.0,48.850935995578766,2.3118246998637915,Garmin Forerunner 735 XT,2.355777245815678,4646.083153138518,2.629654298642548,2.355777245815678,1739.0
2024-01-21 15:50:03+00:00,2024-01-21 15:50:03+00:00,582814083,27581097,5536.57,65535,54.0,54.0,2.603,2.603,0.0,300,164,81,0.0,-9.0,48.85091210715473,2.3118208441883326,Garmin Forerunner 735 XT,2.6712107697556844,4648.754363908274,2.6151420814479773,2.6712107697556844,1740.0
2024-01-21 15:50:04+00:00,2024-01-21 15:50:04+00:00,582813853,27581027,5538.75,65535,53.60000000000002,53.60000000000002,2.603,2.603,0.0,300,164,81,0.0,-9.0,48.85089282877743,2.3118149768561125,Garmin Forerunner 735 XT,2.186222935921455,4650.940586844195,2.594867873303181,2.186222935921455,1741.0
2024-01-21 15:50:05+00:00,2024-01-21 15:50:05+00:00,582813611,27581048,5540.97,65535,54.200000000000045,54.200000000000045,2.594,2.594,0.0,300,164,81,0.0,-9.0,48.85087254457176,2.3118167370557785,Garmin Forerunner 735 XT,2.2591748265941325,4653.1997616707895,2.5734923076923213,2.2591748265941325,1742.0
2024-01-21 15:50:06+00:00,2024-01-21 15:50:06+00:00,582813432,27581010,5542.65,65535,54.0,54.0,2.557,2.557,0.0,300,164,81,0.0,-9.0,48.85085754096508,2.3118135519325733,Garmin Forerunner 735 XT,1.684523945704527,4654.884285616494,2.5540914027149455,1.684523945704527,1743.0
2024-01-21 15:50:07+00:00,2024-01-21 15:50:07+00:00,582813165,27580975,5545.12,65535,54.60000000000002,54.60000000000002,2.529,2.529,0.0,300,164,81,0.0,-9.0,48.85083516128361,2.3118106182664633,Garmin Forerunner 735 XT,2.497747571778843,4657.3820331882725,2.5406914027149456,2.497747571778843,1744.0
2024-01-21 15:50:08+00:00,2024-01-21 15:50:08+00:00,582812924,27580891,5547.43,65535,54.39999999999998,54.39999999999998,2.501,2.501,0.0,300,163,81,0.0,-9.0,48.85081496089697,2.311803577467799,Garmin Forerunner 735 XT,2.304500563737658,4659.68653375201,2.5312597285068006,2.304500563737658,1745.0
2024-01-21 15:50:09+00:00,2024-01-21 15:50:09+00:00,582812677,27580819,5549.77,65535,54.799999999999955,54.799999999999955,2.501,2.501,0.0,300,163,81,0.0,-9.0,48.850794257596135,2.3117975424975157,Garmin Forerunner 735 XT,2.3440688226684316,4662.030602574679,2.52498642533938,2.3440688226684316,1746.0
2024-01-21 15:50:10+00:00,2024-01-21 15:50:10+00:00,582812390,27580694,5552.55,65535,54.799999999999955,54.799999999999955,2.51,2.51,0.0,300,161,81,0.0,-9.0,48.85077020153403,2.3117870651185513,Garmin Forerunner 735 XT,2.782598719694701,4664.813201294373,2.523081447963814,2.782598719694701,1747.0
2024-01-21 15:50:11+00:00,2024-01-21 15:50:11+00:00,582812127,27580618,5555.04,65535,54.799999999999955,54.799999999999955,2.529,2.529,0.0,300,161,80,0.0,-9.0,48.85074815712869,2.311780694872141,Garmin Forerunner 735 XT,2.4951475334998183,4667.3083488278735,2.519033484162909,2.4951475334998183,1748.0
2024-01-21 15:50:12+00:00,2024-01-21 15:50:12+00:00,582811886,27580624,5557.25,65535,55.200000000000045,55.200000000000045,2.547,2.547,0.0,300,160,80,0.0,-9.0,48.85072795674205,2.311781197786331,Garmin Forerunner 735 XT,2.2464819059474346,4669.554830733821,2.518777375565624,2.2464819059474346,1749.0
2024-01-21 15:50:13+00:00,2024-01-21 15:50:13+00:00,582811639,27580610,5559.54,65535,55.0,55.0,2.547,2.547,0.0,300,160,80,0.0,-9.0,48.850707253441215,2.311780024319887,Garmin Forerunner 735 XT,2.3037026372006117,4671.858533371022,2.5218271493212803,2.3037026372006117,1750.0
2024-01-21 15:50:14+00:00,2024-01-21 15:50:14+00:00,582811397,27580639,5561.77,65535,55.39999999999998,55.39999999999998,2.529,2.529,0.0,300,159,79,0.5,-9.0,48.85068696923554,2.311782455071807,Garmin Forerunner 735 XT,2.262502203188341,4674.12103557421,2.524373755656122,2.262502203188341,1751.0
2024-01-21 15:50:15+00:00,2024-01-21 15:50:15+00:00,582811138,27580621,5564.18,65535,55.200000000000045,55.200000000000045,2.519,2.519,0.0,300,159,79,0.5,-9.0,48.850665260106325,2.311780946329236,Garmin Forerunner 735 XT,2.416467924880382,4676.53750349909,2.5254959276018236,2.416467924880382,1752.0
2024-01-21 15:50:16+00:00,2024-01-21 15:50:16+00:00,582810839,27580573,5566.99,65535,54.39999999999998,54.39999999999998,2.51,2.51,0.0,300,159,79,0.5,-9.0,48.85064019821584,2.3117769230157137,Garmin Forerunner 735 XT,2.8022605773549687,4679.339764076445,2.5233837104072534,2.8022605773549687,1753.0
2024-01-21 15:50:17+00:00,2024-01-21 15:50:17+00:00,582810567,27580552,5569.52,65535,54.200000000000045,54.200000000000045,2.501,2.501,0.0,300,159,79,0.5,-9.0,48.850617399439216,2.3117751628160477,Garmin Forerunner 735 XT,2.5383777187009424,4681.878141795146,2.5198506787330452,2.5383777187009424,1754.0
2024-01-21 15:50:18+00:00,2024-01-21 15:50:18+00:00,582810265,27580486,5572.37,65535,54.200000000000045,54.200000000000045,2.519,2.519,0.0,300,159,79,0.5,-9.0,48.85059208609164,2.3117696307599545,Garmin Forerunner 735 XT,2.8436715725762274,4684.7218133677225,2.5159800904977514,2.8436715725762274,1755.0
2024-01-21 15:50:19+00:00,2024-01-21 15:50:19+00:00,582809980,27580407,5575.07,65535,53.799999999999955,53.799999999999955,2.519,2.519,0.0,300,159,80,0.0,-9.0,48.8505681976676,2.311763009056449,Garmin Forerunner 735 XT,2.7000967414346504,4687.421910109157,2.513685972850692,2.7000967414346504,1756.0
2024-01-21 15:50:20+00:00,2024-01-21 15:50:20+00:00,582809611,27580372,5578.48,65535,55.799999999999955,55.799999999999955,2.519,2.519,0.0,300,159,80,0.0,-9.0,48.850537268444896,2.311760075390339,Garmin Forerunner 735 XT,3.4458648700624153,4690.867774979219,2.5135040723982036,3.4458648700624153,1757.0
2024-01-21 15:50:21+00:00,2024-01-21 15:50:21+00:00,582809412,27580288,5580.39,65535,55.200000000000045,55.200000000000045,2.519,2.519,0.0,300,160,80,0.0,-9.0,48.850520588457584,2.311753034591675,Garmin Forerunner 735 XT,1.9249473615164698,4692.792722340735,2.515711312217208,1.9249473615164698,1758.0
2024-01-21 15:50:22+00:00,2024-01-21 15:50:22+00:00,582809175,27580217,5582.63,65535,54.60000000000002,54.60000000000002,2.519,2.519,0.0,300,160,80,0.0,-9.0,48.85050072334707,2.311747083440423,Garmin Forerunner 735 XT,2.2514096845456026,4695.04413202528,2.5179782805429998,2.2514096845456026,1759.0
2024-01-21 15:50:23+00:00,2024-01-21 15:50:23+00:00,582808918,27580147,5585.07,65535,53.39999999999998,53.39999999999998,2.519,2.519,0.0,300,160,80,0.0,-9.0,48.85047918185592,2.311741216108203,Garmin Forerunner 735 XT,2.4334726217246256,4697.477604647005,2.519555656108611,2.4334726217246256,1760.0
2024-01-21 15:50:24+00:00,2024-01-21 15:50:24+00:00,582808665,27580036,5587.51,65535,52.200000000000045,52.200000000000045,2.519,2.519,0.0,300,160,80,0.0,-9.0,48.85045797564089,2.3117319121956825,Garmin Forerunner 735 XT,2.4543245350729492,4699.931929182078,2.5209773755656246,2.4543245350729492,1761.0
2024-01-21 15:50:25+00:00,2024-01-21 15:50:25+00:00,582808386,27579973,5590.14,65535,51.39999999999998,51.39999999999998,2.519,2.519,0.0,300,160,80,0.0,-9.0,48.850434590131044,2.3117266315966845,Garmin Forerunner 735 XT,2.628898605905834,4702.560827787985,2.5213791855203755,2.628898605905834,1762.0
2024-01-21 15:50:26+00:00,2024-01-21 15:50:26+00:00,582808126,27579940,5592.57,65535,51.0,51.0,2.519,2.519,0.0,300,160,80,0.0,-9.0,48.8504127971828,2.311723865568638,Garmin Forerunner 735 XT,2.4317022078229673,4704.992529995808,2.5241891402715066,2.4317022078229673,1763.0
2024-01-21 15:50:27+00:00,2024-01-21 15:50:27+00:00,582807877,27579895,5594.91,65535,50.39999999999998,50.39999999999998,2.529,2.529,0.0,300,160,80,0.0,-9.0,48.8503919262439,2.3117200937122107,Garmin Forerunner 735 XT,2.3370950047250774,4707.329625000532,2.527505882352955,2.3370950047250774,1764.0
2024-01-21 15:50:28+00:00,2024-01-21 15:50:28+00:00,582807593,27579871,5597.55,65535,50.799999999999955,50.799999999999955,2.529,2.529,0.0,300,160,80,0.0,-9.0,48.850368121638894,2.3117180820554495,Garmin Forerunner 735 XT,2.651040660977942,4709.98066566151,2.529944796380104,2.651040660977942,1765.0
2024-01-21 15:50:29+00:00,2024-01-21 15:50:29+00:00,582807333,27579836,5599.97,65535,51.200000000000045,51.200000000000045,2.529,2.529,0.0,300,160,80,0.0,-9.0,48.85034632869065,2.3117151483893394,Garmin Forerunner 735 XT,2.4327538250952374,4712.413419486606,2.531505882352955,2.4327538250952374,1766.0
2024-01-21 15:50:30+00:00,2024-01-21 15:50:30+00:00,582807078,27579824,5602.32,65535,51.799999999999955,51.799999999999955,2.538,2.538,0.0,300,160,79,0.5,-9.0,48.85032495483756,2.311714142560959,Garmin Forerunner 735 XT,2.3778032389694412,4714.791222725575,2.5321891402715067,2.3778032389694412,1767.0
2024-01-21 15:50:31+00:00,2024-01-21 15:50:31+00:00,582806865,27579724,5604.39,65535,51.60000000000002,51.60000000000002,2.538,2.538,0.0,300,161,79,0.5,-9.0,48.850307101383805,2.3117057606577873,Garmin Forerunner 735 XT,2.077789275498521,4716.869012001073,2.53199457013576,2.077789275498521,1768.0
2024-01-21 15:50:32+00:00,2024-01-21 15:50:32+00:00,582806644,27579639,5606.51,65535,51.0,51.0,2.538,2.538,0.0,300,161,79,0.5,-9.0,48.850288577377796,2.3116986360400915,Garmin Forerunner 735 XT,2.1247195848068663,4718.993731585881,2.530922171945715,2.1247195848068663,1769.0
2024-01-21 15:50:33+00:00,2024-01-21 15:50:33+00:00,582806410,27579539,5608.78,65535,50.39999999999998,50.39999999999998,2.529,2.529,0.0,300,161,80,0.0,-9.0,48.850268963724375,2.31169025413692,Garmin Forerunner 735 XT,2.265530868353116,4721.259262454234,2.5289719457013713,2.265530868353116,1770.0
2024-01-21 15:50:34+00:00,2024-01-21 15:50:34+00:00,582806168,27579466,5611.08,65535,49.799999999999955,49.799999999999955,2.519,2.519,0.0,300,161,80,0.0,-9.0,48.8502486795187,2.3116841353476048,Garmin Forerunner 735 XT,2.2995057872071247,4723.558768241441,2.5261438914027288,2.2995057872071247,1771.0
2024-01-21 15:50:35+00:00,2024-01-21 15:50:35+00:00,582805893,27579344,5613.75,65535,49.39999999999998,49.39999999999998,2.519,2.519,0.0,300,162,80,0.0,-9.0,48.85022562928498,2.3116739094257355,Garmin Forerunner 735 XT,2.670049643312677,4726.228817884753,2.523822624434403,2.670049643312677,1772.0
2024-01-21 15:50:36+00:00,2024-01-21 15:50:36+00:00,582805652,27579285,5616.02,65535,48.799999999999955,48.799999999999955,2.519,2.519,0.0,300,162,80,0.0,-9.0,48.850205428898335,2.3116689641028643,Garmin Forerunner 735 XT,2.275139612003737,4728.503957496757,2.5220280542986564,2.275139612003737,1773.0
2024-01-21 15:50:37+00:00,2024-01-21 15:50:37+00:00,582805387,27579244,5618.5,65535,48.200000000000045,48.200000000000045,2.519,2.519,0.0,300,162,80,0.0,-9.0,48.85018321685493,2.311665527522564,Garmin Forerunner 735 XT,2.482633567550502,4730.9865910643075,2.5190506787330453,2.482633567550502,1774.0
2024-01-21 15:50:38+00:00,2024-01-21 15:50:38+00:00,582805117,27579160,5621.07,65535,47.60000000000002,47.60000000000002,2.519,2.519,0.0,300,163,80,0.0,-9.0,48.85016058571637,2.3116584867239,Garmin Forerunner 735 XT,2.5686597740451225,4733.555250838353,2.517473303167434,2.5686597740451225,1775.0
2024-01-21 15:50:39+00:00,2024-01-21 15:50:39+00:00,582804891,27579141,5623.18,65535,46.799999999999955,46.799999999999955,2.519,2.519,0.0,300,163,80,0.0,-9.0,48.8501416426152,2.3116568941622972,Garmin Forerunner 735 XT,2.10959749227836,4735.664848330631,2.5168325791855337,2.10959749227836,1776.0
2024-01-21 15:50:40+00:00,2024-01-21 15:50:40+00:00,582804648,27579161,5625.44,65535,45.799999999999955,45.799999999999955,2.519,2.519,0.0,300,163,80,0.0,-9.0,48.85012127459049,2.3116585705429316,Garmin Forerunner 735 XT,2.26814015462143,4737.932988485252,2.5173004524887013,2.26814015462143,1777.0
2024-01-21 15:50:41+00:00,2024-01-21 15:50:41+00:00,582804420,27579139,5627.57,65535,45.0,45.0,2.519,2.519,0.0,300,163,80,0.0,-9.0,48.85010216385126,2.311656726524234,Garmin Forerunner 735 XT,2.129296460487562,4740.0622849457395,2.5178027149321403,2.129296460487562,1778.0
2024-01-21 15:50:42+00:00,2024-01-21 15:50:42+00:00,582804105,27579209,5630.41,65535,45.200000000000045,45.200000000000045,2.519,2.519,0.0,300,164,81,0.0,-9.0,48.85007576085627,2.311662593856454,Garmin Forerunner 735 XT,2.9671019879926543,4743.029386933732,2.516974660633498,2.9671019879926543,1779.0
2024-01-21 15:50:43+00:00,2024-01-21 15:50:43+00:00,582803749,27579288,5633.65,65535,45.799999999999955,45.799999999999955,2.51,2.51,0.0,300,164,81,0.0,-9.0,48.85004592128098,2.3116692155599594,Garmin Forerunner 735 XT,3.3531977233284715,4746.382584657061,2.5168162895927737,3.3531977233284715,1780.0
2024-01-21 15:50:44+00:00,2024-01-21 15:50:44+00:00,582803471,27579323,5636.17,65535,46.0,46.0,2.519,2.519,0.0,300,163,81,0.0,-9.0,48.85002261959016,2.3116721492260695,Garmin Forerunner 735 XT,2.5999062623595774,4748.98249091942,2.5172371040724117,2.5999062623595774,1781.0
2024-01-21 15:50:45+00:00,2024-01-21 15:50:45+00:00,582803200,27579314,5638.62,65535,46.39999999999998,46.39999999999998,2.519,2.519,0.0,300,163,81,0.0,-9.0,48.84999990463257,2.311671394854784,Garmin Forerunner 735 XT,2.5263910973963855,4751.508882016817,2.518146606334855,2.5263910973963855,1782.0
2024-01-21 15:50:46+00:00,2024-01-21 15:50:46+00:00,582802927,27579361,5641.04,65535,46.799999999999955,46.799999999999955,2.519,2.519,0.0,300,162,81,0.0,-9.0,48.84997702203691,2.3116753343492746,Garmin Forerunner 735 XT,2.5607042174688646,4754.069586234285,2.5194542986425477,2.5607042174688646,1783.0
2024-01-21 15:50:47+00:00,2024-01-21 15:50:47+00:00,582802629,27579332,5643.73,65535,47.799999999999955,47.799999999999955,2.519,2.519,0.0,300,162,80,0.0,-9.0,48.84995204396546,2.311672903597355,Garmin Forerunner 735 XT,2.783123721981541,4756.852709956267,2.521069683257932,2.783123721981541,1784.0
2024-01-21 15:50:48+00:00,2024-01-21 15:50:48+00:00,582802343,27579312,5646.35,65535,47.799999999999955,47.799999999999955,2.519,2.519,0.0,300,161,80,0.0,-9.0,48.84992807172239,2.3116712272167206,Garmin Forerunner 735 XT,2.6684125150525313,4759.521122471319,2.5229022624434525,2.6684125150525313,1785.0
2024-01-21 15:50:49+00:00,2024-01-21 15:50:49+00:00,582802069,27579313,5648.85,65535,47.60000000000002,47.60000000000002,2.529,2.529,0.0,300,160,81,0.0,-9.0,48.8499051053077,2.3116713110357523,Garmin Forerunner 735 XT,2.553756161235406,4762.074878632555,2.5248615384615523,2.553756161235406,1786.0
2024-01-21 15:50:50+00:00,2024-01-21 15:50:50+00:00,582801807,27579271,5651.29,65535,47.60000000000002,47.60000000000002,2.529,2.529,0.0,300,160,81,0.0,-9.0,48.84988314472139,2.3116677906364202,Garmin Forerunner 735 XT,2.45545419709617,4764.530332829651,2.5268570135746744,2.45545419709617,1787.0
2024-01-21 15:50:51+00:00,2024-01-21 15:50:51+00:00,582801583,27579254,5653.37,65535,47.39999999999998,47.39999999999998,2.529,2.529,0.0,300,160,81,0.0,-9.0,48.849864369258285,2.311666365712881,Garmin Forerunner 735 XT,2.090338042682114,4766.620670872334,2.5269167420814616,2.090338042682114,1788.0
2024-01-21 15:50:52+00:00,2024-01-21 15:50:52+00:00,582801307,27579238,5655.92,65535,47.60000000000002,47.60000000000002,2.529,2.529,0.0,300,159,80,0.0,-9.0,48.84984123520553,2.3116650246083736,Garmin Forerunner 735 XT,2.574260273842563,4769.194931146177,2.527279638009063,2.574260273842563,1789.0
2024-01-21 15:50:53+00:00,2024-01-21 15:50:53+00:00,582801023,27579267,5658.52,65535,47.39999999999998,47.39999999999998,2.529,2.529,0.0,300,159,81,0.0,-9.0,48.849817430600524,2.3116674553602934,Garmin Forerunner 735 XT,2.652920061518912,4771.847851207695,2.528303167420828,2.652920061518912,1790.0
2024-01-21 15:50:54+00:00,2024-01-21 15:50:54+00:00,582800740,27579282,5661.15,65535,47.39999999999998,47.39999999999998,2.529,2.529,0.0,300,159,80,0.0,-9.0,48.84979370981455,2.311668712645769,Garmin Forerunner 735 XT,2.6392348921981035,4774.4870860998935,2.529733936651597,2.6392348921981035,1791.0
2024-01-21 15:50:55+00:00,2024-01-21 15:50:55+00:00,582800473,27579325,5663.64,65535,47.200000000000045,47.200000000000045,2.529,2.529,0.0,300,159,81,0.0,-9.0,48.84977133013308,2.311672316864133,Garmin Forerunner 735 XT,2.5024420590199625,4776.989528158913,2.5306126696832716,2.5024420590199625,1792.0
2024-01-21 15:50:56+00:00,2024-01-21 15:50:56+00:00,582800158,27579348,5666.57,65535,48.0,48.0,2.529,2.529,0.0,300,158,81,0.0,-9.0,48.84974492713809,2.3116742447018623,Garmin Forerunner 735 XT,2.93926590499913,4779.928794063912,2.531980090497751,2.93926590499913,1793.0
2024-01-21 15:50:57+00:00,2024-01-21 15:50:57+00:00,582799839,27579292,5669.56,65535,48.200000000000045,48.200000000000045,2.529,2.529,0.0,300,158,81,0.0,-9.0,48.84971818886697,2.3116695508360863,Garmin Forerunner 735 XT,2.9929316506874493,4782.9217257146,2.534876923076937,2.9929316506874493,1794.0
2024-01-21 15:50:58+00:00,2024-01-21 15:50:58+00:00,582799540,27579254,5672.36,65535,48.39999999999998,48.39999999999998,2.538,2.538,0.0,300,158,81,0.0,-9.0,48.84969312697649,2.311666365712881,Garmin Forerunner 735 XT,2.7964833563124154,4785.718209070913,2.5377085972850817,2.7964833563124154,1795.0
2024-01-21 15:50:59+00:00,2024-01-21 15:50:59+00:00,582799241,27579212,5675.15,65535,47.799999999999955,47.799999999999955,2.547,2.547,0.0,300,158,81,0.0,-9.0,48.84966806508601,2.311662845313549,Garmin Forerunner 735 XT,2.798634642948898,4788.516843713862,2.5413864253393803,2.798634642948898,1796.0
2024-01-21 15:51:00+00:00,2024-01-21 15:51:00+00:00,582798950,27579145,5677.9,65535,47.0,47.0,2.547,2.547,0.0,300,158,81,0.0,-9.0,48.84964367374778,2.311657229438424,Garmin Forerunner 735 XT,2.743144727334413,4791.259988441197,2.545575565610873,2.743144727334413,1797.0
2024-01-21 15:51:01+00:00,2024-01-21 15:51:01+00:00,582798698,27579082,5680.28,65535,46.60000000000002,46.60000000000002,2.547,2.547,0.0,300,158,81,0.0,-9.0,48.849622551351786,2.311651948839426,Garmin Forerunner 735 XT,2.3802729674739664,4793.640261408671,2.5505764705882488,2.3802729674739664,1798.0
2024-01-21 15:51:02+00:00,2024-01-21 15:51:02+00:00,582798466,27579012,5682.48,65535,45.799999999999955,45.799999999999955,2.557,2.557,0.0,300,158,81,0.0,-9.0,48.84960310533643,2.311646081507206,Garmin Forerunner 735 XT,2.204505704686915,4795.844767113358,2.5548895927601944,2.204505704686915,1799.0
2024-01-21 15:51:03+00:00,2024-01-21 15:51:03+00:00,582798199,27578900,5685.06,65535,45.200000000000045,45.200000000000045,2.557,2.557,0.0,300,158,81,0.0,-9.0,48.84958072565496,2.311636693775654,Garmin Forerunner 735 XT,2.5815703680291993,4798.426337481387,2.558967420814493,2.5815703680291993,1800.0
2024-01-21 15:51:04+00:00,2024-01-21 15:51:04+00:00,582797931,27578789,5687.65,65535,44.799999999999955,44.799999999999955,2.557,2.557,0.0,300,158,81,0.0,-9.0,48.84955826215446,2.3116273898631334,Garmin Forerunner 735 XT,2.5889364223845,4801.015273903772,2.5605565610859866,2.5889364223845,1801.0
2024-01-21 15:51:05+00:00,2024-01-21 15:51:05+00:00,582797707,27578736,5689.76,65535,44.39999999999998,44.39999999999998,2.566,2.566,0.0,300,157,80,0.0,-9.0,48.849539486691356,2.3116229474544525,Garmin Forerunner 735 XT,2.1128895799626095,4803.128163483735,2.5614941176470722,2.1128895799626095,1802.0
2024-01-21 15:51:06+00:00,2024-01-21 15:51:06+00:00,582797476,27578700,5691.92,65535,44.39999999999998,44.39999999999998,2.566,2.566,0.0,300,157,80,0.0,-9.0,48.84952012449503,2.3116199299693108,Garmin Forerunner 735 XT,2.1642696200104914,4805.292433103746,2.5614787330316875,2.1642696200104914,1803.0
2024-01-21 15:51:07+00:00,2024-01-21 15:51:07+00:00,582797276,27578671,5693.8,65535,44.0,44.0,2.566,2.566,0.0,300,157,80,0.0,-9.0,48.849503360688686,2.311617499217391,Garmin Forerunner 735 XT,1.8725162854951694,4807.164949389241,2.5616751131221855,1.8725162854951694,1804.0
2024-01-21 15:51:08+00:00,2024-01-21 15:51:08+00:00,582797009,27578576,5696.35,65535,44.0,44.0,2.557,2.557,0.0,300,157,80,0.0,-9.0,48.84948098100722,2.311609536409378,Garmin Forerunner 735 XT,2.5558053394087037,4809.72075472865,2.5609185520362123,2.5558053394087037,1805.0
2024-01-21 15:51:09+00:00,2024-01-21 15:51:09+00:00,582796734,27578484,5698.97,65535,43.60000000000002,43.60000000000002,2.557,2.557,0.0,300,157,80,0.0,-9.0,48.8494579307735,2.3116018250584602,Garmin Forerunner 735 XT,2.624441840480787,4812.34519656913,2.5588316742081583,2.624441840480787,1806.0
2024-01-21 15:51:10+00:00,2024-01-21 15:51:10+00:00,582796469,27578369,5701.54,65535,43.60000000000002,43.60000000000002,2.547,2.547,0.0,300,157,81,0.0,-9.0,48.84943571873009,2.311592185869813,Garmin Forerunner 735 XT,2.5685983448842102,4814.913794914014,2.555667873303181,2.5685983448842102,1807.0
2024-01-21 15:51:11+00:00,2024-01-21 15:51:11+00:00,582796267,27578291,5703.48,65535,42.799999999999955,42.799999999999955,2.557,2.557,0.0,300,157,81,0.0,-9.0,48.849418787285686,2.311585647985339,Garmin Forerunner 735 XT,1.942517292686852,4816.856312206701,2.5510651583710544,1.942517292686852,1808.0
2024-01-21 15:51:12+00:00,2024-01-21 15:51:12+00:00,582796100,27578265,5705.04,65535,41.799999999999955,41.799999999999955,2.547,2.547,0.0,300,157,81,0.0,-9.0,48.84940478950739,2.3115834686905146,Garmin Forerunner 735 XT,1.5646289315551565,4818.420941138256,2.5453674208144936,1.5646289315551565,1809.0
2024-01-21 15:51:13+00:00,2024-01-21 15:51:13+00:00,582795889,27578244,5707.01,65535,41.0,41.0,2.547,2.547,0.0,300,157,81,0.0,-9.0,48.8493871036917,2.3115817084908485,Garmin Forerunner 735 XT,1.9707860041725382,4820.391727142429,2.5401647058823666,1.9707860041725382,1810.0
2024-01-21 15:51:14+00:00,2024-01-21 15:51:14+00:00,582795642,27578204,5709.32,65535,40.39999999999998,40.39999999999998,2.538,2.538,0.0,300,157,81,0.0,-9.0,48.84936640039086,2.31157835572958,Garmin Forerunner 735 XT,2.3151366418539125,4822.706863784283,2.5352470588235434,2.3151366418539125,1811.0
2024-01-21 15:51:15+00:00,2024-01-21 15:51:15+00:00,582795397,27578190,5711.6,65535,40.200000000000045,40.200000000000045,2.529,2.529,0.0,300,157,81,0.0,-9.0,48.84934586472809,2.311577182263136,Garmin Forerunner 735 XT,2.2850752798549694,4824.991939064138,2.5310398190045387,2.2850752798549694,1812.0
2024-01-21 15:51:16+00:00,2024-01-21 15:51:16+00:00,582795111,27578172,5714.27,65535,40.0,40.0,2.519,2.519,0.0,300,157,81,0.0,-9.0,48.84932189248502,2.311575673520565,Garmin Forerunner 735 XT,2.6678768658336427,4827.659815929972,2.526722171945715,2.6678768658336427,1813.0
2024-01-21 15:51:17+00:00,2024-01-21 15:51:17+00:00,582794819,27578121,5717.01,65535,40.0,40.0,2.519,2.519,0.0,300,157,81,0.0,-9.0,48.84929741732776,2.3115713987499475,Garmin Forerunner 735 XT,2.7394290575371807,4830.3992449875095,2.523273303167435,2.7394290575371807,1814.0
2024-01-21 15:51:18+00:00,2024-01-21 15:51:18+00:00,582794545,27578076,5719.58,65535,40.0,40.0,2.519,2.519,0.0,300,157,81,0.0,-9.0,48.84927445091307,2.3115676268935204,Garmin Forerunner 735 XT,2.5686189931684544,4832.967863980678,2.5196524886877962,2.5686189931684544,1815.0
2024-01-21 15:51:19+00:00,2024-01-21 15:51:19+00:00,582794268,27578038,5722.17,65535,40.200000000000045,40.200000000000045,2.519,2.519,0.0,300,157,81,0.0,-9.0,48.84925123304129,2.311564441770315,Garmin Forerunner 735 XT,2.5922076463712185,4835.560071627049,2.5168624434389275,2.5922076463712185,1816.0
2024-01-21 15:51:20+00:00,2024-01-21 15:51:20+00:00,582794010,27578008,5724.58,65535,40.0,40.0,2.519,2.519,0.0,300,157,81,0.0,-9.0,48.849229607731104,2.3115619271993637,Garmin Forerunner 735 XT,2.4116537890170293,4837.971725416066,2.514980090497751,2.4116537890170293,1817.0
2024-01-21 15:51:21+00:00,2024-01-21 15:51:21+00:00,582793715,27577973,5727.34,65535,40.0,40.0,2.519,2.519,0.0,300,158,81,0.0,-9.0,48.84920488111675,2.3115589935332537,Garmin Forerunner 735 XT,2.7578408774821446,4840.7295662935485,2.479039819004538,2.7578408774821446,1818.0
2024-01-21 15:51:22+00:00,2024-01-21 15:51:22+00:00,582793441,27577964,5729.89,65535,40.200000000000045,40.200000000000045,2.519,2.519,0.0,300,158,81,0.0,-9.0,48.84918191470206,2.3115582391619682,Garmin Forerunner 735 XT,2.554345268898822,4843.283911562447,2.475477828054312,2.554345268898822,1819.0
2024-01-21 15:51:23+00:00,2024-01-21 15:51:23+00:00,582793168,27577934,5732.41,65535,40.0,40.0,2.519,2.519,0.0,300,157,80,0.0,-9.0,48.8491590321064,2.3115557245910168,Garmin Forerunner 735 XT,2.5510723993758284,4845.834983961823,2.5100923076923216,2.5510723993758284,1820.0
2024-01-21 15:51:24+00:00,2024-01-21 15:51:24+00:00,582792557,27578191,5737.77,65535,48.0,48.0,2.519,2.519,0.0,300,157,80,0.0,-9.0,48.84910781867802,2.3115772660821676,Garmin Forerunner 735 XT,5.90878679337908,4851.743770755203,2.559273303167435,5.90878679337908,1821.0
2024-01-21 15:51:25+00:00,2024-01-21 15:51:25+00:00,582792115,27578335,5741.72,65535,53.60000000000002,53.60000000000002,2.519,2.519,0.0,300,157,80,0.0,-9.0,48.849070770666,2.3115893360227346,Garmin Forerunner 735 XT,4.213157188123793,4855.956927943326,2.6153909502262587,4.213157188123793,1822.0
2024-01-21 15:51:26+00:00,2024-01-21 15:51:26+00:00,582791472,27578642,5747.41,65535,62.0,62.0,2.538,2.538,0.0,300,157,80,0.0,-9.0,48.84901687502861,2.3116150684654713,Garmin Forerunner 735 XT,6.2817457016781235,4862.238673645004,2.672620814479653,6.2817457016781235,1823.0
2024-01-21 15:51:27+00:00,2024-01-21 15:51:27+00:00,582790886,27578830,5752.55,65535,68.79999999999995,68.79999999999995,2.547,2.547,0.0,300,157,80,0.0,-9.0,48.848967757076025,2.3116308264434338,Garmin Forerunner 735 XT,5.582050898529673,4867.820724543534,2.731832579185535,5.582050898529673,1824.0
2024-01-21 15:51:28+00:00,2024-01-21 15:51:28+00:00,582790480,27578777,5756.24,65535,71.79999999999995,71.79999999999995,3.07,3.07,0.0,300,157,79,0.5,-9.0,48.84893372654915,2.311626384034753,Garmin Forerunner 735 XT,3.7979579148500706,4871.618682458385,2.7907728506787484,3.7979579148500706,1825.0
2024-01-21 15:51:29+00:00,2024-01-21 15:51:29+00:00,582790072,27578760,5759.92,65535,74.0,74.0,3.07,3.07,0.0,300,157,79,0.5,-9.0,48.84889952838421,2.3116249591112137,Garmin Forerunner 735 XT,3.80409155731463,4875.422774015699,2.8458036199095176,3.80409155731463,1826.0
2024-01-21 15:51:30+00:00,2024-01-21 15:51:30+00:00,582789708,27578802,5763.28,65535,75.0,75.0,2.911,2.911,0.0,300,157,79,0.5,-9.0,48.848869018256664,2.3116284795105457,Garmin Forerunner 735 XT,3.40233666744142,4878.82511068314,2.8939927601810114,3.40233666744142,1827.0
2024-01-21 15:51:31+00:00,2024-01-21 15:51:31+00:00,582789262,27578849,5767.38,65535,77.60000000000002,77.60000000000002,2.874,2.874,0.0,300,157,80,0.0,-9.0,48.84883163496852,2.3116324190050364,Garmin Forerunner 735 XT,4.166814776041954,4882.991925459182,2.9310434389140427,4.166814776041954,1828.0
2024-01-21 15:51:32+00:00,2024-01-21 15:51:32+00:00,582788856,27578977,5771.12,65535,80.60000000000002,80.60000000000002,2.874,2.874,0.0,300,157,80,0.0,-9.0,48.84879760444164,2.311643147841096,Garmin Forerunner 735 XT,3.8645982644318826,4886.856523723614,2.951608144796396,3.8645982644318826,1829.0
2024-01-21 15:51:33+00:00,2024-01-21 15:51:33+00:00,582788457,27579083,5774.79,65535,82.79999999999995,82.79999999999995,2.911,2.911,0.0,300,157,81,0.0,-9.0,48.84876416064799,2.3116520326584578,Garmin Forerunner 735 XT,3.775179206570287,4890.6317029301845,2.9533855203620067,3.775179206570287,1830.0
2024-01-21 15:51:34+00:00,2024-01-21 15:51:34+00:00,582788060,27579190,5778.45,65535,85.0,85.0,2.921,2.921,0.0,300,158,81,0.0,-9.0,48.8487308844924,2.3116610012948513,Garmin Forerunner 735 XT,3.75788483135119,4894.389587761536,2.9360941176470745,3.75788483135119,1831.0
2024-01-21 15:51:35+00:00,2024-01-21 15:51:35+00:00,582787710,27579319,5781.67,65535,86.60000000000002,86.60000000000002,2.921,2.921,0.0,300,158,81,0.0,-9.0,48.8487015478313,2.3116718139499426,Garmin Forerunner 735 XT,3.3566627420344486,4897.74625050357,2.8970751131221877,3.3566627420344486,1832.0
2024-01-21 15:51:36+00:00,2024-01-21 15:51:36+00:00,582787370,27579369,5784.79,65535,87.79999999999995,87.79999999999995,2.921,2.921,0.0,300,159,81,0.0,-9.0,48.848673049360514,2.3116760049015284,Garmin Forerunner 735 XT,3.183688823052121,4900.929939326622,2.902613574660649,3.183688823052121,1833.0
2024-01-21 15:51:37+00:00,2024-01-21 15:51:37+00:00,582787019,27579412,5788.04,65535,89.60000000000002,89.60000000000002,2.911,2.911,0.0,300,159,81,0.0,-9.0,48.84864362888038,2.311679609119892,Garmin Forerunner 735 XT,3.2820212143922345,4904.211960541014,2.918353846153862,3.2820212143922345,1834.0
2024-01-21 15:51:38+00:00,2024-01-21 15:51:38+00:00,582786652,27579418,5791.43,65535,90.79999999999995,90.79999999999995,2.902,2.902,0.0,300,159,81,0.0,-9.0,48.84861286729574,2.3116801120340824,Garmin Forerunner 735 XT,3.420730090446355,4907.632690631461,2.920249773755671,3.420730090446355,1835.0
2024-01-21 15:51:39+00:00,2024-01-21 15:51:39+00:00,582786367,27579366,5794.1,65535,91.0,91.0,2.911,2.911,0.0,300,160,80,0.0,-9.0,48.8485889788717,2.311675753444433,Garmin Forerunner 735 XT,2.6753490719926747,4910.308039703454,2.9130425339366677,2.6753490719926747,1836.0
2024-01-21 15:51:40+00:00,2024-01-21 15:51:40+00:00,582786100,27579317,5796.61,65535,91.20000000000005,91.20000000000005,2.911,2.911,0.0,300,160,80,0.0,-9.0,48.848566599190235,2.311671646311879,Garmin Forerunner 735 XT,2.5065880671366703,4912.81462777059,2.8997031674208302,2.5065880671366703,1837.0
2024-01-21 15:51:41+00:00,2024-01-21 15:51:41+00:00,582785829,27579257,5799.16,65535,91.0,91.0,2.902,2.902,0.0,300,160,80,0.0,-9.0,48.84854388423264,2.3116666171699762,Garmin Forerunner 735 XT,2.5524544305165335,4915.367082201106,2.883380090497753,2.5524544305165335,1838.0
2024-01-21 15:51:42+00:00,2024-01-21 15:51:42+00:00,582785603,27579253,5801.26,65535,90.20000000000005,90.20000000000005,2.874,2.874,0.0,300,160,80,0.0,-9.0,48.84852494113147,2.3116662818938494,Garmin Forerunner 735 XT,2.1065196060876485,4917.4736018071935,2.8632832579185674,2.1065196060876485,1839.0
2024-01-21 15:51:43+00:00,2024-01-21 15:51:43+00:00,582785352,27579229,5803.6,65535,89.79999999999995,89.79999999999995,2.855,2.855,0.0,300,160,80,0.0,-9.0,48.84850390255451,2.311664270237088,Garmin Forerunner 735 XT,2.3440093640706743,4919.817611171265,2.8404805429864406,2.3440093640706743,1840.0
2024-01-21 15:51:44+00:00,2024-01-21 15:51:44+00:00,582785088,27579191,5806.07,65535,89.79999999999995,89.79999999999995,2.809,2.809,0.0,300,159,81,0.0,-9.0,48.84848177433014,2.311661085113883,Garmin Forerunner 735 XT,2.4715594221181063,4922.289170593383,2.815475113122187,2.4715594221181063,1841.0
2024-01-21 15:51:45+00:00,2024-01-21 15:51:45+00:00,582784846,27579157,5808.34,65535,90.0,90.0,2.781,2.781,0.0,300,159,82,0.0,-9.0,48.848461490124464,2.3116582352668047,Garmin Forerunner 735 XT,2.2651199039360876,4924.554290497319,2.790985520362006,2.2651199039360876,1842.0
2024-01-21 15:51:46+00:00,2024-01-21 15:51:46+00:00,582784605,27579125,5810.6,65535,89.79999999999995,89.79999999999995,2.762,2.762,0.0,300,159,82,0.0,-9.0,48.84844128973782,2.31165555305779,Garmin Forerunner 735 XT,2.254738577626525,4926.809029074945,2.768627149321282,2.254738577626525,1843.0
2024-01-21 15:51:47+00:00,2024-01-21 15:51:47+00:00,582784250,27579100,5813.89,65535,91.79999999999995,91.79999999999995,2.734,2.734,0.0,300,159,80,0.0,-9.0,48.84841153398156,2.311653457581997,Garmin Forerunner 735 XT,3.3122400342978873,4930.121269109243,2.750555656108612,3.3122400342978873,1844.0
2024-01-21 15:51:48+00:00,2024-01-21 15:51:48+00:00,582783930,27579067,5816.86,65535,93.39999999999998,93.39999999999998,2.725,2.725,0.0,300,159,80,0.0,-9.0,48.84838471189141,2.3116506915539503,Garmin Forerunner 735 XT,2.9893399496240822,4933.110609058867,2.7383728506787475,2.9893399496240822,1845.0
2024-01-21 15:51:49+00:00,2024-01-21 15:51:49+00:00,582783543,27579038,5820.41,65535,95.79999999999995,95.79999999999995,2.725,2.725,0.0,300,159,80,0.0,-9.0,48.84835227392614,2.3116482608020306,Garmin Forerunner 735 XT,3.6113198717388495,4936.721928930606,2.7319755656108744,3.6113198717388495,1846.0
2024-01-21 15:51:50+00:00,2024-01-21 15:51:50+00:00,582783229,27578960,5823.37,65535,96.60000000000002,96.60000000000002,2.725,2.725,0.0,300,159,81,0.0,-9.0,48.84832595475018,2.3116417229175568,Garmin Forerunner 735 XT,2.9654014367056725,4939.687330367312,2.7290651583710552,2.9654014367056725,1847.0
2024-01-21 15:51:51+00:00,2024-01-21 15:51:51+00:00,582782973,27578860,5825.84,65535,96.60000000000002,96.60000000000002,2.743,2.743,0.0,300,159,81,0.0,-9.0,48.84830449707806,2.3116333410143852,Garmin Forerunner 735 XT,2.4635516519562453,4942.1508820192685,2.729261538461553,2.4635516519562453,1848.0
2024-01-21 15:51:52+00:00,2024-01-21 15:51:52+00:00,582782685,27578817,5828.52,65535,96.79999999999995,96.79999999999995,2.743,2.743,0.0,300,159,81,0.0,-9.0,48.84828035719693,2.3116297367960215,Garmin Forerunner 735 XT,2.697157062278853,4944.8480390815475,2.7295203619909643,2.697157062278853,1849.0
2024-01-21 15:51:53+00:00,2024-01-21 15:51:53+00:00,582782415,27578766,5831.04,65535,97.20000000000005,97.20000000000005,2.734,2.734,0.0,300,158,81,0.0,-9.0,48.848257726058364,2.311625462025404,Garmin Forerunner 735 XT,2.535833402978193,4947.383872484525,2.7289791855203767,2.535833402978193,1850.0
2024-01-21 15:51:54+00:00,2024-01-21 15:51:54+00:00,582782165,27578713,5833.39,65535,98.0,98.0,2.734,2.734,0.0,300,158,80,0.0,-9.0,48.848236771300435,2.311621019616723,Garmin Forerunner 735 XT,2.352627842964572,4949.73650032749,2.7290850678733176,2.352627842964572,1851.0
2024-01-21 15:51:55+00:00,2024-01-21 15:51:55+00:00,582781926,27578625,5835.68,65535,98.0,98.0,2.725,2.725,0.0,300,158,80,0.0,-9.0,48.848216738551855,2.311613643541932,Garmin Forerunner 735 XT,2.2919943920246704,4952.028494719515,2.726066968325806,2.2919943920246704,1852.0
2024-01-21 15:51:56+00:00,2024-01-21 15:51:56+00:00,582781670,27578541,5838.12,65535,97.79999999999995,97.79999999999995,2.715,2.715,0.0,300,158,80,0.0,-9.0,48.848195280879736,2.311606602743268,Garmin Forerunner 735 XT,2.440972080307314,4954.469466799822,2.7193619909502407,2.440972080307314,1853.0
2024-01-21 15:51:57+00:00,2024-01-21 15:51:57+00:00,582781408,27578474,5840.59,65535,97.39999999999998,97.39999999999998,2.706,2.706,0.0,300,158,80,0.0,-9.0,48.84817332029343,2.311600986868143,Garmin Forerunner 735 XT,2.476240205259773,4956.945707005082,2.7112769230769374,2.476240205259773,1854.0
2024-01-21 15:51:58+00:00,2024-01-21 15:51:58+00:00,582781164,27578401,5842.91,65535,97.0,97.0,2.706,2.706,0.0,300,158,80,0.0,-9.0,48.84815286844969,2.311594868078828,Garmin Forerunner 735 XT,2.317796032220777,4959.263503037303,2.7028723981900598,2.317796032220777,1855.0
2024-01-21 15:51:59+00:00,2024-01-21 15:51:59+00:00,582780940,27578357,5845.01,65535,96.79999999999995,96.79999999999995,2.697,2.697,0.0,300,158,80,0.0,-9.0,48.848134092986584,2.3115911800414324,Garmin Forerunner 735 XT,2.105105415742889,4961.368608453046,2.695901357466078,2.105105415742889,1856.0
2024-01-21 15:52:00+00:00,2024-01-21 15:52:00+00:00,582780696,27578339,5847.28,65535,97.39999999999998,97.39999999999998,2.697,2.697,0.0,300,158,80,0.0,-9.0,48.848113641142845,2.3115896712988615,Garmin Forerunner 735 XT,2.2768193503010337,4963.645427803347,2.6897628959276165,2.2768193503010337,1857.0
2024-01-21 15:52:01+00:00,2024-01-21 15:52:01+00:00,582780428,27578291,5849.79,65535,97.60000000000002,97.60000000000002,2.678,2.678,0.0,300,157,81,0.0,-9.0,48.848091177642345,2.311585647985339,Garmin Forerunner 735 XT,2.5151163993224857,4966.160544202669,2.684586425339381,2.5151163993224857,1858.0
2024-01-21 15:52:02+00:00,2024-01-21 15:52:02+00:00,582780108,27578208,5852.82,65535,96.60000000000002,96.60000000000002,2.669,2.669,0.0,300,157,81,0.0,-9.0,48.8480643555522,2.311578691005707,Garmin Forerunner 735 XT,3.025612677589504,4969.186156880259,2.6803013574660777,3.025612677589504,1859.0
2024-01-21 15:52:03+00:00,2024-01-21 15:52:03+00:00,582779835,27578140,5855.39,65535,96.0,96.0,2.678,2.678,0.0,300,158,81,0.0,-9.0,48.84804147295654,2.31157299131155,Garmin Forerunner 735 XT,2.5783827292833457,4971.764539609542,2.6763402714932267,2.5783827292833457,1860.0
2024-01-21 15:52:04+00:00,2024-01-21 15:52:04+00:00,582779580,27578060,5857.82,65535,95.60000000000002,95.60000000000002,2.678,2.678,0.0,300,158,81,0.0,-9.0,48.84802009910345,2.311566285789013,Garmin Forerunner 735 XT,2.426784028615473,4974.191323638158,2.673186425339381,2.426784028615473,1861.0
2024-01-21 15:52:05+00:00,2024-01-21 15:52:05+00:00,582779320,27577975,5860.3,65535,94.79999999999995,94.79999999999995,2.669,2.669,0.0,300,157,81,0.0,-9.0,48.847998306155205,2.311559161171317,Garmin Forerunner 735 XT,2.478708880874243,4976.670032519032,2.670276923076937,2.478708880874243,1862.0
2024-01-21 15:52:06+00:00,2024-01-21 15:52:06+00:00,582779050,27577981,5862.77,65535,94.60000000000002,94.60000000000002,2.669,2.669,0.0,300,156,81,0.0,-9.0,48.84797567501664,2.3115596640855074,Garmin Forerunner 735 XT,2.516736848536159,4979.186769367569,2.6675891402715073,2.516736848536159,1863.0
2024-01-21 15:52:07+00:00,2024-01-21 15:52:07+00:00,582778751,27577930,5865.58,65535,93.60000000000002,93.60000000000002,2.669,2.669,0.0,300,154,81,0.0,-9.0,48.84795061312616,2.31155538931489,Garmin Forerunner 735 XT,2.804254969557406,4981.991024337126,2.665171040723996,2.804254969557406,1864.0
2024-01-21 15:52:08+00:00,2024-01-21 15:52:08+00:00,582778477,27577961,5868.11,65535,92.39999999999998,92.39999999999998,2.659,2.659,0.0,300,154,80,0.0,-9.0,48.84792764671147,2.311557987704873,Garmin Forerunner 735 XT,2.560816859999862,4984.551841197126,2.6635058823529554,2.560816859999862,1865.0
2024-01-21 15:52:09+00:00,2024-01-21 15:52:09+00:00,582778243,27577949,5870.28,65535,91.60000000000002,91.60000000000002,2.659,2.659,0.0,300,154,81,0.0,-9.0,48.84790803305805,2.3115569818764925,Garmin Forerunner 735 XT,2.182180267361409,4986.734021464487,2.6600307692307834,2.182180267361409,1866.0
2024-01-21 15:52:10+00:00,2024-01-21 15:52:10+00:00,582778040,27577869,5872.24,65535,90.39999999999998,90.39999999999998,2.659,2.659,0.0,300,153,81,0.0,-9.0,48.84789101779461,2.3115502763539553,Garmin Forerunner 735 XT,1.9545985778335953,4988.6886200423205,2.6548886877828193,1.9545985778335953,1867.0
2024-01-21 15:52:11+00:00,2024-01-21 15:52:11+00:00,582777758,27577889,5874.75,65535,90.39999999999998,90.39999999999998,2.65,2.65,0.0,300,151,81,0.0,-9.0,48.847867380827665,2.3115519527345896,Garmin Forerunner 735 XT,2.6311717128872467,4991.319791755208,2.6498090497737694,2.6311717128872467,1868.0
2024-01-21 15:52:12+00:00,2024-01-21 15:52:12+00:00,582777536,27577853,5876.78,65535,89.79999999999995,89.79999999999995,2.641,2.641,0.0,300,150,81,0.0,-9.0,48.847848773002625,2.311548935249448,Garmin Forerunner 735 XT,2.0808433763932612,4993.400635131601,2.6443058823529553,2.0808433763932612,1869.0
2024-01-21 15:52:13+00:00,2024-01-21 15:52:13+00:00,582777340,27577819,5878.59,65535,89.0,89.0,2.641,2.641,0.0,300,150,81,0.0,-9.0,48.84783234447241,2.3115460854023695,Garmin Forerunner 735 XT,1.8386330091669731,4995.239268140768,2.6374343891402856,1.8386330091669731,1870.0
2024-01-21 15:52:14+00:00,2024-01-21 15:52:14+00:00,582777116,27577838,5880.65,65535,88.20000000000005,88.20000000000005,2.631,2.631,0.0,300,150,81,0.0,-9.0,48.847813569009304,2.311547677963972,Garmin Forerunner 735 XT,2.090986004247973,4997.330254145017,2.6299312217194712,2.090986004247973,1871.0
2024-01-21 15:52:15+00:00,2024-01-21 15:52:15+00:00,582776912,27577877,5882.54,65535,87.39999999999998,87.39999999999998,2.622,2.622,0.0,300,150,81,0.0,-9.0,48.847796469926834,2.311550946906209,Garmin Forerunner 735 XT,1.9163184472700887,4999.246572592287,2.6214823529411904,1.9163184472700887,1872.0
2024-01-21 15:52:16+00:00,2024-01-21 15:52:16+00:00,582776688,27577905,5884.63,65535,86.60000000000002,86.60000000000002,2.613,2.613,0.0,300,150,81,0.0,-9.0,48.84777769446373,2.311553293839097,Garmin Forerunner 735 XT,2.094787492126735,5001.341360084413,2.612270588235308,2.094787492126735,1873.0
2024-01-21 15:52:17+00:00,2024-01-21 15:52:17+00:00,582776465,27577903,5886.71,65535,86.0,86.0,2.603,2.603,0.0,300,151,82,0.0,-9.0,48.84775900281966,2.3115531262010336,Garmin Forerunner 735 XT,2.078452189338373,5003.419812273752,2.6026787330316883,2.078452189338373,1874.0
2024-01-21 15:52:18+00:00,2024-01-21 15:52:18+00:00,582776242,27577861,5888.8,65535,84.79999999999995,84.79999999999995,2.594,2.594,0.0,300,153,82,0.0,-9.0,48.847740311175585,2.3115496058017015,Garmin Forerunner 735 XT,2.0943185466037453,5005.514130820356,2.5936298642534075,2.0943185466037453,1875.0
2024-01-21 15:52:19+00:00,2024-01-21 15:52:19+00:00,582776025,27577861,5890.8,65535,83.20000000000005,83.20000000000005,2.585,2.585,0.0,300,153,82,0.0,-9.0,48.8477221224457,2.3115496058017015,Garmin Forerunner 735 XT,2.0224944850134032,5007.536625305369,2.5855067873303303,2.0224944850134032,1876.0
2024-01-21 15:52:20+00:00,2024-01-21 15:52:20+00:00,582775776,27577786,5893.16,65535,82.20000000000005,82.20000000000005,2.575,2.575,0.0,300,153,81,0.0,-9.0,48.847701251506805,2.311543319374323,Garmin Forerunner 735 XT,2.365891838030514,5009.9025171434,2.577881447963815,2.365891838030514,1877.0
2024-01-21 15:52:21+00:00,2024-01-21 15:52:21+00:00,582775514,27577670,5895.71,65535,81.39999999999998,81.39999999999998,2.566,2.566,0.0,300,153,81,0.0,-9.0,48.847679290920496,2.311533596366644,Garmin Forerunner 735 XT,2.543439630177469,5012.445956773577,2.5717104072398325,2.543439630177469,1878.0
2024-01-21 15:52:22+00:00,2024-01-21 15:52:22+00:00,582775268,27577544,5898.13,65535,80.60000000000002,80.60000000000002,2.566,2.566,0.0,300,154,81,0.0,-9.0,48.847658671438694,2.3115230351686478,Garmin Forerunner 735 XT,2.419517394171684,5014.865474167748,2.565376470588249,2.419517394171684,1879.0
2024-01-21 15:52:23+00:00,2024-01-21 15:52:23+00:00,582775011,27577458,5900.58,65535,79.0,79.0,2.557,2.557,0.0,300,154,81,0.0,-9.0,48.84763712994754,2.3115158267319202,Garmin Forerunner 735 XT,2.452693091851891,5017.3181672596,2.5592624434389277,2.452693091851891,1880.0
2024-01-21 15:52:24+00:00,2024-01-21 15:52:24+00:00,582774750,27577465,5903.0,65535,77.39999999999998,77.39999999999998,2.557,2.557,0.0,300,155,81,0.0,-9.0,48.847615253180265,2.3115164134651423,Garmin Forerunner 735 XT,2.432964372270641,5019.7511316318705,2.553599095022638,2.432964372270641,1881.0
2024-01-21 15:52:25+00:00,2024-01-21 15:52:25+00:00,582774444,27577533,5905.82,65535,77.20000000000005,77.20000000000005,2.557,2.557,0.0,300,156,82,0.0,-9.0,48.84758960455656,2.311522113159299,Garmin Forerunner 735 XT,2.882330642154775,5022.633462274025,2.549103167420828,2.882330642154775,1882.0
2024-01-21 15:52:26+00:00,2024-01-21 15:52:26+00:00,582774217,27577574,5907.95,65535,75.60000000000002,75.60000000000002,2.547,2.547,0.0,300,156,82,0.0,-9.0,48.84757057763636,2.3115255497395992,Garmin Forerunner 735 XT,2.130588909418455,5024.764051183443,2.6420923076923217,2.130588909418455,1883.0
2024-01-21 15:52:27+00:00,2024-01-21 15:52:27+00:00,582773959,27577574,5910.36,65535,73.79999999999995,73.79999999999995,2.538,2.538,0.0,300,156,82,0.0,-9.0,48.84754895232618,2.3115255497395992,Garmin Forerunner 735 XT,2.4046247794168574,5027.16867596286,2.631469683257933,2.4046247794168574,1884.0
2024-01-21 15:52:28+00:00,2024-01-21 15:52:28+00:00,582773714,27577563,5912.64,65535,73.0,73.0,2.529,2.529,0.0,300,156,82,0.0,-9.0,48.84752841666341,2.3115246277302504,Garmin Forerunner 735 XT,2.2844579748872076,5029.453133937747,2.5707339366515973,2.2844579748872076,1885.0
2024-01-21 15:52:29+00:00,2024-01-21 15:52:29+00:00,582773441,27577543,5915.19,65535,72.0,72.0,2.529,2.529,0.0,300,157,82,0.0,-9.0,48.84750553406775,2.311522951349616,Garmin Forerunner 735 XT,2.547383703829981,5032.000517641577,2.431283257918565,2.547383703829981,1886.0
2024-01-21 15:52:30+00:00,2024-01-21 15:52:30+00:00,582773193,27577533,5917.5,65535,71.20000000000005,71.20000000000005,2.529,2.529,0.0,300,158,82,0.0,-9.0,48.847484746947885,2.311522113159299,Garmin Forerunner 735 XT,2.312235862674698,5034.312753504252,2.2938099547511435,2.312235862674698,1887.0
2024-01-21 15:52:31+00:00,2024-01-21 15:52:31+00:00,582772960,27577458,5919.72,65535,70.60000000000002,70.60000000000002,2.529,2.529,0.0,300,158,81,0.0,-9.0,48.847465217113495,2.3115158267319202,Garmin Forerunner 735 XT,2.219803429776175,5036.532556934028,2.153040723981912,2.219803429776175,1888.0
2024-01-21 15:52:32+00:00,2024-01-21 15:52:32+00:00,582772745,27577347,5921.8,65535,70.60000000000002,70.60000000000002,2.519,2.519,0.0,300,159,81,0.0,-9.0,48.847447196021676,2.3115065228194,Garmin Forerunner 735 XT,2.116346033262017,5038.64890296729,2.0315022624434502,2.116346033262017,1889.0
2024-01-21 15:52:38+00:00,2024-01-21 15:52:38+00:00,582772076,27577380,5922.84,65535,72.79999999999995,72.79999999999995,1.138,1.138,0.0,300,159,63,0.0,-9.0,48.84739112108946,2.3115092888474464,Garmin Forerunner 735 XT,1.0397553561412363,5044.887435104138,1.9152977375565712,1.0397553561412363,1895.0
2024-01-21 15:52:39+00:00,2024-01-21 15:52:39+00:00,582771907,27577326,5924.44,65535,71.79999999999995,71.79999999999995,1.456,1.456,0.0,300,159,63,0.0,-9.0,48.8473769556731,2.311504762619734,Garmin Forerunner 735 XT,1.6095666178900367,5046.497001722028,1.8395457013574759,1.6095666178900367,1896.0
2024-01-21 15:52:40+00:00,2024-01-21 15:52:40+00:00,582771669,27577243,5926.7,65535,70.79999999999995,70.79999999999995,1.456,1.456,0.0,300,159,63,0.0,-9.0,48.84735700674355,2.3114978056401014,Garmin Forerunner 735 XT,2.2758842913934823,5048.772886013421,1.7959791855203717,2.2758842913934823,1897.0
2024-01-21 15:52:41+00:00,2024-01-21 15:52:41+00:00,582771418,27577196,5929.06,65535,69.79999999999995,69.79999999999995,1.997,1.997,0.0,300,159,63,0.0,-9.0,48.84733596816659,2.311493866145611,Garmin Forerunner 735 XT,2.3570768245337677,5051.129962837955,1.8023791855203717,2.3570768245337677,1898.0
2024-01-21 15:52:42+00:00,2024-01-21 15:52:42+00:00,582771203,27577178,5931.06,65535,69.20000000000005,69.20000000000005,1.997,1.997,0.0,300,159,63,0.0,-9.0,48.84731794707477,2.31149235740304,Garmin Forerunner 735 XT,2.006892881203747,5053.136855719158,1.8648470588235395,2.006892881203747,1899.0
2024-01-21 15:52:43+00:00,2024-01-21 15:52:43+00:00,582770934,27577230,5933.58,65535,71.0,71.0,2.127,2.127,0.0,300,159,82,0.0,-9.0,48.84729539975524,2.311496715992689,Garmin Forerunner 735 XT,2.5273519968062432,5055.664207715964,1.973848868778291,2.5273519968062432,1900.0
2024-01-21 15:52:44+00:00,2024-01-21 15:52:44+00:00,582770685,27577260,5935.88,65535,72.39999999999998,72.39999999999998,2.127,2.127,0.0,300,158,82,0.0,-9.0,48.84727452881634,2.3114992305636406,Garmin Forerunner 735 XT,2.328025376814004,5057.992233092778,2.1302352941176586,2.328025376814004,1901.0
2024-01-21 15:52:45+00:00,2024-01-21 15:52:45+00:00,582770406,27577205,5938.45,65535,73.0,73.0,2.379,2.379,0.0,300,158,82,0.0,-9.0,48.847251143306494,2.3114946205168962,Garmin Forerunner 735 XT,2.6221394551818977,5060.614372547961,2.3321312217194694,2.6221394551818977,1902.0
2024-01-21 15:52:46+00:00,2024-01-21 15:52:46+00:00,582770128,27577166,5941.04,65535,74.0,74.0,2.379,2.379,0.0,300,158,82,0.0,-9.0,48.84722784161568,2.3114913515746593,Garmin Forerunner 735 XT,2.6020477901235375,5063.216420338084,2.3928814479638136,2.6020477901235375,1903.0
2024-01-21 15:52:47+00:00,2024-01-21 15:52:47+00:00,582769916,27577090,5943.05,65535,72.60000000000002,72.60000000000002,2.51,2.51,0.0,300,157,82,0.0,-9.0,48.84721007198095,2.311484981328249,Garmin Forerunner 735 XT,2.0301322413865224,5065.2465525794705,2.440924886877841,2.0301322413865224,1904.0
2024-01-21 15:52:48+00:00,2024-01-21 15:52:48+00:00,582769689,27577040,5945.2,65535,71.79999999999995,71.79999999999995,2.51,2.51,0.0,300,157,82,0.0,-9.0,48.847191045060754,2.311480790376663,Garmin Forerunner 735 XT,2.13780714933004,5067.3843597288005,2.4462054298642664,2.13780714933004,1905.0
2024-01-21 15:52:49+00:00,2024-01-21 15:52:49+00:00,582769433,27576960,5947.63,65535,71.39999999999998,71.39999999999998,2.435,2.435,0.0,300,157,82,0.0,-9.0,48.847169587388635,2.311474084854126,Garmin Forerunner 735 XT,2.435914197476468,5069.820273926277,2.4722217194570266,2.435914197476468,1906.0
2024-01-21 15:52:50+00:00,2024-01-21 15:52:50+00:00,582769163,27576842,5950.25,65535,71.0,71.0,2.435,2.435,0.0,300,157,82,0.0,-9.0,48.84714695625007,2.3114641942083836,Garmin Forerunner 735 XT,2.6184742834324357,5072.438748209709,2.478879638009063,2.6184742834324357,1907.0
2024-01-21 15:52:51+00:00,2024-01-21 15:52:51+00:00,582768925,27576724,5952.58,65535,70.39999999999998,70.39999999999998,2.435,2.435,0.0,300,157,82,0.0,-9.0,48.84712700732052,2.311454303562641,Garmin Forerunner 735 XT,2.3333016868467253,5074.7720498965555,2.476673303167434,2.3333016868467253,1908.0
2024-01-21 15:52:52+00:00,2024-01-21 15:52:52+00:00,582768688,27576654,5954.83,65535,69.60000000000002,69.60000000000002,2.454,2.454,0.0,300,157,82,0.0,-9.0,48.84710714221001,2.311448436230421,Garmin Forerunner 735 XT,2.250237116178634,5077.0222870127345,2.4539737556561216,2.250237116178634,1909.0
2024-01-21 15:52:53+00:00,2024-01-21 15:52:53+00:00,582768417,27576530,5957.46,65535,69.0,69.0,2.445,2.445,0.0,300,157,82,0.0,-9.0,48.84708442725241,2.3114380426704884,Garmin Forerunner 735 XT,2.637807024945713,5079.66009403768,2.441879638009063,2.637807024945713,1910.0
2024-01-21 15:52:54+00:00,2024-01-21 15:52:54+00:00,582768200,27576419,5959.6,65535,68.39999999999998,68.39999999999998,2.445,2.445,0.0,300,157,82,0.0,-9.0,48.84706623852253,2.311428738757968,Garmin Forerunner 735 XT,2.134005796741591,5081.794099834422,2.4255954751131354,2.134005796741591,1911.0
2024-01-21 15:52:55+00:00,2024-01-21 15:52:55+00:00,582768000,27576361,5961.48,65535,67.0,67.0,2.426,2.426,0.0,300,157,81,0.0,-9.0,48.84704947471619,2.3114238772541285,Garmin Forerunner 735 XT,1.897691157784892,5083.691790992207,2.4216217194570264,1.897691157784892,1912.0
2024-01-21 15:52:56+00:00,2024-01-21 15:52:56+00:00,582767767,27576289,5963.69,65535,65.79999999999995,65.79999999999995,2.426,2.426,0.0,300,157,81,0.0,-9.0,48.8470299448818,2.311417842283845,Garmin Forerunner 735 XT,2.2160643469608226,5085.907855339167,2.4216434389140398,2.2160643469608226,1913.0
2024-01-21 15:52:57+00:00,2024-01-21 15:52:57+00:00,582767548,27576192,5965.82,65535,64.79999999999995,64.79999999999995,2.398,2.398,0.0,300,157,82,0.0,-9.0,48.84701158851385,2.3114097118377686,Garmin Forerunner 735 XT,2.126072601949131,5088.033927941116,2.4168434389140403,2.126072601949131,1914.0
2024-01-21 15:52:58+00:00,2024-01-21 15:52:58+00:00,582767300,27576084,5968.21,65535,63.200000000000045,63.200000000000045,2.398,2.398,0.0,300,157,82,0.0,-9.0,48.846990801393986,2.3114006593823433,Garmin Forerunner 735 XT,2.404465779864549,5090.438393720981,2.411604524886891,2.404465779864549,1915.0
2024-01-21 15:52:59+00:00,2024-01-21 15:52:59+00:00,582767052,27575966,5970.63,65535,62.0,62.0,2.398,2.398,0.0,300,157,82,0.0,-9.0,48.84697001427412,2.311390768736601,Garmin Forerunner 735 XT,2.4220805204287212,5092.86047424141,2.4082380090497866,2.4220805204287212,1916.0
2024-01-21 15:53:00+00:00,2024-01-21 15:53:00+00:00,582766829,27575860,5972.77,65535,61.200000000000045,61.200000000000045,2.417,2.417,0.0,300,158,83,0.0,-9.0,48.84695132263005,2.311381883919239,Garmin Forerunner 735 XT,2.177727200724548,5095.038201442135,2.4060859728506916,2.177727200724548,1917.0
2024-01-21 15:53:01+00:00,2024-01-21 15:53:01+00:00,582766582,27575723,5975.2,65535,60.200000000000045,60.200000000000045,2.407,2.407,0.0,300,158,83,0.0,-9.0,48.846930619329214,2.311370400711894,Garmin Forerunner 735 XT,2.450660724658928,5097.488862166793,2.4046624434389265,2.450660724658928,1918.0
2024-01-21 15:53:02+00:00,2024-01-21 15:53:02+00:00,582766330,27575585,5977.7,65535,59.39999999999998,59.39999999999998,2.407,2.407,0.0,300,158,83,0.0,-9.0,48.84690949693322,2.3113588336855173,Garmin Forerunner 735 XT,2.4965610502231472,5099.985423217016,2.402822624434402,2.4965610502231472,1919.0
2024-01-21 15:53:03+00:00,2024-01-21 15:53:03+00:00,582766097,27575499,5979.93,65535,58.39999999999998,58.39999999999998,2.407,2.407,0.0,300,158,82,0.0,-9.0,48.84688996709883,2.31135162524879,Garmin Forerunner 735 XT,2.234760580666069,5102.220183797683,2.4000570135746737,2.234760580666069,1920.0
2024-01-21 15:53:04+00:00,2024-01-21 15:53:04+00:00,582765879,27575433,5982.01,65535,57.39999999999998,57.39999999999998,2.398,2.398,0.0,300,158,81,0.0,-9.0,48.84687169454992,2.3113460931926966,Garmin Forerunner 735 XT,2.0717476485338056,5104.291931446217,2.396056108597298,2.0717476485338056,1921.0
2024-01-21 15:53:05+00:00,2024-01-21 15:53:05+00:00,582765655,27575356,5984.14,65535,56.60000000000002,56.60000000000002,2.398,2.398,0.0,300,158,81,0.0,-9.0,48.846852919086814,2.3113396391272545,Garmin Forerunner 735 XT,2.1404869181489232,5106.432418364366,2.3891257918552165,2.1404869181489232,1922.0
2024-01-21 15:53:06+00:00,2024-01-21 15:53:06+00:00,582765400,27575275,5986.57,65535,55.799999999999955,55.799999999999955,2.37,2.37,0.0,300,157,81,0.0,-9.0,48.84683154523373,2.3113328497856855,Garmin Forerunner 735 XT,2.428033932139999,5108.860452296506,2.3807131221719584,2.428033932139999,1923.0
2024-01-21 15:53:07+00:00,2024-01-21 15:53:07+00:00,582765178,27575263,5988.64,65535,54.799999999999955,54.799999999999955,2.37,2.37,0.0,300,156,81,0.0,-9.0,48.846812937408686,2.311331843957305,Garmin Forerunner 735 XT,2.0704043791418196,5110.930856675648,2.3703900452488815,2.0704043791418196,1924.0
2024-01-21 15:53:08+00:00,2024-01-21 15:53:08+00:00,582764938,27575228,5990.89,65535,53.799999999999955,53.799999999999955,2.351,2.351,0.0,300,156,81,0.0,-9.0,48.846792820841074,2.311328910291195,Garmin Forerunner 735 XT,2.247137493082419,5113.177994168731,2.3593900452488814,2.247137493082419,1925.0
2024-01-21 15:53:09+00:00,2024-01-21 15:53:09+00:00,582764745,27575206,5992.69,65535,53.0,53.0,2.351,2.351,0.0,300,156,81,0.0,-9.0,48.84677664376795,2.311327066272497,Garmin Forerunner 735 XT,1.8038623585253533,5114.981856527256,2.346960180995488,1.8038623585253533,1926.0
2024-01-21 15:53:10+00:00,2024-01-21 15:53:10+00:00,582764604,27575158,5994.0,65535,51.60000000000002,51.60000000000002,2.333,2.333,0.0,300,156,82,0.0,-9.0,48.84676482528448,2.311323042958975,Garmin Forerunner 735 XT,1.3467287635321996,5116.328585290788,2.333688687782818,1.3467287635321996,1927.0
2024-01-21 15:53:11+00:00,2024-01-21 15:53:11+00:00,582764451,27575118,5995.43,65535,49.799999999999955,49.799999999999955,2.333,2.333,0.0,300,157,82,0.0,-9.0,48.84675200097263,2.3113196901977062,Garmin Forerunner 735 XT,1.4469491170593458,5117.775534407848,2.3208425339366645,1.4469491170593458,1928.0
2024-01-21 15:53:12+00:00,2024-01-21 15:53:12+00:00,582764274,27575046,5997.14,65535,48.200000000000045,48.200000000000045,2.314,2.314,0.0,300,157,82,0.0,-9.0,48.846737165004015,2.3113136552274227,Garmin Forerunner 735 XT,1.7077691079313089,5119.483303515779,2.3097131221719582,1.7077691079313089,1929.0
2024-01-21 15:53:13+00:00,2024-01-21 15:53:13+00:00,582764058,27574949,5999.24,65535,46.39999999999998,46.39999999999998,2.295,2.295,0.0,300,157,81,0.0,-9.0,48.846719060093164,2.3113055247813463,Garmin Forerunner 735 XT,2.099244460800774,5121.58254797658,2.2997918552036323,2.099244460800774,1930.0
2024-01-21 15:53:14+00:00,2024-01-21 15:53:14+00:00,582763819,27574818,6001.61,65535,44.799999999999955,44.799999999999955,2.277,2.277,0.0,300,157,81,0.0,-9.0,48.846699027344584,2.3112945444881916,Garmin Forerunner 735 XT,2.368018999776049,5123.950566976356,2.2892561085972973,2.368018999776049,1931.0
2024-01-21 15:53:15+00:00,2024-01-21 15:53:15+00:00,582763565,27574788,6003.93,65535,43.39999999999998,43.39999999999998,2.277,2.277,0.0,300,157,81,0.0,-9.0,48.84667773731053,2.31129202991724,Garmin Forerunner 735 XT,2.3744838741566787,5126.3250508505125,2.279883257918564,2.3744838741566787,1932.0
2024-01-21 15:53:16+00:00,2024-01-21 15:53:16+00:00,582763349,27574667,6006.07,65535,42.200000000000045,42.200000000000045,2.267,2.267,0.0,300,157,81,0.0,-9.0,48.84665963239968,2.3112818878144026,Garmin Forerunner 735 XT,2.1456120387332036,5128.470662889245,2.2695221719457135,2.1456120387332036,1933.0
2024-01-21 15:53:17+00:00,2024-01-21 15:53:17+00:00,582763129,27574596,6008.17,65535,41.39999999999998,41.39999999999998,2.267,2.267,0.0,300,156,81,0.0,-9.0,48.8466411922127,2.311275936663151,Garmin Forerunner 735 XT,2.096188077970842,5130.566850967216,2.2611864253393783,2.096188077970842,1934.0
2024-01-21 15:53:18+00:00,2024-01-21 15:53:18+00:00,582762960,27574551,6009.77,65535,41.0,41.0,2.267,2.267,0.0,300,156,81,0.0,-9.0,48.84662702679634,2.3112721648067236,Garmin Forerunner 735 XT,1.5991214345226699,5132.165972401739,2.2544714932126815,1.5991214345226699,1935.0
2024-01-21 15:53:19+00:00,2024-01-21 15:53:19+00:00,582762757,27574487,6011.7,65535,39.799999999999955,39.799999999999955,2.249,2.249,0.0,300,156,81,0.0,-9.0,48.8466100115329,2.311266800388694,Garmin Forerunner 735 XT,1.9323026293395449,5134.098275031079,2.2513266968325913,1.9323026293395449,1936.0
2024-01-21 15:53:20+00:00,2024-01-21 15:53:20+00:00,582762526,27574413,6013.89,65535,38.39999999999998,38.39999999999998,2.249,2.249,0.0,300,156,81,0.0,-9.0,48.84659064933658,2.311260597780347,Garmin Forerunner 735 XT,2.200299242033677,5136.2985742731125,2.249800000000012,2.200299242033677,1937.0
2024-01-21 15:53:21+00:00,2024-01-21 15:53:21+00:00,582762228,27574359,6016.64,65535,38.39999999999998,38.39999999999998,2.239,2.239,0.0,300,157,81,0.0,-9.0,48.846565671265125,2.3112560715526342,Garmin Forerunner 735 XT,2.797113108842403,5139.095687381955,2.2491085972850797,2.797113108842403,1938.0
2024-01-21 15:53:22+00:00,2024-01-21 15:53:22+00:00,582761883,27574359,6019.59,65535,39.39999999999998,39.39999999999998,2.239,2.239,0.0,300,157,81,0.0,-9.0,48.84653675369918,2.3112560715526342,Garmin Forerunner 735 XT,3.215486623638821,5142.311174005594,2.2478009049773875,3.215486623638821,1939.0
2024-01-21 15:53:23+00:00,2024-01-21 15:53:23+00:00,582761595,27574348,6022.18,65535,39.39999999999998,39.39999999999998,2.249,2.249,0.0,300,157,81,0.0,-9.0,48.84651261381805,2.3112551495432854,Garmin Forerunner 735 XT,2.6850800799283068,5144.996254085522,2.2484841628959398,2.6850800799283068,1940.0
2024-01-21 15:53:24+00:00,2024-01-21 15:53:24+00:00,582761332,27574322,6024.6,65535,39.200000000000045,39.200000000000045,2.258,2.258,0.0,300,157,81,0.0,-9.0,48.84649056941271,2.3112529702484608,Garmin Forerunner 735 XT,2.456407889983823,5147.452661975506,2.2498642533936772,2.456407889983823,1941.0
2024-01-21 15:53:25+00:00,2024-01-21 15:53:25+00:00,582761068,27574261,6027.08,65535,39.0,39.0,2.258,2.258,0.0,300,157,81,0.0,-9.0,48.846468441188335,2.311247857287526,Garmin Forerunner 735 XT,2.4888289558077252,5149.941490931314,2.2519411764706003,2.4888289558077252,1942.0
2024-01-21 15:53:26+00:00,2024-01-21 15:53:26+00:00,582760828,27574179,6029.34,65535,38.200000000000045,38.200000000000045,2.258,2.258,0.0,300,157,81,0.0,-9.0,48.846448324620724,2.3112409841269255,Garmin Forerunner 735 XT,2.2927050498136463,5152.234195981127,2.2560090497737675,2.2927050498136463,1943.0
2024-01-21 15:53:27+00:00,2024-01-21 15:53:27+00:00,582760552,27574008,6032.1,65535,37.39999999999998,37.39999999999998,2.258,2.258,0.0,300,157,81,0.0,-9.0,48.84642519056797,2.311226651072502,Garmin Forerunner 735 XT,2.777987682241806,5155.012183663369,2.258849773755668,2.777987682241806,1944.0
2024-01-21 15:53:28+00:00,2024-01-21 15:53:28+00:00,582760288,27573907,6034.59,65535,37.0,37.0,2.258,2.258,0.0,300,156,81,0.0,-9.0,48.8464030623436,2.311218185350299,Garmin Forerunner 735 XT,2.5373300662622302,5157.549513729631,2.2626452488687905,2.5373300662622302,1945.0
2024-01-21 15:53:29+00:00,2024-01-21 15:53:29+00:00,582760006,27573853,6037.16,65535,36.200000000000045,36.200000000000045,2.267,2.267,0.0,300,155,81,0.0,-9.0,48.846379425376654,2.3112136591225863,Garmin Forerunner 735 XT,2.6490972156291077,5160.19861094526,2.2650407239819126,2.6490972156291077,1946.0
2024-01-21 15:53:30+00:00,2024-01-21 15:53:30+00:00,582759733,27573810,6039.68,65535,35.799999999999955,35.799999999999955,2.267,2.267,0.0,300,155,81,0.0,-9.0,48.846356542780995,2.3112100549042225,Garmin Forerunner 735 XT,2.5580608054750646,5162.756671750735,2.267481447963813,2.5580608054750646,1947.0
2024-01-21 15:53:31+00:00,2024-01-21 15:53:31+00:00,582759454,27573750,6042.26,65535,35.39999999999998,35.39999999999998,2.267,2.267,0.0,300,155,80,0.0,-9.0,48.84633315727115,2.3112050257623196,Garmin Forerunner 735 XT,2.6262617403237236,5165.382933491059,2.2695040723982025,2.6262617403237236,1948.0
2024-01-21 15:53:32+00:00,2024-01-21 15:53:32+00:00,582759157,27573706,6044.96,65535,35.0,35.0,2.277,2.277,0.0,300,155,80,0.0,-9.0,48.84630826301873,2.311201337724924,Garmin Forerunner 735 XT,2.7812388923965354,5168.1641723834555,2.271714932126709,2.7812388923965354,1949.0
2024-01-21 15:53:33+00:00,2024-01-21 15:53:33+00:00,582758891,27573689,6047.31,65535,34.39999999999998,34.39999999999998,2.277,2.277,0.0,300,155,80,0.0,-9.0,48.84628596715629,2.311199912801385,Garmin Forerunner 735 XT,2.481378487303646,5170.6455508707595,2.275254298642546,2.481378487303646,1950.0
2024-01-21 15:53:34+00:00,2024-01-21 15:53:34+00:00,582758573,27573564,6050.31,65535,33.799999999999955,33.799999999999955,2.286,2.286,0.0,300,157,80,0.0,-9.0,48.846259312704206,2.3111894354224205,Garmin Forerunner 735 XT,3.06139732663675,5173.706948197396,2.2805502262443555,3.06139732663675,1951.0
2024-01-21 15:53:35+00:00,2024-01-21 15:53:35+00:00,582758364,27573501,6052.26,65535,32.39999999999998,32.39999999999998,2.286,2.286,0.0,300,158,81,0.0,-9.0,48.84624179452658,2.3111841548234224,Garmin Forerunner 735 XT,1.9858885766789065,5175.692836774075,2.2876588235294237,1.9858885766789065,1952.0
2024-01-21 15:53:36+00:00,2024-01-21 15:53:36+00:00,582757909,27573613,6056.03,65535,37.0,37.0,2.295,2.295,0.0,300,158,81,0.0,-9.0,48.84620365686715,2.3111935425549746,Garmin Forerunner 735 XT,4.2959933739043406,5179.988830147979,2.295967420814492,4.2959933739043406,1953.0
2024-01-21 15:53:37+00:00,2024-01-21 15:53:37+00:00,582757407,27573816,6060.23,65535,43.200000000000045,43.200000000000045,2.295,2.295,0.0,300,158,81,0.0,-9.0,48.846161579713225,2.311210557818413,Garmin Forerunner 735 XT,4.841603583108362,5184.830433731087,2.3071022624434514,4.841603583108362,1954.0
2024-01-21 15:53:38+00:00,2024-01-21 15:53:38+00:00,582756959,27574014,6064.08,65535,49.0,49.0,2.314,2.314,0.0,300,158,81,0.0,-9.0,48.84612402878702,2.3112271539866924,Garmin Forerunner 735 XT,4.34849614498277,5189.1789298760705,2.320636199095035,4.34849614498277,1955.0
2024-01-21 15:53:39+00:00,2024-01-21 15:53:39+00:00,582756532,27574150,6067.87,65535,53.200000000000045,53.200000000000045,2.342,2.342,0.0,300,157,81,0.0,-9.0,48.846088238060474,2.3112385533750057,Garmin Forerunner 735 XT,4.066227425270992,5193.245157301341,2.337865158371053,4.066227425270992,1956.0
2024-01-21 15:53:40+00:00,2024-01-21 15:53:40+00:00,582756099,27574286,6071.66,65535,58.200000000000045,58.200000000000045,2.361,2.361,0.0,300,157,81,0.0,-9.0,48.84605194441974,2.311249952763319,Garmin Forerunner 735 XT,4.1209756866209855,5197.366132987962,2.3586868778280667,4.1209756866209855,1957.0
2024-01-21 15:53:41+00:00,2024-01-21 15:53:41+00:00,582755629,27574492,6075.85,65535,63.39999999999998,63.39999999999998,2.379,2.379,0.0,300,157,80,0.0,-9.0,48.846012549474835,2.3112672194838524,Garmin Forerunner 735 XT,4.559098666507121,5201.92523165447,2.3811176470588364,4.559098666507121,1958.0
2024-01-21 15:53:42+00:00,2024-01-21 15:53:42+00:00,582755204,27574586,6079.76,65535,66.60000000000002,66.60000000000002,2.398,2.398,0.0,300,157,80,0.0,-9.0,48.845976926386356,2.3112750984728336,Garmin Forerunner 735 XT,4.00284614385956,5205.9280777983295,2.404905882352954,4.00284614385956,1959.0
2024-01-21 15:53:43+00:00,2024-01-21 15:53:43+00:00,582754796,27574681,6083.46,65535,69.39999999999998,69.39999999999998,2.426,2.426,0.0,300,157,80,0.0,-9.0,48.84594272822142,2.3112830612808466,Garmin Forerunner 735 XT,3.8470460347352002,5209.775123833065,2.428553846153859,3.8470460347352002,1960.0
2024-01-21 15:53:44+00:00,2024-01-21 15:53:44+00:00,582754422,27574751,6086.81,65535,72.0,72.0,2.454,2.454,0.0,300,157,80,0.0,-9.0,48.845911379903555,2.3112889286130667,Garmin Forerunner 735 XT,3.5121159614404247,5213.287239794505,2.4511990950226377,3.5121159614404247,1961.0
2024-01-21 15:53:45+00:00,2024-01-21 15:53:45+00:00,582754066,27574874,6089.96,65535,73.20000000000005,73.20000000000005,2.482,2.482,0.0,300,158,80,0.0,-9.0,48.845881540328264,2.3112992383539677,Garmin Forerunner 735 XT,3.4026963510464565,5216.689936145552,2.470814479638022,3.4026963510464565,1962.0
2024-01-21 15:53:46+00:00,2024-01-21 15:53:46+00:00,582753738,27574927,6092.95,65535,75.0,75.0,2.491,2.491,0.0,300,157,80,0.0,-9.0,48.84585404768586,2.3113036807626486,Garmin Forerunner 735 XT,3.0742776803373673,5219.764213825889,2.48747420814481,3.0742776803373673,1963.0
2024-01-21 15:53:47+00:00,2024-01-21 15:53:47+00:00,582753411,27574958,6095.79,65535,76.79999999999995,76.79999999999995,2.501,2.501,0.0,300,157,81,0.0,-9.0,48.84582663886249,2.3113062791526318,Garmin Forerunner 735 XT,3.053647512083456,5222.817861337972,2.500775565610873,3.053647512083456,1964.0
2024-01-21 15:53:48+00:00,2024-01-21 15:53:48+00:00,582753113,27574934,6098.56,65535,78.20000000000005,78.20000000000005,2.51,2.51,0.0,300,157,82,0.0,-9.0,48.84580166079104,2.3113042674958706,Garmin Forerunner 735 XT,2.781333045038302,5225.59919438301,2.5086633484163032,2.781333045038302,1965.0
2024-01-21 15:53:49+00:00,2024-01-21 15:53:49+00:00,582752819,27574964,6101.25,65535,79.20000000000005,79.20000000000005,2.519,2.519,0.0,300,157,82,0.0,-9.0,48.845777017995715,2.311306782066822,Garmin Forerunner 735 XT,2.7463250505770285,5228.3455194335875,2.512645248868792,2.7463250505770285,1966.0
2024-01-21 15:53:50+00:00,2024-01-21 15:53:50+00:00,582752523,27574961,6103.98,65535,80.79999999999995,80.79999999999995,2.519,2.519,0.0,300,157,82,0.0,-9.0,48.84575220756233,2.311306530609727,Garmin Forerunner 735 XT,2.758855684319091,5231.104375117907,2.514108597285081,2.758855684319091,1967.0
2024-01-21 15:53:51+00:00,2024-01-21 15:53:51+00:00,582752268,27574986,6106.35,65535,82.0,82.0,2.519,2.519,0.0,300,157,81,0.0,-9.0,48.84573083370924,2.31130862608552,Garmin Forerunner 735 XT,2.3816054817618215,5233.485980599668,2.5137683257918684,2.3816054817618215,1968.0
2024-01-21 15:53:52+00:00,2024-01-21 15:53:52+00:00,582751973,27574996,6109.09,65535,83.20000000000005,83.20000000000005,2.51,2.51,0.0,300,157,81,0.0,-9.0,48.845706107094884,2.311309464275837,Garmin Forerunner 735 XT,2.7501581239354307,5236.236138723604,2.5143927601810088,2.7501581239354307,1969.0
2024-01-21 15:53:53+00:00,2024-01-21 15:53:53+00:00,582751634,27575018,6112.24,65535,84.20000000000005,84.20000000000005,2.501,2.501,0.0,300,158,81,0.0,-9.0,48.84567769244313,2.3113113082945347,Garmin Forerunner 735 XT,3.1624452659952276,5239.3985839895995,2.515957466063362,3.1624452659952276,1970.0
2024-01-21 15:53:54+00:00,2024-01-21 15:53:54+00:00,582751294,27575030,6115.39,65535,85.20000000000005,85.20000000000005,2.501,2.501,0.0,300,158,81,0.0,-9.0,48.84564919397235,2.3113123141229153,Garmin Forerunner 735 XT,3.169740026842281,5242.568324016442,2.5173067873303303,3.169740026842281,1971.0
2024-01-21 15:53:55+00:00,2024-01-21 15:53:55+00:00,582751011,27574990,6118.03,65535,85.0,85.0,2.519,2.519,0.0,300,157,81,0.0,-9.0,48.845625473186374,2.3113089613616467,Garmin Forerunner 735 XT,2.6490169027351493,5245.217340919176,2.5195520361991086,2.6490169027351493,1972.0
2024-01-21 15:53:56+00:00,2024-01-21 15:53:56+00:00,582750725,27574933,6120.72,65535,84.60000000000002,84.60000000000002,2.529,2.529,0.0,300,157,81,0.0,-9.0,48.8456015009433,2.311304183676839,Garmin Forerunner 735 XT,2.688421310658202,5247.905762229834,2.5229565610859863,2.688421310658202,1973.0
2024-01-21 15:53:57+00:00,2024-01-21 15:53:57+00:00,582750470,27574873,6123.12,65535,84.60000000000002,84.60000000000002,2.529,2.529,0.0,300,156,81,0.0,-9.0,48.845580127090216,2.311299154534936,Garmin Forerunner 735 XT,2.4049877976221294,5250.310750027456,2.527061538461552,2.4049877976221294,1974.0
2024-01-21 15:53:58+00:00,2024-01-21 15:53:58+00:00,582750201,27574772,6125.7,65535,84.39999999999998,84.39999999999998,2.538,2.538,0.0,300,156,81,0.0,-9.0,48.845557579770684,2.3112906888127327,Garmin Forerunner 735 XT,2.582548661556447,5252.893298689013,2.5295710407239955,2.582548661556447,1975.0
2024-01-21 15:53:59+00:00,2024-01-21 15:53:59+00:00,582749927,27574667,6128.34,65535,84.60000000000002,84.60000000000002,2.529,2.529,0.0,300,156,80,0.0,-9.0,48.845534613355994,2.3112818878144026,Garmin Forerunner 735 XT,2.63370490920029,5255.527003598213,2.530996380090511,2.63370490920029,1976.0
2024-01-21 15:54:00+00:00,2024-01-21 15:54:00+00:00,582749655,27574568,6130.94,65535,84.79999999999995,84.79999999999995,2.529,2.529,0.0,300,156,80,0.0,-9.0,48.84551181457937,2.3112735897302628,Garmin Forerunner 735 XT,2.6068170728444002,5258.133820671057,2.528684162895941,2.6068170728444002,1977.0
2024-01-21 15:54:01+00:00,2024-01-21 15:54:01+00:00,582749440,27574552,6132.94,65535,84.79999999999995,84.79999999999995,2.529,2.529,0.0,300,157,81,0.0,-9.0,48.84549379348755,2.3112722486257553,Garmin Forerunner 735 XT,2.006255644240468,5260.140076315298,2.5213656108597418,2.006255644240468,1978.0
2024-01-21 15:54:02+00:00,2024-01-21 15:54:02+00:00,582749224,27574565,6134.96,65535,84.0,84.0,2.519,2.519,0.0,300,157,81,0.0,-9.0,48.8454756885767,2.3112733382731676,Garmin Forerunner 735 XT,2.0147526936059226,5262.154829008904,2.5101828054298774,2.0147526936059226,1979.0
2024-01-21 15:54:03+00:00,2024-01-21 15:54:03+00:00,582749008,27574542,6136.98,65535,83.79999999999995,83.79999999999995,2.501,2.501,0.0,300,157,81,0.0,-9.0,48.84545758366585,2.311271410435438,Garmin Forerunner 735 XT,2.018110980471449,5264.172939989376,2.498840723981914,2.018110980471449,1980.0
2024-01-21 15:54:04+00:00,2024-01-21 15:54:04+00:00,582748813,27574569,6138.79,65535,83.0,83.0,2.482,2.482,0.0,300,157,81,0.0,-9.0,48.84544123895466,2.3112736735492945,Garmin Forerunner 735 XT,1.824978451960285,5265.997918441336,2.4874642533936786,1.824978451960285,1981.0
2024-01-21 15:54:05+00:00,2024-01-21 15:54:05+00:00,582748577,27574587,6140.98,65535,82.60000000000002,82.60000000000002,2.473,2.473,0.0,300,157,81,0.0,-9.0,48.84542145766318,2.3112751822918653,Garmin Forerunner 735 XT,2.202348309523658,5268.20026675086,2.476374660633497,2.202348309523658,1982.0
2024-01-21 15:54:06+00:00,2024-01-21 15:54:06+00:00,582748299,27574577,6143.57,65535,81.79999999999995,81.79999999999995,2.454,2.454,0.0,300,157,80,0.0,-9.0,48.84539815597236,2.311274344101548,Garmin Forerunner 735 XT,2.5917556837605686,5270.79202243462,2.466561990950239,2.5917556837605686,1983.0
2024-01-21 15:54:07+00:00,2024-01-21 15:54:07+00:00,582748026,27574569,6146.1,65535,81.20000000000005,81.20000000000005,2.445,2.445,0.0,300,157,80,0.0,-9.0,48.8453752733767,2.3112736735492945,Garmin Forerunner 735 XT,2.54490164181469,5273.336924076434,2.4563420814479766,2.54490164181469,1984.0
2024-01-21 15:54:08+00:00,2024-01-21 15:54:08+00:00,582747794,27574577,6148.25,65535,80.39999999999998,80.39999999999998,2.445,2.445,0.0,300,157,80,0.0,-9.0,48.845355827361345,2.311274344101548,Garmin Forerunner 735 XT,2.1628549354874322,5275.499779011921,2.445793665158384,2.1628549354874322,1985.0
2024-01-21 15:54:09+00:00,2024-01-21 15:54:09+00:00,582747549,27574625,6150.53,65535,80.20000000000005,80.20000000000005,2.445,2.445,0.0,300,157,80,0.0,-9.0,48.845335291698575,2.3112783674150705,Garmin Forerunner 735 XT,2.302362996059512,5277.802142007981,2.4358968325791985,2.302362996059512,1986.0
2024-01-21 15:54:10+00:00,2024-01-21 15:54:10+00:00,582747380,27574689,6152.14,65535,79.39999999999998,79.39999999999998,2.435,2.435,0.0,300,157,80,0.0,-9.0,48.845321126282215,2.3112837318331003,Garmin Forerunner 735 XT,1.6233011307486935,5279.42544313873,2.4261285067873435,1.6233011307486935,1987.0
2024-01-21 15:54:11+00:00,2024-01-21 15:54:11+00:00,582747252,27574871,6153.71,65535,78.20000000000005,78.20000000000005,2.426,2.426,0.0,300,157,80,0.0,-9.0,48.845310397446156,2.3112989868968725,Garmin Forerunner 735 XT,1.6338271077106001,5281.05927024644,2.415057918552049,1.6338271077106001,1988.0
2024-01-21 15:54:12+00:00,2024-01-21 15:54:12+00:00,582747123,27575080,6155.44,65535,77.60000000000002,77.60000000000002,2.407,2.407,0.0,300,157,79,0.5,-9.0,48.845299584791064,2.311316505074501,Garmin Forerunner 735 XT,1.7575216483922518,5282.816791894832,2.403399095022637,1.7575216483922518,1989.0
2024-01-21 15:54:13+00:00,2024-01-21 15:54:13+00:00,582747064,27575288,6156.77,65535,76.60000000000002,76.60000000000002,2.389,2.389,0.0,300,157,79,0.5,-9.0,48.84529463946819,2.311333939433098,Garmin Forerunner 735 XT,1.3892530662191185,5284.206044961051,2.391349321266981,1.3892530662191185,1990.0
2024-01-21 15:54:14+00:00,2024-01-21 15:54:14+00:00,582747003,27575613,6158.82,65535,75.60000000000002,75.60000000000002,2.37,2.37,0.0,300,157,79,0.5,-9.0,48.84528952650726,2.3113611806184053,Garmin Forerunner 735 XT,2.0729117503521914,5286.278956711403,2.3788859728506915,2.0729117503521914,1991.0
2024-01-21 15:54:15+00:00,2024-01-21 15:54:15+00:00,582746975,27575905,6160.59,65535,74.0,74.0,2.361,2.361,0.0,300,156,80,0.0,-9.0,48.84528717957437,2.3113856557756662,Garmin Forerunner 735 XT,1.8099257938253932,5288.088882505229,2.3659049773755783,1.8099257938253932,1992.0
2024-01-21 15:54:16+00:00,2024-01-21 15:54:16+00:00,582746986,27576218,6162.43,65535,72.39999999999998,72.39999999999998,2.351,2.351,0.0,300,155,80,0.0,-9.0,48.84528810158372,2.311411891132593,Garmin Forerunner 735 XT,1.922554290753496,5290.011436795982,2.3541457013574787,1.922554290753496,1993.0
2024-01-21 15:54:17+00:00,2024-01-21 15:54:17+00:00,582746998,27576571,6164.58,65535,71.60000000000002,71.60000000000002,2.342,2.342,0.0,300,155,80,0.0,-9.0,48.8452891074121,2.3114414792507887,Garmin Forerunner 735 XT,2.1680497128734006,5292.179486508856,2.3447122171945827,2.1680497128734006,1994.0
2024-01-21 15:54:18+00:00,2024-01-21 15:54:18+00:00,582747019,27576891,6166.5,65535,70.79999999999995,70.79999999999995,2.342,2.342,0.0,300,155,80,0.0,-9.0,48.845290867611766,2.3114683013409376,Garmin Forerunner 735 XT,1.9724886094457077,5294.151975118301,2.3373239819004654,1.9724886094457077,1995.0
2024-01-21 15:54:19+00:00,2024-01-21 15:54:19+00:00,582747022,27577215,6168.49,65535,69.60000000000002,69.60000000000002,2.333,2.333,0.0,300,156,80,0.0,-9.0,48.84529111906886,2.3114954587072134,Garmin Forerunner 735 XT,1.9874849907205687,5296.139460109022,2.3324542986425465,1.9874849907205687,1996.0
2024-01-21 15:54:20+00:00,2024-01-21 15:54:20+00:00,582747071,27577554,6170.6,65535,68.79999999999995,68.79999999999995,2.333,2.333,0.0,300,157,80,0.0,-9.0,48.845295226201415,2.311523873358965,Garmin Forerunner 735 XT,2.1288551653589347,5298.268315274381,2.3296751131221844,2.1288551653589347,1997.0
2024-01-21 15:54:21+00:00,2024-01-21 15:54:21+00:00,582747067,27577894,6172.69,65535,68.60000000000002,68.60000000000002,2.323,2.323,0.0,300,157,81,0.0,-9.0,48.84529489092529,2.311552371829748,Garmin Forerunner 735 XT,2.085759032095113,5300.354074306476,2.328066063348429,2.085759032095113,1998.0
2024-01-21 15:54:22+00:00,2024-01-21 15:54:22+00:00,582746988,27578226,6174.86,65535,67.60000000000002,67.60000000000002,2.323,2.323,0.0,300,157,81,0.0,-9.0,48.84528826922178,2.3115801997482777,Garmin Forerunner 735 XT,2.1653839792576073,5302.519458285734,2.3257809954751254,2.1653839792576073,1999.0
2024-01-21 15:54:23+00:00,2024-01-21 15:54:23+00:00,582746845,27578503,6177.02,65535,67.20000000000005,67.20000000000005,2.323,2.323,0.0,300,157,81,0.0,-9.0,48.84527628310025,2.311603417620063,Garmin Forerunner 735 XT,2.1593927184155217,5304.67885100415,2.324209049773768,2.1593927184155217,2000.0
2024-01-21 15:54:24+00:00,2024-01-21 15:54:24+00:00,582746736,27578732,6178.72,65535,66.0,66.0,2.323,2.323,0.0,300,157,80,0.0,-9.0,48.84526714682579,2.3116226121783257,Garmin Forerunner 735 XT,1.7334816119748941,5306.412332616124,2.32308416289594,1.7334816119748941,2001.0
2024-01-21 15:54:25+00:00,2024-01-21 15:54:25+00:00,582746564,27578840,6180.45,65535,64.60000000000002,64.60000000000002,2.323,2.323,0.0,300,157,80,0.0,-9.0,48.845252729952335,2.311631664633751,Garmin Forerunner 735 XT,1.7345572922820534,5308.146889908407,2.3213846153846283,1.7345572922820534,2002.0
2024-01-21 15:54:26+00:00,2024-01-21 15:54:26+00:00,582746363,27578928,6182.41,65535,64.39999999999998,64.39999999999998,2.323,2.323,0.0,300,158,81,0.0,-9.0,48.84523588232696,2.311639040708542,Garmin Forerunner 735 XT,1.9495782652768379,5310.096468173683,2.3185104072398315,1.9495782652768379,2003.0
2024-01-21 15:54:27+00:00,2024-01-21 15:54:27+00:00,582746206,27579238,6184.78,65535,64.39999999999998,64.39999999999998,2.314,2.314,0.0,300,159,81,0.0,-9.0,48.84522272273898,2.3116650246083736,Garmin Forerunner 735 XT,2.399288495425791,5312.495756669109,2.31351674208146,2.399288495425791,2004.0
2024-01-21 15:54:28+00:00,2024-01-21 15:54:28+00:00,582746160,27579586,6186.92,65535,64.20000000000005,64.20000000000005,2.305,2.305,0.0,300,159,81,0.0,-9.0,48.84521886706352,2.3116941936314106,Garmin Forerunner 735 XT,2.1771292421195994,5314.672885911229,2.3071402714932248,2.1771292421195994,2005.0
2024-01-21 15:54:29+00:00,2024-01-21 15:54:29+00:00,582746049,27579816,6188.64,65535,64.0,64.0,2.305,2.305,0.0,300,159,81,0.0,-9.0,48.845209563151,2.311713472008705,Garmin Forerunner 735 XT,1.749414957149026,5316.422300868378,2.298317647058836,1.749414957149026,2006.0
2024-01-21 15:54:30+00:00,2024-01-21 15:54:30+00:00,582745922,27580058,6190.56,65535,63.60000000000002,63.60000000000002,2.295,2.295,0.0,300,159,80,0.0,-9.0,48.845198918133974,2.3117337562143803,Garmin Forerunner 735 XT,1.898507333027344,5318.320808201406,2.287431674208157,1.898507333027344,2007.0
2024-01-21 15:54:31+00:00,2024-01-21 15:54:31+00:00,582745725,27580270,6192.78,65535,62.60000000000002,62.60000000000002,2.277,2.277,0.0,300,159,80,0.0,-9.0,48.845182405784726,2.311751525849104,Garmin Forerunner 735 XT,2.2499055422422036,5320.570713743648,2.276111312217207,2.2499055422422036,2008.0
2024-01-21 15:54:32+00:00,2024-01-21 15:54:32+00:00,582745542,27580410,6194.69,65535,62.0,62.0,2.258,2.258,0.0,300,158,79,0.5,-9.0,48.84516706690192,2.311763260513544,Garmin Forerunner 735 XT,1.9095730002265752,5322.480286743875,2.263985520362003,1.9095730002265752,2009.0
2024-01-21 15:54:33+00:00,2024-01-21 15:54:33+00:00,582745362,27580567,6196.61,65535,60.799999999999955,60.799999999999955,2.249,2.249,0.0,300,157,79,0.5,-9.0,48.84515197947621,2.3117764201015234,Garmin Forerunner 735 XT,1.9343787833369155,5324.414665527212,2.2520678733031794,1.9343787833369155,2010.0
2024-01-21 15:54:34+00:00,2024-01-21 15:54:34+00:00,582745166,27580745,6198.67,65535,59.39999999999998,59.39999999999998,2.239,2.239,0.0,300,157,79,0.5,-9.0,48.845135550946,2.3117913398891687,Garmin Forerunner 735 XT,2.1281636115032105,5326.542829138715,2.241371945701369,2.1281636115032105,2011.0
2024-01-21 15:54:35+00:00,2024-01-21 15:54:35+00:00,582744938,27580860,6200.9,65535,58.799999999999955,58.799999999999955,2.23,2.23,0.0,300,157,80,0.0,-9.0,48.845116440206766,2.311800979077816,Garmin Forerunner 735 XT,2.239026775591761,5328.781855914307,2.2316651583710527,2.239026775591761,2012.0
2024-01-21 15:54:36+00:00,2024-01-21 15:54:36+00:00,582744738,27581009,6202.86,65535,58.200000000000045,58.200000000000045,2.221,2.221,0.0,300,157,80,0.0,-9.0,48.84509967640042,2.3118134681135416,Garmin Forerunner 735 XT,2.0760336742376486,5330.857889588545,2.222562895927614,2.0760336742376486,2013.0
2024-01-21 15:54:37+00:00,2024-01-21 15:54:37+00:00,582744484,27581035,6205.23,65535,57.60000000000002,57.60000000000002,2.221,2.221,0.0,300,158,80,0.0,-9.0,48.84507838636637,2.311815647408366,Garmin Forerunner 735 XT,2.3727091335159565,5333.230598722061,2.21684524886879,2.3727091335159565,2014.0
2024-01-21 15:54:38+00:00,2024-01-21 15:54:38+00:00,582744233,27581070,6207.57,65535,56.799999999999955,56.799999999999955,2.211,2.211,0.0,300,159,80,0.0,-9.0,48.84505734778941,2.3118185810744762,Garmin Forerunner 735 XT,2.3492124651877773,5335.579811187248,2.2138877828054415,2.3492124651877773,2015.0
2024-01-21 15:54:39+00:00,2024-01-21 15:54:39+00:00,582744000,27581093,6209.71,65535,56.39999999999998,56.39999999999998,2.211,2.211,0.0,300,160,80,0.0,-9.0,48.84503781795502,2.3118205089122057,Garmin Forerunner 735 XT,2.1761959208947483,5337.7560071081425,2.2125737556561207,2.1761959208947483,2016.0
2024-01-21 15:54:40+00:00,2024-01-21 15:54:40+00:00,582743777,27581109,6211.74,65535,56.60000000000002,56.60000000000002,2.211,2.211,0.0,300,160,80,0.0,-9.0,48.845019126310945,2.311821850016713,Garmin Forerunner 735 XT,2.0807316361531516,5339.836738744296,2.2127556561086092,2.0807316361531516,2017.0
2024-01-21 15:54:41+00:00,2024-01-21 15:54:41+00:00,582743514,27580982,6214.31,65535,56.60000000000002,56.60000000000002,2.211,2.211,0.0,300,160,80,0.0,-9.0,48.8449970819056,2.3118112049996853,Garmin Forerunner 735 XT,2.572023908865135,5342.408762653161,2.2148398190045366,2.572023908865135,2018.0
2024-01-21 15:54:42+00:00,2024-01-21 15:54:42+00:00,582743271,27580816,6216.8,65535,56.60000000000002,56.60000000000002,2.211,2.211,0.0,300,160,80,0.0,-9.0,48.8449767138809,2.3117972910404205,Garmin Forerunner 735 XT,2.483166208434046,5344.891928861595,2.219409049773768,2.483166208434046,2019.0
2024-01-21 15:54:43+00:00,2024-01-21 15:54:43+00:00,582743037,27580633,6219.25,65535,57.0,57.0,2.221,2.221,0.0,300,160,80,0.0,-9.0,48.844957100227475,2.3117819521576166,Garmin Forerunner 735 XT,2.4528358832113115,5347.3447647448065,2.22484524886879,2.4528358832113115,2020.0
2024-01-21 15:54:44+00:00,2024-01-21 15:54:44+00:00,582742899,27580450,6220.95,65535,56.799999999999955,56.799999999999955,2.221,2.221,0.0,300,159,80,0.0,-9.0,48.8449455332011,2.3117666132748127,Garmin Forerunner 735 XT,1.7071050010239421,5349.05186974583,2.226203619909514,1.7071050010239421,2021.0
2024-01-21 15:54:45+00:00,2024-01-21 15:54:45+00:00,582742649,27580421,6223.05,65535,58.60000000000002,58.60000000000002,2.221,2.221,0.0,300,158,80,0.0,-9.0,48.84492457844317,2.311764182522893,Garmin Forerunner 735 XT,2.3368423840855925,5351.388712129916,2.219939366515849,2.3368423840855925,2022.0
2024-01-21 15:54:46+00:00,2024-01-21 15:54:46+00:00,582742566,27580393,6223.83,65535,57.39999999999998,57.39999999999998,2.221,2.221,0.0,300,156,81,0.0,-9.0,48.84491762146354,2.311761835590005,Garmin Forerunner 735 XT,0.7924157433583412,5352.181127873274,2.205901357466075,0.7924157433583412,2023.0
2024-01-21 15:54:47+00:00,2024-01-21 15:54:47+00:00,582742484,27580458,6224.56,65535,57.0,57.0,2.211,2.211,0.0,300,156,81,0.0,-9.0,48.84491074830294,2.3117672838270664,Garmin Forerunner 735 XT,0.862001087736544,5353.043128961011,2.185184615384627,0.862001087736544,2024.0
2024-01-21 15:54:48+00:00,2024-01-21 15:54:48+00:00,582742442,27580536,6224.98,65535,56.39999999999998,56.39999999999998,2.193,2.193,0.0,300,156,81,0.0,-9.0,48.844907227903605,2.3117738217115402,Garmin Forerunner 735 XT,0.6181617271312322,5353.661290688142,2.1608334841629073,0.6181617271312322,2025.0
2024-01-21 15:54:49+00:00,2024-01-21 15:54:49+00:00,582742349,27580540,6225.82,65535,55.799999999999955,55.799999999999955,2.146,2.146,0.0,300,156,81,0.0,-9.0,48.844899432733655,2.311774156987667,Garmin Forerunner 735 XT,0.8671305117101392,5354.528421199852,2.13299819004526,0.8671305117101392,2026.0
2024-01-21 15:54:50+00:00,2024-01-21 15:54:50+00:00,582742248,27580420,6226.97,65535,55.0,55.0,2.081,2.081,0.0,300,156,81,0.0,-9.0,48.84489096701145,2.3117640987038612,Garmin Forerunner 735 XT,1.1949409146326868,5355.723362114485,2.102321266968337,1.1949409146326868,2027.0
2024-01-21 15:54:51+00:00,2024-01-21 15:54:51+00:00,582742082,27580321,6228.63,65535,55.60000000000002,55.60000000000002,2.034,2.034,0.0,300,156,81,0.0,-9.0,48.84487705305219,2.3117558006197214,Garmin Forerunner 735 XT,1.6620589226025,5357.385421037087,2.0722144796380197,1.6620589226025,2028.0
2024-01-21 15:54:52+00:00,2024-01-21 15:54:52+00:00,582741928,27580190,6230.24,65535,55.799999999999955,55.799999999999955,2.025,2.025,0.0,300,156,81,0.0,-9.0,48.8448641449213,2.3117448203265667,Garmin Forerunner 735 XT,1.6449214479648384,5359.030342485052,2.0440895927601916,1.6449214479648384,2029.0
2024-01-21 15:54:53+00:00,2024-01-21 15:54:53+00:00,582741788,27580185,6231.49,65535,54.60000000000002,54.60000000000002,2.015,2.015,0.0,300,156,81,0.0,-9.0,48.84485241025686,2.311744401231408,Garmin Forerunner 735 XT,1.3051955091796414,5360.335537994231,2.020064253393676,1.3051955091796414,2030.0
2024-01-21 15:54:54+00:00,2024-01-21 15:54:54+00:00,582741647,27580181,6232.77,65535,53.39999999999998,53.39999999999998,2.015,2.015,0.0,300,157,80,0.0,-9.0,48.84484059177339,2.3117440659552813,Garmin Forerunner 735 XT,1.3143844076513516,5361.649922401883,2.0022561085972956,1.3143844076513516,2031.0
2024-01-21 15:54:55+00:00,2024-01-21 15:54:55+00:00,582741440,27580224,6234.63,65535,52.200000000000045,52.200000000000045,1.997,1.997,0.0,300,157,80,0.0,-9.0,48.844823241233826,2.311747670173645,Garmin Forerunner 735 XT,1.94723656741939,5363.597158969302,1.9913981900452598,1.94723656741939,2032.0
2024-01-21 15:54:56+00:00,2024-01-21 15:54:56+00:00,582741211,27580300,6236.77,65535,51.39999999999998,51.39999999999998,1.987,1.987,0.0,300,157,80,0.0,-9.0,48.84480404667556,2.3117540404200554,Garmin Forerunner 735 XT,2.1846510687429856,5365.781810038045,1.9857547511312323,2.1846510687429856,2033.0
2024-01-21 15:54:57+00:00,2024-01-21 15:54:57+00:00,582741017,27580297,6238.58,65535,51.0,51.0,1.987,1.987,0.0,300,157,80,0.0,-9.0,48.84478778578341,2.3117537889629602,Garmin Forerunner 735 XT,1.8082223395051096,5367.5900323775495,1.9848705882353048,1.8082223395051096,2034.0
2024-01-21 15:54:58+00:00,2024-01-21 15:54:58+00:00,582740827,27580272,6240.36,65535,50.799999999999955,50.799999999999955,1.987,1.987,0.0,300,157,80,0.0,-9.0,48.844771860167384,2.3117516934871674,Garmin Forerunner 735 XT,1.777474409829294,5369.367506787379,1.9849076923077034,1.777474409829294,2035.0
2024-01-21 15:54:59+00:00,2024-01-21 15:54:59+00:00,582740579,27580207,6242.71,65535,51.0,51.0,1.987,1.987,0.0,300,157,80,0.0,-9.0,48.84475107304752,2.311746245250106,Garmin Forerunner 735 XT,2.3455544122505754,5371.71306119963,1.9849828054298753,2.3455544122505754,2036.0
2024-01-21 15:55:00+00:00,2024-01-21 15:55:00+00:00,582740377,27580204,6244.58,65535,50.799999999999955,50.799999999999955,1.987,1.987,0.0,300,157,80,0.0,-9.0,48.84473414160311,2.3117459937930107,Garmin Forerunner 735 XT,1.8827806404462961,5373.595841840076,1.9876262443439026,1.8827806404462961,2037.0
2024-01-21 15:55:01+00:00,2024-01-21 15:55:01+00:00,582739967,27580349,6248.39,65535,49.0,49.0,1.987,1.987,0.0,300,156,81,0.0,-9.0,48.84469977580011,2.3117581475526094,Garmin Forerunner 735 XT,3.9234370633385387,5377.5192789034145,1.9932199095022733,3.9234370633385387,2038.0
2024-01-21 15:55:02+00:00,2024-01-21 15:55:02+00:00,582739696,27580545,6251.11,65535,47.39999999999998,47.39999999999998,1.987,1.987,0.0,300,156,81,0.0,-9.0,48.844677060842514,2.3117745760828257,Garmin Forerunner 735 XT,2.797301020680069,5380.316579924094,2.0021257918552147,2.797301020680069,2039.0
2024-01-21 15:55:03+00:00,2024-01-21 15:55:03+00:00,582739413,27580732,6253.98,65535,45.39999999999998,45.39999999999998,2.015,2.015,0.0,300,156,81,0.0,-9.0,48.84465334005654,2.3117902502417564,Garmin Forerunner 735 XT,2.876230770516253,5383.192810694611,2.011507692307703,2.876230770516253,2040.0
2024-01-21 15:55:04+00:00,2024-01-21 15:55:04+00:00,582739121,27580833,6256.76,65535,43.60000000000002,43.60000000000002,2.025,2.025,0.0,300,156,80,0.0,-9.0,48.84462886489928,2.3117987159639597,Garmin Forerunner 735 XT,2.7911319827690524,5385.98394267738,2.020744796380101,2.7911319827690524,2041.0
2024-01-21 15:55:05+00:00,2024-01-21 15:55:05+00:00,582738804,27580955,6259.74,65535,42.799999999999955,42.799999999999955,2.034,2.034,0.0,300,157,80,0.0,-9.0,48.844602294266224,2.311808941885829,Garmin Forerunner 735 XT,3.0478113285715365,5389.031754005951,2.0299457013574767,3.0478113285715365,2042.0
2024-01-21 15:55:06+00:00,2024-01-21 15:55:06+00:00,582738539,27581004,6262.23,65535,41.39999999999998,41.39999999999998,2.043,2.043,0.0,300,157,80,0.0,-9.0,48.84458008222282,2.311813049018383,Garmin Forerunner 735 XT,2.488085920203136,5391.519839926154,2.0372425339366624,2.488085920203136,2043.0
2024-01-21 15:55:07+00:00,2024-01-21 15:55:07+00:00,582738307,27581183,6264.64,65535,40.0,40.0,2.053,2.053,0.0,300,158,80,0.0,-9.0,48.84456063620746,2.31182805262506,Garmin Forerunner 735 XT,2.4250745871638615,5393.9449145133185,2.043026244343902,2.4250745871638615,2044.0
2024-01-21 15:55:08+00:00,2024-01-21 15:55:08+00:00,582738152,27581396,6266.58,65535,38.799999999999955,38.799999999999955,2.053,2.053,0.0,300,158,79,0.5,-9.0,48.844547644257545,2.3118459060788155,Garmin Forerunner 735 XT,1.9477845014904671,5395.892699014809,2.048360180995486,1.9477845014904671,2045.0
2024-01-21 15:55:09+00:00,2024-01-21 15:55:09+00:00,582737946,27581502,6268.55,65535,37.799999999999955,37.799999999999955,2.053,2.053,0.0,300,158,79,0.5,-9.0,48.84453037753701,2.3118547908961773,Garmin Forerunner 735 XT,2.0270705529166464,5397.919769567726,2.053476923076934,2.0270705529166464,2046.0
2024-01-21 15:55:10+00:00,2024-01-21 15:55:10+00:00,582737737,27581616,6270.59,65535,37.0,37.0,2.053,2.053,0.0,300,159,79,0.5,-9.0,48.844512859359384,2.311864346265793,Garmin Forerunner 735 XT,2.0696328278890976,5399.989402395615,2.0566570135746716,2.0696328278890976,2047.0
2024-01-21 15:55:11+00:00,2024-01-21 15:55:11+00:00,582737415,27581495,6273.14,65535,35.60000000000002,35.60000000000002,2.053,2.053,0.0,300,159,80,0.0,-9.0,48.84448586963117,2.3118542041629553,Garmin Forerunner 735 XT,3.0915294909618276,5403.080931886577,2.062057918552047,3.0915294909618276,2048.0
2024-01-21 15:55:12+00:00,2024-01-21 15:55:12+00:00,582737091,27581446,6275.96,65535,34.39999999999998,34.39999999999998,2.053,2.053,0.0,300,159,80,0.0,-9.0,48.844458712264895,2.3118500970304012,Garmin Forerunner 735 XT,3.0346811827623035,5406.115613069339,2.0695782805429976,3.0346811827623035,2049.0
2024-01-21 15:55:13+00:00,2024-01-21 15:55:13+00:00,582736871,27581682,6278.41,65535,33.60000000000002,33.60000000000002,2.071,2.071,0.0,300,159,80,0.0,-9.0,48.84444027207792,2.311869878321886,Garmin Forerunner 735 XT,2.5099368619352864,5408.625549931274,2.0765393665158483,2.5099368619352864,2050.0
2024-01-21 15:55:14+00:00,2024-01-21 15:55:14+00:00,582736612,27581768,6280.83,65535,32.200000000000045,32.200000000000045,2.09,2.09,0.0,300,159,80,0.0,-9.0,48.844418562948704,2.3118770867586136,Garmin Forerunner 735 XT,2.4709079291593152,5411.0964578604335,2.0824099547511423,2.4709079291593152,2051.0
2024-01-21 15:55:15+00:00,2024-01-21 15:55:15+00:00,582736351,27581933,6283.44,65535,29.399999999999977,29.399999999999977,2.099,2.099,0.0,300,159,81,0.0,-9.0,48.844396686181426,2.3118909168988466,Garmin Forerunner 735 XT,2.6347188699634443,5413.731176730397,2.087972850678744,2.6347188699634443,2052.0
2024-01-21 15:55:16+00:00,2024-01-21 15:55:16+00:00,582736158,27582187,6285.81,65535,28.0,28.0,2.099,2.099,0.0,300,159,81,0.0,-9.0,48.844380509108305,2.3119122069329023,Garmin Forerunner 735 XT,2.379698211827304,5416.110874942225,2.093400000000011,2.379698211827304,2053.0
2024-01-21 15:55:17+00:00,2024-01-21 15:55:17+00:00,582735980,27582354,6287.74,65535,27.600000000000023,27.600000000000023,2.109,2.109,0.0,300,158,80,0.0,-10.0,48.84436558932066,2.311926204711199,Garmin Forerunner 735 XT,1.9497565168538056,5418.060631459079,2.0975493212669796,1.9497565168538056,2054.0
2024-01-21 15:55:18+00:00,2024-01-21 15:55:18+00:00,582735795,27582586,6289.98,65535,26.600000000000023,26.600000000000023,2.109,2.109,0.0,300,158,80,0.0,-10.0,48.84435008279979,2.3119456507265568,Garmin Forerunner 735 XT,2.235625303007116,5420.296256762086,2.1004434389140383,2.235625303007116,2055.0
2024-01-21 15:55:19+00:00,2024-01-21 15:55:19+00:00,582735560,27582774,6292.42,65535,25.799999999999955,25.799999999999955,2.09,2.09,0.0,300,158,80,0.0,-10.0,48.84433038532734,2.3119614087045193,Garmin Forerunner 735 XT,2.475270872409056,5422.771527634495,2.1026588235294232,2.475270872409056,2056.0
2024-01-21 15:55:20+00:00,2024-01-21 15:55:20+00:00,582735302,27582857,6294.74,65535,25.200000000000045,25.200000000000045,2.09,2.09,0.0,300,158,80,0.0,-10.0,48.84430876001716,2.3119683656841516,Garmin Forerunner 735 XT,2.457926420025838,5425.229454054521,2.1035257918552146,2.457926420025838,2057.0
2024-01-21 15:55:21+00:00,2024-01-21 15:55:21+00:00,582735070,27582957,6296.92,65535,24.600000000000023,24.600000000000023,2.099,2.099,0.0,300,158,80,0.0,-10.0,48.8442893140018,2.311976747587323,Garmin Forerunner 735 XT,2.2476120305974434,5427.477066085118,2.104161085972862,2.2476120305974434,2058.0
2024-01-21 15:55:22+00:00,2024-01-21 15:55:22+00:00,582734741,27582948,6299.77,65535,24.600000000000023,24.600000000000023,2.109,2.109,0.0,300,158,80,0.0,-10.0,48.844261737540364,2.3119759932160378,Garmin Forerunner 735 XT,3.066859479623145,5430.543925564742,2.1067122171945813,3.066859479623145,2059.0
2024-01-21 15:55:23+00:00,2024-01-21 15:55:23+00:00,582734467,27583029,6302.35,65535,24.200000000000045,24.200000000000045,2.109,2.109,0.0,300,159,80,0.0,-10.0,48.844238771125674,2.3119827825576067,Garmin Forerunner 735 XT,2.6016293645143853,5433.145554929256,2.110658823529423,2.6016293645143853,2060.0
2024-01-21 15:55:24+00:00,2024-01-21 15:55:24+00:00,582734207,27583089,6304.77,65535,23.799999999999955,23.799999999999955,2.118,2.118,0.0,300,160,80,0.0,-10.0,48.84421697817743,2.3119878116995096,Garmin Forerunner 735 XT,2.451052102752472,5435.596607032008,2.115727601809966,2.451052102752472,2061.0
2024-01-21 15:55:25+00:00,2024-01-21 15:55:25+00:00,582733969,27583196,6307.08,65535,23.399999999999977,23.399999999999977,2.127,2.127,0.0,300,160,81,0.0,-10.0,48.84419702924788,2.311996780335903,Garmin Forerunner 735 XT,2.3132751140483383,5437.909882146057,2.122300452488699,2.3132751140483383,2062.0
2024-01-21 15:55:26+00:00,2024-01-21 15:55:26+00:00,582733734,27583331,6309.42,65535,22.799999999999955,22.799999999999955,2.127,2.127,0.0,300,161,81,0.0,-10.0,48.84417733177543,2.3120080959051847,Garmin Forerunner 735 XT,2.3415613722795503,5440.251443518336,2.1289791855203735,2.3415613722795503,2063.0
2024-01-21 15:55:27+00:00,2024-01-21 15:55:27+00:00,582733502,27583499,6311.81,65535,22.0,22.0,2.127,2.127,0.0,300,161,82,0.0,-10.0,48.84415788576007,2.312022177502513,Garmin Forerunner 735 XT,2.3952870143731326,5442.646730532709,2.132592760181007,2.3952870143731326,2064.0
2024-01-21 15:55:28+00:00,2024-01-21 15:55:28+00:00,582733290,27583582,6313.59,65535,20.600000000000023,20.600000000000023,2.137,2.137,0.0,300,160,82,0.0,-10.0,48.844140116125345,2.3120291344821453,Garmin Forerunner 735 XT,2.0404258812251173,5444.687156413934,2.1330162895927716,2.0404258812251173,2065.0
2024-01-21 15:55:29+00:00,2024-01-21 15:55:29+00:00,582733113,27583689,6315.29,65535,20.0,20.0,2.137,2.137,0.0,300,160,82,0.0,-10.0,48.84412528015673,2.312038103118539,Garmin Forerunner 735 XT,1.775444421811073,5446.4626008357445,2.1314144796380203,1.775444421811073,2066.0
2024-01-21 15:55:30+00:00,2024-01-21 15:55:30+00:00,582732927,27583887,6317.4,65535,19.200000000000045,19.200000000000045,2.137,2.137,0.0,300,160,81,0.0,-10.0,48.84410968981683,2.3120546992868185,Garmin Forerunner 735 XT,2.1166532674445793,5448.579254103189,2.1285366515837216,2.1166532674445793,2067.0
2024-01-21 15:55:31+00:00,2024-01-21 15:55:31+00:00,582732786,27584087,6319.2,65535,19.0,19.0,2.127,2.127,0.0,300,160,81,0.0,-10.0,48.84409787133336,2.3120714630931616,Garmin Forerunner 735 XT,1.7977543236023072,5450.377008426791,2.1237674208144908,1.7977543236023072,2068.0
2024-01-21 15:55:32+00:00,2024-01-21 15:55:32+00:00,582732643,27584217,6320.75,65535,19.200000000000045,19.200000000000045,2.118,2.118,0.0,300,160,81,0.0,-10.0,48.844085885211825,2.3120823595672846,Garmin Forerunner 735 XT,1.5531169674780698,5451.9301253942685,2.1184434389140385,1.5531169674780698,2069.0
2024-01-21 15:55:33+00:00,2024-01-21 15:55:33+00:00,582732439,27584376,6322.88,65535,19.0,19.0,2.109,2.109,0.0,300,160,81,0.0,-10.0,48.844068786129355,2.3120956867933273,Garmin Forerunner 735 XT,2.1368682852202183,5454.066993679488,2.1133475113122286,2.1368682852202183,2070.0
2024-01-21 15:55:34+00:00,2024-01-21 15:55:34+00:00,582732256,27584501,6324.75,65535,18.600000000000023,18.600000000000023,2.099,2.099,0.0,300,160,81,0.0,-10.0,48.84405344724655,2.3121061641722918,Garmin Forerunner 735 XT,1.8700135125414281,5455.93700719203,2.1080977375565726,1.8700135125414281,2071.0
2024-01-21 15:55:35+00:00,2024-01-21 15:55:35+00:00,582732018,27584613,6327.07,65535,18.399999999999977,18.399999999999977,2.099,2.099,0.0,300,160,80,0.0,-10.0,48.844033498317,2.312115551903844,Garmin Forerunner 735 XT,2.322163160962486,5458.259170352992,2.1029475113122285,2.322163160962486,2072.0
2024-01-21 15:55:36+00:00,2024-01-21 15:55:36+00:00,582731796,27584812,6329.48,65535,17.600000000000023,17.600000000000023,2.099,2.099,0.0,300,160,80,0.0,-10.0,48.84401489049196,2.3121322318911552,Garmin Forerunner 735 XT,2.4023044280567154,5460.661474781049,2.0995348416289703,2.4023044280567154,2073.0
2024-01-21 15:55:37+00:00,2024-01-21 15:55:37+00:00,582731601,27585030,6331.73,65535,17.0,17.0,2.099,2.099,0.0,300,160,80,0.0,-10.0,48.84399854578078,2.312150504440069,Garmin Forerunner 735 XT,2.256350721246626,5462.917825502295,2.0974977375565724,2.256350721246626,2074.0
2024-01-21 15:55:38+00:00,2024-01-21 15:55:38+00:00,582731419,27585180,6333.65,65535,16.600000000000023,16.600000000000023,2.099,2.099,0.0,300,160,81,0.0,-10.0,48.843983290717006,2.3121630772948265,Garmin Forerunner 735 XT,1.92974203872441,5464.84756754102,2.0971800904977487,1.92974203872441,2075.0
2024-01-21 15:55:39+00:00,2024-01-21 15:55:39+00:00,582731200,27585382,6335.95,65535,15.399999999999977,15.399999999999977,2.099,2.099,0.0,300,160,81,0.0,-10.0,48.84396493434906,2.312180008739233,Garmin Forerunner 735 XT,2.3877615011593467,5467.23532904218,2.0975411764705996,2.3877615011593467,2076.0
2024-01-21 15:55:40+00:00,2024-01-21 15:55:40+00:00,582730946,27585331,6338.13,65535,14.200000000000045,14.200000000000045,2.099,2.099,0.0,300,160,81,0.0,-10.0,48.843943644315004,2.3121757339686155,Garmin Forerunner 735 XT,2.3879225926749235,5469.623251634855,2.09829411764707,2.3879225926749235,2077.0
2024-01-21 15:55:41+00:00,2024-01-21 15:55:41+00:00,582730686,27585309,6340.36,65535,13.799999999999955,13.799999999999955,2.099,2.099,0.0,300,159,82,0.0,-10.0,48.84392185136676,2.312173889949918,Garmin Forerunner 735 XT,2.4270196198519174,5472.050271254707,2.0990000000000117,2.4270196198519174,2078.0
2024-01-21 15:55:42+00:00,2024-01-21 15:55:42+00:00,582730446,27585313,6342.44,65535,13.0,13.0,2.099,2.099,0.0,300,158,82,0.0,-10.0,48.84390173479915,2.3121742252260447,Garmin Forerunner 735 XT,2.236994813027253,5474.287266067734,2.09829411764707,2.236994813027253,2079.0
2024-01-21 15:55:43+00:00,2024-01-21 15:55:43+00:00,582730302,27585539,6344.31,65535,12.600000000000023,12.600000000000023,2.099,2.099,0.0,300,158,82,0.0,-10.0,48.84388966485858,2.3121931683272123,Garmin Forerunner 735 XT,1.9294867767819934,5476.216752844516,2.0975411764705996,1.9294867767819934,2080.0
2024-01-21 15:55:44+00:00,2024-01-21 15:55:44+00:00,582730136,27585860,6346.75,65535,12.200000000000045,12.200000000000045,2.099,2.099,0.0,300,158,82,0.0,-10.0,48.843875750899315,2.312220074236393,Garmin Forerunner 735 XT,2.504085702674149,5478.72083854719,2.0971800904977487,2.504085702674149,2081.0
2024-01-21 15:55:45+00:00,2024-01-21 15:55:45+00:00,582729880,27585996,6349.17,65535,11.399999999999977,11.399999999999977,2.099,2.099,0.0,300,159,81,0.0,-10.0,48.843854293227196,2.3122314736247063,Garmin Forerunner 735 XT,2.5276077327392987,5481.248446279929,2.0982036199095138,2.5276077327392987,2082.0
2024-01-21 15:55:46+00:00,2024-01-21 15:55:46+00:00,582729630,27586122,6351.45,65535,10.800000000000011,10.800000000000011,2.099,2.099,0.0,300,159,81,0.0,-10.0,48.84383333846927,2.3122420348227024,Garmin Forerunner 735 XT,2.454893063001642,5483.703339342931,2.099652488687794,2.454893063001642,2083.0
2024-01-21 15:55:47+00:00,2024-01-21 15:55:47+00:00,582729327,27586310,6354.34,65535,10.199999999999989,10.199999999999989,2.099,2.099,0.0,300,159,81,0.0,-10.0,48.84380794130266,2.312257792800665,Garmin Forerunner 735 XT,3.050399768583087,5486.753739111514,2.101932126696844,3.050399768583087,2084.0
2024-01-21 15:55:48+00:00,2024-01-21 15:55:48+00:00,582729099,27586551,6356.87,65535,9.600000000000023,9.600000000000023,2.099,2.099,0.0,300,158,81,0.0,-10.0,48.843788830563426,2.3122779931873083,Garmin Forerunner 735 XT,2.588609834385735,5489.342348945899,2.105863348416301,2.588609834385735,2085.0
2024-01-21 15:55:49+00:00,2024-01-21 15:55:49+00:00,582728798,27586705,6359.56,65535,8.399999999999977,8.399999999999977,2.109,2.109,0.0,300,158,80,0.0,-10.0,48.84376360103488,2.3122909013181925,Garmin Forerunner 735 XT,2.960155539209895,5492.302504485109,2.1110208144796494,2.960155539209895,2086.0
2024-01-21 15:55:50+00:00,2024-01-21 15:55:50+00:00,582728578,27586888,6361.88,65535,8.0,8.0,2.118,2.118,0.0,300,158,80,0.0,-10.0,48.8437451608479,2.3123062402009964,Garmin Forerunner 735 XT,2.3375922908572857,5494.640096775966,2.1169791855203735,2.3375922908572857,2087.0
2024-01-21 15:55:51+00:00,2024-01-21 15:55:51+00:00,582728193,27587018,6365.28,65535,6.199999999999989,6.199999999999989,2.127,2.127,0.0,300,158,80,0.0,-10.0,48.84371289052069,2.3123171366751194,Garmin Forerunner 735 XT,3.6758277400221986,5498.315924515989,2.12267782805431,3.6758277400221986,2088.0
2024-01-21 15:55:52+00:00,2024-01-21 15:55:52+00:00,582727875,27587041,6367.69,65535,4.800000000000011,4.800000000000011,2.127,2.127,0.0,300,158,80,0.0,-10.0,48.843686236068606,2.312319064512849,Garmin Forerunner 735 XT,2.967195554908914,5501.283120070898,2.1281502262443555,2.967195554908914,2089.0
2024-01-21 15:55:53+00:00,2024-01-21 15:55:53+00:00,582727655,27587287,6370.23,65535,4.199999999999989,4.199999999999989,2.137,2.137,0.0,300,158,80,0.0,-10.0,48.84366779588163,2.312339683994651,Garmin Forerunner 735 XT,2.545818765091292,5503.828938835989,2.134183710407251,2.545818765091292,2090.0
2024-01-21 15:55:54+00:00,2024-01-21 15:55:54+00:00,582727404,27587535,6373.02,65535,3.6000000000000227,3.6000000000000227,2.146,2.146,0.0,300,158,81,0.0,-10.0,48.84364675730467,2.3123604711145163,Garmin Forerunner 735 XT,2.7904682959721074,5506.619407131961,2.1401809954751245,2.7904682959721074,2091.0
2024-01-21 15:55:55+00:00,2024-01-21 15:55:55+00:00,582727203,27587675,6375.06,65535,3.0,3.0,2.146,2.146,0.0,300,159,81,0.0,-10.0,48.843629909679294,2.3123722057789564,Garmin Forerunner 735 XT,2.060810410246677,5508.680217542208,2.144909502262455,2.060810410246677,2092.0
2024-01-21 15:55:56+00:00,2024-01-21 15:55:56+00:00,582726816,27587413,6377.58,65535,1.3999999999999773,1.3999999999999773,2.146,2.146,0.0,300,160,81,0.0,-10.0,48.84359747171402,2.312350245192647,Garmin Forerunner 735 XT,3.9487508093606936,5512.628968351569,2.148936651583722,3.9487508093606936,2093.0
2024-01-21 15:55:57+00:00,2024-01-21 15:55:57+00:00,582726485,27587246,6380.12,65535,-0.19999999999998863,-0.19999999999998863,2.146,2.146,0.0,300,160,81,0.0,-10.0,48.84356972761452,2.3123362474143505,Garmin Forerunner 735 XT,3.2506201199007134,5515.879588471469,2.152968325791867,3.2506201199007134,2094.0
2024-01-21 15:55:58+00:00,2024-01-21 15:55:58+00:00,582726188,27587121,6382.46,65535,-1.1999999999999886,-1.1999999999999886,2.155,2.155,0.0,300,160,81,0.0,-10.0,48.8435448333621,2.312325770035386,Garmin Forerunner 735 XT,2.872338593663751,5518.751927065133,2.1569565610859844,2.872338593663751,2095.0
2024-01-21 15:55:59+00:00,2024-01-21 15:55:59+00:00,582725900,27587065,6384.79,65535,-2.1999999999999886,-2.1999999999999886,2.165,2.165,0.0,300,160,81,0.0,-10.0,48.84352069348097,2.31232107616961,Garmin Forerunner 735 XT,2.706121065983342,5521.458048131116,2.161640723981912,2.706121065983342,2096.0
2024-01-21 15:56:00+00:00,2024-01-21 15:56:00+00:00,582725575,27587033,6387.55,65535,-3.1999999999999886,-3.1999999999999886,2.165,2.165,0.0,300,160,81,0.0,-10.0,48.84349345229566,2.312318393960595,Garmin Forerunner 735 XT,3.035434420945433,5524.493482552061,2.165501357466075,3.035434420945433,2097.0
2024-01-21 15:56:01+00:00,2024-01-21 15:56:01+00:00,582725310,27587026,6389.84,65535,-4.600000000000023,-4.600000000000023,2.165,2.165,0.0,300,160,81,0.0,-10.0,48.843471240252256,2.312317807227373,Garmin Forerunner 735 XT,2.4702397208896025,5526.963722272951,2.1682850678733145,2.4702397208896025,2098.0
2024-01-21 15:56:02+00:00,2024-01-21 15:56:02+00:00,582725055,27586998,6392.05,65535,-5.800000000000011,-5.800000000000011,2.174,2.174,0.0,300,160,81,0.0,-10.0,48.84344986639917,2.312315460294485,Garmin Forerunner 735 XT,2.38286151679204,5529.346583789743,2.1710045248868894,2.38286151679204,2099.0
2024-01-21 15:56:03+00:00,2024-01-21 15:56:03+00:00,582724837,27586988,6393.95,65535,-6.800000000000011,-6.800000000000011,2.174,2.174,0.0,300,159,81,0.0,-10.0,48.843431593850255,2.312314622104168,Garmin Forerunner 735 XT,2.032740394616379,5531.37932418436,2.171778280542998,2.032740394616379,2100.0
2024-01-21 15:56:04+00:00,2024-01-21 15:56:04+00:00,582724601,27587014,6396.09,65535,-8.0,-8.0,2.174,2.174,0.0,300,159,80,0.0,-10.0,48.84341181255877,2.3123168013989925,Garmin Forerunner 735 XT,2.205353186665439,5533.5846773710255,2.1712416289592875,2.205353186665439,2101.0
2024-01-21 15:56:05+00:00,2024-01-21 15:56:05+00:00,582724384,27587103,6398.16,65535,-9.399999999999977,-9.399999999999977,2.174,2.174,0.0,300,159,80,0.0,-10.0,48.84339362382889,2.312324261292815,Garmin Forerunner 735 XT,2.0948754886769207,5535.679552859702,2.168229864253405,2.0948754886769207,2102.0
2024-01-21 15:56:06+00:00,2024-01-21 15:56:06+00:00,582724176,27587216,6400.21,65535,-10.199999999999989,-10.199999999999989,2.165,2.165,0.0,300,159,80,0.0,-10.0,48.84337618947029,2.312333732843399,Garmin Forerunner 735 XT,2.0587952839228816,5537.738348143625,2.164776470588247,2.0587952839228816,2103.0
2024-01-21 15:56:07+00:00,2024-01-21 15:56:07+00:00,582723962,27587313,6402.28,65535,-10.800000000000011,-10.800000000000011,2.155,2.155,0.0,300,159,81,0.0,-10.0,48.843358252197504,2.3123418632894754,Garmin Forerunner 735 XT,2.081386347988436,5539.819734491614,2.1597936651583827,2.081386347988436,2104.0
2024-01-21 15:56:08+00:00,2024-01-21 15:56:08+00:00,582723814,27587510,6404.08,65535,-12.199999999999989,-12.199999999999989,2.155,2.155,0.0,300,160,80,0.0,-10.0,48.84334584698081,2.3123583756387234,Garmin Forerunner 735 XT,1.8338177841597791,5541.653552275774,2.1542135746606452,1.8338177841597791,2105.0
2024-01-21 15:56:09+00:00,2024-01-21 15:56:09+00:00,582723701,27587790,6406.03,65535,-13.0,-13.0,2.146,2.146,0.0,300,160,80,0.0,-10.0,48.843336375430226,2.3123818449676037,Garmin Forerunner 735 XT,2.0146789596048795,5543.668231235379,2.1476542986425455,2.0146789596048795,2106.0
2024-01-21 15:56:10+00:00,2024-01-21 15:56:10+00:00,582723544,27587975,6407.88,65535,-13.199999999999989,-13.199999999999989,2.146,2.146,0.0,300,160,80,0.0,-10.0,48.84332321584225,2.312397351488471,Garmin Forerunner 735 XT,1.8517209219529303,5545.519952157331,2.142780090497749,1.8517209219529303,2107.0
2024-01-21 15:56:11+00:00,2024-01-21 15:56:11+00:00,582723345,27588108,6409.82,65535,-13.800000000000011,-13.800000000000011,2.137,2.137,0.0,300,161,80,0.0,-10.0,48.843306535854936,2.312408499419689,Garmin Forerunner 735 XT,2.0262171088804513,5547.546169266212,2.13857375565612,2.0262171088804513,2108.0
2024-01-21 15:56:12+00:00,2024-01-21 15:56:12+00:00,582723019,27588048,6412.5,65535,-13.800000000000011,-13.800000000000011,2.137,2.137,0.0,300,160,80,0.0,-10.0,48.843279210850596,2.3124034702777863,Garmin Forerunner 735 XT,3.060609851575302,5550.6067791177875,2.135112217194581,3.060609851575302,2109.0
2024-01-21 15:56:13+00:00,2024-01-21 15:56:13+00:00,582722744,27588036,6414.94,65535,-14.199999999999989,-14.199999999999989,2.127,2.127,0.0,300,160,80,0.0,-10.0,48.843256160616875,2.3124024644494057,Garmin Forerunner 735 XT,2.5641257424507478,5553.170904860238,2.1350262443439028,2.5641257424507478,2110.0
2024-01-21 15:56:14+00:00,2024-01-21 15:56:14+00:00,582722453,27588109,6417.66,65535,-14.600000000000023,-14.600000000000023,2.137,2.137,0.0,300,160,80,0.0,-10.0,48.843231769278646,2.312408583238721,Garmin Forerunner 735 XT,2.7489071584638376,5555.919812018702,2.136434389140283,2.7489071584638376,2111.0
2024-01-21 15:56:15+00:00,2024-01-21 15:56:15+00:00,582722170,27588236,6420.41,65535,-14.800000000000011,-14.800000000000011,2.137,2.137,0.0,300,160,80,0.0,-10.0,48.84320804849267,2.3124192282557487,Garmin Forerunner 735 XT,2.750261594568801,5558.670073613271,2.138964705882364,2.750261594568801,2112.0
2024-01-21 15:56:16+00:00,2024-01-21 15:56:16+00:00,582721865,27588295,6423.25,65535,-14.800000000000011,-14.800000000000011,2.146,2.146,0.0,300,160,79,0.5,-10.0,48.843182483688,2.31242417357862,Garmin Forerunner 735 XT,2.8656203906006925,5561.535694003871,2.144363800904989,2.8656203906006925,2113.0
2024-01-21 15:56:17+00:00,2024-01-21 15:56:17+00:00,582721503,27588157,6426.65,65535,-15.399999999999977,-15.399999999999977,2.146,2.146,0.0,300,160,79,0.5,-10.0,48.843152141198516,2.3124126065522432,Garmin Forerunner 735 XT,3.4784949411859847,5565.014188945057,2.151747511312229,3.4784949411859847,2114.0
2024-01-21 15:56:18+00:00,2024-01-21 15:56:18+00:00,582721266,27588153,6428.84,65535,-15.199999999999989,-15.199999999999989,2.155,2.155,0.0,300,160,79,0.5,-10.0,48.843132276088,2.3124122712761164,Garmin Forerunner 735 XT,2.209035767065184,5567.223224712122,2.1600316742081564,2.209035767065184,2115.0
2024-01-21 15:56:19+00:00,2024-01-21 15:56:19+00:00,582721267,27588590,6428.84,65535,-12.0,-12.0,2.174,2.174,0.0,300,161,80,0.0,-10.0,48.84313235990703,2.312448900192976,Garmin Forerunner 735 XT,2.6805175030542574,5569.903742215176,2.167635294117659,2.6805175030542574,2116.0
2024-01-21 15:56:20+00:00,2024-01-21 15:56:20+00:00,582721273,27589062,6428.84,65535,-9.399999999999977,-9.399999999999977,2.174,2.174,0.0,300,161,81,0.0,-10.0,48.84313286282122,2.3124884627759457,Garmin Forerunner 735 XT,2.8957267624053378,5572.7994689775815,2.1747773755656223,2.8957267624053378,2117.0
2024-01-21 15:56:21+00:00,2024-01-21 15:56:21+00:00,582721120,27589159,6430.02,65535,-8.199999999999989,-8.199999999999989,2.183,2.183,0.0,300,161,81,0.0,-10.0,48.84312003850937,2.312496593222022,Garmin Forerunner 735 XT,1.5451469858194957,5574.344615963401,2.178951131221731,1.5451469858194957,2118.0
2024-01-21 15:56:22+00:00,2024-01-21 15:56:22+00:00,582721081,27589455,6430.07,65535,-5.800000000000011,-5.800000000000011,2.193,2.193,0.0,300,161,81,0.0,-10.0,48.84311676956713,2.31252140365541,Garmin Forerunner 735 XT,1.8516541143401366,5576.196270077741,2.183034389140283,1.8516541143401366,2119.0
2024-01-21 15:56:23+00:00,2024-01-21 15:56:23+00:00,582720964,27589706,6431.18,65535,-3.1999999999999886,-3.1999999999999886,2.193,2.193,0.0,300,161,80,0.0,-10.0,48.84310696274042,2.3125424422323704,Garmin Forerunner 735 XT,1.886663183988507,5578.0829332617295,2.1851791855203735,1.886663183988507,2120.0
2024-01-21 15:56:24+00:00,2024-01-21 15:56:24+00:00,582720839,27590003,6432.73,65535,-0.8000000000000114,-0.8000000000000114,2.183,2.183,0.0,300,161,80,0.0,-10.0,48.84309648536146,2.31256733648479,Garmin Forerunner 735 XT,2.1624314393898034,5580.245364701119,2.1866542986425457,2.1624314393898034,2121.0
2024-01-21 15:56:25+00:00,2024-01-21 15:56:25+00:00,582720673,27590250,6434.66,65535,0.6000000000000227,0.6000000000000227,2.183,2.183,0.0,300,161,80,0.0,-10.0,48.84308257140219,2.3125880397856236,Garmin Forerunner 735 XT,2.1654417619628643,5582.410806463082,2.1867764705882466,2.1654417619628643,2122.0
2024-01-21 15:56:26+00:00,2024-01-21 15:56:26+00:00,582720404,27590448,6437.42,65535,2.8000000000000114,2.8000000000000114,2.183,2.183,0.0,300,161,80,0.0,-10.0,48.84306002408266,2.312604635953903,Garmin Forerunner 735 XT,2.785824467641702,5585.196630930724,2.186227149321278,2.785824467641702,2123.0
2024-01-21 15:56:27+00:00,2024-01-21 15:56:27+00:00,582720222,27590629,6439.39,65535,3.3999999999999773,3.3999999999999773,2.183,2.183,0.0,300,162,80,0.0,-10.0,48.84304476901889,2.3126198071986437,Garmin Forerunner 735 XT,2.027313714625821,5587.22394464535,2.187392760181007,2.027313714625821,2124.0
2024-01-21 15:56:28+00:00,2024-01-21 15:56:28+00:00,582720006,27590868,6441.76,65535,4.0,4.0,2.193,2.193,0.0,300,162,80,0.0,-10.0,48.84302666410804,2.3126398399472237,Garmin Forerunner 735 XT,2.4903855318806927,5589.71433017723,2.190802714932138,2.4903855318806927,2125.0
2024-01-21 15:56:29+00:00,2024-01-21 15:56:29+00:00,582719716,27591071,6444.65,65535,6.600000000000023,6.600000000000023,2.193,2.193,0.0,300,161,80,0.0,-10.0,48.84300235658884,2.312656855210662,Garmin Forerunner 735 XT,2.975901740613912,5592.690231917844,2.1956018099547627,2.975901740613912,2126.0
2024-01-21 15:56:30+00:00,2024-01-21 15:56:30+00:00,582719387,27591309,6448.01,65535,10.199999999999989,10.199999999999989,2.202,2.202,0.0,300,161,80,0.0,-10.0,48.842974780127406,2.31267680414021,Garmin Forerunner 735 XT,3.396142864529786,5596.086374782374,2.2043194570135864,3.396142864529786,2127.0
2024-01-21 15:56:31+00:00,2024-01-21 15:56:31+00:00,582719136,27591589,6450.84,65535,12.799999999999955,12.799999999999955,2.211,2.211,0.0,300,161,80,0.0,-10.0,48.842953741550446,2.3127002734690905,Garmin Forerunner 735 XT,2.9021514220860087,5598.98852620446,2.214854298642546,2.9021514220860087,2128.0
2024-01-21 15:56:32+00:00,2024-01-21 15:56:32+00:00,582718883,27591852,6453.65,65535,14.799999999999955,14.799999999999955,2.221,2.221,0.0,300,161,80,0.0,-10.0,48.84293253533542,2.3127223178744316,Garmin Forerunner 735 XT,2.857049921068956,5601.845576125529,2.2262262443439034,2.857049921068956,2129.0
2024-01-21 15:56:33+00:00,2024-01-21 15:56:33+00:00,582718644,27592073,6456.23,65535,17.0,17.0,2.239,2.239,0.0,300,160,80,0.0,-10.0,48.84291250258684,2.3127408418804407,Garmin Forerunner 735 XT,2.6075968747569087,5604.453173000286,2.2382090497737677,2.6075968747569087,2130.0
2024-01-21 15:56:34+00:00,2024-01-21 15:56:34+00:00,582718389,27592268,6458.86,65535,18.200000000000045,18.200000000000045,2.258,2.258,0.0,300,160,80,0.0,-10.0,48.842891128733754,2.312757186591625,Garmin Forerunner 735 XT,2.660678769254957,5607.113851769542,2.2492352941176588,2.660678769254957,2131.0
2024-01-21 15:56:35+00:00,2024-01-21 15:56:35+00:00,582718148,27592433,6461.3,65535,19.200000000000045,19.200000000000045,2.258,2.258,0.0,300,160,80,0.0,-10.0,48.84287092834711,2.3127710167318583,Garmin Forerunner 735 XT,2.4636680953257044,5609.577519864867,2.259537556561098,2.4636680953257044,2132.0
2024-01-21 15:56:36+00:00,2024-01-21 15:56:36+00:00,582717894,27592517,6463.72,65535,20.600000000000023,20.600000000000023,2.277,2.277,0.0,300,160,81,0.0,-10.0,48.842849638313055,2.3127780575305223,Garmin Forerunner 735 XT,2.4227663832094484,5612.000286248077,2.2694868778280664,2.4227663832094484,2133.0
2024-01-21 15:56:37+00:00,2024-01-21 15:56:37+00:00,582717651,27592615,6466.05,65535,22.600000000000023,22.600000000000023,2.277,2.277,0.0,300,160,81,0.0,-10.0,48.84282927028835,2.3127862717956305,Garmin Forerunner 735 XT,2.3432376836350555,5614.343523931712,2.2774542986425463,2.3432376836350555,2134.0
2024-01-21 15:56:38+00:00,2024-01-21 15:56:38+00:00,582717444,27592751,6468.09,65535,24.200000000000045,24.200000000000045,2.286,2.286,0.0,300,160,80,0.0,-10.0,48.84281191974878,2.3127976711839437,Garmin Forerunner 735 XT,2.1019220788864623,5616.445446010599,2.2830570135746733,2.1019220788864623,2135.0
2024-01-21 15:56:39+00:00,2024-01-21 15:56:39+00:00,582717150,27592833,6470.85,65535,26.600000000000023,26.600000000000023,2.286,2.286,0.0,300,160,80,0.0,-10.0,48.84278727695346,2.3128045443445444,Garmin Forerunner 735 XT,2.785934768646715,5619.231380779246,2.287358371040736,2.785934768646715,2136.0
2024-01-21 15:56:40+00:00,2024-01-21 15:56:40+00:00,582716915,27592948,6473.15,65535,27.399999999999977,27.399999999999977,2.286,2.286,0.0,300,160,80,0.0,-10.0,48.842767579481006,2.3128141835331917,Garmin Forerunner 735 XT,2.3010484079909905,5621.5324291872375,2.2902570135746725,2.3010484079909905,2137.0
2024-01-21 15:56:41+00:00,2024-01-21 15:56:41+00:00,582716641,27592980,6475.59,65535,29.399999999999977,29.399999999999977,2.295,2.295,0.0,300,160,80,0.0,-10.0,48.842744613066316,2.3128168657422066,Garmin Forerunner 735 XT,2.5612810944350315,5624.093710281672,2.292779185520374,2.5612810944350315,2138.0
2024-01-21 15:56:42+00:00,2024-01-21 15:56:42+00:00,582716382,27593015,6477.9,65535,31.200000000000045,31.200000000000045,2.295,2.295,0.0,300,160,80,0.0,-10.0,48.8427229039371,2.3128197994083166,Garmin Forerunner 735 XT,2.4234729604551264,5626.517183242127,2.295687782805442,2.4234729604551264,2139.0
2024-01-21 15:56:43+00:00,2024-01-21 15:56:43+00:00,582716132,27593144,6480.34,65535,32.60000000000002,32.60000000000002,2.295,2.295,0.0,300,161,80,0.0,-10.0,48.84270194917917,2.312830612063408,Garmin Forerunner 735 XT,2.460753961644731,5628.977937203772,2.297216289592772,2.460753961644731,2140.0
2024-01-21 15:56:44+00:00,2024-01-21 15:56:44+00:00,582715934,27593381,6482.65,65535,34.0,34.0,2.295,2.295,0.0,300,161,80,0.0,-10.0,48.84268535301089,2.3128504771739244,Garmin Forerunner 735 XT,2.3492332686667305,5631.327170472438,2.2995701357466185,2.3492332686667305,2141.0
2024-01-21 15:56:45+00:00,2024-01-21 15:56:45+00:00,582715738,27593576,6484.82,65535,34.60000000000002,34.60000000000002,2.305,2.305,0.0,300,161,80,0.0,-10.0,48.84266892448068,2.312866821885109,Garmin Forerunner 735 XT,2.183524263919528,5633.510694736358,2.301154751131234,2.183524263919528,2142.0
2024-01-21 15:56:46+00:00,2024-01-21 15:56:46+00:00,582715514,27593769,6487.2,65535,35.200000000000045,35.200000000000045,2.305,2.305,0.0,300,161,81,0.0,-10.0,48.84265014901757,2.31288299895823,Garmin Forerunner 735 XT,2.400028962871411,5635.9107236992295,2.3036687782805556,2.400028962871411,2143.0
2024-01-21 15:56:47+00:00,2024-01-21 15:56:47+00:00,582715311,27593968,6489.42,65535,36.0,36.0,2.305,2.305,0.0,300,160,81,0.0,-10.0,48.842633133754134,2.3128996789455414,Garmin Forerunner 735 XT,2.251598799580067,5638.16232249881,2.305010859728519,2.251598799580067,2144.0
2024-01-21 15:56:48+00:00,2024-01-21 15:56:48+00:00,582715104,27594175,6491.71,65535,36.39999999999998,36.39999999999998,2.305,2.305,0.0,300,160,81,0.0,-10.0,48.84261578321457,2.3129170294851065,Garmin Forerunner 735 XT,2.3096247751042958,5640.471947273914,2.305734841628972,2.3096247751042958,2145.0
2024-01-21 15:56:49+00:00,2024-01-21 15:56:49+00:00,582714902,27594351,6493.86,65535,36.799999999999955,36.799999999999955,2.305,2.305,0.0,300,160,80,0.0,-10.0,48.84259885177016,2.3129317816346884,Garmin Forerunner 735 XT,2.1702536911318933,5642.642200965046,2.30647601809956,2.1702536911318933,2146.0
2024-01-21 15:56:50+00:00,2024-01-21 15:56:50+00:00,582714718,27594518,6495.84,65535,37.200000000000045,37.200000000000045,2.305,2.305,0.0,300,159,80,0.0,-10.0,48.84258342906833,2.312945779412985,Garmin Forerunner 735 XT,1.9975736383552383,5644.639774603401,2.3055158371040845,1.9975736383552383,2147.0
2024-01-21 15:56:51+00:00,2024-01-21 15:56:51+00:00,582714539,27594696,6497.79,65535,37.39999999999998,37.39999999999998,2.305,2.305,0.0,300,159,80,0.0,-10.0,48.84256842546165,2.31296069920063,Garmin Forerunner 735 XT,1.993846775041757,5646.6336213784425,2.303723076923089,1.993846775041757,2148.0
2024-01-21 15:56:52+00:00,2024-01-21 15:56:52+00:00,582714361,27594842,6499.66,65535,37.60000000000002,37.60000000000002,2.305,2.305,0.0,300,159,79,0.5,-10.0,48.842553505674005,2.3129729367792606,Garmin Forerunner 735 XT,1.8852893194168658,5648.51891069786,2.2999665158371165,1.8852893194168658,2149.0
2024-01-21 15:56:53+00:00,2024-01-21 15:56:53+00:00,582714145,27594945,6501.77,65535,37.799999999999955,37.799999999999955,2.295,2.295,0.0,300,159,79,0.5,-10.0,48.842535400763154,2.3129815701395273,Garmin Forerunner 735 XT,2.1099850111038263,5650.628895708964,2.296519457013587,2.1099850111038263,2150.0
2024-01-21 15:56:54+00:00,2024-01-21 15:56:54+00:00,582713969,27595065,6503.53,65535,37.799999999999955,37.799999999999955,2.295,2.295,0.0,300,159,80,0.0,-10.0,48.84252064861357,2.312991628423333,Garmin Forerunner 735 XT,1.7979428793891965,5652.426838588352,2.292490497737569,1.7979428793891965,2151.0
2024-01-21 15:56:55+00:00,2024-01-21 15:56:55+00:00,582713770,27595198,6505.52,65535,37.799999999999955,37.799999999999955,2.286,2.286,0.0,300,160,80,0.0,-10.0,48.84250396862626,2.3130027763545513,Garmin Forerunner 735 XT,2.026222372464491,5654.453060960817,2.2871402714932247,2.026222372464491,2152.0
2024-01-21 15:56:56+00:00,2024-01-21 15:56:56+00:00,582713566,27595316,6507.53,65535,37.39999999999998,37.39999999999998,2.277,2.277,0.0,300,160,80,0.0,-10.0,48.84248686954379,2.3130126670002937,Garmin Forerunner 735 XT,2.0344422783596574,5656.487503239177,2.281681447963813,2.0344422783596574,2153.0
2024-01-21 15:56:57+00:00,2024-01-21 15:56:57+00:00,582713388,27595489,6509.43,65535,37.200000000000045,37.200000000000045,2.277,2.277,0.0,300,160,80,0.0,-10.0,48.842471949756145,2.3130271676927805,Garmin Forerunner 735 XT,1.9693617058646582,5658.456864945042,2.2759619909502384,1.9693617058646582,2154.0
2024-01-21 15:56:58+00:00,2024-01-21 15:56:58+00:00,582713185,27595626,6511.48,65535,37.0,37.0,2.267,2.267,0.0,300,160,80,0.0,-10.0,48.84245493449271,2.3130386509001255,Garmin Forerunner 735 XT,2.070240581491466,5660.527105526534,2.2700497737556686,2.070240581491466,2155.0
2024-01-21 15:56:59+00:00,2024-01-21 15:56:59+00:00,582713026,27595823,6513.29,65535,36.799999999999955,36.799999999999955,2.267,2.267,0.0,300,160,80,0.0,-10.0,48.842441607266665,2.3130551632493734,Garmin Forerunner 735 XT,1.912142906580615,5662.439248433115,2.2634588235294237,1.912142906580615,2156.0
2024-01-21 15:57:00+00:00,2024-01-21 15:57:00+00:00,582712851,27596007,6515.21,65535,36.60000000000002,36.60000000000002,2.258,2.258,0.0,300,161,79,0.5,-10.0,48.842426938936114,2.313070585951209,Garmin Forerunner 735 XT,1.9834692630229684,5664.422717696138,2.2576552036199216,1.9834692630229684,2157.0
2024-01-21 15:57:01+00:00,2024-01-21 15:57:01+00:00,582712703,27596202,6516.95,65535,36.60000000000002,36.60000000000002,2.249,2.249,0.0,300,161,79,0.5,-10.0,48.84241453371942,2.3130869306623936,Garmin Forerunner 735 XT,1.8257720643461943,5666.248489760484,2.2507203619909624,1.8257720643461943,2158.0
2024-01-21 15:57:02+00:00,2024-01-21 15:57:02+00:00,582712528,27596379,6518.86,65535,36.0,36.0,2.249,2.249,0.0,300,161,80,0.0,-10.0,48.84239986538887,2.313101766631007,Garmin Forerunner 735 XT,1.9593550400439275,5668.207844800528,2.2441203619909618,1.9593550400439275,2159.0
2024-01-21 15:57:03+00:00,2024-01-21 15:57:03+00:00,582712371,27596575,6520.73,65535,36.200000000000045,36.200000000000045,2.239,2.239,0.0,300,162,80,0.0,-10.0,48.84238670580089,2.3131181951612234,Garmin Forerunner 735 XT,1.8938339143525638,5670.10167871488,2.2373692307692425,1.8938339143525638,2160.0
2024-01-21 15:57:04+00:00,2024-01-21 15:57:04+00:00,582712214,27596807,6522.74,65535,36.200000000000045,36.200000000000045,2.23,2.23,0.0,300,162,80,0.0,-10.0,48.84237354621291,2.3131376411765814,Garmin Forerunner 735 XT,2.041161745855718,5672.142840460736,2.2305348416289714,2.041161745855718,2161.0
2024-01-21 15:57:05+00:00,2024-01-21 15:57:05+00:00,582712045,27597045,6524.88,65535,36.200000000000045,36.200000000000045,2.221,2.221,0.0,300,162,80,0.0,-10.0,48.84235938079655,2.3131575901061296,Garmin Forerunner 735 XT,2.1476196934585747,5674.290460154194,2.2248497737556683,2.1476196934585747,2162.0
2024-01-21 15:57:06+00:00,2024-01-21 15:57:06+00:00,582711854,27597226,6526.98,65535,35.799999999999955,35.799999999999955,2.221,2.221,0.0,300,162,80,0.0,-10.0,48.842343371361494,2.31317276135087,Garmin Forerunner 735 XT,2.0980105320210947,5676.388470686215,2.219526696832591,2.0980105320210947,2163.0
2024-01-21 15:57:07+00:00,2024-01-21 15:57:07+00:00,582711660,27597449,6529.25,65535,35.0,35.0,2.211,2.211,0.0,300,163,80,0.0,-10.0,48.84232711046934,2.3131914529949427,Garmin Forerunner 735 XT,2.2672474496674915,5678.655718135883,2.2157782805429984,2.2672474496674915,2164.0
2024-01-21 15:57:08+00:00,2024-01-21 15:57:08+00:00,582711438,27597686,6531.77,65535,34.60000000000002,34.60000000000002,2.211,2.211,0.0,300,163,80,0.0,-10.0,48.8423085026443,2.313211318105459,Garmin Forerunner 735 XT,2.528744518236424,5681.18446265412,2.2128651583710526,2.528744518236424,2165.0
2024-01-21 15:57:09+00:00,2024-01-21 15:57:09+00:00,582711227,27597886,6534.08,65535,34.39999999999998,34.39999999999998,2.211,2.211,0.0,300,163,80,0.0,-10.0,48.84229081682861,2.3132280819118023,Garmin Forerunner 735 XT,2.3178511368601855,5683.50231379098,2.21123710407241,2.3178511368601855,2166.0
2024-01-21 15:57:10+00:00,2024-01-21 15:57:10+00:00,582710993,27598027,6536.43,65535,34.0,34.0,2.211,2.211,0.0,300,163,80,0.0,-10.0,48.84227120317519,2.313239900395274,Garmin Forerunner 735 XT,2.346173322980423,5685.848487113961,2.2107085972850795,2.346173322980423,2167.0
2024-01-21 15:57:11+00:00,2024-01-21 15:57:11+00:00,582710788,27598183,6538.57,65535,34.0,34.0,2.211,2.211,0.0,300,163,81,0.0,-10.0,48.842254020273685,2.3132529761642218,Garmin Forerunner 735 XT,2.1368779507999833,5687.985365064761,2.210320361990962,2.1368779507999833,2168.0
2024-01-21 15:57:12+00:00,2024-01-21 15:57:12+00:00,582710602,27598330,6540.53,65535,33.60000000000002,33.60000000000002,2.211,2.211,0.0,300,163,81,0.0,-10.0,48.842238429933786,2.313265297561884,Garmin Forerunner 735 XT,1.9540489156344276,5689.939413980395,2.2098669683258034,1.9540489156344276,2169.0
2024-01-21 15:57:13+00:00,2024-01-21 15:57:13+00:00,582710411,27598477,6542.52,65535,33.60000000000002,33.60000000000002,2.211,2.211,0.0,300,163,81,0.0,-10.0,48.84222242049873,2.313277618959546,Garmin Forerunner 735 XT,1.99550798644044,5691.934921966836,2.208990950226256,1.99550798644044,2170.0
2024-01-21 15:57:14+00:00,2024-01-21 15:57:14+00:00,582710206,27598625,6544.63,65535,33.60000000000002,33.60000000000002,2.211,2.211,0.0,300,161,79,0.0,-10.0,48.84220523759723,2.31329002417624,Garmin Forerunner 735 XT,2.115358917596592,5694.050280884432,2.208499547511324,2.115358917596592,2171.0
2024-01-21 15:57:15+00:00,2024-01-21 15:57:15+00:00,582709998,27598764,6546.76,65535,34.0,34.0,2.211,2.211,0.0,300,161,79,0.0,-10.0,48.84218780323863,2.3133016750216484,Garmin Forerunner 735 XT,2.1178255045385663,5696.168106388971,2.2078153846153965,2.1178255045385663,2172.0
2024-01-21 15:57:16+00:00,2024-01-21 15:57:16+00:00,582709800,27598917,6548.83,65535,34.200000000000045,34.200000000000045,2.202,2.202,0.0,300,160,79,0.0,-10.0,48.84217120707035,2.313314499333501,Garmin Forerunner 735 XT,2.070342790277503,5698.238449179248,2.2072669683258037,2.070342790277503,2173.0
2024-01-21 15:57:17+00:00,2024-01-21 15:57:17+00:00,582709577,27599062,6551.08,65535,34.0,34.0,2.202,2.202,0.0,300,160,79,0.0,-10.0,48.84215251542628,2.3133266530930996,Garmin Forerunner 735 XT,2.260729074645767,5700.499178253894,2.2063583710407357,2.260729074645767,2174.0
2024-01-21 15:57:18+00:00,2024-01-21 15:57:18+00:00,582709384,27599277,6553.31,65535,33.60000000000002,33.60000000000002,2.202,2.202,0.0,300,160,79,0.0,-10.0,48.84213633835316,2.3133446741849184,Garmin Forerunner 735 XT,2.2304633424106886,5702.729641596305,2.2048135746606454,2.2304633424106886,2175.0
2024-01-21 15:57:19+00:00,2024-01-21 15:57:19+00:00,582709198,27599447,6555.33,65535,33.799999999999955,33.799999999999955,2.202,2.202,0.0,300,160,79,0.0,-10.0,48.84212074801326,2.31335892342031,Garmin Forerunner 735 XT,2.023027736185047,5704.75266933249,2.2018027149321386,2.023027736185047,2176.0
2024-01-21 15:57:20+00:00,2024-01-21 15:57:20+00:00,582709047,27599603,6557.04,65535,34.0,34.0,2.202,2.202,0.0,300,160,79,0.5,-10.0,48.84210809133947,2.3133719991892576,Garmin Forerunner 735 XT,1.7018578214720361,5706.454527153962,2.1977420814479753,1.7018578214720361,2177.0
2024-01-21 15:57:21+00:00,2024-01-21 15:57:21+00:00,582708919,27599703,6558.38,65535,33.60000000000002,33.60000000000002,2.202,2.202,0.0,300,160,79,0.5,-10.0,48.84209736250341,2.313380381092429,Garmin Forerunner 735 XT,1.3414504668248022,5707.795977620786,2.1937538461538577,1.3414504668248022,2178.0
2024-01-21 15:57:22+00:00,2024-01-21 15:57:22+00:00,582708783,27599795,6559.76,65535,33.60000000000002,33.60000000000002,2.193,2.193,0.0,300,160,79,0.5,-10.0,48.842085963115096,2.313388092443347,Garmin Forerunner 735 XT,1.3875011241492843,5709.183478744935,2.189595475113134,1.3875011241492843,2179.0
2024-01-21 15:57:23+00:00,2024-01-21 15:57:23+00:00,582708580,27599845,6561.68,65535,33.799999999999955,33.799999999999955,2.183,2.183,0.0,300,161,80,0.0,-10.0,48.84206894785166,2.3133922833949327,Garmin Forerunner 735 XT,1.916708215403178,5711.100186960339,2.1846090497737674,1.916708215403178,2180.0
2024-01-21 15:57:24+00:00,2024-01-21 15:57:24+00:00,582708381,27599912,6563.58,65535,33.799999999999955,33.799999999999955,2.174,2.174,0.0,300,161,80,0.0,-10.0,48.84205226786435,2.3133978992700577,Garmin Forerunner 735 XT,1.8997174117506062,5712.999904372089,2.178771945701369,1.8997174117506062,2181.0
2024-01-21 15:57:25+00:00,2024-01-21 15:57:25+00:00,582708142,27599989,6565.86,65535,33.60000000000002,33.60000000000002,2.165,2.165,0.0,300,161,80,0.0,-10.0,48.84203223511577,2.3134043533354998,Garmin Forerunner 735 XT,2.27706369197134,5715.27696806406,2.17206153846155,2.27706369197134,2182.0
2024-01-21 15:57:26+00:00,2024-01-21 15:57:26+00:00,582707957,27600124,6567.77,65535,33.39999999999998,33.39999999999998,2.165,2.165,0.0,300,161,80,0.0,-10.0,48.8420167285949,2.3134156689047813,Garmin Forerunner 735 XT,1.9127885915606986,5717.189756655621,2.1650660633484278,1.9127885915606986,2183.0
2024-01-21 15:57:27+00:00,2024-01-21 15:57:27+00:00,582707766,27600253,6569.71,65535,33.60000000000002,33.60000000000002,2.165,2.165,0.0,300,160,80,0.0,-10.0,48.84200071915984,2.3134264815598726,Garmin Forerunner 735 XT,1.9481101338137976,5719.137866789435,2.15837375565612,1.9481101338137976,2184.0
2024-01-21 15:57:28+00:00,2024-01-21 15:57:28+00:00,582707587,27600399,6571.61,65535,33.60000000000002,33.60000000000002,2.155,2.155,0.0,300,160,80,0.0,-10.0,48.841985715553164,2.313438719138503,Garmin Forerunner 735 XT,1.8935008711385293,5721.031367660574,2.1525728506787445,1.8935008711385293,2185.0
2024-01-21 15:57:29+00:00,2024-01-21 15:57:29+00:00,582707383,27600504,6573.62,65535,33.60000000000002,33.60000000000002,2.146,2.146,0.0,300,160,80,0.0,-10.0,48.841968616470695,2.313447520136833,Garmin Forerunner 735 XT,2.007458134742044,5723.0388257953155,2.148251583710419,2.007458134742044,2186.0
2024-01-21 15:57:30+00:00,2024-01-21 15:57:30+00:00,582707161,27600615,6575.79,65535,33.799999999999955,33.799999999999955,2.146,2.146,0.0,300,160,79,0.0,-10.0,48.841950008645654,2.3134568240493536,Garmin Forerunner 735 XT,2.178244405487985,5725.217070200803,2.1454579185520477,2.178244405487985,2187.0
2024-01-21 15:57:31+00:00,2024-01-21 15:57:31+00:00,582706910,27600774,6578.31,65535,34.200000000000045,34.200000000000045,2.137,2.137,0.0,300,160,79,0.0,-10.0,48.84192897006869,2.3134701512753963,Garmin Forerunner 735 XT,2.5345492271311416,5727.751619427934,2.1426552036199205,2.5345492271311416,2188.0
2024-01-21 15:57:32+00:00,2024-01-21 15:57:32+00:00,582706705,27600955,6580.51,65535,34.200000000000045,34.200000000000045,2.137,2.137,0.0,300,160,79,0.0,-10.0,48.84191178716719,2.313485322520137,Garmin Forerunner 735 XT,2.209810059839006,5729.961429487773,2.1391040723982013,2.209810059839006,2189.0
2024-01-21 15:57:33+00:00,2024-01-21 15:57:33+00:00,582706513,27601185,6582.76,65535,34.39999999999998,34.39999999999998,2.137,2.137,0.0,300,160,79,0.0,-10.0,48.8418956939131,2.3135046008974314,Garmin Forerunner 735 XT,2.2787484647039964,5732.240177952477,2.135913122171957,2.2787484647039964,2190.0
2024-01-21 15:57:34+00:00,2024-01-21 15:57:34+00:00,582706348,27601373,6584.69,65535,34.39999999999998,34.39999999999998,2.137,2.137,0.0,300,160,79,0.0,-10.0,48.84188186377287,2.313520358875394,Garmin Forerunner 735 XT,1.9221908925229847,5734.162368845,2.1346769230769342,1.9221908925229847,2191.0
2024-01-21 15:57:35+00:00,2024-01-21 15:57:35+00:00,582706171,27601549,6586.66,65535,33.60000000000002,33.60000000000002,2.137,2.137,0.0,300,162,79,0.5,-10.0,48.841867027804255,2.3135351110249758,Garmin Forerunner 735 XT,1.9715399076424056,5736.133908752642,2.134354751131233,1.9715399076424056,2192.0
2024-01-21 15:57:36+00:00,2024-01-21 15:57:36+00:00,582705938,27601702,6589.02,65535,33.200000000000045,33.200000000000045,2.137,2.137,0.0,300,162,79,0.5,-10.0,48.841847497969866,2.3135479353368282,Garmin Forerunner 735 XT,2.3657388927695684,5738.499647645412,2.1339058823529524,2.3657388927695684,2193.0
2024-01-21 15:57:37+00:00,2024-01-21 15:57:37+00:00,582705714,27601870,6591.34,65535,32.799999999999955,32.799999999999955,2.127,2.127,0.0,300,162,80,0.0,-10.0,48.84182872250676,2.3135620169341564,Garmin Forerunner 735 XT,2.3282198260048155,5740.8278674714165,2.1323375565610974,2.3282198260048155,2194.0
2024-01-21 15:57:38+00:00,2024-01-21 15:57:38+00:00,582705514,27602111,6593.73,65535,33.0,33.0,2.127,2.127,0.0,300,162,80,0.0,-10.0,48.84181195870042,2.3135822173208,Garmin Forerunner 735 XT,2.3790877247602094,5743.206955196177,2.1317511312217308,2.3790877247602094,2195.0
2024-01-21 15:57:39+00:00,2024-01-21 15:57:39+00:00,582705342,27602353,6595.91,65535,33.200000000000045,33.200000000000045,2.137,2.137,0.0,300,162,80,0.0,-10.0,48.84179754182696,2.313602501526475,Garmin Forerunner 735 XT,2.1848171058690338,5745.391772302046,2.1316877828054412,2.1848171058690338,2196.0
2024-01-21 15:57:40+00:00,2024-01-21 15:57:40+00:00,582705200,27602555,6597.73,65535,33.200000000000045,33.200000000000045,2.137,2.137,0.0,300,162,80,0.0,-10.0,48.84178563952446,2.3136194329708815,Garmin Forerunner 735 XT,1.8129794710520093,5747.204751773098,2.132123981900464,1.8129794710520093,2197.0
2024-01-21 15:57:41+00:00,2024-01-21 15:57:41+00:00,582704969,27602776,6600.26,65535,34.60000000000002,34.60000000000002,2.127,2.127,0.0,300,162,79,0.5,-10.0,48.841766277328134,2.3136379569768906,Garmin Forerunner 735 XT,2.544214098352674,5749.74896587145,2.1319855203620017,2.544214098352674,2198.0
2024-01-21 15:57:42+00:00,2024-01-21 15:57:42+00:00,582704710,27603036,6603.14,65535,36.39999999999998,36.39999999999998,2.127,2.127,0.0,300,162,79,0.5,-10.0,48.84174456819892,2.3136597499251366,Garmin Forerunner 735 XT,2.893212312229082,5752.64217818368,2.1320796380090608,2.893212312229082,2199.0
2024-01-21 15:57:43+00:00,2024-01-21 15:57:43+00:00,582704509,27603308,6605.65,65535,38.0,38.0,2.127,2.127,0.0,300,163,80,0.0,-10.0,48.841727720573545,2.313682548701763,Garmin Forerunner 735 XT,2.508639685980668,5755.15081786966,2.1314135746606446,2.508639685980668,2200.0
2024-01-21 15:57:44+00:00,2024-01-21 15:57:44+00:00,582704378,27603504,6607.37,65535,39.0,39.0,2.137,2.137,0.0,300,164,80,0.0,-10.0,48.84171674028039,2.3136989772319794,Garmin Forerunner 735 XT,1.713529962278939,5756.864347831939,2.129605429864265,1.713529962278939,2201.0
2024-01-21 15:57:45+00:00,2024-01-21 15:57:45+00:00,582704271,27603684,6608.85,65535,39.39999999999998,39.39999999999998,2.137,2.137,0.0,300,164,80,0.0,-10.0,48.841707771643996,2.313714064657688,Garmin Forerunner 735 XT,1.4878305460039776,5758.352178377943,2.1260533936651695,1.4878305460039776,2202.0
2024-01-21 15:57:46+00:00,2024-01-21 15:57:46+00:00,582704140,27603873,6610.54,65535,39.200000000000045,39.200000000000045,2.127,2.127,0.0,300,164,79,0.5,-10.0,48.84169679135084,2.3137299064546824,Garmin Forerunner 735 XT,1.683681273538736,5760.0358596514825,2.1227095022624547,1.683681273538736,2203.0
2024-01-21 15:57:47+00:00,2024-01-21 15:57:47+00:00,582703926,27604024,6612.74,65535,39.0,39.0,2.118,2.118,0.0,300,163,79,0.5,-10.0,48.841678854078054,2.3137425631284714,Garmin Forerunner 735 XT,2.199110598111359,5762.234970249594,2.1209583710407354,2.199110598111359,2204.0
2024-01-21 15:57:48+00:00,2024-01-21 15:57:48+00:00,582703725,27604155,6614.77,65535,39.200000000000045,39.200000000000045,2.118,2.118,0.0,300,162,79,0.5,-10.0,48.84166200645268,2.313753543421626,Garmin Forerunner 735 XT,2.0384372244554143,5764.273407474049,2.120184615384627,2.0384372244554143,2205.0
2024-01-21 15:57:49+00:00,2024-01-21 15:57:49+00:00,582703453,27604232,6617.34,65535,38.799999999999955,38.799999999999955,2.109,2.109,0.0,300,162,79,0.5,-10.0,48.84163920767605,2.313759997487068,Garmin Forerunner 735 XT,2.578732657810768,5766.85214013186,2.11909411764707,2.578732657810768,2206.0
2024-01-21 15:57:50+00:00,2024-01-21 15:57:50+00:00,582703137,27604281,6620.3,65535,37.799999999999955,37.799999999999955,2.109,2.109,0.0,300,162,80,0.0,-10.0,48.84161272086203,2.3137641046196222,Garmin Forerunner 735 XT,2.960496697891776,5769.812636829752,2.1176868778280653,2.960496697891776,2207.0
2024-01-21 15:57:51+00:00,2024-01-21 15:57:51+00:00,582702863,27604392,6622.94,65535,37.0,37.0,2.118,2.118,0.0,300,162,80,0.0,-10.0,48.84158975444734,2.3137734085321426,Garmin Forerunner 735 XT,2.642958768627872,5772.45559559838,2.1172570135746716,2.642958768627872,2208.0
2024-01-21 15:57:52+00:00,2024-01-21 15:57:52+00:00,582702621,27604493,6625.25,65535,36.39999999999998,36.39999999999998,2.127,2.127,0.0,300,161,80,0.0,-10.0,48.841569470241666,2.313781874254346,Garmin Forerunner 735 XT,2.3390411766058294,5774.7946367749855,2.118463348416301,2.3390411766058294,2209.0
2024-01-21 15:57:53+00:00,2024-01-21 15:57:53+00:00,582702423,27604638,6627.26,65535,36.200000000000045,36.200000000000045,2.127,2.127,0.0,300,161,79,0.0,-10.0,48.841552874073386,2.3137940280139446,Garmin Forerunner 735 XT,2.048569965894772,5776.84320674088,2.120423529411776,2.048569965894772,2210.0
2024-01-21 15:57:54+00:00,2024-01-21 15:57:54+00:00,582702192,27604845,6629.75,65535,37.60000000000002,37.60000000000002,2.127,2.127,0.0,300,161,79,0.0,-10.0,48.84153351187706,2.3138113785535097,Garmin Forerunner 735 XT,2.499516545656795,5779.342723286537,2.1234950226244456,2.499516545656795,2211.0
2024-01-21 15:57:55+00:00,2024-01-21 15:57:55+00:00,582701887,27605042,6632.83,65535,39.200000000000045,39.200000000000045,2.127,2.127,0.0,300,162,79,0.0,-10.0,48.84150794707239,2.3138278909027576,Garmin Forerunner 735 XT,3.0888619368940637,5782.431585223431,2.127958371040735,3.0888619368940637,2212.0
2024-01-21 15:57:56+00:00,2024-01-21 15:57:56+00:00,582701591,27605139,6635.65,65535,38.799999999999955,38.799999999999955,2.127,2.127,0.0,300,162,79,0.0,-10.0,48.841483136639,2.313836021348834,Garmin Forerunner 735 XT,2.8222290632804508,5785.2538142867115,2.133942081447975,2.8222290632804508,2213.0
2024-01-21 15:57:57+00:00,2024-01-21 15:57:57+00:00,582701285,27605213,6638.54,65535,38.60000000000002,38.60000000000002,2.137,2.137,0.0,300,163,79,0.5,-10.0,48.841457488015294,2.313842223957181,Garmin Forerunner 735 XT,2.887893803353517,5788.141708090065,2.1396932126696946,2.887893803353517,2214.0
2024-01-21 15:57:58+00:00,2024-01-21 15:57:58+00:00,582700898,27605354,6642.23,65535,40.39999999999998,40.39999999999998,2.137,2.137,0.0,300,164,80,0.0,-10.0,48.84142505005002,2.313854042440653,Garmin Forerunner 735 XT,3.7091853878483145,5791.850893477913,2.145258823529423,3.7091853878483145,2215.0
2024-01-21 15:57:59+00:00,2024-01-21 15:57:59+00:00,582700618,27605419,6644.86,65535,40.39999999999998,40.39999999999998,2.146,2.146,0.0,300,165,80,0.0,-10.0,48.84140158072114,2.3138594906777143,Garmin Forerunner 735 XT,2.6399532084756836,5794.490846686389,2.15066153846155,2.6399532084756836,2216.0
2024-01-21 15:58:00+00:00,2024-01-21 15:58:00+00:00,582700356,27605487,6647.33,65535,40.200000000000045,40.200000000000045,2.165,2.165,0.0,300,165,80,0.0,-10.0,48.84137962013483,2.313865190371871,Garmin Forerunner 735 XT,2.4772749176682245,5796.968121604057,2.1564642533936764,2.4772749176682245,2217.0
2024-01-21 15:58:01+00:00,2024-01-21 15:58:01+00:00,582700112,27605572,6649.66,65535,39.60000000000002,39.60000000000002,2.174,2.174,0.0,300,164,80,0.0,-10.0,48.84135916829109,2.313872314989567,Garmin Forerunner 735 XT,2.3331467290030705,5799.30126833306,2.1628190045248985,2.3331467290030705,2218.0
2024-01-21 15:58:02+00:00,2024-01-21 15:58:02+00:00,582699859,27605750,6652.24,65535,40.60000000000002,40.60000000000002,2.174,2.174,0.0,300,162,80,0.0,-10.0,48.84133796207607,2.313887234777212,Garmin Forerunner 735 XT,2.598547712229581,5801.899816045289,2.168493212669695,2.598547712229581,2219.0
2024-01-21 15:58:03+00:00,2024-01-21 15:58:03+00:00,582699626,27605973,6654.79,65535,41.60000000000002,41.60000000000002,2.174,2.174,0.0,300,161,80,0.0,-10.0,48.84131843224168,2.3139059264212847,Garmin Forerunner 735 XT,2.5665314589432007,5804.4663475042325,2.1740542986425453,2.5665314589432007,2220.0
2024-01-21 15:58:04+00:00,2024-01-21 15:58:04+00:00,582699424,27606226,6657.24,65535,42.39999999999998,42.39999999999998,2.174,2.174,0.0,300,161,80,0.0,-10.0,48.84130150079727,2.3139271326363087,Garmin Forerunner 735 XT,2.4398765411642835,5806.906224045397,2.179458823529423,2.4398765411642835,2221.0
2024-01-21 15:58:05+00:00,2024-01-21 15:58:05+00:00,582699242,27606513,6659.69,65535,43.200000000000045,43.200000000000045,2.174,2.174,0.0,300,162,80,0.0,-10.0,48.8412862457335,2.313951188698411,Garmin Forerunner 735 XT,2.4447277865722743,5809.350951831969,2.1836126696832694,2.4447277865722743,2222.0
2024-01-21 15:58:06+00:00,2024-01-21 15:58:06+00:00,582699055,27606759,6662.0,65535,44.0,44.0,2.183,2.183,0.0,300,163,80,0.0,-10.0,48.84127057157457,2.313971808180213,Garmin Forerunner 735 XT,2.305363208654365,5811.656315040623,2.186467873303179,2.305363208654365,2223.0
2024-01-21 15:58:07+00:00,2024-01-21 15:58:07+00:00,582698872,27607017,6664.32,65535,44.39999999999998,44.39999999999998,2.193,2.193,0.0,300,163,80,0.0,-10.0,48.841255232691765,2.3139934334903955,Garmin Forerunner 735 XT,2.326737371860936,5813.983052412484,2.188047058823541,2.326737371860936,2224.0
2024-01-21 15:58:08+00:00,2024-01-21 15:58:08+00:00,582698700,27607325,6666.8,65535,45.0,45.0,2.193,2.193,0.0,300,164,79,0.0,-10.0,48.84124081581831,2.314019249752164,Garmin Forerunner 735 XT,2.4777695549108216,5816.460821967395,2.1910036199095138,2.4777695549108216,2225.0
2024-01-21 15:58:09+00:00,2024-01-21 15:58:09+00:00,582698523,27607559,6668.99,65535,45.0,45.0,2.202,2.202,0.0,300,165,79,0.0,-10.0,48.841225979849696,2.3140388634055853,Garmin Forerunner 735 XT,2.186726931333654,5818.647548898728,2.1948262443439033,2.186726931333654,2226.0
2024-01-21 15:58:10+00:00,2024-01-21 15:58:10+00:00,582698290,27607720,6671.37,65535,44.799999999999955,44.799999999999955,2.202,2.202,0.0,300,165,79,0.0,-10.0,48.84120645001531,2.3140523582696915,Garmin Forerunner 735 XT,2.385636747437997,5821.033185646166,2.199180090497749,2.385636747437997,2227.0
2024-01-21 15:58:11+00:00,2024-01-21 15:58:11+00:00,582698051,27607909,6673.88,65535,44.60000000000002,44.60000000000002,2.193,2.193,0.0,300,165,79,0.5,-10.0,48.84118641726673,2.3140682000666857,Garmin Forerunner 735 XT,2.5111786688823017,5823.544364315048,2.2032009049773875,2.5111786688823017,2228.0
2024-01-21 15:58:12+00:00,2024-01-21 15:58:12+00:00,582697787,27608031,6676.44,65535,44.0,44.0,2.202,2.202,0.0,300,165,79,0.5,-10.0,48.841164289042354,2.314078425988555,Garmin Forerunner 735 XT,2.571834525536137,5826.116198840585,2.205470588235306,2.571834525536137,2229.0
2024-01-21 15:58:13+00:00,2024-01-21 15:58:13+00:00,582697557,27608175,6678.77,65535,43.60000000000002,43.60000000000002,2.202,2.202,0.0,300,164,79,0.5,-10.0,48.84114501066506,2.314090495929122,Garmin Forerunner 735 XT,2.3185143903767202,5828.434713230961,2.206523076923089,2.3185143903767202,2230.0
2024-01-21 15:58:14+00:00,2024-01-21 15:58:14+00:00,582697322,27608287,6681.06,65535,43.0,43.0,2.211,2.211,0.0,300,163,79,0.5,-10.0,48.841125313192606,2.314099883660674,Garmin Forerunner 735 XT,2.295480815250773,5830.730194046212,2.2061384615384734,2.295480815250773,2231.0
2024-01-21 15:58:15+00:00,2024-01-21 15:58:15+00:00,582697139,27608460,6683.06,65535,42.799999999999955,42.799999999999955,2.211,2.211,0.0,300,163,80,0.0,-10.0,48.8411099743098,2.314114384353161,Garmin Forerunner 735 XT,2.008791140182256,5832.7389851863945,2.204360180995487,2.008791140182256,2232.0
2024-01-21 15:58:16+00:00,2024-01-21 15:58:16+00:00,582696953,27608646,6685.14,65535,42.60000000000002,42.60000000000002,2.211,2.211,0.0,300,162,80,0.0,-10.0,48.8410943839699,2.31412997469306,Garmin Forerunner 735 XT,2.0753340795630106,5834.814319265957,2.2012316742081564,2.0753340795630106,2233.0
2024-01-21 15:58:17+00:00,2024-01-21 15:58:17+00:00,582696753,27608791,6687.2,65535,42.200000000000045,42.200000000000045,2.202,2.202,0.0,300,162,80,0.0,-10.0,48.84107762016356,2.3141421284526587,Garmin Forerunner 735 XT,2.0653813477837826,5836.879700613741,2.198528506787342,2.0653813477837826,2234.0
2024-01-21 15:58:18+00:00,2024-01-21 15:58:18+00:00,582696549,27608938,6689.31,65535,41.39999999999998,41.39999999999998,2.193,2.193,0.0,300,162,79,0.5,-10.0,48.84106052108109,2.314154449850321,Garmin Forerunner 735 XT,2.1043175348482546,5838.98401814859,2.1960742081448084,2.1043175348482546,2235.0
2024-01-21 15:58:19+00:00,2024-01-21 15:58:19+00:00,582696307,27609045,6691.66,65535,40.39999999999998,40.39999999999998,2.193,2.193,0.0,300,162,79,0.5,-10.0,48.841040236875415,2.3141634184867144,Garmin Forerunner 735 XT,2.3490595667071865,5841.333077715297,2.1938352941176587,2.3490595667071865,2236.0
2024-01-21 15:58:20+00:00,2024-01-21 15:58:20+00:00,582696027,27609091,6694.28,65535,39.39999999999998,39.39999999999998,2.183,2.183,0.0,300,162,80,0.0,-10.0,48.841016767546535,2.3141672741621733,Garmin Forerunner 735 XT,2.624880746822428,5843.95795846212,2.1941457013574777,2.624880746822428,2237.0
2024-01-21 15:58:21+00:00,2024-01-21 15:58:21+00:00,582695736,27609124,6696.93,65535,38.60000000000002,38.60000000000002,2.183,2.183,0.0,300,161,80,0.0,-10.0,48.840992376208305,2.31417004019022,Garmin Forerunner 735 XT,2.7197366852003606,5846.67769514732,2.1949040723982014,2.7197366852003606,2238.0
2024-01-21 15:58:22+00:00,2024-01-21 15:58:22+00:00,582695455,27609023,6699.62,65535,37.200000000000045,37.200000000000045,2.193,2.193,0.0,300,161,79,0.5,-10.0,48.84096882306039,2.3141615744680166,Garmin Forerunner 735 XT,2.691273052449592,5849.36896819977,2.1979104072398306,2.691273052449592,2239.0
2024-01-21 15:58:23+00:00,2024-01-21 15:58:23+00:00,582695206,27608904,6702.05,65535,35.799999999999955,35.799999999999955,2.202,2.202,0.0,300,160,79,0.5,-10.0,48.840947952121496,2.3141516000032425,Garmin Forerunner 735 XT,2.4328359417301026,5851.801804141501,2.201364705882365,2.4328359417301026,2240.0
2024-01-21 15:58:24+00:00,2024-01-21 15:58:24+00:00,582694982,27608810,6704.2,65535,34.39999999999998,34.39999999999998,2.211,2.211,0.0,300,159,79,0.5,-10.0,48.84092917665839,2.3141437210142612,Garmin Forerunner 735 XT,2.1658994957530235,5853.967703637254,2.2059837104072515,2.1658994957530235,2241.0
2024-01-21 15:58:25+00:00,2024-01-21 15:58:25+00:00,582694803,27608826,6705.87,65535,34.0,34.0,2.221,2.221,0.0,300,159,80,0.0,-10.0,48.840914173051715,2.3141450621187687,Garmin Forerunner 735 XT,1.671209384204786,5855.638913021459,2.209438009049786,1.671209384204786,2242.0
2024-01-21 15:58:26+00:00,2024-01-21 15:58:26+00:00,582694624,27608920,6707.59,65535,34.0,34.0,2.221,2.221,0.0,300,159,80,0.0,-10.0,48.84089916944504,2.31415294110775,Garmin Forerunner 735 XT,1.765159071806814,5857.404072093266,2.2119040723982017,1.765159071806814,2243.0
2024-01-21 15:58:27+00:00,2024-01-21 15:58:27+00:00,582694499,27609080,6709.11,65535,33.39999999999998,33.39999999999998,2.211,2.211,0.0,300,159,80,0.0,-11.0,48.84088869206607,2.3141663521528244,Garmin Forerunner 735 XT,1.5233410489036514,5858.92741314217,2.213358371040736,1.5233410489036514,2244.0
2024-01-21 15:58:28+00:00,2024-01-21 15:58:28+00:00,582694361,27609241,6710.73,65535,33.0,33.0,2.211,2.211,0.0,300,159,80,0.0,-11.0,48.8408771250397,2.3141798470169306,Garmin Forerunner 735 XT,1.621618151241197,5860.549031293411,2.2113420814479756,1.621618151241197,2245.0
2024-01-21 15:58:29+00:00,2024-01-21 15:58:29+00:00,582694223,27609424,6712.44,65535,32.39999999999998,32.39999999999998,2.202,2.202,0.0,300,159,80,0.0,-11.0,48.84086555801332,2.3141951858997345,Garmin Forerunner 735 XT,1.707165128811261,5862.256196422222,2.2072778280543104,1.707165128811261,2246.0
2024-01-21 15:58:30+00:00,2024-01-21 15:58:30+00:00,582694102,27609644,6714.2,65535,32.200000000000045,32.200000000000045,2.202,2.202,0.0,300,159,80,0.0,-11.0,48.84085541591048,2.314213626086712,Garmin Forerunner 735 XT,1.7586942207029042,5864.014890642925,2.2014669683258035,1.7586942207029042,2247.0
2024-01-21 15:58:31+00:00,2024-01-21 15:58:31+00:00,582694026,27609855,6715.65,65535,32.0,32.0,2.193,2.193,0.0,300,158,80,0.0,-11.0,48.84084904566407,2.314231311902404,Garmin Forerunner 735 XT,1.4754562338998962,5865.490346876825,2.194703167420826,1.4754562338998962,2248.0
2024-01-21 15:58:32+00:00,2024-01-21 15:58:32+00:00,582693963,27610084,6717.16,65535,31.799999999999955,31.799999999999955,2.193,2.193,0.0,300,158,79,0.0,-11.0,48.840843765065074,2.3142505064606667,Garmin Forerunner 735 XT,1.5225028212333476,5867.012849698059,2.187932126696844,1.5225028212333476,2249.0
2024-01-21 15:58:33+00:00,2024-01-21 15:58:33+00:00,582693883,27610354,6718.94,65535,31.200000000000045,31.200000000000045,2.183,2.183,0.0,300,159,79,0.0,-11.0,48.84083705954254,2.31427313759923,Garmin Forerunner 735 XT,1.8163194943975682,5868.829169192456,2.182319457013586,1.8163194943975682,2250.0
2024-01-21 15:58:34+00:00,2024-01-21 15:58:34+00:00,582693884,27610800,6721.39,65535,30.799999999999955,30.799999999999955,2.174,2.174,0.0,300,159,79,0.0,-11.0,48.84083714336157,2.314310520887375,Garmin Forerunner 735 XT,2.7358473792443183,5871.565016571701,2.1770307692307806,2.7358473792443183,2251.0
2024-01-21 15:58:35+00:00,2024-01-21 15:58:35+00:00,582693806,27611157,6723.53,65535,30.200000000000045,30.200000000000045,2.174,2.174,0.0,300,160,79,0.5,-11.0,48.840830605477095,2.3143404442816973,Garmin Forerunner 735 XT,2.307406997180565,5873.8724235688815,2.171011764705894,2.307406997180565,2252.0
2024-01-21 15:58:36+00:00,2024-01-21 15:58:36+00:00,582693774,27611548,6725.64,65535,29.600000000000023,29.600000000000023,2.165,2.165,0.0,300,161,79,0.5,-11.0,48.84082792326808,2.314373217523098,Garmin Forerunner 735 XT,2.416926010977793,5876.289349579859,2.167126696832591,2.416926010977793,2253.0
2024-01-21 15:58:37+00:00,2024-01-21 15:58:37+00:00,582693782,27611933,6727.69,65535,28.799999999999955,28.799999999999955,2.165,2.165,0.0,300,163,79,0.5,-11.0,48.84082859382033,2.3144054878503084,Garmin Forerunner 735 XT,2.362825431169258,5878.652175011028,2.1648217194570254,2.362825431169258,2254.0
2024-01-21 15:58:38+00:00,2024-01-21 15:58:38+00:00,582693791,27612380,6730.1,65535,28.0,28.0,2.165,2.165,0.0,300,164,79,0.5,-11.0,48.84082934819162,2.314442954957485,Garmin Forerunner 735 XT,2.7432488634231302,5881.395423874451,2.1639203619909617,2.7432488634231302,2255.0
2024-01-21 15:58:39+00:00,2024-01-21 15:58:39+00:00,582693797,27612917,6732.95,65535,27.600000000000023,27.600000000000023,2.165,2.165,0.0,300,165,80,0.0,-11.0,48.84082985110581,2.3144879657775164,Garmin Forerunner 735 XT,3.2945144135544133,5884.689938288006,2.166718552036211,3.2945144135544133,2256.0
2024-01-21 15:58:40+00:00,2024-01-21 15:58:40+00:00,582693773,27613420,6735.74,65535,27.399999999999977,27.399999999999977,2.165,2.165,0.0,300,165,80,0.0,-11.0,48.84082783944905,2.314530126750469,Garmin Forerunner 735 XT,3.0935762268375426,5887.783514514843,2.1727294117647173,3.0935762268375426,2257.0
2024-01-21 15:58:41+00:00,2024-01-21 15:58:41+00:00,582693814,27613918,6738.41,65535,26.799999999999955,26.799999999999955,2.174,2.174,0.0,300,165,80,0.0,-11.0,48.84083127602935,2.3145718686282635,Garmin Forerunner 735 XT,3.0786156733478096,5890.86213018819,2.1801755656108712,3.0786156733478096,2258.0
2024-01-21 15:58:42+00:00,2024-01-21 15:58:42+00:00,582693830,27614453,6741.32,65535,26.200000000000045,26.200000000000045,2.193,2.193,0.0,300,165,80,0.0,-11.0,48.840832617133856,2.314616711810231,Garmin Forerunner 735 XT,3.2851576696715457,5894.147287857862,2.190248868778292,3.2851576696715457,2259.0
2024-01-21 15:58:43+00:00,2024-01-21 15:58:43+00:00,582693919,27615008,6744.51,65535,26.0,26.0,2.202,2.202,0.0,300,165,80,0.0,-11.0,48.84084007702768,2.3146632313728333,Garmin Forerunner 735 XT,3.5040521595008585,5897.651340017363,2.202742986425351,3.5040521595008585,2260.0
2024-01-21 15:58:44+00:00,2024-01-21 15:58:44+00:00,582693936,27615519,6747.59,65535,25.600000000000023,25.600000000000023,2.211,2.211,0.0,300,165,80,0.0,-11.0,48.84084150195122,2.31470606289804,Garmin Forerunner 735 XT,3.138553050580989,5900.789893067944,2.2162054298642655,3.138553050580989,2261.0
2024-01-21 15:58:45+00:00,2024-01-21 15:58:45+00:00,582693877,27616011,6750.64,65535,25.399999999999977,25.399999999999977,2.239,2.239,0.0,300,164,80,0.0,-11.0,48.840836556628346,2.314747301861644,Garmin Forerunner 735 XT,3.067690090002676,5903.8575831579465,2.2291837104072516,3.067690090002676,2262.0
2024-01-21 15:58:46+00:00,2024-01-21 15:58:46+00:00,582693837,27616516,6753.74,65535,25.799999999999955,25.799999999999955,2.239,2.239,0.0,300,164,80,0.0,-11.0,48.84083320386708,2.31478963047266,Garmin Forerunner 735 XT,3.120099540819614,5906.977682698766,2.2414714932126816,3.120099540819614,2263.0
2024-01-21 15:58:47+00:00,2024-01-21 15:58:47+00:00,582693859,27617007,6756.7,65535,26.200000000000045,26.200000000000045,2.249,2.249,0.0,300,164,79,0.5,-11.0,48.840835047885776,2.3148307856172323,Garmin Forerunner 735 XT,3.018840089799537,5909.996522788566,2.251062443438926,3.018840089799537,2264.0
2024-01-21 15:58:48+00:00,2024-01-21 15:58:48+00:00,582693833,27617359,6758.83,65535,25.399999999999977,25.399999999999977,2.267,2.267,0.0,300,164,79,0.5,-11.0,48.84083286859095,2.314860289916396,Garmin Forerunner 735 XT,2.172776852646081,5912.169299641212,2.257902262443451,2.172776852646081,2265.0
2024-01-21 15:58:49+00:00,2024-01-21 15:58:49+00:00,582693783,27617647,6760.66,65535,25.0,25.0,2.267,2.267,0.0,300,164,79,0.5,-11.0,48.840828677639365,2.31488442979753,Garmin Forerunner 735 XT,1.8270658981151513,5913.996365539328,2.261818099547523,1.8270658981151513,2266.0
2024-01-21 15:58:50+00:00,2024-01-21 15:58:50+00:00,582693770,27617967,6762.58,65535,24.200000000000045,24.200000000000045,2.267,2.267,0.0,300,164,80,0.0,-11.0,48.84082758799195,2.314911251887679,Garmin Forerunner 735 XT,1.9666646764240638,5915.963030215752,2.263687782805442,1.9666646764240638,2267.0
2024-01-21 15:58:51+00:00,2024-01-21 15:58:51+00:00,582693727,27618253,6764.37,65535,23.600000000000023,23.600000000000023,2.258,2.258,0.0,300,163,80,0.0,-11.0,48.84082398377359,2.3149352241307497,Garmin Forerunner 735 XT,1.7995619466148052,5917.762592162367,2.263257918552048,1.7995619466148052,2268.0
2024-01-21 15:58:52+00:00,2024-01-21 15:58:52+00:00,582693751,27618584,6766.25,65535,22.600000000000023,22.600000000000023,2.258,2.258,0.0,300,163,79,0.5,-11.0,48.84082599543035,2.3149629682302475,Garmin Forerunner 735 XT,2.042688971111947,5919.805281133478,2.25850859728508,2.042688971111947,2269.0
2024-01-21 15:58:53+00:00,2024-01-21 15:58:53+00:00,582693696,27618860,6768.03,65535,22.399999999999977,22.399999999999977,2.249,2.249,0.0,300,162,79,0.5,-11.0,48.840821385383606,2.314986102283001,Garmin Forerunner 735 XT,1.7689292587052006,5921.574210392184,2.2527628959276136,1.7689292587052006,2270.0
2024-01-21 15:58:54+00:00,2024-01-21 15:58:54+00:00,582693661,27619150,6769.79,65535,21.799999999999955,21.799999999999955,2.249,2.249,0.0,300,162,80,0.0,-11.0,48.840818451717496,2.3150104098021984,Garmin Forerunner 735 XT,1.8085666708602135,5923.382777063044,2.246990950226256,1.8085666708602135,2271.0
2024-01-21 15:58:55+00:00,2024-01-21 15:58:55+00:00,582693544,27619384,6771.56,65535,21.399999999999977,21.399999999999977,2.239,2.239,0.0,300,162,80,0.0,-11.0,48.840808644890785,2.31503002345562,Garmin Forerunner 735 XT,1.8026297229933415,5925.185406786038,2.2381239819004644,1.8026297229933415,2272.0
2024-01-21 15:58:56+00:00,2024-01-21 15:58:56+00:00,582693461,27619637,6773.28,65535,21.200000000000045,21.200000000000045,2.23,2.23,0.0,300,162,80,0.0,-11.0,48.84080168791115,2.315051229670644,Garmin Forerunner 735 XT,1.7340556675439152,5926.919462453581,2.1951085972850795,1.7340556675439152,2273.0
2024-01-21 15:58:57+00:00,2024-01-21 15:58:57+00:00,582693314,27619994,6775.88,65535,21.600000000000023,21.600000000000023,2.221,2.221,0.0,300,162,79,0.5,-11.0,48.84078936651349,2.315081153064966,Garmin Forerunner 735 XT,2.583165851192493,5929.502628304774,2.173267873303179,2.583165851192493,2274.0
2024-01-21 15:58:58+00:00,2024-01-21 15:58:58+00:00,582691857,27619522,6785.04,65535,27.600000000000023,27.600000000000023,2.202,2.202,0.0,300,162,79,0.5,-11.0,48.84066724218428,2.3150415904819965,Garmin Forerunner 735 XT,13.884833650877518,5943.387461955651,2.1754995475113237,13.884833650877518,2275.0
2024-01-21 15:58:59+00:00,2024-01-21 15:58:59+00:00,582690839,27619206,6792.87,65535,31.399999999999977,31.399999999999977,2.202,2.202,0.0,300,162,80,0.0,-11.0,48.840581914409995,2.3150151036679745,Garmin Forerunner 735 XT,9.683998907294086,5953.071460862945,2.204824434389152,9.683998907294086,2276.0
2024-01-21 15:59:00+00:00,2024-01-21 15:59:00+00:00,582689866,27618850,6801.2,65535,36.200000000000045,36.200000000000045,2.202,2.202,0.0,300,162,80,0.0,-11.0,48.840500358492136,2.314985264092684,Garmin Forerunner 735 XT,9.327831412638071,5962.399292275583,2.253745701357478,9.327831412638071,2277.0
2024-01-21 15:59:01+00:00,2024-01-21 15:59:01+00:00,582689198,27618713,6807.32,65535,39.39999999999998,39.39999999999998,2.165,2.165,0.0,300,161,80,0.0,-11.0,48.84044436737895,2.314973780885339,Garmin Forerunner 735 XT,6.2823898893950725,5968.681682164978,2.326238009049786,6.2823898893950725,2278.0
2024-01-21 15:59:02+00:00,2024-01-21 15:59:02+00:00,582688621,27618671,6812.68,65535,41.60000000000002,41.60000000000002,2.165,2.165,0.0,300,161,80,0.0,-11.0,48.84039600379765,2.3149702604860067,Garmin Forerunner 735 XT,5.383952704797975,5974.065634869776,2.411074208144809,5.383952704797975,2279.0
2024-01-21 15:59:03+00:00,2024-01-21 15:59:03+00:00,582687953,27618756,6818.93,65535,45.200000000000045,45.200000000000045,2.641,2.641,0.0,300,161,80,0.0,-11.0,48.840340012684464,2.3149773851037025,Garmin Forerunner 735 XT,6.247722949811227,5980.313357819587,2.505984615384629,6.247722949811227,2280.0
2024-01-21 15:59:04+00:00,2024-01-21 15:59:04+00:00,582687271,27618775,6825.29,65535,49.0,49.0,2.725,2.725,0.0,300,161,80,0.0,-11.0,48.840282848104835,2.314978977665305,Garmin Forerunner 735 XT,6.357479670429895,5986.670837490016,2.5993556561086115,6.357479670429895,2281.0
2024-01-21 15:59:05+00:00,2024-01-21 15:59:05+00:00,582686761,27618878,6830.02,65535,51.60000000000002,51.60000000000002,2.79,2.79,0.0,300,161,79,0.5,-11.0,48.84024010039866,2.314987611025572,Garmin Forerunner 735 XT,4.7951360997313275,5991.465973589748,2.6802678733031815,4.7951360997313275,2282.0
2024-01-21 15:59:06+00:00,2024-01-21 15:59:06+00:00,582686215,27618857,6835.08,65535,54.39999999999998,54.39999999999998,2.79,2.79,0.0,300,161,79,0.5,-11.0,48.84019433520734,2.314985850825906,Garmin Forerunner 735 XT,5.090487282384062,5996.5564608721315,2.7428434389140417,5.090487282384062,2283.0
2024-01-21 15:59:07+00:00,2024-01-21 15:59:07+00:00,582685704,27618821,6839.83,65535,57.0,57.0,2.837,2.837,0.0,300,161,80,0.0,-11.0,48.84015150368214,2.314982833340764,Garmin Forerunner 735 XT,4.767765283737029,6001.324226155869,2.784369230769246,4.767765283737029,2284.0
2024-01-21 15:59:08+00:00,2024-01-21 15:59:08+00:00,582685261,27618822,6843.9,65535,59.60000000000002,59.60000000000002,2.781,2.781,0.0,300,161,80,0.0,-11.0,48.84011437185109,2.3149829171597958,Garmin Forerunner 735 XT,4.1288757865701795,6005.453101942439,2.796202714932141,4.1288757865701795,2285.0
2024-01-21 15:59:09+00:00,2024-01-21 15:59:09+00:00,582684857,27618821,6847.66,65535,62.0,62.0,2.771,2.771,0.0,300,161,80,0.0,-11.0,48.840080508962274,2.314982833340764,Garmin Forerunner 735 XT,3.7653864342280223,6009.218488376668,2.7748959276018246,3.7653864342280223,2286.0
2024-01-21 15:59:10+00:00,2024-01-21 15:59:10+00:00,582684449,27618796,6851.47,65535,64.20000000000005,64.20000000000005,2.697,2.697,0.0,300,161,80,0.0,-11.0,48.840046310797334,2.314980737864971,Garmin Forerunner 735 XT,3.805753507042064,6013.02424188371,2.7210244343891548,3.805753507042064,2287.0
2024-01-21 15:59:11+00:00,2024-01-21 15:59:11+00:00,582684085,27618790,6854.85,65535,66.39999999999998,66.39999999999998,2.65,2.65,0.0,300,161,79,0.0,-11.0,48.84001580066979,2.314980234950781,Garmin Forerunner 735 XT,3.392771037030636,6016.4170129207405,2.698162895927616,3.392771037030636,2288.0
2024-01-21 15:59:12+00:00,2024-01-21 15:59:12+00:00,582683666,27618742,6858.77,65535,68.60000000000002,68.60000000000002,2.65,2.65,0.0,300,161,79,0.0,-11.0,48.8399806804955,2.3149762116372585,Garmin Forerunner 735 XT,3.916269763504602,6020.333282684245,2.683604524886892,3.916269763504602,2289.0
2024-01-21 15:59:13+00:00,2024-01-21 15:59:13+00:00,582683255,27618634,6862.64,65535,71.39999999999998,71.39999999999998,2.65,2.65,0.0,300,162,79,0.0,-11.0,48.839946230873466,2.3149671591818333,Garmin Forerunner 735 XT,3.8874902164071323,6024.220772900652,2.6809963800905123,3.8874902164071323,2290.0
2024-01-21 15:59:14+00:00,2024-01-21 15:59:14+00:00,582682870,27618482,6866.29,65535,75.0,75.0,2.65,2.65,0.0,300,164,79,0.0,-11.0,48.839913960546255,2.3149544186890125,Garmin Forerunner 735 XT,3.7074597022007305,6027.928232602853,2.6856687782805575,3.7074597022007305,2291.0
2024-01-21 15:59:15+00:00,2024-01-21 15:59:15+00:00,582682490,27618359,6869.9,65535,77.79999999999995,77.79999999999995,2.715,2.715,0.0,300,164,79,0.0,-11.0,48.8398821093142,2.3149441089481115,Garmin Forerunner 735 XT,3.621173692986048,6031.54940629584,2.7046832579185667,3.621173692986048,2292.0
2024-01-21 15:59:16+00:00,2024-01-21 15:59:16+00:00,582682134,27618323,6873.22,65535,79.79999999999995,79.79999999999995,2.753,2.753,0.0,300,163,79,0.0,-11.0,48.83985226973891,2.31494109146297,Garmin Forerunner 735 XT,3.3253501795597913,6034.874756475399,2.7255122171945847,3.3253501795597913,2293.0
2024-01-21 15:59:17+00:00,2024-01-21 15:59:17+00:00,582681781,27618275,6876.52,65535,81.0,81.0,2.781,2.781,0.0,300,162,80,0.0,-11.0,48.83982268162072,2.3149370681494474,Garmin Forerunner 735 XT,3.3031981387981495,6038.177954614198,2.751807239819019,3.3031981387981495,2294.0
2024-01-21 15:59:18+00:00,2024-01-21 15:59:18+00:00,582681452,27618246,6879.59,65535,81.79999999999995,81.79999999999995,2.79,2.79,0.0,300,162,80,0.0,-11.0,48.83979510515928,2.3149346373975277,Garmin Forerunner 735 XT,3.0715185044571944,6041.249473118655,2.7737746606334985,3.0715185044571944,2295.0
2024-01-21 15:59:19+00:00,2024-01-21 15:59:19+00:00,582681119,27618281,6882.7,65535,83.0,83.0,2.799,2.799,0.0,300,161,80,0.0,-11.0,48.83976719342172,2.3149375710636377,Garmin Forerunner 735 XT,3.1110608602462118,6044.360533978902,2.788501357466078,3.1110608602462118,2296.0
2024-01-21 15:59:20+00:00,2024-01-21 15:59:20+00:00,582680822,27618295,6885.47,65535,84.0,84.0,2.799,2.799,0.0,300,161,80,0.0,-11.0,48.8397422991693,2.3149387445300817,Garmin Forerunner 735 XT,2.769446452247083,6047.129980431149,2.7986153846153994,2.769446452247083,2297.0
2024-01-21 15:59:21+00:00,2024-01-21 15:59:21+00:00,582680512,27618266,6888.36,65535,85.0,85.0,2.799,2.799,0.0,300,162,80,0.0,-11.0,48.83971631526947,2.314936313778162,Garmin Forerunner 735 XT,2.8947491778165775,6050.024729608966,2.803842533936667,2.8947491778165775,2298.0
2024-01-21 15:59:22+00:00,2024-01-21 15:59:22+00:00,582680178,27618160,6891.54,65535,86.0,86.0,2.79,2.79,0.0,300,162,79,0.5,-11.0,48.83968831971288,2.3149274289608,Garmin Forerunner 735 XT,3.1801492523152834,6053.204878861281,2.802662443438929,3.1801492523152834,2299.0
2024-01-21 15:59:23+00:00,2024-01-21 15:59:23+00:00,582679888,27618004,6894.36,65535,87.0,87.0,2.799,2.799,0.0,300,162,79,0.5,-11.0,48.83966401219368,2.3149143531918526,Garmin Forerunner 735 XT,2.867276469361597,6056.072155330643,2.802554751131237,2.867276469361597,2300.0
2024-01-21 15:59:24+00:00,2024-01-21 15:59:24+00:00,582679593,27617852,6897.24,65535,88.0,88.0,2.799,2.799,0.0,300,162,79,0.5,-11.0,48.839639285579324,2.314901612699032,Garmin Forerunner 735 XT,2.9032743236170355,6058.97542965426,2.802625339366531,2.9032743236170355,2301.0
2024-01-21 15:59:25+00:00,2024-01-21 15:59:25+00:00,582679260,27617682,6900.5,65535,88.79999999999995,88.79999999999995,2.799,2.799,0.0,300,162,80,0.0,-11.0,48.83961137384176,2.31488736346364,Garmin Forerunner 735 XT,3.2741563907130957,6062.249586044973,2.804645248868793,3.2741563907130957,2302.0
2024-01-21 15:59:26+00:00,2024-01-21 15:59:26+00:00,582678970,27617630,6903.22,65535,89.79999999999995,89.79999999999995,2.809,2.809,0.0,300,162,80,0.0,-11.0,48.839587066322565,2.314883004873991,Garmin Forerunner 735 XT,2.7216304091839443,6064.971216454156,2.8074678733031826,2.7216304091839443,2303.0
2024-01-21 15:59:27+00:00,2024-01-21 15:59:27+00:00,582678685,27617524,6905.95,65535,90.60000000000002,90.60000000000002,2.818,2.818,0.0,300,161,80,0.0,-11.0,48.839563177898526,2.314874120056629,Garmin Forerunner 735 XT,2.734700349815155,6067.705916803971,2.8113692307692455,2.734700349815155,2304.0
2024-01-21 15:59:28+00:00,2024-01-21 15:59:28+00:00,582678388,27617402,6908.81,65535,91.79999999999995,91.79999999999995,2.818,2.818,0.0,300,161,81,0.0,-11.0,48.83953828364611,2.31486389413476,Garmin Forerunner 735 XT,2.8674970646073614,6070.573413868578,2.816095927601825,2.8674970646073614,2305.0
2024-01-21 15:59:29+00:00,2024-01-21 15:59:29+00:00,582678076,27617270,6911.82,65535,93.20000000000005,93.20000000000005,2.818,2.818,0.0,300,161,81,0.0,-11.0,48.83951213210821,2.3148528300225735,Garmin Forerunner 735 XT,3.0185510457282367,6073.591964914307,2.8215710407239967,3.0185510457282367,2306.0
2024-01-21 15:59:30+00:00,2024-01-21 15:59:30+00:00,582677752,27617153,6914.92,65535,94.39999999999998,94.39999999999998,2.818,2.818,0.0,300,161,81,0.0,-11.0,48.839484974741936,2.3148430231958628,Garmin Forerunner 735 XT,3.1038803580782575,6076.695845272386,2.8239176470588383,3.1038803580782575,2307.0
2024-01-21 15:59:31+00:00,2024-01-21 15:59:31+00:00,582677453,27617099,6917.69,65535,96.0,96.0,2.827,2.827,0.0,300,161,81,0.0,-11.0,48.83945991285145,2.31483849696815,Garmin Forerunner 735 XT,2.8063735536592183,6079.502218826045,2.8255710407239967,2.8063735536592183,2308.0
2024-01-21 15:59:32+00:00,2024-01-21 15:59:32+00:00,582677145,27617290,6920.42,65535,98.20000000000005,98.20000000000005,2.827,2.827,0.0,300,161,81,0.0,-11.0,48.839434096589684,2.314854506403208,Garmin Forerunner 735 XT,3.1005378785330104,6082.602756704578,2.8260723981900604,3.1005378785330104,2309.0
2024-01-21 15:59:33+00:00,2024-01-21 15:59:33+00:00,582676936,27617373,6922.34,65535,96.39999999999998,96.39999999999998,2.827,2.827,0.0,300,162,81,0.0,-11.0,48.839416578412056,2.31486146338284,Garmin Forerunner 735 XT,2.0133736731872935,6084.616130377765,2.824314932126712,2.0133736731872935,2310.0
2024-01-21 15:59:34+00:00,2024-01-21 15:59:34+00:00,582676683,27617342,6924.71,65535,95.60000000000002,95.60000000000002,2.827,2.827,0.0,300,163,81,0.0,-11.0,48.83939537219703,2.314858864992857,Garmin Forerunner 735 XT,2.365679042959358,6086.981809420725,2.8215837104072548,2.365679042959358,2311.0
2024-01-21 15:59:35+00:00,2024-01-21 15:59:35+00:00,582676384,27617326,6927.5,65535,96.60000000000002,96.60000000000002,2.818,2.818,0.0,300,163,80,0.0,-11.0,48.83937031030655,2.3148575238883495,Garmin Forerunner 735 XT,2.788482942554694,6089.77029236328,2.816643438914042,2.788482942554694,2312.0
2024-01-21 15:59:36+00:00,2024-01-21 15:59:36+00:00,582676103,27617308,6930.12,65535,97.0,97.0,2.799,2.799,0.0,300,163,79,0.5,-11.0,48.83934675715864,2.3148560151457787,Garmin Forerunner 735 XT,2.6213171602828305,6092.391609523563,2.8085828054298787,2.6213171602828305,2313.0
2024-01-21 15:59:37+00:00,2024-01-21 15:59:37+00:00,582675846,27617286,6932.52,65535,97.20000000000005,97.20000000000005,2.799,2.799,0.0,300,164,79,0.5,-11.0,48.839325215667486,2.314854171127081,Garmin Forerunner 735 XT,2.3991033192633617,6094.790712842826,2.796591855203635,2.3991033192633617,2314.0
2024-01-21 15:59:38+00:00,2024-01-21 15:59:38+00:00,582675694,27617308,6933.93,65535,95.20000000000005,95.20000000000005,2.79,2.79,0.0,300,164,80,0.0,-11.0,48.839312475174665,2.3148560151457787,Garmin Forerunner 735 XT,1.4230917003530237,6096.213804543179,2.781326696832594,1.4230917003530237,2315.0
2024-01-21 15:59:39+00:00,2024-01-21 15:59:39+00:00,582675545,27617309,6935.3,65535,93.39999999999998,93.39999999999998,2.771,2.771,0.0,300,165,80,0.0,-11.0,48.83929998613894,2.3148560989648104,Garmin Forerunner 735 XT,1.3887309598159847,6097.602535502995,2.7648416289592905,1.3887309598159847,2316.0
2024-01-21 15:59:40+00:00,2024-01-21 15:59:40+00:00,582675333,27617281,6937.28,65535,92.60000000000002,92.60000000000002,2.753,2.753,0.0,300,165,80,0.0,-11.0,48.839282216504216,2.3148537520319223,Garmin Forerunner 735 XT,1.9833446702910147,6099.585880173287,2.746637104072413,1.9833446702910147,2317.0
2024-01-21 15:59:41+00:00,2024-01-21 15:59:41+00:00,582675455,27617192,6937.28,65535,81.20000000000005,81.20000000000005,2.725,2.725,0.0,300,165,79,0.5,-11.0,48.839292442426085,2.3148462921380997,Garmin Forerunner 735 XT,1.261347680983233,6100.8472278542695,2.7282334841629106,1.261347680983233,2318.0
2024-01-21 15:59:42+00:00,2024-01-21 15:59:42+00:00,582675224,27617202,6939.4,65535,80.20000000000005,80.20000000000005,2.706,2.706,0.0,300,165,79,0.5,-11.0,48.83927308022976,2.314847130328417,Garmin Forerunner 735 XT,2.153851732145083,6103.001079586415,2.711786425339381,2.153851732145083,2319.0
2024-01-21 15:59:43+00:00,2024-01-21 15:59:43+00:00,582675009,27617252,6941.38,65535,79.0,79.0,2.687,2.687,0.0,300,164,79,0.5,-11.0,48.83925505913794,2.3148513212800026,Garmin Forerunner 735 XT,2.027191709088092,6105.028271295502,2.6964054298642677,2.027191709088092,2320.0
2024-01-21 15:59:44+00:00,2024-01-21 15:59:44+00:00,582674800,27617286,6943.31,65535,78.20000000000005,78.20000000000005,2.678,2.678,0.0,300,164,79,0.5,-11.0,48.83923754096031,2.314854171127081,Garmin Forerunner 735 XT,1.9590664733788155,6106.987337768881,2.682250678733046,1.9590664733788155,2321.0
2024-01-21 15:59:45+00:00,2024-01-21 15:59:45+00:00,582674544,27617192,6945.75,65535,76.0,76.0,2.669,2.669,0.0,300,163,80,0.0,-11.0,48.83921608328819,2.3148462921380997,Garmin Forerunner 735 XT,2.4546734414117384,6109.442011210293,2.671552941176485,2.4546734414117384,2322.0
2024-01-21 15:59:46+00:00,2024-01-21 15:59:46+00:00,582674292,27617116,6948.14,65535,74.79999999999995,74.79999999999995,2.659,2.659,0.0,300,162,80,0.0,-11.0,48.8391949608922,2.3148399218916893,Garmin Forerunner 735 XT,2.394526982684541,6111.836538192977,2.6638371040724125,2.394526982684541,2323.0
2024-01-21 15:59:47+00:00,2024-01-21 15:59:47+00:00,582674053,27617018,6950.44,65535,74.0,74.0,2.659,2.659,0.0,300,162,80,0.0,-11.0,48.83917492814362,2.314831707626581,Garmin Forerunner 735 XT,2.3072355419934403,6114.143773734971,2.6587230769230907,2.3072355419934403,2324.0
2024-01-21 15:59:48+00:00,2024-01-21 15:59:48+00:00,582673809,27616890,6952.85,65535,73.60000000000002,73.60000000000002,2.659,2.659,0.0,300,162,80,0.0,-11.0,48.83915447629988,2.3148209787905216,Garmin Forerunner 735 XT,2.4058789963170617,6116.549652731288,2.6559257918552177,2.4058789963170617,2325.0
2024-01-21 15:59:49+00:00,2024-01-21 15:59:49+00:00,582673596,27616852,6954.83,65535,73.20000000000005,73.20000000000005,2.65,2.65,0.0,300,162,80,0.0,-11.0,48.83913662284613,2.3148177936673164,Garmin Forerunner 735 XT,1.9988523696471823,6118.5485051009355,2.651843438914041,1.9988523696471823,2326.0
2024-01-21 15:59:50+00:00,2024-01-21 15:59:50+00:00,582673352,27616795,6957.13,65535,73.0,73.0,2.65,2.65,0.0,300,162,80,0.0,-11.0,48.83911617100239,2.3148130159825087,Garmin Forerunner 735 XT,2.3008649688225984,6120.849370069758,2.6455556561086113,2.3008649688225984,2327.0
2024-01-21 15:59:51+00:00,2024-01-21 15:59:51+00:00,582673095,27616715,6959.58,65535,73.0,73.0,2.641,2.641,0.0,300,162,80,0.0,-11.0,48.83909462951124,2.3148063104599714,Garmin Forerunner 735 XT,2.445060006983389,6123.294430076741,2.636462443438928,2.445060006983389,2328.0
2024-01-21 15:59:52+00:00,2024-01-21 15:59:52+00:00,582672892,27616696,6961.43,65535,72.20000000000005,72.20000000000005,2.631,2.631,0.0,300,163,80,0.0,-11.0,48.8390776142478,2.314804717898369,Garmin Forerunner 735 XT,1.8955975575561854,6125.190027634298,2.6261022624434527,1.8955975575561854,2329.0
2024-01-21 15:59:53+00:00,2024-01-21 15:59:53+00:00,582672718,27616695,6963.01,65535,71.39999999999998,71.39999999999998,2.622,2.622,0.0,300,163,80,0.0,-11.0,48.83906302973628,2.314804634079337,Garmin Forerunner 735 XT,1.6217352903996425,6126.811762924697,2.613942986425353,1.6217352903996425,2330.0
2024-01-21 15:59:54+00:00,2024-01-21 15:59:54+00:00,582672560,27616699,6964.4,65535,70.39999999999998,70.39999999999998,2.603,2.603,0.0,300,163,80,0.0,-11.0,48.83904978632927,2.314804969355464,Garmin Forerunner 735 XT,1.4728040871696881,6128.284567011867,2.600239819004539,1.4728040871696881,2331.0
2024-01-21 15:59:55+00:00,2024-01-21 15:59:55+00:00,582672381,27616792,6966.05,65535,69.39999999999998,69.39999999999998,2.575,2.575,0.0,300,164,80,0.0,-11.0,48.83903478272259,2.3148127645254135,Garmin Forerunner 735 XT,1.7631716863481122,6130.047738698215,2.5835049773755796,1.7631716863481122,2332.0
2024-01-21 15:59:56+00:00,2024-01-21 15:59:56+00:00,582672126,27616775,6968.43,65535,68.60000000000002,68.60000000000002,2.557,2.557,0.0,300,164,80,0.0,-11.0,48.839013408869505,2.3148113396018744,Garmin Forerunner 735 XT,2.378950844057721,6132.4266895422725,2.5667628959276154,2.378950844057721,2333.0
2024-01-21 15:59:57+00:00,2024-01-21 15:59:57+00:00,582671941,27616954,6970.26,65535,67.79999999999995,67.79999999999995,2.547,2.547,0.0,300,164,80,0.0,-11.0,48.83899790234864,2.3148263432085514,Garmin Forerunner 735 XT,2.044198312781883,6134.470887855055,2.5479918552036334,2.044198312781883,2334.0
2024-01-21 15:59:58+00:00,2024-01-21 15:59:58+00:00,582671806,27617112,6971.74,65535,66.79999999999995,66.79999999999995,2.538,2.538,0.0,300,164,80,0.0,-11.0,48.838986586779356,2.3148395866155624,Garmin Forerunner 735 XT,1.5882576791318603,6136.059145534186,2.5296009049773893,1.5882576791318603,2335.0
2024-01-21 15:59:59+00:00,2024-01-21 15:59:59+00:00,582671627,27617188,6973.48,65535,65.60000000000002,65.60000000000002,2.519,2.519,0.0,300,163,80,0.0,-11.0,48.83897158317268,2.314845956861973,Garmin Forerunner 735 XT,1.7322420414128987,6137.791387575599,2.5121176470588367,1.7322420414128987,2336.0
2024-01-21 16:00:00+00:00,2024-01-21 16:00:00+00:00,582671433,27617265,6975.32,65535,64.20000000000005,64.20000000000005,2.501,2.501,0.0,300,162,80,0.0,-11.0,48.838955322280526,2.314852410927415,Garmin Forerunner 735 XT,1.8688074876216698,6139.660195063221,2.4958497737556695,1.8688074876216698,2337.0
2024-01-21 16:00:01+00:00,2024-01-21 16:00:01+00:00,582671302,27617476,6976.65,65535,61.60000000000002,61.60000000000002,2.473,2.473,0.0,300,162,80,0.0,-11.0,48.83894434198737,2.314870096743107,Garmin Forerunner 735 XT,1.7793482135515386,6141.439543276772,2.4830235294117777,1.7793482135515386,2338.0
2024-01-21 16:00:02+00:00,2024-01-21 16:00:02+00:00,582671059,27617527,6978.93,65535,60.799999999999955,60.799999999999955,2.473,2.473,0.0,300,162,80,0.0,-11.0,48.838923973962665,2.3148743715137243,Garmin Forerunner 735 XT,2.286327098131666,6143.725870374904,2.470400000000013,2.286327098131666,2339.0
2024-01-21 16:00:03+00:00,2024-01-21 16:00:03+00:00,582670797,27617635,6981.35,65535,60.60000000000002,60.60000000000002,2.454,2.454,0.0,300,162,80,0.0,-11.0,48.838902013376355,2.3148834239691496,Garmin Forerunner 735 XT,2.530183468874359,6146.256053843778,2.4603574660633614,2.530183468874359,2340.0
2024-01-21 16:00:04+00:00,2024-01-21 16:00:04+00:00,582670548,27617717,6983.7,65535,60.60000000000002,60.60000000000002,2.454,2.454,0.0,300,162,79,0.5,-11.0,48.83888114243746,2.3148902971297503,Garmin Forerunner 735 XT,2.374631531735123,6148.630685375513,2.4526968325791985,2.374631531735123,2341.0
2024-01-21 16:00:05+00:00,2024-01-21 16:00:05+00:00,582670323,27617734,6985.81,65535,61.0,61.0,2.454,2.454,0.0,300,162,79,0.5,-11.0,48.83886228315532,2.3148917220532894,Garmin Forerunner 735 XT,2.0996478821475826,6150.730333257661,2.4499538461538592,2.0996478821475826,2342.0
2024-01-21 16:00:06+00:00,2024-01-21 16:00:06+00:00,582670049,27617628,6988.37,65535,62.200000000000045,62.200000000000045,2.454,2.454,0.0,300,162,79,0.5,-11.0,48.83883931674063,2.3148828372359276,Garmin Forerunner 735 XT,2.6352329223569693,6153.3655661800185,2.4536742081448093,2.6352329223569693,2343.0
2024-01-21 16:00:07+00:00,2024-01-21 16:00:07+00:00,582669680,27617306,6992.08,65535,65.79999999999995,65.79999999999995,2.463,2.463,0.0,300,163,80,0.0,-11.0,48.83880838751793,2.3148558475077152,Garmin Forerunner 735 XT,3.96605903850605,6157.331625218525,2.4608497737556694,3.96605903850605,2344.0
2024-01-21 16:00:08+00:00,2024-01-21 16:00:08+00:00,582669346,27617030,6995.48,65535,68.60000000000002,68.60000000000002,2.463,2.463,0.0,300,163,80,0.0,-11.0,48.838780391961336,2.3148327134549618,Garmin Forerunner 735 XT,3.543601850411836,6160.8752270689365,2.4790217194570268,3.543601850411836,2345.0
2024-01-21 16:00:09+00:00,2024-01-21 16:00:09+00:00,582668945,27616681,6999.67,65535,72.0,72.0,2.501,2.501,0.0,300,163,80,0.0,-11.0,48.83874678052962,2.314803460612893,Garmin Forerunner 735 XT,4.307179828065997,6165.182406897003,2.5023873303167554,4.307179828065997,2346.0
2024-01-21 16:00:10+00:00,2024-01-21 16:00:10+00:00,582668576,27616334,7003.68,65535,75.20000000000005,75.20000000000005,2.519,2.519,0.0,300,164,80,0.0,-11.0,48.838715851306915,2.314774375408888,Garmin Forerunner 735 XT,4.044628141125325,6169.227035038128,2.5332733031674346,4.044628141125325,2347.0
2024-01-21 16:00:11+00:00,2024-01-21 16:00:11+00:00,582668170,27615971,7007.96,65535,79.60000000000002,79.60000000000002,2.557,2.557,0.0,300,164,79,0.5,-11.0,48.83868182078004,2.314743949100375,Garmin Forerunner 735 XT,4.390606410648644,6173.617641448776,2.5654977375565746,4.390606410648644,2348.0
2024-01-21 16:00:12+00:00,2024-01-21 16:00:12+00:00,582667820,27615617,7011.64,65535,83.60000000000002,83.60000000000002,2.594,2.594,0.0,300,164,79,0.5,-11.0,48.83865248411894,2.314714277163148,Garmin Forerunner 735 XT,3.9187999312590405,6177.536441380035,2.600278733031688,3.9187999312590405,2349.0
2024-01-21 16:00:13+00:00,2024-01-21 16:00:13+00:00,582667557,27615128,7015.05,65535,86.79999999999995,86.79999999999995,2.631,2.631,0.0,300,164,80,0.0,-11.0,48.8386304397136,2.314673289656639,Garmin Forerunner 735 XT,3.8738737926617213,6181.410315172697,2.6350009049773893,3.8738737926617213,2350.0
2024-01-21 16:00:14+00:00,2024-01-21 16:00:14+00:00,582667275,27614769,7018.43,65535,89.20000000000005,89.20000000000005,2.706,2.706,0.0,300,164,80,0.0,-11.0,48.838606802746654,2.3146431986242533,Garmin Forerunner 735 XT,3.4289878148406214,6184.839302987537,2.667684162895942,3.4289878148406214,2351.0
2024-01-21 16:00:15+00:00,2024-01-21 16:00:15+00:00,582667009,27614476,7021.47,65535,90.60000000000002,90.60000000000002,2.706,2.706,0.0,300,164,80,0.0,-11.0,48.83858450688422,2.3146186396479607,Garmin Forerunner 735 XT,3.0621832663694737,6187.901486253906,2.6964298642534077,3.0621832663694737,2352.0
2024-01-21 16:00:16+00:00,2024-01-21 16:00:16+00:00,582666719,27614179,7024.7,65535,92.0,92.0,2.725,2.725,0.0,300,164,79,0.5,-11.0,48.83856019936502,2.314593745395541,Garmin Forerunner 735 XT,3.2595909789915525,6191.161077232898,2.7183266968325936,3.2595909789915525,2353.0
2024-01-21 16:00:17+00:00,2024-01-21 16:00:17+00:00,582666475,27613876,7027.54,65535,92.60000000000002,92.60000000000002,2.725,2.725,0.0,300,165,79,0.5,-11.0,48.83853974752128,2.3145683482289314,Garmin Forerunner 735 XT,2.9371084172310375,6194.0981856501285,2.7351475113122317,2.9371084172310375,2354.0
2024-01-21 16:00:18+00:00,2024-01-21 16:00:18+00:00,582666253,27613637,7030.05,65535,92.79999999999995,92.79999999999995,2.743,2.743,0.0,300,165,79,0.5,-11.0,48.83852113969624,2.3145483154803514,Garmin Forerunner 735 XT,2.5358811977536155,6196.634066847882,2.7443647058823677,2.5358811977536155,2355.0
2024-01-21 16:00:19+00:00,2024-01-21 16:00:19+00:00,582666003,27613512,7032.47,65535,93.0,93.0,2.743,2.743,0.0,300,166,80,0.0,-11.0,48.83850018493831,2.314537838101387,Garmin Forerunner 735 XT,2.45299443711007,6199.087061284992,2.746095927601824,2.45299443711007,2356.0
2024-01-21 16:00:20+00:00,2024-01-21 16:00:20+00:00,582665794,27613459,7034.43,65535,93.39999999999998,93.39999999999998,2.743,2.743,0.0,300,166,81,0.0,-11.0,48.83848266676068,2.314533395692706,Garmin Forerunner 735 XT,1.9748790744596707,6201.061940359452,2.7408705882353086,1.9748790744596707,2357.0
2024-01-21 16:00:21+00:00,2024-01-21 16:00:21+00:00,582665567,27613416,7036.56,65535,93.79999999999995,93.79999999999995,2.734,2.734,0.0,300,166,81,0.0,-11.0,48.838463639840484,2.3145297914743423,Garmin Forerunner 735 XT,2.1320774309467074,6203.194017790399,2.729657013574675,2.1320774309467074,2358.0
2024-01-21 16:00:22+00:00,2024-01-21 16:00:22+00:00,582665342,27613403,7038.66,65535,94.0,94.0,2.725,2.725,0.0,300,166,81,0.0,-11.0,48.83844478055835,2.31452870182693,Garmin Forerunner 735 XT,2.0985722868463386,6205.292590077245,2.7178506787330456,2.0985722868463386,2359.0
2024-01-21 16:00:23+00:00,2024-01-21 16:00:23+00:00,582665148,27613406,7040.46,65535,94.60000000000002,94.60000000000002,2.706,2.706,0.0,300,166,80,0.0,-11.0,48.838428519666195,2.314528953284025,Garmin Forerunner 735 XT,1.8082223632835701,6207.100812440529,2.7023601809954894,1.8082223632835701,2360.0
2024-01-21 16:00:24+00:00,2024-01-21 16:00:24+00:00,582664848,27613392,7043.24,65535,95.79999999999995,95.79999999999995,2.687,2.687,0.0,300,166,80,0.0,-11.0,48.83840337395668,2.314527779817581,Garmin Forerunner 735 XT,2.7973939634705633,6209.898206403999,2.6851248868778423,2.7973939634705633,2361.0
2024-01-21 16:00:25+00:00,2024-01-21 16:00:25+00:00,582664653,27613247,7045.21,65535,94.79999999999995,94.79999999999995,2.659,2.659,0.0,300,166,80,0.0,-11.0,48.838387029245496,2.3145156260579824,Garmin Forerunner 735 XT,2.0234432613471274,6211.921649665346,2.6654117647058966,2.0234432613471274,2362.0
2024-01-21 16:00:26+00:00,2024-01-21 16:00:26+00:00,582664445,27613102,7047.33,65535,94.39999999999998,94.39999999999998,2.641,2.641,0.0,300,166,80,0.0,-11.0,48.8383695948869,2.3145034722983837,Garmin Forerunner 735 XT,2.132936895192701,6214.054586560539,2.646541176470602,2.132936895192701,2363.0
2024-01-21 16:00:27+00:00,2024-01-21 16:00:27+00:00,582664202,27612880,7049.92,65535,94.79999999999995,94.79999999999995,2.622,2.622,0.0,300,166,79,0.5,-11.0,48.83834922686219,2.314484864473343,Garmin Forerunner 735 XT,2.6427347241622168,6216.6973212847015,2.627679638009064,2.6427347241622168,2364.0
2024-01-21 16:00:28+00:00,2024-01-21 16:00:28+00:00,582663994,27612707,7052.12,65535,94.20000000000005,94.20000000000005,2.603,2.603,0.0,300,166,79,0.5,-11.0,48.838331792503595,2.314470363780856,Garmin Forerunner 735 XT,2.210088785307721,6218.907410070009,2.6112162895927744,2.210088785307721,2365.0
2024-01-21 16:00:29+00:00,2024-01-21 16:00:29+00:00,582663782,27612531,7054.35,65535,93.39999999999998,93.39999999999998,2.603,2.603,0.0,300,166,79,0.5,-11.0,48.83831402286887,2.3144556116312742,Garmin Forerunner 735 XT,2.251628344223508,6221.159038414233,2.59692941176472,2.251628344223508,2366.0
2024-01-21 16:00:30+00:00,2024-01-21 16:00:30+00:00,582663564,27612395,7056.53,65535,93.0,93.0,2.585,2.585,0.0,300,166,80,0.0,-11.0,48.83829575031996,2.314444212242961,Garmin Forerunner 735 XT,2.196430176349174,6223.355468590582,2.5847357466063485,2.196430176349174,2367.0
2024-01-21 16:00:31+00:00,2024-01-21 16:00:31+00:00,582663320,27612318,7058.85,65535,93.0,93.0,2.575,2.575,0.0,300,166,80,0.0,-11.0,48.83827529847622,2.314437758177519,Garmin Forerunner 735 XT,2.3226787385656538,6225.678147329148,2.5736968325791993,2.3226787385656538,2368.0
2024-01-21 16:00:32+00:00,2024-01-21 16:00:32+00:00,582663106,27612220,7060.94,65535,93.39999999999998,93.39999999999998,2.566,2.566,0.0,300,165,80,0.0,-11.0,48.83825736120343,2.3144295439124107,Garmin Forerunner 735 XT,2.083165720303972,6227.761313049452,2.5652081447963937,2.083165720303972,2369.0
2024-01-21 16:00:33+00:00,2024-01-21 16:00:33+00:00,582662923,27612100,7062.79,65535,93.60000000000002,93.60000000000002,2.557,2.557,0.0,300,165,80,0.0,-11.0,48.83824202232063,2.314419485628605,Garmin Forerunner 735 XT,1.8576835406214376,6229.618996590073,2.5586361990950364,1.8576835406214376,2370.0
2024-01-21 16:00:34+00:00,2024-01-21 16:00:34+00:00,582662692,27611922,7065.21,65535,94.39999999999998,94.39999999999998,2.557,2.557,0.0,300,165,79,0.5,-11.0,48.8382226601243,2.3144045658409595,Garmin Forerunner 735 XT,2.4140501014963536,6232.033046691569,2.55529049773757,2.4140501014963536,2371.0
2024-01-21 16:00:35+00:00,2024-01-21 16:00:35+00:00,582662531,27611729,7067.12,65535,94.39999999999998,94.39999999999998,2.547,2.547,0.0,300,165,79,0.5,-11.0,48.838209165260196,2.3143883887678385,Garmin Forerunner 735 XT,1.9113939123207628,6233.94444060389,2.551119457013588,1.9113939123207628,2372.0
2024-01-21 16:00:36+00:00,2024-01-21 16:00:36+00:00,582662392,27611262,7069.96,65535,95.20000000000005,95.20000000000005,2.538,2.538,0.0,300,165,79,0.5,-11.0,48.83819751441479,2.3143492452800274,Garmin Forerunner 735 XT,3.1441109979576005,6237.088551601848,2.5464823529411897,3.1441109979576005,2373.0
2024-01-21 16:00:37+00:00,2024-01-21 16:00:37+00:00,582662258,27610819,7072.72,65535,97.20000000000005,97.20000000000005,2.538,2.538,0.0,300,165,80,0.0,-11.0,48.83818628266454,2.3143121134489775,Garmin Forerunner 735 XT,2.9908169314728488,6240.079368533321,2.542397285067887,2.9908169314728488,2374.0
2024-01-21 16:00:38+00:00,2024-01-21 16:00:38+00:00,582662082,27610744,7074.33,65535,96.79999999999995,96.79999999999995,2.547,2.547,0.0,300,165,80,0.0,-11.0,48.838171530514956,2.314305827021599,Garmin Forerunner 735 XT,1.703664753162184,6241.783033286483,2.5372950226244475,1.703664753162184,2375.0
2024-01-21 16:00:39+00:00,2024-01-21 16:00:39+00:00,582661909,27610589,7076.18,65535,96.79999999999995,96.79999999999995,2.547,2.547,0.0,300,164,80,0.0,-11.0,48.83815702982247,2.314292835071683,Garmin Forerunner 735 XT,1.8718839524716788,6243.654917238955,2.53118642533938,1.8718839524716788,2376.0
2024-01-21 16:00:40+00:00,2024-01-21 16:00:40+00:00,582661712,27610358,7078.5,65535,96.79999999999995,96.79999999999995,2.538,2.538,0.0,300,164,80,0.0,-11.0,48.83814051747322,2.3142734728753567,Garmin Forerunner 735 XT,2.319331321053625,6245.974248560009,2.524730316742095,2.319331321053625,2377.0
2024-01-21 16:00:41+00:00,2024-01-21 16:00:41+00:00,582661501,27610180,7080.73,65535,96.60000000000002,96.60000000000002,2.51,2.51,0.0,300,164,80,0.0,-11.0,48.83812283165753,2.3142585530877113,Garmin Forerunner 735 XT,2.2493860707920783,6248.223634630801,2.5189873303167554,2.2493860707920783,2378.0
2024-01-21 16:00:42+00:00,2024-01-21 16:00:42+00:00,582661278,27610015,7083.0,65535,96.60000000000002,96.60000000000002,2.51,2.51,0.0,300,164,80,0.0,-11.0,48.838104140013456,2.3142447229474783,Garmin Forerunner 735 XT,2.3117832187344667,6250.535417849535,2.5149366515837235,2.3117832187344667,2379.0
2024-01-21 16:00:43+00:00,2024-01-21 16:00:43+00:00,582661089,27609806,7085.19,65535,97.0,97.0,2.501,2.501,0.0,300,164,80,0.0,-11.0,48.83808829821646,2.3142272047698498,Garmin Forerunner 735 XT,2.1787104796265213,6252.714128329162,2.511537556561099,2.1787104796265213,2380.0
2024-01-21 16:00:44+00:00,2024-01-21 16:00:44+00:00,582660851,27609615,7087.64,65535,98.0,98.0,2.501,2.501,0.0,300,164,81,0.0,-11.0,48.838068349286914,2.314211195334792,Garmin Forerunner 735 XT,2.5086550881758014,6255.222783417338,2.5071619909502396,2.5086550881758014,2381.0
2024-01-21 16:00:45+00:00,2024-01-21 16:00:45+00:00,582660590,27609485,7090.07,65535,99.0,99.0,2.501,2.501,0.0,300,164,81,0.0,-11.0,48.838046472519636,2.314200298860669,Garmin Forerunner 735 XT,2.559971287731898,6257.78275470507,2.505076018099561,2.559971287731898,2382.0
2024-01-21 16:00:46+00:00,2024-01-21 16:00:46+00:00,582660324,27609357,7092.58,65535,100.39999999999998,100.39999999999998,2.51,2.51,0.0,300,164,80,0.0,-11.0,48.8380241766572,2.3141895700246096,Garmin Forerunner 735 XT,2.60056343657829,6260.3833181416485,2.506525791855217,2.60056343657829,2383.0
2024-01-21 16:00:47+00:00,2024-01-21 16:00:47+00:00,582660045,27609266,7095.17,65535,101.39999999999998,101.39999999999998,2.519,2.519,0.0,300,164,80,0.0,-11.0,48.83800079114735,2.3141819424927235,Garmin Forerunner 735 XT,2.6595961078153687,6263.042914249464,2.5103221719457145,2.6595961078153687,2384.0
2024-01-21 16:00:48+00:00,2024-01-21 16:00:48+00:00,582659805,27609015,7097.88,65535,103.0,103.0,2.519,2.519,0.0,300,164,80,0.0,-11.0,48.83798067457974,2.314160903915763,Garmin Forerunner 735 XT,2.715585221686299,6265.758499471151,2.5164651583710542,2.715585221686299,2385.0
2024-01-21 16:00:49+00:00,2024-01-21 16:00:49+00:00,582659508,27608593,7101.43,65535,106.39999999999998,106.39999999999998,2.519,2.519,0.0,300,164,80,0.0,-11.0,48.83795578032732,2.314125532284379,Garmin Forerunner 735 XT,3.7900049260361266,6269.548504397187,2.5216316742081584,3.7900049260361266,2386.0
2024-01-21 16:00:50+00:00,2024-01-21 16:00:50+00:00,582659250,27608386,7104.14,65535,107.39999999999998,107.39999999999998,2.519,2.519,0.0,300,164,80,0.0,-11.0,48.83793415501714,2.314108181744814,Garmin Forerunner 735 XT,2.71932357056324,6272.26782796775,2.5267574660633625,2.71932357056324,2387.0
2024-01-21 16:00:51+00:00,2024-01-21 16:00:51+00:00,582658999,27608112,7107.03,65535,108.39999999999998,108.39999999999998,2.538,2.538,0.0,300,164,80,0.0,-11.0,48.83791311644018,2.314085215330124,Garmin Forerunner 735 XT,2.880622718585822,6275.148450686336,2.5315556561086114,2.880622718585822,2388.0
2024-01-21 16:00:52+00:00,2024-01-21 16:00:52+00:00,582658777,27607861,7109.6,65535,109.20000000000005,109.20000000000005,2.538,2.538,0.0,300,164,80,0.0,-11.0,48.837894508615136,2.3140641767531633,Garmin Forerunner 735 XT,2.5791519313222064,6277.727602617659,2.5361547511312352,2.5791519313222064,2389.0
2024-01-21 16:00:53+00:00,2024-01-21 16:00:53+00:00,582658542,27607627,7112.22,65535,109.79999999999995,109.79999999999995,2.538,2.538,0.0,300,164,80,0.0,-11.0,48.83787481114268,2.314044563099742,Garmin Forerunner 735 XT,2.6187451058088143,6280.346347723467,2.5400479638009186,2.6187451058088143,2390.0
2024-01-21 16:00:54+00:00,2024-01-21 16:00:54+00:00,582658323,27607389,7114.73,65535,110.20000000000005,110.20000000000005,2.547,2.547,0.0,300,164,80,0.0,-11.0,48.83785645477474,2.3140246141701937,Garmin Forerunner 735 XT,2.5095566866694754,6282.855904410137,2.5439746606334976,2.5095566866694754,2391.0
2024-01-21 16:00:55+00:00,2024-01-21 16:00:55+00:00,582658077,27607146,7117.46,65535,110.20000000000005,110.20000000000005,2.547,2.547,0.0,300,164,80,0.0,-11.0,48.837835835292935,2.314004246145487,Garmin Forerunner 735 XT,2.73477573351246,6285.5906801436495,2.548120361990964,2.73477573351246,2392.0
2024-01-21 16:00:56+00:00,2024-01-21 16:00:56+00:00,582657846,27606921,7120.0,65535,110.20000000000005,110.20000000000005,2.547,2.547,0.0,300,163,80,0.0,-11.0,48.83781647309661,2.313985386863351,Garmin Forerunner 735 XT,2.557430609334101,6288.1481107529835,2.551505882352955,2.557430609334101,2393.0
2024-01-21 16:00:57+00:00,2024-01-21 16:00:57+00:00,582657644,27606721,7122.24,65535,110.0,110.0,2.557,2.557,0.0,300,163,80,0.0,-11.0,48.8377995416522,2.313968623057008,Garmin Forerunner 735 XT,2.2471802123151345,6290.395290965299,2.5537873303167555,2.2471802123151345,2394.0
2024-01-21 16:00:58+00:00,2024-01-21 16:00:58+00:00,582657373,27606569,7124.84,65535,110.79999999999995,110.79999999999995,2.557,2.557,0.0,300,163,80,0.0,-11.0,48.83777682669461,2.313955882564187,Garmin Forerunner 735 XT,2.6924085999408245,6293.08769956524,2.5546208144796516,2.6924085999408245,2395.0
2024-01-21 16:00:59+00:00,2024-01-21 16:00:59+00:00,582657137,27606415,7127.16,65535,111.79999999999995,111.79999999999995,2.557,2.557,0.0,300,162,80,0.0,-11.0,48.83775704540312,2.313942974433303,Garmin Forerunner 735 XT,2.3938754170191148,6295.481574982259,2.5562932126696967,2.3938754170191148,2396.0
2024-01-21 16:01:00+00:00,2024-01-21 16:01:00+00:00,582656856,27606223,7129.95,65535,111.79999999999995,111.79999999999995,2.557,2.557,0.0,300,162,81,0.0,-11.0,48.83773349225521,2.3139268811792135,Garmin Forerunner 735 XT,2.871653612286426,6298.353228594546,2.5572914027149456,2.871653612286426,2397.0
2024-01-21 16:01:01+00:00,2024-01-21 16:01:01+00:00,582656600,27606054,7132.48,65535,112.0,112.0,2.557,2.557,0.0,300,162,81,0.0,-11.0,48.83771203458309,2.3139127157628536,Garmin Forerunner 735 XT,2.6014885316975267,6300.954717126243,2.557443438914041,2.6014885316975267,2398.0
2024-01-21 16:01:02+00:00,2024-01-21 16:01:02+00:00,582656336,27605814,7135.33,65535,110.79999999999995,110.79999999999995,2.557,2.557,0.0,300,161,81,0.0,-11.0,48.83768990635872,2.313892599195242,Garmin Forerunner 735 XT,2.867389311031054,6303.822106437274,2.5578235294117784,2.867389311031054,2399.0
2024-01-21 16:01:03+00:00,2024-01-21 16:01:03+00:00,582656099,27605591,7137.93,65535,110.79999999999995,110.79999999999995,2.557,2.557,0.0,300,162,81,0.0,-11.0,48.8376700412482,2.3138739075511694,Garmin Forerunner 735 XT,2.5982044630120247,6306.420310900286,2.5577058823529546,2.5982044630120247,2400.0
2024-01-21 16:01:04+00:00,2024-01-21 16:01:04+00:00,582655855,27605366,7140.59,65535,111.0,111.0,2.557,2.557,0.0,300,162,80,0.0,-11.0,48.837649589404464,2.3138550482690334,Garmin Forerunner 735 XT,2.6602383717989344,6309.080549272085,2.5570000000000137,2.6602383717989344,2401.0
2024-01-21 16:01:05+00:00,2024-01-21 16:01:05+00:00,582655648,27605116,7143.05,65535,110.39999999999998,110.39999999999998,2.557,2.557,0.0,300,163,80,0.0,-11.0,48.8376322388649,2.3138340935111046,Garmin Forerunner 735 XT,2.4645904263130474,6311.545139698398,2.5570000000000137,2.4645904263130474,2402.0
2024-01-21 16:01:06+00:00,2024-01-21 16:01:06+00:00,582655388,27604921,7145.7,65535,110.0,110.0,2.557,2.557,0.0,300,163,80,0.0,-11.0,48.83761044591665,2.31381774879992,Garmin Forerunner 735 XT,2.7024425867705446,6314.247582285168,2.5570000000000137,2.7024425867705446,2403.0
2024-01-21 16:01:07+00:00,2024-01-21 16:01:07+00:00,582655184,27604738,7147.91,65535,109.60000000000002,109.60000000000002,2.557,2.557,0.0,300,163,80,0.0,-11.0,48.83759334683418,2.313802409917116,Garmin Forerunner 735 XT,2.2080174420227046,6316.455599727191,2.5570000000000137,2.2080174420227046,2404.0
2024-01-21 16:01:08+00:00,2024-01-21 16:01:08+00:00,582654982,27604554,7150.09,65535,109.39999999999998,109.39999999999998,2.557,2.557,0.0,300,163,80,0.0,-11.0,48.837576415389776,2.3137869872152805,Garmin Forerunner 735 XT,2.1951348505176633,6318.650734577709,2.5570000000000137,2.1951348505176633,2405.0
2024-01-21 16:01:09+00:00,2024-01-21 16:01:09+00:00,582654765,27604310,7152.61,65535,109.60000000000002,109.60000000000002,2.557,2.557,0.0,300,162,80,0.0,-11.0,48.837558226659894,2.313766535371542,Garmin Forerunner 735 XT,2.516145047815519,6321.166879625524,2.5570000000000137,2.516145047815519,2406.0
2024-01-21 16:01:10+00:00,2024-01-21 16:01:10+00:00,582654578,27604038,7155.02,65535,109.0,109.0,2.557,2.557,0.0,300,162,80,0.0,-11.0,48.83754255250096,2.3137437365949154,Garmin Forerunner 735 XT,2.4128564799178314,6323.579736105442,2.5570000000000137,2.4128564799178314,2407.0
2024-01-21 16:01:11+00:00,2024-01-21 16:01:11+00:00,582654394,27603766,7157.4,65535,108.60000000000002,108.60000000000002,2.557,2.557,0.0,300,161,80,0.0,-11.0,48.83752712979913,2.313720937818289,Garmin Forerunner 735 XT,2.3927379841471645,6325.972474089589,2.5570000000000137,2.3927379841471645,2408.0
2024-01-21 16:01:12+00:00,2024-01-21 16:01:12+00:00,582654266,27603410,7159.73,65535,106.39999999999998,106.39999999999998,2.557,2.557,0.0,300,160,80,0.0,-11.0,48.83751640096307,2.313691098242998,Garmin Forerunner 735 XT,2.4885055851492903,6328.460979674738,2.5570000000000137,2.4885055851492903,2409.0
2024-01-21 16:01:13+00:00,2024-01-21 16:01:13+00:00,582654096,27603102,7162.16,65535,105.79999999999995,105.79999999999995,2.557,2.557,0.0,300,160,80,0.0,-11.0,48.837502151727676,2.31366528198123,Garmin Forerunner 735 XT,2.4658584281023224,6330.9268381028405,2.5570000000000137,2.4658584281023224,2410.0
2024-01-21 16:01:14+00:00,2024-01-21 16:01:14+00:00,582654127,27602532,7164.17,65535,97.60000000000002,97.60000000000002,2.557,2.557,0.0,300,159,80,0.0,-11.0,48.83750475011766,2.313617505133152,Garmin Forerunner 735 XT,3.50861554422384,6334.435453647065,2.5570000000000137,3.50861554422384,2411.0
2024-01-21 16:01:15+00:00,2024-01-21 16:01:15+00:00,582653955,27602255,7166.49,65535,96.20000000000005,96.20000000000005,2.557,2.557,0.0,300,159,80,0.0,-11.0,48.837490333244205,2.313594287261367,Garmin Forerunner 735 XT,2.3361089786764513,6336.771562625741,2.5570000000000137,2.3361089786764513,2412.0
2024-01-21 16:01:16+00:00,2024-01-21 16:01:16+00:00,582653717,27602017,7169.14,65535,95.20000000000005,95.20000000000005,2.557,2.557,0.0,300,158,80,0.0,-11.0,48.837470384314656,2.3135743383318186,Garmin Forerunner 735 XT,2.6555930433545325,6339.427155669096,2.5577058823529546,2.6555930433545325,2413.0
2024-01-21 16:01:17+00:00,2024-01-21 16:01:17+00:00,582653512,27601769,7171.57,65535,94.0,94.0,2.557,2.557,0.0,300,158,81,0.0,-11.0,48.837453201413155,2.313553551211953,Garmin Forerunner 735 XT,2.442368105665723,6341.869523774762,2.5578235294117784,2.442368105665723,2414.0
2024-01-21 16:01:18+00:00,2024-01-21 16:01:18+00:00,582653295,27601511,7174.13,65535,93.39999999999998,93.39999999999998,2.557,2.557,0.0,300,158,81,0.0,-11.0,48.83743501268327,2.3135319259017706,Garmin Forerunner 735 XT,2.5681668601098355,6344.437690634872,2.557443438914041,2.5681668601098355,2415.0
2024-01-21 16:01:19+00:00,2024-01-21 16:01:19+00:00,582653064,27601253,7176.81,65535,93.20000000000005,93.20000000000005,2.557,2.557,0.0,300,158,81,0.0,-11.0,48.837415650486946,2.313510300591588,Garmin Forerunner 735 XT,2.6721364535741365,6347.109827088446,2.5566561085972985,2.6721364535741365,2416.0
2024-01-21 16:01:20+00:00,2024-01-21 16:01:20+00:00,582652851,27601018,7179.26,65535,93.39999999999998,93.39999999999998,2.557,2.557,0.0,300,158,81,0.0,-11.0,48.83739779703319,2.313490603119135,Garmin Forerunner 735 XT,2.453437011398592,6349.563264099845,2.5555520361991086,2.453437011398592,2417.0
2024-01-21 16:01:21+00:00,2024-01-21 16:01:21+00:00,582652629,27600824,7181.65,65535,93.39999999999998,93.39999999999998,2.557,2.557,0.0,300,158,81,0.0,-11.0,48.83737918920815,2.313474342226982,Garmin Forerunner 735 XT,2.38694628378405,6351.9502103836285,2.5542217194570274,2.38694628378405,2418.0
2024-01-21 16:01:22+00:00,2024-01-21 16:01:22+00:00,582652398,27600668,7184.01,65535,93.39999999999998,93.39999999999998,2.557,2.557,0.0,300,159,81,0.0,-11.0,48.837359827011824,2.3134612664580345,Garmin Forerunner 735 XT,2.3560881808723346,6354.306298564501,2.552755656108611,2.3560881808723346,2419.0
2024-01-21 16:01:23+00:00,2024-01-21 16:01:23+00:00,582652183,27600513,7186.22,65535,93.60000000000002,93.60000000000002,2.547,2.547,0.0,300,159,81,0.0,-11.0,48.837341805920005,2.3134482745081186,Garmin Forerunner 735 XT,2.2180092055663794,6356.524307770067,2.5512443438914163,2.2180092055663794,2420.0
2024-01-21 16:01:24+00:00,2024-01-21 16:01:24+00:00,582651942,27600334,7188.74,65535,93.79999999999995,93.79999999999995,2.547,2.547,0.0,300,159,81,0.0,-11.0,48.83732160553336,2.3134332709014416,Garmin Forerunner 735 XT,2.5002256691470204,6359.024533439214,2.550413574660647,2.5002256691470204,2421.0
2024-01-21 16:01:25+00:00,2024-01-21 16:01:25+00:00,582651708,27600105,7191.33,65535,94.20000000000005,94.20000000000005,2.547,2.547,0.0,300,160,81,0.0,-11.0,48.83730199187994,2.3134140763431787,Garmin Forerunner 735 XT,2.594226618961456,6361.618760058175,2.549824434389154,2.594226618961456,2422.0
2024-01-21 16:01:26+00:00,2024-01-21 16:01:26+00:00,582651509,27599890,7193.6,65535,94.60000000000002,94.60000000000002,2.547,2.547,0.0,300,160,81,0.0,-11.0,48.83728531189263,2.31339605525136,Garmin Forerunner 735 XT,2.2758767541305027,6363.894636812306,2.5484841628959414,2.2758767541305027,2423.0
2024-01-21 16:01:27+00:00,2024-01-21 16:01:27+00:00,582651319,27599660,7195.85,65535,95.20000000000005,95.20000000000005,2.547,2.547,0.0,300,159,81,0.0,-11.0,48.8372693862766,2.3133767768740654,Garmin Forerunner 735 XT,2.2642208012727236,6366.158857613579,2.5466461538461678,2.2642208012727236,2424.0
2024-01-21 16:01:28+00:00,2024-01-21 16:01:28+00:00,582651131,27599440,7198.06,65535,96.0,96.0,2.547,2.547,0.0,300,159,81,0.0,-11.0,48.83725362829864,2.313358336687088,Garmin Forerunner 735 XT,2.211713419467187,6368.370571033046,2.5452696832579322,2.211713419467187,2425.0
2024-01-21 16:01:29+00:00,2024-01-21 16:01:29+00:00,582650954,27599201,7200.27,65535,97.0,97.0,2.547,2.547,0.0,300,159,81,0.0,-11.0,48.83723879233003,2.313338303938508,Garmin Forerunner 735 XT,2.20705805179286,6370.577629084839,2.543314027149335,2.20705805179286,2426.0
2024-01-21 16:01:30+00:00,2024-01-21 16:01:30+00:00,582650802,27598997,7202.15,65535,98.0,98.0,2.547,2.547,0.0,300,159,81,0.0,-11.0,48.837226051837206,2.313321204856038,Garmin Forerunner 735 XT,1.8902702128590227,6372.467899297698,2.541123076923091,1.8902702128590227,2427.0
2024-01-21 16:01:31+00:00,2024-01-21 16:01:31+00:00,582650604,27598793,7204.38,65535,98.39999999999998,98.39999999999998,2.538,2.538,0.0,300,159,81,0.0,-11.0,48.837209455668926,2.313304105773568,Garmin Forerunner 735 XT,2.2297269758553946,6374.697626273553,2.537656108597299,2.2297269758553946,2428.0
2024-01-21 16:01:32+00:00,2024-01-21 16:01:32+00:00,582650415,27598568,7206.61,65535,98.60000000000002,98.60000000000002,2.529,2.529,0.0,300,159,80,0.0,-11.0,48.83719361387193,2.313285246491432,Garmin Forerunner 735 XT,2.23789265562993,6376.935518929184,2.5338723981900593,2.23789265562993,2429.0
2024-01-21 16:01:33+00:00,2024-01-21 16:01:33+00:00,582650205,27598367,7208.93,65535,99.0,99.0,2.529,2.529,0.0,300,159,80,0.0,-11.0,48.83717601187527,2.3132683988660574,Garmin Forerunner 735 XT,2.3132793198113237,6379.248798248995,2.5300253393665297,2.3132793198113237,2430.0
2024-01-21 16:01:34+00:00,2024-01-21 16:01:34+00:00,582650038,27598108,7211.14,65535,100.0,100.0,2.529,2.529,0.0,300,160,80,0.0,-11.0,48.837162014096975,2.313246689736843,Garmin Forerunner 735 XT,2.224211550787196,6381.473009799782,2.5263683257918688,2.224211550787196,2431.0
2024-01-21 16:01:35+00:00,2024-01-21 16:01:35+00:00,582649825,27597876,7213.57,65535,101.39999999999998,101.39999999999998,2.519,2.519,0.0,300,161,80,0.0,-11.0,48.83714416064322,2.313227243721485,Garmin Forerunner 735 XT,2.4426726948735844,6383.915682494655,2.5231547511312353,2.4426726948735844,2432.0
2024-01-21 16:01:36+00:00,2024-01-21 16:01:36+00:00,582649606,27597649,7216.03,65535,102.39999999999998,102.39999999999998,2.519,2.519,0.0,300,161,80,0.0,-11.0,48.837125804275274,2.3132082168012857,Garmin Forerunner 735 XT,2.4709193095005255,6386.386601804155,2.5206380090497875,2.4709193095005255,2433.0
2024-01-21 16:01:37+00:00,2024-01-21 16:01:37+00:00,582649398,27597410,7218.44,65535,103.60000000000002,103.60000000000002,2.519,2.519,0.0,300,162,80,0.0,-11.0,48.83710836991668,2.3131881840527058,Garmin Forerunner 735 XT,2.4306120482202203,6388.817213852376,2.5190714932126834,2.4306120482202203,2434.0
2024-01-21 16:01:38+00:00,2024-01-21 16:01:38+00:00,582649152,27597185,7221.04,65535,106.0,106.0,2.519,2.519,0.0,300,163,80,0.0,-11.0,48.837087750434875,2.31316932477057,Garmin Forerunner 735 XT,2.6761989208244867,6391.4934127732,2.5187085972850816,2.6761989208244867,2435.0
2024-01-21 16:01:39+00:00,2024-01-21 16:01:39+00:00,582648911,27596948,7223.66,65535,107.39999999999998,107.39999999999998,2.519,2.519,0.0,300,163,80,0.0,-11.0,48.83706755004823,2.3131494596600533,Garmin Forerunner 735 XT,2.675660813034786,6394.169073586235,2.5185565610859864,2.675660813034786,2436.0
2024-01-21 16:01:40+00:00,2024-01-21 16:01:40+00:00,582648623,27596832,7226.27,65535,109.39999999999998,109.39999999999998,2.519,2.519,0.0,300,164,81,0.0,-11.0,48.8370434101671,2.3131397366523743,Garmin Forerunner 735 XT,2.7769586619761952,6396.946032248211,2.518176470588249,2.7769586619761952,2437.0
2024-01-21 16:01:41+00:00,2024-01-21 16:01:41+00:00,582648396,27596735,7228.4,65535,111.20000000000005,111.20000000000005,2.519,2.519,0.0,300,164,81,0.0,-11.0,48.8370243832469,2.313131606206298,Garmin Forerunner 735 XT,2.1977869860233503,6399.143819234234,2.5189294117647196,2.1977869860233503,2438.0
2024-01-21 16:01:42+00:00,2024-01-21 16:01:42+00:00,582648141,27596650,7230.72,65535,113.0,113.0,2.519,2.519,0.0,300,165,81,0.0,-11.0,48.83700300939381,2.313124481588602,Garmin Forerunner 735 XT,2.433194268202424,6401.577013502436,2.519741176470602,2.433194268202424,2439.0
2024-01-21 16:01:43+00:00,2024-01-21 16:01:43+00:00,582647840,27596519,7233.52,65535,114.20000000000005,114.20000000000005,2.519,2.519,0.0,300,165,81,0.0,-11.0,48.836977779865265,2.3131135012954473,Garmin Forerunner 735 XT,2.9182313856633657,6404.4952448880995,2.519399095022638,2.9182313856633657,2440.0
2024-01-21 16:01:44+00:00,2024-01-21 16:01:44+00:00,582647580,27596315,7236.24,65535,115.0,115.0,2.519,2.519,0.0,300,165,81,0.0,-11.0,48.83695598691702,2.3130964022129774,Garmin Forerunner 735 XT,2.727338571660905,6407.22258345976,2.519325791855217,2.727338571660905,2441.0
2024-01-21 16:01:45+00:00,2024-01-21 16:01:45+00:00,582647334,27596183,7238.62,65535,116.20000000000005,116.20000000000005,2.519,2.519,0.0,300,165,81,0.0,-11.0,48.83693536743522,2.313085338100791,Garmin Forerunner 735 XT,2.4315791404977403,6409.654162600258,2.5184380090497873,2.4315791404977403,2442.0
2024-01-21 16:01:46+00:00,2024-01-21 16:01:46+00:00,582647134,27596005,7240.78,65535,117.0,117.0,2.519,2.519,0.0,300,165,81,0.0,-11.0,48.836918603628874,2.3130704183131456,Garmin Forerunner 735 XT,2.1603400140825464,6411.814502614341,2.5168986425339503,2.1603400140825464,2443.0
2024-01-21 16:01:47+00:00,2024-01-21 16:01:47+00:00,582646944,27595809,7242.92,65535,118.0,118.0,2.519,2.519,0.0,300,165,80,0.0,-11.0,48.83690267801285,2.3130539897829294,Garmin Forerunner 735 XT,2.1404761838533437,6413.954978798194,2.5148705882353077,2.1404761838533437,2444.0
2024-01-21 16:01:48+00:00,2024-01-21 16:01:48+00:00,582646753,27595633,7244.98,65535,119.0,119.0,2.51,2.51,0.0,300,164,80,0.0,-11.0,48.83688666857779,2.3130392376333475,Garmin Forerunner 735 XT,2.0820039802869883,6416.036982778481,2.5125167420814614,2.0820039802869883,2445.0
2024-01-21 16:01:49+00:00,2024-01-21 16:01:49+00:00,582646519,27595413,7247.53,65535,120.0,120.0,2.51,2.51,0.0,300,164,80,0.0,-11.0,48.83686705492437,2.31302079744637,Garmin Forerunner 735 XT,2.564754955971241,6418.601737734452,2.510000000000013,2.564754955971241,2446.0
2024-01-21 16:01:50+00:00,2024-01-21 16:01:50+00:00,582646302,27595159,7250.09,65535,120.60000000000002,120.60000000000002,2.51,2.51,0.0,300,163,80,0.0,-11.0,48.83684886619449,2.3129995074123144,Garmin Forerunner 735 XT,2.5531285983229144,6421.154866332775,2.508189140271506,2.5531285983229144,2447.0
2024-01-21 16:01:51+00:00,2024-01-21 16:01:51+00:00,582646077,27594970,7252.49,65535,121.20000000000005,121.20000000000005,2.501,2.501,0.0,300,163,80,0.0,-11.0,48.83683000691235,2.31298366561532,Garmin Forerunner 735 XT,2.3962394707077563,6423.551105803483,2.5059529411764836,2.3962394707077563,2448.0
2024-01-21 16:01:52+00:00,2024-01-21 16:01:52+00:00,582645854,27594837,7254.71,65535,121.39999999999998,121.39999999999998,2.501,2.501,0.0,300,162,80,0.0,-11.0,48.83681131526828,2.312972517684102,Garmin Forerunner 735 XT,2.2328273924364486,6425.783933195919,2.5028389140271625,2.2328273924364486,2449.0
2024-01-21 16:01:53+00:00,2024-01-21 16:01:53+00:00,582645589,27594697,7257.31,65535,121.60000000000002,121.60000000000002,2.501,2.501,0.0,300,162,80,0.0,-11.0,48.83678910322487,2.312960783019662,Garmin Forerunner 735 XT,2.614931113115639,6428.398864309035,2.5003945701357595,2.614931113115639,2450.0
2024-01-21 16:01:54+00:00,2024-01-21 16:01:54+00:00,582645316,27594485,7260.16,65535,121.39999999999998,121.39999999999998,2.501,2.501,0.0,300,162,80,0.0,-11.0,48.836766220629215,2.3129430133849382,Garmin Forerunner 735 XT,2.857540056655466,6431.25640436569,2.4987828054298773,2.857540056655466,2451.0
2024-01-21 16:01:55+00:00,2024-01-21 16:01:55+00:00,582645091,27594334,7262.45,65535,121.60000000000002,121.60000000000002,2.501,2.501,0.0,300,162,80,0.0,-11.0,48.83674736134708,2.312930356711149,Garmin Forerunner 735 XT,2.2925395275831306,6433.548943893274,2.4981665158371174,2.2925395275831306,2452.0
2024-01-21 16:01:56+00:00,2024-01-21 16:01:56+00:00,582644853,27594212,7264.78,65535,122.0,122.0,2.501,2.501,0.0,300,162,80,0.0,-11.0,48.83672741241753,2.31292013078928,Garmin Forerunner 735 XT,2.341077304166738,6435.890021197441,2.4974624434389274,2.341077304166738,2453.0
2024-01-21 16:01:57+00:00,2024-01-21 16:01:57+00:00,582644590,27594059,7267.4,65535,122.79999999999995,122.79999999999995,2.491,2.491,0.0,300,162,80,0.0,-11.0,48.83670536801219,2.3129073064774275,Garmin Forerunner 735 XT,2.6247825586918467,6438.514803756132,2.4973873303167555,2.6247825586918467,2454.0
2024-01-21 16:01:58+00:00,2024-01-21 16:01:58+00:00,582644324,27593867,7270.13,65535,123.20000000000005,123.20000000000005,2.491,2.491,0.0,300,162,80,0.0,-11.0,48.836683072149754,2.312891213223338,Garmin Forerunner 735 XT,2.7447601521033604,6441.259563908236,2.4987285067873435,2.7447601521033604,2455.0
2024-01-21 16:01:59+00:00,2024-01-21 16:01:59+00:00,582644045,27593681,7272.95,65535,123.79999999999995,123.79999999999995,2.501,2.501,0.0,300,162,81,0.0,-11.0,48.836659686639905,2.312875622883439,Garmin Forerunner 735 XT,2.839684620896378,6444.099248529132,2.4990271493212806,2.839684620896378,2456.0
2024-01-21 16:02:00+00:00,2024-01-21 16:02:00+00:00,582643791,27593549,7275.46,65535,124.39999999999998,124.39999999999998,2.501,2.501,0.0,300,162,81,0.0,-11.0,48.83663839660585,2.3128645587712526,Garmin Forerunner 735 XT,2.5020098328139375,6446.601258361946,2.4990090497737687,2.5020098328139375,2457.0
2024-01-21 16:02:01+00:00,2024-01-21 16:02:01+00:00,582643567,27593468,7277.61,65535,125.0,125.0,2.501,2.501,0.0,300,161,80,0.0,-11.0,48.836619621142745,2.3128577694296837,Garmin Forerunner 735 XT,2.146056891662309,6448.747315253609,2.4987647058823663,2.146056891662309,2458.0
2024-01-21 16:02:02+00:00,2024-01-21 16:02:02+00:00,582643361,27593435,7279.54,65535,125.60000000000002,125.60000000000002,2.501,2.501,0.0,300,161,80,0.0,-11.0,48.83660235442221,2.312855003401637,Garmin Forerunner 735 XT,1.930615192276791,6450.677930445885,2.4983846153846287,1.930615192276791,2459.0
2024-01-21 16:02:03+00:00,2024-01-21 16:02:03+00:00,582643166,27593417,7281.36,65535,126.20000000000005,126.20000000000005,2.501,2.501,0.0,300,160,80,0.0,-11.0,48.83658600971103,2.312853494659066,Garmin Forerunner 735 XT,1.820800429318403,6452.498730875203,2.4979592760181126,1.820800429318403,2460.0
2024-01-21 16:02:04+00:00,2024-01-21 16:02:04+00:00,582642919,27593361,7283.67,65535,126.79999999999995,126.79999999999995,2.501,2.501,0.0,300,160,80,0.0,-11.0,48.83656530641019,2.31284880079329,Garmin Forerunner 735 XT,2.327594165569607,6454.826325040773,2.4975791855203755,2.327594165569607,2461.0
2024-01-21 16:02:05+00:00,2024-01-21 16:02:05+00:00,582642594,27593286,7286.72,65535,127.20000000000005,127.20000000000005,2.491,2.491,0.0,300,160,80,0.0,-11.0,48.836538065224886,2.3128425143659115,Garmin Forerunner 735 XT,3.063825715940746,6457.890150756713,2.495950226244357,3.063825715940746,2462.0
2024-01-21 16:02:06+00:00,2024-01-21 16:02:06+00:00,582642290,27593189,7289.6,65535,126.79999999999995,126.79999999999995,2.491,2.491,0.0,300,160,79,0.5,-11.0,48.836512584239244,2.312834383919835,Garmin Forerunner 735 XT,2.895169966688226,6460.785320723402,2.4937782805429998,2.895169966688226,2463.0
2024-01-21 16:02:07+00:00,2024-01-21 16:02:07+00:00,582642011,27593145,7292.21,65535,126.79999999999995,126.79999999999995,2.491,2.491,0.0,300,160,79,0.5,-11.0,48.836489198729396,2.3128306958824396,Garmin Forerunner 735 XT,2.6143221784920145,6463.399642901894,2.4924479638009185,2.6143221784920145,2464.0
2024-01-21 16:02:08+00:00,2024-01-21 16:02:08+00:00,582641737,27593131,7294.75,65535,126.79999999999995,126.79999999999995,2.491,2.491,0.0,300,160,80,0.0,-11.0,48.836466232314706,2.3128295224159956,Garmin Forerunner 735 XT,2.5551926056577483,6465.954835507552,2.4913438914027286,2.5551926056577483,2465.0
2024-01-21 16:02:09+00:00,2024-01-21 16:02:09+00:00,582641475,27593192,7297.18,65535,126.20000000000005,126.20000000000005,2.491,2.491,0.0,300,160,80,0.0,-11.0,48.836444271728396,2.3128346353769302,Garmin Forerunner 735 XT,2.470413213757013,6468.425248721309,2.4905565610859863,2.470413213757013,2466.0
2024-01-21 16:02:10+00:00,2024-01-21 16:02:10+00:00,582641261,27593157,7299.18,65535,125.39999999999998,125.39999999999998,2.491,2.491,0.0,300,160,80,0.0,-11.0,48.83642633445561,2.31283170171082,Garmin Forerunner 735 XT,2.006057571402573,6470.431306292711,2.489470588235308,2.006057571402573,2467.0
2024-01-21 16:02:11+00:00,2024-01-21 16:02:11+00:00,582640991,27593057,7301.75,65535,123.60000000000002,123.60000000000002,2.491,2.491,0.0,300,160,80,0.0,-11.0,48.836403703317046,2.3128233198076487,Garmin Forerunner 735 XT,2.5901649988841244,6473.021471291596,2.489470588235308,2.5901649988841244,2468.0
2024-01-21 16:02:12+00:00,2024-01-21 16:02:12+00:00,582640748,27592949,7304.09,65535,122.20000000000005,122.20000000000005,2.491,2.491,0.0,300,161,80,0.0,-11.0,48.83638333529234,2.3128142673522234,Garmin Forerunner 735 XT,2.359742127084479,6475.38121341868,2.4905565610859863,2.359742127084479,2469.0
2024-01-21 16:02:13+00:00,2024-01-21 16:02:13+00:00,582640478,27592853,7306.67,65535,121.79999999999995,121.79999999999995,2.491,2.491,0.0,300,161,80,0.0,-11.0,48.836360704153776,2.3128062207251787,Garmin Forerunner 735 XT,2.5844631749148266,6477.965676593595,2.4913438914027286,2.5844631749148266,2470.0
2024-01-21 16:02:14+00:00,2024-01-21 16:02:14+00:00,582640205,27592709,7309.36,65535,122.20000000000005,122.20000000000005,2.491,2.491,0.0,300,162,81,0.0,-11.0,48.83633782155812,2.3127941507846117,Garmin Forerunner 735 XT,2.6934191607595594,6480.659095754355,2.4918126696832714,2.6934191607595594,2471.0
2024-01-21 16:02:15+00:00,2024-01-21 16:02:15+00:00,582639906,27592584,7312.25,65535,122.20000000000005,122.20000000000005,2.491,2.491,0.0,300,162,81,0.0,-11.0,48.836312759667635,2.3127836734056473,Garmin Forerunner 735 XT,2.890336371518467,6483.549432125873,2.4930371040724113,2.890336371518467,2472.0
2024-01-21 16:02:16+00:00,2024-01-21 16:02:16+00:00,582639703,27592244,7314.71,65535,119.60000000000002,119.60000000000002,2.491,2.491,0.0,300,162,81,0.0,-11.0,48.8362957444042,2.312755174934864,Garmin Forerunner 735 XT,2.816073151136456,6486.365505277009,2.4948452488687916,2.816073151136456,2473.0
2024-01-21 16:02:17+00:00,2024-01-21 16:02:17+00:00,582639441,27592082,7317.35,65535,119.0,119.0,2.501,2.501,0.0,300,162,81,0.0,-11.0,48.83627378381789,2.312741596251726,Garmin Forerunner 735 XT,2.636396723872424,6489.001902000881,2.497065158371054,2.636396723872424,2474.0
2024-01-21 16:02:18+00:00,2024-01-21 16:02:18+00:00,582639181,27591917,7319.95,65535,118.79999999999995,118.79999999999995,2.501,2.501,0.0,300,163,81,0.0,-11.0,48.83625199086964,2.312727766111493,Garmin Forerunner 735 XT,2.6261795336952605,6491.628081534576,2.4995248868778415,2.6261795336952605,2475.0
2024-01-21 16:02:19+00:00,2024-01-21 16:02:19+00:00,582638959,27591734,7322.23,65535,117.20000000000005,117.20000000000005,2.501,2.501,0.0,300,163,81,0.0,-11.0,48.8362333830446,2.312712427228689,Garmin Forerunner 735 XT,2.3540403966450634,6493.982121931222,2.502052488687796,2.3540403966450634,2476.0
2024-01-21 16:02:20+00:00,2024-01-21 16:02:20+00:00,582638656,27591489,7325.38,65535,117.60000000000002,117.60000000000002,2.501,2.501,0.0,300,163,81,0.0,-11.0,48.83620798587799,2.312691891565919,Garmin Forerunner 735 XT,3.199094494749634,6497.181216425971,2.5044760180995604,3.199094494749634,2477.0
2024-01-21 16:02:21+00:00,2024-01-21 16:02:21+00:00,582638344,27591253,7328.62,65535,118.20000000000005,118.20000000000005,2.51,2.51,0.0,300,164,81,0.0,-11.0,48.836181834340096,2.312672110274434,Garmin Forerunner 735 XT,3.2483990216025043,6500.429615447573,2.506623529411778,3.2483990216025043,2478.0
2024-01-21 16:02:22+00:00,2024-01-21 16:02:22+00:00,582638165,27591238,7330.19,65535,113.79999999999995,113.79999999999995,2.51,2.51,0.0,300,164,81,0.0,-11.0,48.83616683073342,2.3126708529889584,Garmin Forerunner 735 XT,1.670860841758903,6502.100476289333,2.50832307692309,1.670860841758903,2479.0
2024-01-21 16:02:23+00:00,2024-01-21 16:02:23+00:00,582637955,27591089,7332.36,65535,112.60000000000002,112.60000000000002,2.51,2.51,0.0,300,164,81,0.0,-11.0,48.83614922873676,2.3126583639532328,Garmin Forerunner 735 XT,2.160178093162568,6504.260654382495,2.50940271493214,2.160178093162568,2480.0
2024-01-21 16:02:24+00:00,2024-01-21 16:02:24+00:00,582637717,27590999,7334.63,65535,111.0,111.0,2.51,2.51,0.0,300,163,81,0.0,-11.0,48.83612927980721,2.3126508202403784,Garmin Forerunner 735 XT,2.285900556145995,6506.546554938641,2.510325791855217,2.285900556145995,2481.0
2024-01-21 16:02:25+00:00,2024-01-21 16:02:25+00:00,582637485,27590881,7336.91,65535,108.79999999999995,108.79999999999995,2.51,2.51,0.0,300,163,81,0.0,-11.0,48.83610983379185,2.312640929594636,Garmin Forerunner 735 XT,2.2802548300153633,6508.826809768656,2.511140271493226,2.2802548300153633,2482.0
2024-01-21 16:02:26+00:00,2024-01-21 16:02:26+00:00,582637252,27590739,7339.25,65535,108.0,108.0,2.51,2.51,0.0,300,163,81,0.0,-11.0,48.83609030395746,2.3126290272921324,Garmin Forerunner 735 XT,2.339828552521445,6511.166638321178,2.511140271493226,2.339828552521445,2483.0
2024-01-21 16:02:27+00:00,2024-01-21 16:02:27+00:00,582636955,27590688,7341.89,65535,108.79999999999995,108.79999999999995,2.51,2.51,0.0,300,162,81,0.0,-11.0,48.83606540970504,2.312624752521515,Garmin Forerunner 735 XT,2.7857399057414143,6513.952378226919,2.510325791855217,2.7857399057414143,2484.0
2024-01-21 16:02:28+00:00,2024-01-21 16:02:28+00:00,582636702,27590630,7344.22,65535,109.39999999999998,109.39999999999998,2.51,2.51,0.0,300,162,81,0.0,-11.0,48.83604420349002,2.3126198910176754,Garmin Forerunner 735 XT,2.384717818570639,6516.3370960454895,2.5086968325791985,2.384717818570639,2485.0
2024-01-21 16:02:29+00:00,2024-01-21 16:02:29+00:00,582636435,27590560,7346.69,65535,110.0,110.0,2.51,2.51,0.0,300,162,80,0.0,-11.0,48.83602182380855,2.3126140236854553,Garmin Forerunner 735 XT,2.5252878917763932,6518.862383937266,2.5074995475113253,2.5252878917763932,2486.0
2024-01-21 16:02:30+00:00,2024-01-21 16:02:30+00:00,582636203,27590443,7348.96,65535,109.79999999999995,109.79999999999995,2.51,2.51,0.0,300,161,80,0.0,-11.0,48.83600237779319,2.3126042168587446,Garmin Forerunner 735 XT,2.278315188521831,6521.140699125787,2.5061800904977503,2.278315188521831,2487.0
2024-01-21 16:02:31+00:00,2024-01-21 16:02:31+00:00,582635954,27590340,7351.32,65535,110.39999999999998,110.39999999999998,2.501,2.501,0.0,300,161,80,0.0,-11.0,48.835981506854296,2.312595583498478,Garmin Forerunner 735 XT,2.4052269211505406,6523.545926046938,2.504819909502275,2.4052269211505406,2488.0
2024-01-21 16:02:32+00:00,2024-01-21 16:02:32+00:00,582635697,27590166,7353.93,65535,111.20000000000005,111.20000000000005,2.501,2.501,0.0,300,161,80,0.0,-11.0,48.835959965363145,2.3125809989869595,Garmin Forerunner 735 XT,2.6223891431428754,6526.168315190081,2.5035004524887006,2.6223891431428754,2489.0
2024-01-21 16:02:33+00:00,2024-01-21 16:02:33+00:00,582635452,27589961,7356.54,65535,111.20000000000005,111.20000000000005,2.501,2.501,0.0,300,160,80,0.0,-11.0,48.835939429700375,2.312563816085458,Garmin Forerunner 735 XT,2.6068781971747343,6528.775193387255,2.5023031674208274,2.6068781971747343,2490.0
2024-01-21 16:02:34+00:00,2024-01-21 16:02:34+00:00,582635214,27589754,7359.1,65535,110.39999999999998,110.39999999999998,2.501,2.501,0.0,300,160,81,0.0,-11.0,48.835919480770826,2.3125464655458927,Garmin Forerunner 735 XT,2.555998632356534,6531.331192019612,2.5013095022624565,2.555998632356534,2491.0
2024-01-21 16:02:35+00:00,2024-01-21 16:02:35+00:00,582634978,27589557,7361.61,65535,110.0,110.0,2.501,2.501,0.0,300,160,81,0.0,-11.0,48.83589969947934,2.312529953196645,Garmin Forerunner 735 XT,2.509727877807373,6533.84091989742,2.499965610859742,2.509727877807373,2492.0
2024-01-21 16:02:36+00:00,2024-01-21 16:02:36+00:00,582634738,27589289,7364.38,65535,109.39999999999998,109.39999999999998,2.501,2.501,0.0,300,159,81,0.0,-11.0,48.83587958291173,2.312507489696145,Garmin Forerunner 735 XT,2.776086772535122,6536.617006669955,2.4995176470588367,2.776086772535122,2493.0
2024-01-21 16:02:37+00:00,2024-01-21 16:02:37+00:00,582634468,27589039,7367.33,65535,109.60000000000002,109.60000000000002,2.501,2.501,0.0,300,159,81,0.0,-11.0,48.83585695177317,2.312486534938216,Garmin Forerunner 735 XT,2.947001029029388,6539.564007698985,2.499965610859742,2.947001029029388,2494.0
2024-01-21 16:02:38+00:00,2024-01-21 16:02:38+00:00,582634239,27588822,7369.84,65535,109.60000000000002,109.60000000000002,2.501,2.501,0.0,300,159,81,0.0,-11.0,48.835837757214904,2.312468346208334,Garmin Forerunner 735 XT,2.5154732498735464,6542.079480948858,2.5006742081448095,2.5154732498735464,2495.0
2024-01-21 16:02:39+00:00,2024-01-21 16:02:39+00:00,582633945,27588652,7372.74,65535,110.60000000000002,110.60000000000002,2.501,2.501,0.0,300,159,80,0.0,-11.0,48.83581311441958,2.3124540969729424,Garmin Forerunner 735 XT,2.9319113835593975,6545.011392332417,2.5015619909502393,2.9319113835593975,2496.0
2024-01-21 16:02:40+00:00,2024-01-21 16:02:40+00:00,582633806,27588273,7375.12,65535,109.0,109.0,2.501,2.501,0.0,300,159,80,0.0,-11.0,48.83580146357417,2.312422329559922,Garmin Forerunner 735 XT,2.661642552463795,6547.6730348848805,2.502395475113135,2.661642552463795,2497.0
2024-01-21 16:02:41+00:00,2024-01-21 16:02:41+00:00,582633583,27587984,7377.85,65535,108.79999999999995,108.79999999999995,2.501,2.501,0.0,300,159,80,0.0,-11.0,48.8357827719301,2.3123981058597565,Garmin Forerunner 735 XT,2.7318782361571827,6550.404913121038,2.5043058823529543,2.7318782361571827,2498.0
2024-01-21 16:02:42+00:00,2024-01-21 16:02:42+00:00,582633330,27587678,7380.88,65535,108.60000000000002,108.60000000000002,2.51,2.51,0.0,300,159,80,0.0,-11.0,48.835761565715075,2.3123724572360516,Garmin Forerunner 735 XT,3.014018150341588,6553.418931271379,2.5064045248868907,3.014018150341588,2499.0
2024-01-21 16:02:43+00:00,2024-01-21 16:02:43+00:00,582633036,27587347,7384.28,65535,108.39999999999998,108.39999999999998,2.51,2.51,0.0,300,159,80,0.0,-11.0,48.83573692291975,2.3123447131365538,Garmin Forerunner 735 XT,3.4105456022404135,6556.82947687362,2.50960271493214,3.4105456022404135,2500.0
2024-01-21 16:02:44+00:00,2024-01-21 16:02:44+00:00,582632737,27587088,7387.5,65535,108.39999999999998,108.39999999999998,2.51,2.51,0.0,300,159,81,0.0,-11.0,48.83571186102927,2.3123230040073395,Garmin Forerunner 735 XT,3.2079012561616347,6560.037378129781,2.5135656108597417,3.2079012561616347,2501.0
2024-01-21 16:02:45+00:00,2024-01-21 16:02:45+00:00,582632435,27586821,7390.75,65535,108.60000000000002,108.60000000000002,2.519,2.519,0.0,300,159,81,0.0,-11.0,48.83568654768169,2.3123006243258715,Garmin Forerunner 735 XT,3.2566278072783748,6563.294005937059,2.5179583710407374,3.2566278072783748,2502.0
2024-01-21 16:02:46+00:00,2024-01-21 16:02:46+00:00,582632204,27586532,7393.55,65535,109.39999999999998,109.39999999999998,2.519,2.519,0.0,300,158,81,0.0,-11.0,48.83566718548536,2.3122764006257057,Garmin Forerunner 735 XT,2.7890275000464126,6566.083033437106,2.5218108597285207,2.7890275000464126,2503.0
2024-01-21 16:02:47+00:00,2024-01-21 16:02:47+00:00,582631974,27586255,7396.28,65535,109.79999999999995,109.79999999999995,2.529,2.529,0.0,300,158,81,0.0,-11.0,48.83564790710807,2.3122531827539206,Garmin Forerunner 735 XT,2.7355091178110755,6568.818542554917,2.5259529411764845,2.7355091178110755,2504.0
2024-01-21 16:02:48+00:00,2024-01-21 16:02:48+00:00,582631727,27585938,7399.3,65535,110.0,110.0,2.529,2.529,0.0,300,158,81,0.0,-11.0,48.835627203807235,2.3122266121208668,Garmin Forerunner 735 XT,3.0135759570753686,6571.832118511993,2.529968325791869,3.0135759570753686,2505.0
2024-01-21 16:02:49+00:00,2024-01-21 16:02:49+00:00,582631495,27585685,7401.97,65535,110.20000000000005,110.20000000000005,2.538,2.538,0.0,300,158,81,0.0,-11.0,48.83560775779188,2.312205405905843,Garmin Forerunner 735 XT,2.6616826252367662,6574.49380113723,2.533440723981914,2.6616826252367662,2506.0
2024-01-21 16:02:50+00:00,2024-01-21 16:02:50+00:00,582631279,27585474,7404.36,65535,110.39999999999998,110.39999999999998,2.538,2.538,0.0,300,158,81,0.0,-11.0,48.835589652881026,2.312187720090151,Garmin Forerunner 735 XT,2.3934178006998654,6576.88721893793,2.5372000000000137,2.3934178006998654,2507.0
2024-01-21 16:02:51+00:00,2024-01-21 16:02:51+00:00,582631041,27585287,7406.86,65535,110.60000000000002,110.60000000000002,2.538,2.538,0.0,300,158,81,0.0,-11.0,48.83556970395148,2.31217204593122,Garmin Forerunner 735 XT,2.497314981251427,6579.384533919181,2.540276018099561,2.497314981251427,2508.0
2024-01-21 16:02:52+00:00,2024-01-21 16:02:52+00:00,582630762,27585071,7409.78,65535,110.60000000000002,110.60000000000002,2.538,2.538,0.0,300,158,81,0.0,-11.0,48.83554631844163,2.3121539410203695,Garmin Forerunner 735 XT,2.918519094287492,6582.303053013468,2.541628054298656,2.918519094287492,2509.0
2024-01-21 16:02:53+00:00,2024-01-21 16:02:53+00:00,582630508,27584869,7412.46,65535,110.60000000000002,110.60000000000002,2.547,2.547,0.0,300,158,81,0.0,-11.0,48.835525028407574,2.312137009575963,Garmin Forerunner 735 XT,2.6720791250022398,6584.97513213847,2.543461538461552,2.6720791250022398,2510.0
2024-01-21 16:02:54+00:00,2024-01-21 16:02:54+00:00,582630231,27584699,7415.22,65535,111.20000000000005,111.20000000000005,2.547,2.547,0.0,300,158,81,0.0,-11.0,48.83550181053579,2.3121227603405714,Garmin Forerunner 735 XT,2.784402837581996,6587.759534976052,2.5447972850678866,2.784402837581996,2511.0
2024-01-21 16:02:55+00:00,2024-01-21 16:02:55+00:00,582630021,27584410,7417.85,65535,112.39999999999998,112.39999999999998,2.547,2.547,0.0,300,158,82,0.0,-11.0,48.83548420853913,2.3120985366404057,Garmin Forerunner 735 XT,2.6408751274588766,6590.400410103511,2.546676018099561,2.6408751274588766,2512.0
2024-01-21 16:02:56+00:00,2024-01-21 16:02:56+00:00,582629840,27584152,7420.14,65535,112.79999999999995,112.79999999999995,2.547,2.547,0.0,300,158,82,0.0,-11.0,48.83546903729439,2.312076911330223,Garmin Forerunner 735 XT,2.313232862003679,6592.713642965515,2.5481384615384752,2.313232862003679,2513.0
2024-01-21 16:02:57+00:00,2024-01-21 16:02:57+00:00,582629573,27583947,7422.9,65535,113.60000000000002,113.60000000000002,2.547,2.547,0.0,300,158,82,0.0,-11.0,48.83544665761292,2.3120597284287214,Garmin Forerunner 735 XT,2.7882460050174234,6595.5018889705325,2.5501773755656245,2.7882460050174234,2514.0
2024-01-21 16:02:58+00:00,2024-01-21 16:02:58+00:00,582629353,27583694,7425.47,65535,114.20000000000005,114.20000000000005,2.547,2.547,0.0,300,158,81,0.0,-11.0,48.83542821742594,2.3120385222136974,Garmin Forerunner 735 XT,2.571654072803021,6598.073543043335,2.5519855203620043,2.571654072803021,2515.0
2024-01-21 16:02:59+00:00,2024-01-21 16:02:59+00:00,582629139,27583447,7427.96,65535,115.0,115.0,2.557,2.557,0.0,300,157,81,0.0,-11.0,48.835410280153155,2.3120178189128637,Garmin Forerunner 735 XT,2.5048546230461843,6600.5783976663815,2.5540968325791993,2.5048546230461843,2516.0
2024-01-21 16:03:00+00:00,2024-01-21 16:03:00+00:00,582628913,27583197,7430.55,65535,115.60000000000002,115.60000000000002,2.557,2.557,0.0,300,157,81,0.0,-11.0,48.83539133705199,2.311996864154935,Garmin Forerunner 735 XT,2.605584733684101,6603.183982400065,2.555045248868792,2.605584733684101,2517.0
2024-01-21 16:03:01+00:00,2024-01-21 16:03:01+00:00,582628668,27582941,7433.3,65535,115.39999999999998,115.39999999999998,2.557,2.557,0.0,300,157,81,0.0,-11.0,48.83537080138922,2.3119754064828157,Garmin Forerunner 735 XT,2.7714094045616844,6605.955391804627,2.5559954751131357,2.7714094045616844,2518.0
2024-01-21 16:03:02+00:00,2024-01-21 16:03:02+00:00,582628429,27582692,7435.94,65535,115.79999999999995,115.79999999999995,2.557,2.557,0.0,300,157,81,0.0,-11.0,48.83535076864064,2.3119545355439186,Garmin Forerunner 735 XT,2.701001051198262,6608.656392855825,2.556312217194584,2.701001051198262,2519.0
2024-01-21 16:03:03+00:00,2024-01-21 16:03:03+00:00,582628213,27582529,7438.15,65535,115.79999999999995,115.79999999999995,2.557,2.557,0.0,300,157,81,0.0,-11.0,48.83533266372979,2.311940873041749,Garmin Forerunner 735 XT,2.247848579160706,6610.904241434986,2.5559954751131357,2.247848579160706,2520.0
2024-01-21 16:03:04+00:00,2024-01-21 16:03:04+00:00,582628031,27582408,7439.95,65535,116.20000000000005,116.20000000000005,2.557,2.557,0.0,300,157,81,0.0,-11.0,48.835317408666015,2.3119307309389114,Garmin Forerunner 735 XT,1.8515980209489329,6612.755839455935,2.555045248868792,1.8515980209489329,2521.0
2024-01-21 16:03:05+00:00,2024-01-21 16:03:05+00:00,582627767,27582270,7442.56,65535,118.20000000000005,118.20000000000005,2.557,2.557,0.0,300,157,81,0.0,-11.0,48.83529528044164,2.3119191639125347,Garmin Forerunner 735 XT,2.6021203566817217,6615.357959812616,2.5540968325791993,2.6021203566817217,2522.0
2024-01-21 16:03:06+00:00,2024-01-21 16:03:06+00:00,582627554,27582110,7444.77,65535,118.0,118.0,2.547,2.547,0.0,300,158,81,0.0,-11.0,48.835277426987886,2.3119057528674603,Garmin Forerunner 735 XT,2.214623688224151,6617.572583500841,2.5519855203620043,2.214623688224151,2523.0
2024-01-21 16:03:07+00:00,2024-01-21 16:03:07+00:00,582627321,27581956,7447.13,65535,119.60000000000002,119.60000000000002,2.547,2.547,0.0,300,158,81,0.0,-11.0,48.8352578971535,2.311892844736576,Garmin Forerunner 735 XT,2.3682285764066786,6619.940812077248,2.550812669683271,2.3682285764066786,2524.0
2024-01-21 16:03:08+00:00,2024-01-21 16:03:08+00:00,582627112,27581703,7449.63,65535,119.20000000000005,119.20000000000005,2.547,2.547,0.0,300,158,80,0.0,-11.0,48.83524037897587,2.311871638521552,Garmin Forerunner 735 XT,2.4906820408242902,6622.431494118072,2.5488796380090637,2.4906820408242902,2525.0
2024-01-21 16:03:09+00:00,2024-01-21 16:03:09+00:00,582626889,27581491,7452.08,65535,119.79999999999995,119.79999999999995,2.547,2.547,0.0,300,157,80,0.0,-11.0,48.835221687331796,2.3118538688868284,Garmin Forerunner 735 XT,2.4518026082091566,6624.883296726281,2.5464398190045383,2.4518026082091566,2526.0
2024-01-21 16:03:10+00:00,2024-01-21 16:03:10+00:00,582626656,27581319,7454.48,65535,120.20000000000005,120.20000000000005,2.547,2.547,0.0,300,158,80,0.0,-11.0,48.835202157497406,2.3118394520133734,Garmin Forerunner 735 XT,2.414406382192435,6627.297703108473,2.5437466063348553,2.414406382192435,2527.0
2024-01-21 16:03:11+00:00,2024-01-21 16:03:11+00:00,582626479,27581157,7456.41,65535,120.39999999999998,120.39999999999998,2.547,2.547,0.0,300,157,80,0.0,-11.0,48.83518732152879,2.3118258733302355,Garmin Forerunner 735 XT,1.925924601034874,6629.223627709508,2.541053393665172,1.925924601034874,2528.0
2024-01-21 16:03:12+00:00,2024-01-21 16:03:12+00:00,582626288,27580941,7458.63,65535,121.0,121.0,2.538,2.538,0.0,300,157,80,0.0,-11.0,48.835171312093735,2.311807768419385,Garmin Forerunner 735 XT,2.219224597051978,6631.44285230656,2.5386135746606473,2.219224597051978,2529.0
2024-01-21 16:03:13+00:00,2024-01-21 16:03:13+00:00,582626109,27580735,7460.73,65535,122.0,122.0,2.538,2.538,0.0,300,157,79,0.0,-11.0,48.83515630848706,2.3117905016988516,Garmin Forerunner 735 XT,2.0929509598322507,6633.535803266392,2.536680542986439,2.0929509598322507,2530.0
2024-01-21 16:03:14+00:00,2024-01-21 16:03:14+00:00,582625905,27580501,7463.11,65535,122.60000000000002,122.60000000000002,2.529,2.529,0.0,300,157,79,0.0,-11.0,48.83513920940459,2.31177088804543,Garmin Forerunner 735 XT,2.382409915938741,6635.91821318233,2.5341230769230907,2.382409915938741,2531.0
2024-01-21 16:03:15+00:00,2024-01-21 16:03:15+00:00,582625665,27580216,7465.94,65535,123.39999999999998,123.39999999999998,2.529,2.529,0.0,300,157,79,0.0,-11.0,48.835119092836976,2.3117469996213913,Garmin Forerunner 735 XT,2.83911245547617,6638.757325637806,2.531809954751145,2.83911245547617,2532.0
2024-01-21 16:03:16+00:00,2024-01-21 16:03:16+00:00,582625392,27579902,7469.14,65535,123.39999999999998,123.39999999999998,2.529,2.529,0.0,300,157,79,0.5,-11.0,48.83509621024132,2.3117206804454327,Garmin Forerunner 735 XT,3.191381713017712,6641.948707350824,2.53040585003232,3.191381713017712,2533.0
2024-01-21 16:03:17+00:00,2024-01-21 16:03:17+00:00,582625156,27579625,7471.92,65535,123.60000000000002,123.60000000000002,2.529,2.529,0.0,300,159,79,0.5,-11.0,48.83507642894983,2.3116974625736475,Garmin Forerunner 735 XT,2.7795604591796024,6644.728267810004,2.5293435358758884,2.7795604591796024,2534.0
2024-01-21 16:03:18+00:00,2024-01-21 16:03:18+00:00,582624896,27579430,7474.6,65535,124.79999999999995,124.79999999999995,2.529,2.529,0.0,300,162,80,0.0,-11.0,48.83505463600159,2.311681117862463,Garmin Forerunner 735 XT,2.70246960369794,6647.4307374137015,2.5286230122818356,2.70246960369794,2535.0
2024-01-21 16:03:19+00:00,2024-01-21 16:03:19+00:00,582624593,27579317,7477.37,65535,127.0,127.0,2.529,2.529,0.0,300,163,81,0.0,-11.0,48.83502923883498,2.311671646311879,Garmin Forerunner 735 XT,2.90787903765526,6650.338616451357,2.528244279250161,2.90787903765526,2536.0
2024-01-21 16:03:20+00:00,2024-01-21 16:03:20+00:00,582624351,27579107,7479.96,65535,128.0,128.0,2.529,2.529,0.0,300,164,81,0.0,-11.0,48.8350089546293,2.311654044315219,Garmin Forerunner 735 XT,2.5975095271805984,6652.936125978537,2.528207336780866,2.5975095271805984,2537.0
2024-01-21 16:03:21+00:00,2024-01-21 16:03:21+00:00,582624083,27578957,7482.59,65535,129.39999999999998,129.39999999999998,2.529,2.529,0.0,300,163,81,0.0,-11.0,48.8349864911288,2.3116414714604616,Garmin Forerunner 735 XT,2.6619474773282468,6655.598073455865,2.528512184873949,2.6619474773282468,2538.0
2024-01-21 16:03:22+00:00,2024-01-21 16:03:22+00:00,582623834,27578808,7485.06,65535,130.0,130.0,2.529,2.529,0.0,300,163,81,0.0,-11.0,48.834965620189905,2.311628982424736,Garmin Forerunner 735 XT,2.4942767340690475,6658.092350189934,2.529158823529411,2.4942767340690475,2539.0
