time_dt,time,seconds_elapsed,bearingAccuracy,speedAccuracy,verticalAccuracy,horizontalAccuracy,speed,bearing,altitude,lon,lat,device,speed_calculated,distance_from_start,speed_filtered,speed_calculated_filtered,seconds
2024-01-21 15:21:03+00:00,1705850463337386200,545.9393862304687,45.0,1.5,2.6688497066497803,15.461000442504885,2.200528860092163,341.4483642578125,81.28094522622507,2.312145,48.8439576,SensorLogger (Pixel 4 XL),2.1123705499299414,1248.6240218255318,2.2296861571424142,3.110030709958206,0.0
2024-01-21 15:21:04+00:00,1705850463892044800,546.494044921875,45.0,1.5,2.624093770980835,14.871000289916992,2.216431140899658,341.1084899902344,81.22678338989164,2.3121341,48.8439701,SensorLogger (Pixel 4 XL),2.889252334649374,1250.226571636216,2.2357665205202175,2.8142385182933385,1.0
2024-01-21 15:21:05+00:00,1705850464973219600,547.5752194824219,45.0,1.5,2.5684328079223637,15.312000274658203,2.2272427082061768,340.27252197265625,81.11184144037654,2.3121129,48.84399,SensorLogger (Pixel 4 XL),2.6773984428194733,1252.9291676304476,2.239342833705771,2.5701523728776996,2.0
2024-01-21 15:21:06+00:00,1705850466120505000,548.7225051269531,45.0,1.5,1.6386077404022217,16.47599983215332,2.246384859085083,339.5770874023437,82.53898966977609,2.3120888,48.8440157,SensorLogger (Pixel 4 XL),3.235619852508984,1256.2878293279205,2.2404150966990732,2.3777722737112885,3.0
2024-01-21 15:21:07+00:00,1705850467176091400,549.7780913085937,45.0,1.5,1.620235562324524,17.3700008392334,2.293768405914306,339.009033203125,82.32944294187874,2.3120671,48.8440385,SensorLogger (Pixel 4 XL),3.612320781477703,1259.282076999517,2.2389833095001257,2.2370982207941053,4.0
2024-01-21 15:21:08+00:00,1705850467737984800,550.3399848632813,45.0,1.5,1.620235562324524,17.576000213623047,2.3194525241851807,338.82623291015625,82.32944294187874,2.3120587,48.8440466,SensorLogger (Pixel 4 XL),1.9406665628793855,1260.3725258971995,2.2350474721089277,2.14813021412615,5.0
2024-01-21 15:21:09+00:00,1705850468857298200,551.4592980957032,45.0,1.5,1.5899083614349363,18.368000030517575,2.229944229125977,338.58123779296875,82.2449171088436,2.3120392,48.8440669,SensorLogger (Pixel 4 XL),1.8295846516081402,1263.0453884691315,2.2286075845254794,2.110868253707423,6.0
2024-01-21 15:21:10+00:00,1705850469956658000,552.5586579589843,45.0,1.5,1.4913076162338257,18.267000198364254,2.229597330093384,337.92938232421875,82.1583675807427,2.3120083,48.844082,SensorLogger (Pixel 4 XL),1.8953692564864384,1265.870703708799,2.219663646749793,2.125312339537937,7.0
2024-01-21 15:21:11+00:00,1705850470968782300,553.5707822265625,45.0,1.5,1.5861949920654297,18.18000030517578,2.2007837295532227,336.6845703125,82.17760073262966,2.3119821,48.8440967,SensorLogger (Pixel 4 XL),1.5159702108886535,1268.4267377177955,2.198311469565701,2.2311644666921677,8.0
2024-01-21 15:21:12+00:00,1705850472102162400,554.7041623535156,45.0,1.5,1.6010664701461792,18.009000778198242,2.137265920639038,335.59246826171875,82.22011627629303,2.3119529,48.8441203,SensorLogger (Pixel 4 XL),2.630526205781484,1271.8113268124762,2.1753328834723678,2.256540580204736,9.0
2024-01-21 15:21:13+00:00,1705850473275036700,555.8770366210938,45.0,1.5,1.7140984535217283,18.02400016784668,2.1214911937713623,334.74420166015625,82.17405778031011,2.3119337,48.844134,SensorLogger (Pixel 4 XL),1.8517629098502824,1273.8859381853958,2.1518115097581108,2.2632548635625267,10.0
2024-01-21 15:21:14+00:00,1705850473861473800,556.4634738769531,45.0,1.5,1.7209134101867676,17.819000244140625,2.1283178329467773,334.381591796875,82.0262673778665,2.3119208,48.8441463,SensorLogger (Pixel 4 XL),2.833803659016368,1275.5477855017784,2.1328136873461117,2.475461923408404,11.0
2024-01-21 15:21:15+00:00,1705850474971498200,557.5734982910157,45.0,1.5,2.723053455352783,17.301000595092773,2.1301262378692627,334.7313232421875,80.40323619009692,2.3119089,48.8441793,SensorLogger (Pixel 4 XL),2.2197373158238833,1279.3223779053317,2.1257123092720525,2.796580061710543,12.0
2024-01-21 15:21:16+00:00,1705850476089941000,558.6919409179687,45.0,1.5,1.6110693216323853,16.881000518798828,2.1257338523864746,334.8561706542969,81.83748408098984,2.3118918,48.8442114,SensorLogger (Pixel 4 XL),3.6026042961008367,1283.105596590301,2.1429740659791534,2.5450552955557972,13.0
2024-01-21 15:21:17+00:00,1705850477262815700,559.8648156738282,45.0,1.5,1.6109578609466553,16.5,2.137318849563598,335.0157775878906,81.48725921084431,2.3118724,48.8442441,SensorLogger (Pixel 4 XL),4.27154453813986,1287.0100934696638,2.1420652125216293,2.910336359877409,14.0
2024-01-21 15:21:18+00:00,1705850477849253000,560.4512531738281,45.0,1.5,1.4990161657333374,16.312999725341797,2.141082525253296,335.04736328125,81.47308856776924,2.3118683,48.844252,SensorLogger (Pixel 4 XL),1.5828889854919785,1287.9383581376487,2.1315629272978884,3.0503066749236245,15.0
2024-01-21 15:21:19+00:00,1705850478969771500,561.571771484375,45.0,1.5,1.7938990592956543,16.2549991607666,2.153924465179444,334.96893310546875,81.99320725620248,2.3118528,48.8442759,SensorLogger (Pixel 4 XL),2.8526694118705227,1290.827968868932,2.1262319164578307,3.0289884106431852,16.0
2024-01-21 15:21:20+00:00,1705850480077715200,562.6797150878906,45.0,1.5,1.7114856243133545,16.27899932861328,2.177081823348999,335.1757507324219,81.72126812573069,2.3118379,48.8443062,SensorLogger (Pixel 4 XL),3.2799403997244485,1294.3709122172475,2.1262030182920544,3.0281257735422025,17.0
2024-01-21 15:21:21+00:00,1705850481250590000,563.85258984375,45.0,1.5,1.7251360416412354,17.158000946044922,2.183900117874145,335.3262939453125,81.80224368472403,2.3118218,48.8443246,SensorLogger (Pixel 4 XL),2.1721029699483534,1296.7845039523338,2.1340370228927172,2.978867890433218,18.0
2024-01-21 15:21:22+00:00,1705850481837027300,564.43902734375,45.0,1.5,1.7315276861190796,17.756000518798828,2.174638509750366,335.3744201660156,81.83210361785646,2.3118126,48.8443311,SensorLogger (Pixel 4 XL),1.6843182336850593,1297.7722504843414,2.146051565230713,2.7626058881681255,19.0
2024-01-21 15:21:23+00:00,1705850482971076000,565.573076171875,45.0,1.5,1.8970105648040767,18.724000930786133,1.998129963874817,337.5942077636719,82.40292916061412,2.3117499,48.8443253,SensorLogger (Pixel 4 XL),6.974322644499954,1306.5222403189955,2.165211801291602,2.8274072746389347,20.0
2024-01-21 15:21:24+00:00,1705850483997105700,566.5991057128906,45.0,1.5,1.8970105648040767,19.59499931335449,2.09440016746521,337.4828186035156,82.40292916061412,2.3117409,48.8443368,SensorLogger (Pixel 4 XL),1.308768267107846,1307.9611677686685,2.1930066704210773,3.1058365269761383,21.0
2024-01-21 15:21:25+00:00,1705850485118625000,567.720625,45.0,1.5,1.9233152866363523,19.968000411987305,2.2679331302642822,343.2518310546875,84.20000457763672,2.3117331,48.8443663,SensorLogger (Pixel 4 XL),2.4324426049954186,1311.2957566416542,2.2312891525380874,3.4872359684906318,22.0
2024-01-21 15:21:26+00:00,1705850486176663000,568.7786630859375,45.0,1.5,1.9740729331970213,20.687000274658203,2.33807110786438,347.7279968261719,84.20000457763672,2.3117301,48.8443975,SensorLogger (Pixel 4 XL),2.850746313474671,1314.7827797017746,2.276245867612687,3.506767034214878,23.0
2024-01-21 15:21:27+00:00,1705850486763100200,569.3651000976563,45.0,1.5,1.9740729331970213,20.395999908447266,2.3604159355163574,349.4824523925781,84.20000457763672,2.3117291,48.8444159,SensorLogger (Pixel 4 XL),3.4910738898521445,1316.830074600518,2.3275460242146404,3.528137738878386,24.0
2024-01-21 15:21:28+00:00,1705850487935974100,570.5379741210937,45.0,1.5,1.954773187637329,20.108999252319336,2.371934413909912,354.21697998046875,84.20000457763672,2.31174,48.8444424,SensorLogger (Pixel 4 XL),2.9700316505966815,1319.8875322656907,2.384907240889204,3.566406134614792,25.0
2024-01-21 15:21:29+00:00,1705850489108847900,571.7108479003906,45.0,1.5,1.5896848440170288,18.40800094604492,2.4437525272369385,356.5595092773437,83.4000015258789,2.3117525,48.8444974,SensorLogger (Pixel 4 XL),6.189985836752477,1326.071316951545,2.443479126395156,3.3842058072436596,26.0
2024-01-21 15:21:30+00:00,1705850490164434000,572.7664338378906,45.0,1.5,1.5882203578948977,17.065000534057617,2.498900413513184,358.5953063964844,83.4000015258789,2.3117629,48.8445349,SensorLogger (Pixel 4 XL),3.5415915231678796,1330.3101334894202,2.49635043748365,2.844278846390379,27.0
2024-01-21 15:21:31+00:00,1705850491220019700,573.8220197753906,45.0,1.5,1.490546703338623,16.749000549316406,2.5282788276672363,1.3431386947631836,83.4000015258789,2.3117757,48.8445602,SensorLogger (Pixel 4 XL),2.4591454138128754,1333.2797853326292,2.5166489816898805,3.100972478080848,28.0
2024-01-21 15:21:32+00:00,1705850491806456000,574.4084560546875,45.0,1.5,1.490546703338623,17.06999969482422,2.535163640975952,2.56008529663086,83.4000015258789,2.3117826,48.8445696,SensorLogger (Pixel 4 XL),1.9794184830871446,1334.4405875901768,2.523844236917639,2.8343605933595795,29.0
2024-01-21 15:21:33+00:00,1705850492957248000,575.559248046875,45.0,1.5,1.6858103275299072,16.964000701904297,2.547483205795288,4.571462154388428,83.4000015258789,2.311797,48.8445962,SensorLogger (Pixel 4 XL),1.974649457503118,1337.591523884758,2.5334326493794155,2.500468849262492,30.0
2024-01-21 15:21:34+00:00,1705850494076412000,576.6784118652344,45.0,1.5,1.7020881175994873,17.139999389648438,2.5456583499908447,5.744693279266357,83.4000015258789,2.3118065,48.8446215,SensorLogger (Pixel 4 XL),1.941917616886196,1340.4925704344532,2.5385505952446845,2.0214360141479384,31.0
2024-01-21 15:21:35+00:00,1705850495137060400,577.7390603027344,45.0,1.5,1.713356614112854,19.000999450683597,2.5284390449523926,6.644650459289551,83.4000015258789,2.3118133,48.8446435,SensorLogger (Pixel 4 XL),1.349481547808104,1342.9909030159545,2.5375463103816656,1.6652381113786636,32.0
2024-01-21 15:21:36+00:00,1705850496236619000,578.8386188964844,45.0,1.5,1.6944513320922852,19.48500061035156,2.508547782897949,6.835476875305176,83.4000015258789,2.3118144,48.8446662,SensorLogger (Pixel 4 XL),1.1972442889779566,1345.5556049997256,2.5268900172203512,1.3029829061725102,33.0
2024-01-21 15:21:37+00:00,1705850496849806600,579.451806640625,45.0,1.5,1.6944513320922852,19.524999618530277,2.5008327960968018,6.676218986511231,83.4000015258789,2.3118142,48.8446834,SensorLogger (Pixel 4 XL),3.119122904963677,1347.4682137355744,2.5120487029735994,1.3322156455774226,34.0
2024-01-21 15:21:38+00:00,1705850497969163800,580.5711638183594,45.0,1.5,1.7889666557312012,19.847999572753903,2.487602472305298,6.427232265472412,83.4000015258789,2.3118097,48.8447032,SensorLogger (Pixel 4 XL),1.2160918928820617,1349.7401540509052,2.4943147954897777,1.3569512801509338,35.0
2024-01-21 15:21:39+00:00,1705850499078262800,581.6802626953125,45.0,1.5,1.6437119245529177,20.100000381469727,2.488426446914673,6.148251056671143,83.4000015258789,2.3118041,48.8447222,SensorLogger (Pixel 4 XL),0.5172040631249049,1352.1145975235195,2.474671747026414,1.4252230272245894,36.0
2024-01-21 15:21:40+00:00,1705850500251134200,582.8531342773438,45.0,1.5,1.6552242040634155,20.48200035095215,2.4641149044036865,6.006509304046631,83.4000015258789,2.3118029,48.8447783,SensorLogger (Pixel 4 XL),0.657112629736221,1358.5426637434011,2.4532247690054216,1.4911966975097355,37.0
2024-01-21 15:21:41+00:00,1705850500837570000,583.4395700683593,45.0,1.5,1.6830662488937378,20.45400047302246,2.4525554180145264,5.992299556732178,83.4000015258789,2.3118004,48.8447885,SensorLogger (Pixel 4 XL),1.9590336611495163,1359.691511607511,2.4322957722849567,1.5179389227776314,38.0
2024-01-21 15:21:42+00:00,1705850501969894100,584.5718940429688,45.0,1.5,1.749903678894043,19.09000015258789,2.4122958183288574,5.701389312744141,83.4000015258789,2.3117878,48.8447989,SensorLogger (Pixel 4 XL),1.668520435995986,1361.2157333794369,2.4135483789228336,1.6761737471859728,39.0
2024-01-21 15:21:43+00:00,1705850503066025500,585.668025390625,45.0,1.5,1.5147132873535156,16.735000610351562,2.3769280910491943,5.759246349334717,83.4000015258789,2.311781,48.8448088,SensorLogger (Pixel 4 XL),1.4959296278014618,1362.527049818414,2.3945420696724726,1.716509322715014,40.0
2024-01-21 15:21:44+00:00,1705850504121610000,586.7236098632812,45.0,1.5,1.5190576314926147,15.531000137329102,2.3588192462921143,6.444575786590576,83.4000015258789,2.3117814,48.8448243,SensorLogger (Pixel 4 XL),2.5515887781857707,1364.2548251645078,2.3748592337871695,1.5991297407090381,41.0
2024-01-21 15:21:45+00:00,1705850504669357000,587.2713571777343,45.0,1.5,1.7738310098648071,14.55799961090088,2.352234125137329,6.65678596496582,83.4000015258789,2.311783,48.8448355,SensorLogger (Pixel 4 XL),2.2836726721574965,1365.5057000196641,2.354698544713719,1.9127960151803745,42.0
2024-01-21 15:21:46+00:00,1705850505778927900,588.3809279785156,45.0,1.5,1.7738310098648071,14.46500015258789,2.3466672897338867,6.9424896240234375,83.4000015258789,2.3117835,48.8448531,SensorLogger (Pixel 4 XL),1.7640806319613873,1367.46307273055,2.3297936940085417,1.6614600652218239,43.0
2024-01-21 15:21:47+00:00,1705850506898237000,589.5002368164063,45.0,1.5,1.788962721824646,14.94499969482422,2.3416671752929688,6.82707405090332,83.4000015258789,2.3117833,48.8448767,SensorLogger (Pixel 4 XL),1.624752695565564,1370.0886028426214,2.3220477546502147,1.9751784223239286,44.0
2024-01-21 15:21:48+00:00,1705850507977387800,590.5793876953124,45.0,1.5,1.8035377264022827,15.99899959564209,2.3410532474517822,6.934961795806885,83.4000015258789,2.3117834,48.8448999,SensorLogger (Pixel 4 XL),2.390520582509977,1372.6683355197576,2.3279140459466428,2.329412563029201,45.0
2024-01-21 15:21:49+00:00,1705850509164958200,591.7669582519532,45.0,1.5,1.712603211402893,18.18099975585937,2.3268473148345947,7.042193412780762,83.4000015258789,2.3117883,48.8449219,SensorLogger (Pixel 4 XL),1.361260570193804,1375.2240561138783,2.3479015576893514,2.634618706503616,46.0
2024-01-21 15:21:50+00:00,1705850510198952700,592.8009526367188,45.0,1.5,1.7346259355545044,19.013999938964844,2.329657077789306,7.0249433517456055,81.7067668143849,2.3117876,48.8449328,SensorLogger (Pixel 4 XL),1.8204675656237919,1376.615503092309,2.3763624051038086,2.80440809510716,47.0
2024-01-21 15:21:51+00:00,1705850510806978000,593.4089780273438,45.0,1.5,1.7346259355545044,18.981000900268555,2.344771385192871,6.964079856872559,81.7067668143849,2.3117857,48.844952,SensorLogger (Pixel 4 XL),3.518712462729912,1378.7549682374604,2.4073593610012822,2.9446082896856467,48.0
2024-01-21 15:21:52+00:00,1705850511979849200,594.5818491210938,45.0,1.5,1.835629105567932,18.923999786376957,2.397359132766724,6.071981430053711,83.4000015258789,2.311779,48.8449821,SensorLogger (Pixel 4 XL),2.1335560713281434,1382.14206403847,2.5880689993163717,3.3479443871921695,49.0
2024-01-21 15:21:53+00:00,1705850513152720100,595.7547202148437,45.0,1.5,1.6192479133605957,19.06999969482422,2.555980443954468,6.189960479736328,82.30000305175781,2.3117491,48.845056,SensorLogger (Pixel 4 XL),7.998807263109702,1391.2468561943367,2.6293126664550197,3.4215901643188107,50.0
2024-01-21 15:21:54+00:00,1705850514208303900,596.8103039550781,45.0,1.5,1.6318480968475342,19.10400009155273,2.562908887863159,6.174893856048584,82.30000305175781,2.3117487,48.8450772,SensorLogger (Pixel 4 XL),3.1571456263504705,1393.60444042519,2.5707584576369547,3.4089619894039265,51.0
2024-01-21 15:21:55+00:00,1705850514794739500,597.3967395019531,45.0,1.5,1.544986367225647,18.98500061035156,2.568682909011841,6.088866233825684,82.30000305175781,2.3117484,48.8450863,SensorLogger (Pixel 4 XL),1.7258723414362673,1394.6165523717402,2.4338170377917008,3.2461551203715184,52.0
2024-01-21 15:21:56+00:00,1705850515967610600,598.5696105957031,45.0,1.5,1.5548566579818726,18.992000579833984,2.5610291957855225,8.044422149658203,82.30000305175781,2.3117601,48.845108,SensorLogger (Pixel 4 XL),2.4637507737859496,1397.1792072066194,2.232340886959675,2.9778093152089946,53.0
2024-01-21 15:21:57+00:00,1705850517140481800,599.7424816894531,45.0,1.5,1.5710537433624268,18.96999931335449,2.5447096824646,10.828787803649902,82.30000305175781,2.3117735,48.8451455,SensorLogger (Pixel 4 XL),3.198487213742687,1401.4628081592955,1.9912734052714285,2.6210460929567434,54.0
2024-01-21 15:22:00+00:00,1705850519955372500,602.5573725585938,45.0,1.5,1.8405574560165403,18.108999252319336,2.550717353820801,16.274534225463867,81.76951972048404,2.3118315,48.8451985,SensorLogger (Pixel 4 XL),2.8962973510439975,1408.8841655634776,1.7392047954900327,2.181343103628484,57.0
2024-01-21 15:22:09+00:00,1705850529103768600,611.7057685546876,45.0,1.5,1.3847763538360596,17.285999298095703,0.4550660252571106,9.286234855651855,81.80000305175781,2.3118102,48.8452345,SensorLogger (Pixel 4 XL),0.22037394962708076,1419.024199051995,1.4932639577809583,2.0138452282006787,66.0
2024-01-21 15:22:10+00:00,1705850530276640000,612.8786398925781,45.0,1.5,1.5032600164413452,16.975000381469727,0.6903257369995117,7.347402095794678,81.80000305175781,2.3118111,48.845247,SensorLogger (Pixel 4 XL),2.087505573623786,1420.4383303812601,1.273131692193759,1.7113403308439157,67.0
2024-01-21 15:22:11+00:00,1705850530878032600,613.4800327148438,45.0,1.5,1.5032600164413452,17.047000885009766,0.79856276512146,5.269216060638428,81.80000305175781,2.3118102,48.8452555,SensorLogger (Pixel 4 XL),1.5754234782795742,1421.385779033133,1.1072762304301778,2.115699482384179,68.0
2024-01-21 15:22:12+00:00,1705850531977949000,614.5799489746094,45.0,1.5,1.3775854110717771,16.72599983215332,0.9017899632453918,2.95923399925232,81.9000015258789,2.3118077,48.8452727,SensorLogger (Pixel 4 XL),1.746753680970184,1423.3070613548912,0.9965433414705256,2.259417683410608,69.0
2024-01-21 15:22:13+00:00,1705850533091531500,615.6935314941406,45.0,1.5,1.1649610996246338,16.58099937438965,1.0964261293411257,359.18048095703125,81.9000015258789,2.3117992,48.8453052,SensorLogger (Pixel 4 XL),3.0761978389560913,1426.975594260887,0.9552392907272151,2.2400993568209433,70.0
2024-01-21 15:22:14+00:00,1705850534217838800,616.8198388671875,45.0,1.5,1.223764181137085,16.774999618530273,1.257163643836975,356.4706726074219,81.9000015258789,2.3117895,48.8453284,SensorLogger (Pixel 4 XL),2.568790505644727,1429.651224973057,0.9918297459636933,2.241850720735373,71.0
2024-01-21 15:22:15+00:00,1705850534733551900,617.3355517578125,45.0,1.5,1.223764181137085,17.08300018310547,1.324284911155701,355.2180480957031,81.9000015258789,2.3117838,48.8453431,SensorLogger (Pixel 4 XL),3.271092129300409,1431.3381697083348,1.1159331434452757,2.259974215972134,72.0
2024-01-21 15:22:16+00:00,1705850535906429400,618.5084294433593,45.0,1.5,1.227338433265686,16.968000411987305,1.3690178394317627,352.0898742675781,81.9000015258789,2.3117715,48.8453631,SensorLogger (Pixel 4 XL),2.3034528077268352,1433.7378215695114,1.3450580077473466,2.4323190611351957,73.0
2024-01-21 15:22:17+00:00,1705850536962014200,619.5640141601563,45.0,1.5,1.2176542282104492,17.150999069213867,1.3910870552062988,347.9576721191406,81.9000015258789,2.311758,48.8453782,SensorLogger (Pixel 4 XL),1.9147497382656053,1435.6872669195798,1.3997521990564687,2.286703190068218,74.0
2024-01-21 15:22:18+00:00,1705850538134886100,620.7368862304687,45.0,1.5,1.2336417436599731,17.368999481201172,1.4186400175094604,344.94122314453125,81.9000015258789,2.31174,48.8454014,SensorLogger (Pixel 4 XL),2.1439111653459326,1438.584947595298,1.4489806834928667,2.255958724275525,75.0
2024-01-21 15:22:19+00:00,1705850539190471200,621.7924711914062,45.0,1.5,1.3112157583236694,17.384000778198242,1.4614864587783811,344.4105224609375,81.9000015258789,2.3117277,48.8454144,SensorLogger (Pixel 4 XL),1.6880119382536178,1440.2925392189961,1.4870388341705263,2.120138183612404,76.0
2024-01-21 15:22:20+00:00,1705850539757251000,622.3592509765625,45.0,1.5,1.3112157583236694,17.41200065612793,1.4884648323059082,344.21197509765625,81.9000015258789,2.3117219,48.8454218,SensorLogger (Pixel 4 XL),1.6335332576021975,1441.21839319874,1.5177578630490622,2.0076894709032356,77.0
2024-01-21 15:22:21+00:00,1705850540949779500,623.5517795410157,45.0,1.5,1.4065793752670288,17.283000946044922,1.5391560792922974,344.7545471191406,81.9000015258789,2.3117082,48.8454428,SensorLogger (Pixel 4 XL),1.8089883607903454,1443.7596674854542,1.554857153374693,2.0535498373198044,78.0
2024-01-21 15:22:22+00:00,1705850542122652200,624.7246520996093,45.0,1.5,1.5049444437026978,17.2450008392334,1.6089794635772705,345.6700439453125,81.9000015258789,2.3116978,48.8454696,SensorLogger (Pixel 4 XL),3.006978301863372,1446.8594032232484,1.6007739224585018,2.022372008935717,79.0
2024-01-21 15:22:23+00:00,1705850542669357000,625.2713571777343,45.0,1.5,1.5049444437026978,17.270000457763672,1.645972490310669,346.5837707519531,81.9000015258789,2.3116966,48.8454799,SensorLogger (Pixel 4 XL),2.1010766638640863,1448.0080723407661,1.6454977305226823,2.1590464439733568,80.0
2024-01-21 15:22:24+00:00,1705850543776733200,626.3787331542969,45.0,1.5,1.4335975646972656,17.374000549316406,1.6767256259918213,347.88043212890625,81.9000015258789,2.3116935,48.8455014,SensorLogger (Pixel 4 XL),2.16857625661244,1450.4095016415085,1.688683775862966,2.1963549898605876,81.0
2024-01-21 15:22:25+00:00,1705850544918405000,627.5204050292969,45.0,1.5,1.332038640975952,17.298999786376953,1.7438780069351196,349.8216857910156,81.9000015258789,2.3116923,48.8455317,SensorLogger (Pixel 4 XL),2.2577952840532522,1453.7869897243884,1.729122641615208,2.376741256381549,82.0
2024-01-21 15:22:26+00:00,1705850546057217300,628.6592172851563,45.0,1.5,1.378040075302124,17.64699935913086,1.798396110534668,351.179931640625,81.9000015258789,2.3116887,48.8455618,SensorLogger (Pixel 4 XL),2.6552921096256874,1457.1443542798963,1.7622254121357592,2.4087833402350007,83.0
2024-01-21 15:22:27+00:00,1705850547158664000,629.7606638183594,45.0,1.5,1.2277597188949585,17.450000762939453,1.817123293876648,352.2981262207031,81.9000015258789,2.3116833,48.8455901,SensorLogger (Pixel 4 XL),2.325026979198668,1460.3202212664455,1.7942676403943325,2.5652266772096404,84.0
2024-01-21 15:22:28+00:00,1705850548221594000,630.8235939941407,45.0,1.5,1.3318474292755127,17.444000244140625,1.820708155632019,352.76348876953125,81.9000015258789,2.311675,48.8456175,SensorLogger (Pixel 4 XL),2.127876208423488,1463.4312553154768,1.8209913944227218,2.6536142667876774,85.0
2024-01-21 15:22:29+00:00,1705850548808031000,631.4100310058594,45.0,1.5,1.3323038816452026,17.503999710083008,1.8210127353668213,352.7247009277344,81.9000015258789,2.3116701,48.8456323,SensorLogger (Pixel 4 XL),2.8720803077292327,1465.1155494749007,1.8471531771966334,2.687891110125373,86.0
2024-01-21 15:22:30+00:00,1705850549980904700,632.5829047851563,45.0,1.5,1.405140042304993,17.51099967956543,1.8620598316192627,353.2894592285156,81.9000015258789,2.3116611,48.8456587,SensorLogger (Pixel 4 XL),2.708699452021625,1468.1246365678726,1.877523893252767,2.8602366827620216,87.0
2024-01-21 15:22:31+00:00,1705850551036491000,633.6384909667969,45.0,1.5,1.3582611083984375,17.545000076293945,1.899138569831848,353.1274108886719,81.9000015258789,2.311653,48.8456898,SensorLogger (Pixel 4 XL),3.645550369916927,1471.6341642391417,1.9093101990169092,2.879482877530722,88.0
2024-01-21 15:22:32+00:00,1705850551638096100,634.2400961914062,45.0,1.5,1.3582611083984375,17.62700080871582,1.9195958375930784,352.7689208984375,81.9000015258789,2.3116501,48.8457009,SensorLogger (Pixel 4 XL),2.081721183503815,1472.8865381117434,1.942397304897405,2.7755543031775014,89.0
2024-01-21 15:22:33+00:00,1705850553264951000,635.8669509277344,45.0,1.5,1.3410433530807495,17.954999923706055,1.98895263671875,353.4886169433594,81.9000015258789,2.311642,48.8457453,SensorLogger (Pixel 4 XL),3.9594924775492997,1477.8605662636235,1.9829696704899127,2.746733720517083,90.0
2024-01-21 15:22:34+00:00,1705850553817108500,636.4191083984375,45.0,1.5,1.3410433530807495,18.08699989318848,2.019469976425171,353.92559814453125,81.9000015258789,2.3116407,48.8457573,SensorLogger (Pixel 4 XL),2.4227272886137285,1479.1982920951225,2.0283866137940527,2.6726014284048607,91.0
2024-01-21 15:22:35+00:00,1705850554906974500,637.5089743652344,45.0,1.5,1.3536112308502195,18.268999099731445,2.078187942504883,354.9183959960937,81.9000015258789,2.3116398,48.8457897,SensorLogger (Pixel 4 XL),2.389620362138693,1482.803367636085,2.0722704582085005,2.620376717882052,92.0
2024-01-21 15:22:36+00:00,1705850556038241300,638.6402412109375,45.0,1.5,1.5470466613769531,18.474000930786133,2.122830629348755,355.9237365722656,81.9000015258789,2.3116384,48.8458192,SensorLogger (Pixel 4 XL),2.4288320391243916,1486.0856679427848,2.1121220945772654,2.5392489494762565,93.0
2024-01-21 15:22:37+00:00,1705850557135435300,639.7374353027344,45.0,1.5,1.5926156044006348,18.631999969482425,2.1542510986328125,356.9333801269531,81.9000015258789,2.3116383,48.8458469,SensorLogger (Pixel 4 XL),1.8781857860480924,1489.166862187953,2.143908814283529,2.5192567585709496,94.0
2024-01-21 15:22:38+00:00,1705850558191022000,640.7930219726562,45.0,1.5,1.5059524774551392,18.76000022888184,2.188289165496826,357.7637634277344,81.9000015258789,2.3116393,48.8458728,SensorLogger (Pixel 4 XL),2.092719642962409,1492.0488140551167,2.1713016867098345,2.4186296524156385,95.0
2024-01-21 15:22:39+00:00,1705850558777459200,641.3794592285157,45.0,1.5,1.5698566436767578,18.690000534057617,2.210484981536865,358.04052734375,81.9000015258789,2.3116397,48.8458893,SensorLogger (Pixel 4 XL),3.1289801956161245,1493.8837638140933,2.1936590045825506,2.627254053146311,96.0
2024-01-21 15:22:40+00:00,1705850559950334000,642.552333984375,45.0,1.5,1.548409342765808,18.768999099731445,2.1989479064941406,357.42657470703125,81.9000015258789,2.3116376,48.8459116,SensorLogger (Pixel 4 XL),2.3370175985620922,1496.3681752828822,2.2099823112401604,2.5083149174152304,97.0
2024-01-21 15:22:41+00:00,1705850561005921000,643.6079211425781,45.0,1.5,1.5018882751464844,18.93000030517578,2.19517183303833,357.85272216796875,81.9000015258789,2.3116353,48.8459364,SensorLogger (Pixel 4 XL),3.169827847826648,1499.13132619791,2.221084375295176,2.6908934501365267,98.0
2024-01-21 15:22:42+00:00,1705850562178796300,644.7807963867187,45.0,1.5,1.436051607131958,19.07699966430664,2.2094626426696777,358.5049133300781,81.9000015258789,2.3116351,48.8459582,SensorLogger (Pixel 4 XL),2.7398531914796767,1501.5589537806165,2.2214393082787125,2.6744539064731487,99.0
2024-01-21 15:22:43+00:00,1705850562765234000,645.3672338867187,45.0,1.5,1.503962516784668,19.25,2.2109034061431885,358.9336853027344,81.9000015258789,2.3116362,48.8459714,SensorLogger (Pixel 4 XL),2.5066222211951947,1503.0289323027698,2.2124871187080744,2.531288868494194,100.0
2024-01-21 15:22:44+00:00,1705850563938109400,646.540109375,45.0,1.5,1.5691430568695068,19.448999404907227,2.2178471088409424,0.0074917408637702,81.9000015258789,2.3116391,48.8459927,SensorLogger (Pixel 4 XL),2.381961921634445,1505.407052958784,2.201029445035437,2.279338550793007,101.0
2024-01-21 15:22:45+00:00,1705850564993697500,647.5956975097656,45.0,1.5,1.5633857250213623,19.79700088500977,2.2087953090667725,1.5182479619979858,81.9000015258789,2.3116455,48.8460163,SensorLogger (Pixel 4 XL),3.144005022254123,1508.0742089545756,2.1781530697421365,1.988818286562701,102.0
2024-01-21 15:22:46+00:00,1705850566166573600,648.7685734863281,45.0,1.5,1.5619208812713623,19.94599914550781,2.187361717224121,3.0866692066192627,81.9000015258789,2.311653,48.8460334,SensorLogger (Pixel 4 XL),1.0606324506566154,1510.0754094120393,2.1416933788972856,2.0757695206648608,103.0
2024-01-21 15:22:47+00:00,1705850567222162200,649.824162109375,45.0,1.5,1.550034999847412,20.141000747680664,2.125560998916626,5.581295490264893,81.9000015258789,2.311664,48.8460495,SensorLogger (Pixel 4 XL),2.3226011880975457,1512.038361872224,2.112115746062277,2.1791853238956844,104.0
2024-01-21 15:22:48+00:00,1705850567819457000,650.42145703125,45.0,1.5,1.550034999847412,20.225000381469727,2.082005262374878,7.205246448516846,81.9000015258789,2.3116709,48.8460533,SensorLogger (Pixel 4 XL),1.1022854173487655,1512.6967514405792,2.0922217951640936,2.117600141229371,105.0
2024-01-21 15:22:49+00:00,1705850568957252400,651.5592524414062,45.0,1.5,1.550321102142334,20.489999771118164,2.053426742553711,10.345330238342283,81.9000015258789,2.3116881,48.8460679,SensorLogger (Pixel 4 XL),1.273625428626862,1514.7931259647012,2.083367893167222,2.3218700925126154,106.0
2024-01-21 15:22:50+00:00,1705850570154354700,652.7563547363281,45.0,1.5,1.613590955734253,20.0049991607666,2.0572755336761475,11.71705436706543,81.9000015258789,2.3117067,48.8460884,SensorLogger (Pixel 4 XL),2.2047159686955498,1517.4584476423347,2.0849370132204745,2.3710536237978825,107.0
2024-01-21 15:22:51+00:00,1705850570669357000,653.2713571777343,45.0,1.5,1.2429120540618896,19.472000122070312,2.0,23.1019344329834,81.20000457763672,2.311734,48.8460907,SensorLogger (Pixel 4 XL),3.910660664633522,1519.4724457059424,2.096880937593566,2.5324972892964897,108.0
2024-01-21 15:22:52+00:00,1705850571796383500,654.3983835449219,45.0,1.5,1.2674304246902466,18.35300064086914,2.0466597080230717,23.94495010375977,81.20000457763672,2.3117746,48.8461332,SensorLogger (Pixel 4 XL),4.952916068729277,1525.0545108912181,2.120360195151293,2.6586919957598534,109.0
2024-01-21 15:22:53+00:00,1705850572969261600,655.5712614746094,45.0,1.5,1.191866397857666,16.367000579833984,2.2179901599884038,24.02472305297852,81.20000457763672,2.3117885,48.8461521,SensorLogger (Pixel 4 XL),1.6806861363655912,1527.3893242492304,2.153417642084194,2.998456302317763,110.0
2024-01-21 15:22:54+00:00,1705850574137204200,656.7392043457031,45.0,1.5,1.202868938446045,15.975000381469728,2.269827365875244,16.191335678100586,81.20000457763672,2.311771,48.8461777,SensorLogger (Pixel 4 XL),2.247301981253074,1530.5178132013486,2.193751517895671,3.0649999914030026,111.0
2024-01-21 15:22:55+00:00,1705850575197731300,657.7997314453125,45.0,1.5,1.249674916267395,16.632999420166016,2.279384136199951,12.315189361572266,81.20000457763672,2.3117567,48.8462109,SensorLogger (Pixel 4 XL),3.4528128050821687,1534.3649306848242,2.2405241234809683,3.1648371816970444,112.0
2024-01-21 15:22:56+00:00,1705850575784171300,658.3861711425782,45.0,1.5,1.201324701309204,16.981000900268555,2.272732734680176,11.331182479858398,81.20000457763672,2.3117484,48.8462199,SensorLogger (Pixel 4 XL),1.9961748853096795,1535.5355674845653,2.2798771515151612,2.979048605302919,113.0
2024-01-21 15:22:57+00:00,1705850576839763000,659.4417629394532,45.0,1.5,1.1828203201293943,17.94099998474121,2.290291309356689,10.115055084228516,81.20000457763672,2.3117367,48.8462465,SensorLogger (Pixel 4 XL),3.5765085154158514,1538.6403434018991,2.3054751312031585,2.7876368610553537,114.0
2024-01-21 15:22:58+00:00,1705850577970244900,660.5722448730469,45.0,1.5,1.2253371477127075,18.71999931335449,2.3035888671875,8.507719993591309,81.20000457763672,2.3117267,48.8462723,SensorLogger (Pixel 4 XL),2.754203829581441,1541.6012879718935,2.3164671708016495,2.512199025071397,115.0
2024-01-21 15:22:59+00:00,1705850579068234500,661.670234375,45.0,1.5,1.239407300949097,19.29800033569336,2.313528537750244,7.925646305084228,81.20000457763672,2.3117221,48.8463037,SensorLogger (Pixel 4 XL),3.187897481793638,1545.115475492935,2.306482799452367,2.366335829783166,116.0
2024-01-21 15:23:00+00:00,1705850580241114600,662.8431145019531,45.0,1.5,1.265647053718567,19.202999114990234,2.323785781860352,8.112984657287598,81.20000457763672,2.3117207,48.8463286,SensorLogger (Pixel 4 XL),2.0297867524219444,1547.8861644403019,2.289802962946149,2.506401453998968,117.0
2024-01-21 15:23:01+00:00,1705850580817798700,663.4197985839844,45.0,1.5,1.265647053718567,19.20199966430664,2.3287806510925293,8.327984809875488,81.20000457763672,2.3117212,48.8463387,SensorLogger (Pixel 4 XL),1.9484927295177157,1549.009829021531,2.2795592264891873,2.4568477554836328,118.0
2024-01-21 15:23:02+00:00,1705850581970243000,664.5722431640625,45.0,1.5,1.2867469787597656,19.530000686645508,2.2325241565704346,5.493309020996094,81.20000457763672,2.3117133,48.8463611,SensorLogger (Pixel 4 XL),1.891692575377778,1551.602854908028,2.270021125741686,2.331893135934614,119.0
2024-01-21 15:23:03+00:00,1705850583173314800,665.7753146972656,45.0,1.5,1.296976923942566,19.76000022888184,2.202690601348877,3.079763412475586,81.20000457763672,2.3117045,48.8463888,SensorLogger (Pixel 4 XL),2.6978794872365,1554.7576712961277,2.258698921505694,2.3602905278668427,120.0
2024-01-21 15:23:04+00:00,1705850583757313000,666.3593129882812,45.0,1.5,1.296976923942566,19.871999740600582,2.205948829650879,2.500264406204224,81.20000457763672,2.3117014,48.8463973,SensorLogger (Pixel 4 XL),1.6643850891222536,1555.729668859405,2.243927806966457,2.233536482369115,121.0
2024-01-21 15:23:05+00:00,1705850584932635400,667.5346354980469,45.0,1.5,1.3012501001358032,19.934999465942383,2.2409682273864746,2.3930320739746094,81.20000457763672,2.3117,48.846426,SensorLogger (Pixel 4 XL),2.3527866676484743,1558.9226380358868,2.229807389160099,2.1664477192627114,122.0
2024-01-21 15:23:06+00:00,1705850585519075300,668.1210754394531,45.0,1.5,1.3012501001358032,19.90800094604492,2.260161161422729,2.557298421859741,81.20000457763672,2.3117008,48.8464422,SensorLogger (Pixel 4 XL),3.0733046361182956,1560.724946806692,2.2162943143111127,2.213889399970828,123.0
2024-01-21 15:23:07+00:00,1705850587278396200,669.8803962402344,45.0,1.5,1.38796067237854,19.608999252319336,2.210941791534424,3.0391862392425537,81.20000457763672,2.3117064,48.8464798,SensorLogger (Pixel 4 XL),2.717443513315028,1564.9260110025684,2.2017559882202957,2.2207066981159858,124.0
2024-01-21 15:23:08+00:00,1705850587838550000,670.4405500488281,45.0,1.5,1.38796067237854,19.461000442504883,2.1967153549194336,3.159297466278076,81.20000457763672,2.311708,48.8464877,SensorLogger (Pixel 4 XL),1.582079023109778,1565.8122188956795,2.189086945132444,2.071449297438659,125.0
2024-01-21 15:23:09+00:00,1705850588957634000,671.5596340332031,45.0,1.5,1.2866979837417605,19.23900032043457,2.183068990707397,2.532115936279297,81.20000457763672,2.3117076,48.8465135,SensorLogger (Pixel 4 XL),2.133234526284415,1568.6828747131328,2.1818231388454636,2.0368819494606356,126.0
2024-01-21 15:23:10+00:00,1705850590056553700,672.6585537109376,45.0,1.5,1.3325445652008057,18.91399955749512,2.1696040630340576,3.401925563812256,81.20000457763672,2.3117119,48.8465375,SensorLogger (Pixel 4 XL),1.7863447346310122,1571.3723671471525,2.1696658058943368,2.149563214650213,127.0
2024-01-21 15:23:11+00:00,1705850591148902000,673.7509018554688,45.0,1.5,1.4153250455856323,18.851999282836918,2.158247470855713,4.314853668212891,81.20000457763672,2.3117171,48.8465612,SensorLogger (Pixel 4 XL),1.6272602172535995,1574.0350338817498,2.157640885659484,2.2996127487322164,128.0
2024-01-21 15:23:12+00:00,1705850592204494300,674.8064943847656,45.0,1.5,1.3959925174713137,18.795000076293945,2.133664131164551,5.522342205047607,81.20000457763672,2.3117237,48.8465896,SensorLogger (Pixel 4 XL),2.875792823251026,1577.2314792507577,2.145665954788358,2.3425533745182934,129.0
2024-01-21 15:23:13+00:00,1705850592790934800,675.3929348144532,45.0,1.5,1.3999961614608765,18.902999877929688,2.1146626472473145,6.468479156494141,81.20000457763672,2.311727,48.8465969,SensorLogger (Pixel 4 XL),1.4441005435802388,1578.0783590176354,2.139685075423308,2.458074197147156,130.0
2024-01-21 15:23:14+00:00,1705850593963815200,676.5658151855469,45.0,1.5,1.380359768867493,18.968000411987305,2.130939722061157,7.969987869262695,81.20000457763672,2.31174,48.8466211,SensorLogger (Pixel 4 XL),2.6747812038500376,1580.9333074896424,2.1434568942402397,2.6496267017021315,131.0
2024-01-21 15:23:15+00:00,1705850595019407600,677.6214077148437,45.0,1.5,1.4393229484558103,19.211000442504883,2.1554510593414307,7.872345924377441,81.20000457763672,2.3117487,48.846654,SensorLogger (Pixel 4 XL),4.0847665474534995,1584.64810201543,2.1489820896770193,2.8631326366190013,132.0
2024-01-21 15:23:16+00:00,1705850596192294100,678.7942941894531,45.0,1.5,1.4503109455108645,19.201000213623047,2.174560070037842,7.535675048828125,81.20000457763672,2.3117532,48.846684,SensorLogger (Pixel 4 XL),3.74986347791613,1588.0018240560244,2.1589896924894973,2.8561485720707136,133.0
2024-01-21 15:23:17+00:00,1705850596737655000,679.3396550292969,45.0,1.5,1.4503109455108645,19.04400062561035,2.183908462524414,7.363757610321045,81.20000457763672,2.3117544,48.8466956,SensorLogger (Pixel 4 XL),2.3706253210244532,1589.2946706517237,2.1717623481923214,2.9304106281166886,134.0
2024-01-21 15:23:18+00:00,1705850597817068300,680.419068359375,45.0,1.5,1.4837473630905151,18.823999404907227,2.1750144958496094,6.318976879119873,81.20000457763672,2.3117515,48.8467227,SensorLogger (Pixel 4 XL),2.798599994107456,1592.3155158671632,2.1851564487181214,2.7268083602909705,135.0
2024-01-21 15:23:19+00:00,1705850598969712400,681.5717124023438,45.0,1.5,1.6604130268096924,18.700000762939453,2.1985092163085938,5.560891628265381,81.20000457763672,2.3117456,48.8467556,SensorLogger (Pixel 4 XL),2.8385099770517854,1595.999342083734,2.1989179250881263,2.85366933671434,136.0
2024-01-21 15:23:20+00:00,1705850600039366400,682.6413664550781,45.0,1.5,1.6582037210464478,18.51000022888184,2.2267749309539795,4.742445468902588,81.20000457763672,2.3117416,48.8467874,SensorLogger (Pixel 4 XL),2.6044910270560777,1599.5487489847849,2.2135220512545604,3.2422388325817444,137.0
2024-01-21 15:23:21+00:00,1705850601157500000,683.7595,45.0,1.5,1.640488624572754,18.256999969482425,2.23341965675354,3.4353933334350586,81.20000457763672,2.311738,48.8468199,SensorLogger (Pixel 4 XL),2.7892101564194296,1603.1724379458465,2.226716143621051,3.2496374080246255,138.0
2024-01-21 15:23:22+00:00,1705850602173985300,684.7759853515626,45.0,1.5,1.642100214958191,18.434999465942383,2.247467041015625,2.246087551116944,81.20000457763672,2.3117357,48.8468527,SensorLogger (Pixel 4 XL),2.5355215184514424,1606.823649589917,2.2438962858726654,3.347939934625238,139.0
2024-01-21 15:23:23+00:00,1705850602760425500,685.3624255371094,45.0,1.5,1.6521799564361572,18.54199981689453,2.252991199493408,1.5528792142868042,81.20000457763672,2.3117345,48.8468718,SensorLogger (Pixel 4 XL),3.6246400937806142,1608.9492871511538,2.267385756591878,3.5923508454354405,140.0
2024-01-21 15:23:24+00:00,1705850603933306000,686.5353061523438,45.0,1.5,1.6380642652511597,18.03899955749512,2.268399953842163,359.9344787597656,81.20000457763672,2.3117322,48.8469061,SensorLogger (Pixel 4 XL),3.441003438328399,1612.7687207755105,2.295375703794397,3.7399200606004097,141.0
2024-01-21 15:23:25+00:00,1705850605106187000,687.7081870117188,45.0,1.5,1.5510878562927246,16.56800079345703,2.3052871227264404,358.4685974121094,81.20000457763672,2.3117258,48.8469576,SensorLogger (Pixel 4 XL),6.768935186529144,1618.517914950986,2.3238356980802912,3.6038106277947155,142.0
2024-01-21 15:23:26+00:00,1705850606279067600,688.8810676269532,45.0,1.5,1.507430076599121,14.057000160217283,2.3550353050231934,359.09625244140625,81.20000457763672,2.3117288,48.8470014,SensorLogger (Pixel 4 XL),4.074873170791883,1623.4197739374886,2.349873364133545,3.604093940530141,143.0
2024-01-21 15:23:27+00:00,1705850606865508000,689.4675080566407,45.0,1.5,1.4974910020828247,12.737000465393066,2.383791446685791,359.6054992675781,81.20000457763672,2.311733,48.8470119,SensorLogger (Pixel 4 XL),2.0587248892462977,1624.6270925615381,2.3752983870010156,3.5228841535240774,144.0
2024-01-21 15:23:28+00:00,1705850607968947000,690.5709470214844,45.0,1.5,1.5446420907974243,10.939000129699709,2.427354335784912,0.4982996881008148,81.20000457763672,2.3117425,48.8470463,SensorLogger (Pixel 4 XL),3.2593314438731706,1628.514871585908,2.4007277067969954,3.3244125762359924,145.0
2024-01-21 15:23:29+00:00,1705850609057290500,691.6592905273437,45.0,1.5,1.5108039379119873,7.901000022888184,2.4472010135650635,1.4688820838928225,81.20000457763672,2.311749,48.8470783,SensorLogger (Pixel 4 XL),2.5396378489013016,1632.1064414292825,2.4230173699996183,3.081066265108724,146.0
2024-01-21 15:23:30+00:00,1705850610149575700,692.7515756835937,45.0,1.5,1.5227662324905396,6.831999778747559,2.444474458694458,2.9249274730682373,81.20000457763672,2.3117569,48.8471071,SensorLogger (Pixel 4 XL),1.8982542728342826,1635.3776728899938,2.4421227919030644,2.5974128224076773,147.0
2024-01-21 15:23:31+00:00,1705850611205169200,693.8071691894531,45.0,1.5,1.551099419593811,6.829999923706055,2.440669059753418,4.87779712677002,81.20000457763672,2.3117711,48.847134,SensorLogger (Pixel 4 XL),2.2953600088244093,1638.5481079046303,2.4554729705482714,2.3454144065187688,148.0
2024-01-21 15:23:32+00:00,1705850612260762400,694.8627624511719,45.0,1.5,1.5882996320724487,6.960000038146973,2.455414056777954,5.812319755554199,81.20000457763672,2.3117833,48.8471612,SensorLogger (Pixel 4 XL),3.5371041887794705,1641.7093178287307,2.4632863392118005,2.063723051627546,149.0
2024-01-21 15:23:33+00:00,1705850612838150100,695.4401501464844,45.0,1.5,1.5882996320724487,7.072000026702881,2.463709592819214,6.033263206481934,81.20000457763672,2.3117875,48.8471717,SensorLogger (Pixel 4 XL),2.0910001149885056,1642.9166362031237,2.4680133879993966,2.2852455448800124,150.0
2024-01-21 15:23:34+00:00,1705850613998345200,696.6003452148437,45.0,1.5,1.6004265546798706,7.260000228881836,2.4723119735717773,6.022953033447266,81.20000457763672,2.3117935,48.8472,SensorLogger (Pixel 4 XL),2.082155723045719,1646.0943098854027,2.4726368737976068,2.440204998544276,151.0
2024-01-21 15:23:35+00:00,1705850615117154600,697.7191545410157,45.0,1.5,1.6289499998092651,7.540999889373779,2.477292537689209,5.786252498626709,81.20000457763672,2.3117983,48.8472264,SensorLogger (Pixel 4 XL),2.1695515640854803,1649.0508318320485,2.476316901893111,2.619154164362274,152.0
2024-01-21 15:23:36+00:00,1705850616217538600,698.8195385742188,45.0,1.5,1.7980815172195437,7.604000091552734,2.484251976013184,5.760117530822754,81.20000457763672,2.3118036,48.8472524,SensorLogger (Pixel 4 XL),1.9676126644920309,1651.9737428983506,2.481172453548048,2.834194152373954,153.0
2024-01-21 15:23:37+00:00,1705850616717713000,699.319712890625,45.0,1.5,1.7980815172195437,7.657000064849853,2.4872865676879883,5.887324333190918,81.20000457763672,2.3118078,48.8472691,SensorLogger (Pixel 4 XL),3.763121242424852,1653.8559583026592,2.488124498091146,2.9714590746224374,154.0
2024-01-21 15:23:38+00:00,1705850617890594600,700.4925944824219,45.0,1.5,1.816009879112244,7.658999919891357,2.495703935623169,5.943011283874512,81.20000457763672,2.3118155,48.8472939,SensorLogger (Pixel 4 XL),2.83160183158407,1656.6717654459262,2.4953805388368764,2.9899487082326424,155.0
2024-01-21 15:23:39+00:00,1705850619063476500,701.6654765625,45.0,1.5,1.744861364364624,7.690000057220459,2.50270414352417,5.862039089202881,81.20000457763672,2.3118209,48.8473236,SensorLogger (Pixel 4 XL),3.3591628293844367,1660.0005774237322,2.5022727016949675,2.8542399519607247,156.0
2024-01-21 15:23:40+00:00,1705850620119070200,702.7210703125,45.0,1.5,1.8624972105026243,7.741000175476074,2.508627891540528,6.040939807891846,81.20000457763672,2.3118277,48.8473493,SensorLogger (Pixel 4 XL),3.5664763621607456,1662.9014651466223,2.5098942046791315,2.924880403835458,157.0
2024-01-21 15:23:41+00:00,1705850621174664000,703.7766638183593,45.0,1.5,1.874562740325928,7.788000106811523,2.51261830329895,6.42190408706665,81.20000457763672,2.3118355,48.8473757,SensorLogger (Pixel 4 XL),3.8431027074779016,1665.8928614076676,2.5189559839430036,2.896618772296228,158.0
2024-01-21 15:23:42+00:00,1705850621761105000,704.3631049804687,45.0,1.5,1.874562740325928,7.743000030517578,2.518799304962158,6.691487312316895,81.20000457763672,2.311839,48.8473853,SensorLogger (Pixel 4 XL),1.8719090528991413,1666.9906256245588,2.528490710582142,2.8059319890025063,159.0
2024-01-21 15:23:43+00:00,1705850622933987000,705.5359870605469,45.0,1.5,1.8856914043426516,7.74399995803833,2.540290117263794,6.66903018951416,81.20000457763672,2.3118473,48.8474152,SensorLogger (Pixel 4 XL),2.2290394559407427,1670.3707025814656,2.5370481070350337,2.8007164775484106,160.0
2024-01-21 15:23:44+00:00,1705850624116546300,706.7185463867188,45.0,1.5,1.6770575046539309,7.847000122070312,2.550286293029785,6.759199619293213,81.20000457763672,2.3118548,48.8474437,SensorLogger (Pixel 4 XL),2.0624400513952255,1673.5888923250773,2.544809019295892,2.660917256655559,161.0
2024-01-21 15:23:45+00:00,1705850625298224400,707.9002243652344,45.0,1.5,1.6891562938690186,7.938000202178955,2.5568768978118896,6.974332809448242,81.20000457763672,2.3118625,48.8474728,SensorLogger (Pixel 4 XL),1.8392596491658895,1676.8739109769385,2.551797810938577,2.6633039822188564,162.0
2024-01-21 15:23:46+00:00,1705850625866192000,708.4681918945313,45.0,1.5,1.6891562938690186,7.960000038146973,2.560117721557617,7.01247501373291,81.20000457763672,2.3118666,48.8474896,SensorLogger (Pixel 4 XL),3.3311951377525624,1678.7659232169376,2.558307024580335,2.5613087370412075,163.0
2024-01-21 15:23:47+00:00,1705850626921785900,709.5237858886719,45.0,1.5,1.6816699504852295,8.01200008392334,2.56840181350708,7.059592723846436,81.20000457763672,2.3118726,48.8475144,SensorLogger (Pixel 4 XL),3.0557501988882305,1681.5583136930334,2.5634109520804422,2.5018506321218434,164.0
2024-01-21 15:23:49+00:00,1705850629150262000,711.7522619628907,45.0,1.5,1.7316964864730835,8.168000221252441,2.561621189117432,7.090014457702637,81.20000457763672,2.3118797,48.8475674,SensorLogger (Pixel 4 XL),2.823226764280957,1687.4925325857116,2.565361912541813,2.373765835080814,166.0
2024-01-21 15:23:50+00:00,1705850630205855700,712.8078557128906,45.0,1.5,1.7987089157104492,8.020000457763672,2.5580501556396484,7.385704040527344,81.20000457763672,2.3118846,48.847591,SensorLogger (Pixel 4 XL),3.185246819625793,1690.1452419820866,2.564158311041246,2.4327892549620977,167.0
2024-01-21 15:23:51+00:00,1705850630792297000,713.394296875,45.0,1.5,1.7987089157104492,7.995999813079834,2.5617661476135254,7.51710319519043,81.20000457763672,2.3118867,48.8476006,SensorLogger (Pixel 4 XL),1.8390165078447633,1691.2237166619636,2.5603541059192088,2.294625972435689,168.0
2024-01-21 15:23:52+00:00,1705850631938265900,714.5402658691406,45.0,1.5,1.755181908607483,8.017999649047852,2.564333915710449,7.747206687927246,81.20000457763672,2.3118926,48.8476261,SensorLogger (Pixel 4 XL),1.87464907109632,1694.0921079440998,2.556004433610334,2.1946418749604586,169.0
2024-01-21 15:23:53+00:00,1705850633057634600,715.6596345214843,45.0,1.5,1.9414174556732176,7.920000076293945,2.5577516555786133,7.403506278991699,81.20000457763672,2.3118958,48.8476492,SensorLogger (Pixel 4 XL),1.7594566985269364,1696.6730464806806,2.551141873527989,2.186500745322412,170.0
2024-01-21 15:23:54+00:00,1705850634156892000,716.7588918457031,45.0,1.5,1.976047396659851,7.848999977111816,2.545138359069824,7.159084796905518,81.20000457763672,2.3118981,48.847673,SensorLogger (Pixel 4 XL),1.6607082626455612,1699.3249967088427,2.5468652779160714,2.123272273366094,171.0
2024-01-21 15:23:55+00:00,1705850635249249000,717.8512490234375,45.0,1.5,2.016484498977661,7.769000053405762,2.532487154006958,6.939604759216309,81.20000457763672,2.3118995,48.8476969,SensorLogger (Pixel 4 XL),1.5021204941124977,1701.992963083125,2.5426990994501035,2.211309908215315,172.0
2024-01-21 15:23:56+00:00,1705850635835690000,718.4376899414062,45.0,1.5,2.0190463066101074,7.755000114440918,2.533231258392334,6.704586982727051,81.20000457763672,2.3119001,48.8477121,SensorLogger (Pixel 4 XL),2.8830402663349712,1703.6836960999547,2.539805879204535,2.1644397169790746,173.0
2024-01-21 15:23:57+00:00,1705850636970306000,719.5723061523438,45.0,1.5,2.104557514190674,7.659999847412109,2.5334627628326416,6.361717700958252,81.20000457763672,2.311902,48.8477344,SensorLogger (Pixel 4 XL),2.3917759957154012,1706.1673325835914,2.5358789092275487,2.219700608865027,174.0
2024-01-21 15:23:58+00:00,1705850638064166000,720.6661657714844,45.0,1.5,2.1176044940948486,7.559999942779541,2.5315306186676025,6.036607265472412,81.20000457763672,2.3119049,48.8477621,SensorLogger (Pixel 4 XL),2.9151892711922813,1709.2564349967413,2.531503622564269,2.250021987127647,175.0
2024-01-21 15:23:59+00:00,1705850639237048000,721.8390480957031,45.0,1.5,2.083071231842041,7.535999774932861,2.532968044281006,6.130466461181641,81.20000457763672,2.3119097,48.8477873,SensorLogger (Pixel 4 XL),3.1454992717754755,1712.082011118265,2.52769811013167,2.2810197120694022,176.0
2024-01-21 15:24:00+00:00,1705850639777066800,722.3790666503907,45.0,1.5,2.083071231842041,7.561999797821045,2.534381866455078,6.276926517486572,81.20000457763672,2.3119126,48.847797,SensorLogger (Pixel 4 XL),2.0356078822836174,1713.181278051248,2.525461043060109,2.2752829058158204,177.0
2024-01-21 15:24:01+00:00,1705850640879083000,723.4810830078125,45.0,1.5,2.094003200531006,7.7129998207092285,2.5265586376190186,6.846194744110107,81.20000457763672,2.3119172,48.8478208,SensorLogger (Pixel 4 XL),1.6722884442592885,1715.8501790027274,2.5243837662951574,2.3642838607370327,178.0
2024-01-21 15:24:02+00:00,1705850641971092000,724.5730920410156,45.0,1.5,1.888218641281128,7.734000205993652,2.521603345870972,7.288330554962158,81.20000457763672,2.3119259,48.8478428,SensorLogger (Pixel 4 XL),1.2073586734539379,1718.3801320250113,2.5230848718013292,2.3426385556897484,179.0
2024-01-21 15:24:03+00:00,1705850643107559000,725.7095588378907,45.0,1.5,1.9032074213027956,7.818999767303467,2.5133605003356934,7.310014724731445,81.20000457763672,2.3119317,48.8478736,SensorLogger (Pixel 4 XL),2.589567158047767,1721.8324865107954,2.521337937014149,2.2652392826819407,180.0
2024-01-21 15:24:04+00:00,1705850644298480600,726.9004807128906,45.0,1.5,1.899674892425537,7.901999950408935,2.515342235565185,7.637497425079346,81.20000457763672,2.3119366,48.8478917,SensorLogger (Pixel 4 XL),1.821879383859418,1723.8829428672468,2.521216050747846,2.306522341465908,181.0
2024-01-21 15:24:05+00:00,1705850644866882000,727.4688820800782,45.0,1.5,1.8673309087753296,7.948999881744385,2.5166449546813965,7.887539386749268,81.20000457763672,2.311942,48.8479076,SensorLogger (Pixel 4 XL),3.187214641863647,1725.6945588568967,2.521679278844096,2.2714392682229465,182.0
2024-01-21 15:24:06+00:00,1705850645969723000,728.5717229003906,45.0,1.5,1.9023163318634035,7.954999923706055,2.5209457874298096,7.759390830993652,81.20000457763672,2.3119429,48.8479309,SensorLogger (Pixel 4 XL),2.499526034153999,1728.2927837400698,2.5220018624180716,2.2762622215834707,183.0
2024-01-21 15:24:07+00:00,1705850647095357700,729.6973576660156,45.0,1.5,1.8936811685562132,8.04800033569336,2.5217883586883545,7.783241271972656,81.20000457763672,2.3119462,48.8479598,SensorLogger (Pixel 4 XL),3.012030063705682,1731.5169909622603,2.5207705152520363,2.2418449695772313,184.0
2024-01-21 15:24:08+00:00,1705850648268240000,730.8702399902344,45.0,1.5,1.9070874452590945,8.234999656677246,2.5192058086395264,7.881268501281738,81.20000457763672,2.3119483,48.847984,SensorLogger (Pixel 4 XL),1.7473973789567419,1734.2218672151444,2.51853163468893,2.1593327652366656,185.0
2024-01-21 15:24:09+00:00,1705850648798447600,731.4004475097656,45.0,1.5,1.9070874452590945,8.343999862670898,2.520492553710937,7.928279399871826,81.20000457763672,2.311949,48.847994,SensorLogger (Pixel 4 XL),2.0994182784825153,1735.334995581742,2.514446104058327,2.0609381328056293,186.0
2024-01-21 15:24:10+00:00,1705850649897949400,732.4999494628906,45.0,1.5,1.918989300727844,8.567999839782715,2.517181396484375,9.472064971923828,81.20000457763672,2.3119598,48.8480172,SensorLogger (Pixel 4 XL),1.7437075632703762,1738.041067299928,2.5073046701526343,1.8380536554784501,187.0
2024-01-21 15:24:11+00:00,1705850651036754700,733.6387546386719,45.0,1.5,1.9111257791519165,9.114999771118164,2.4973907470703125,10.65358066558838,81.20000457763672,2.3119727,48.8480396,SensorLogger (Pixel 4 XL),1.4111287139151412,1740.705654398914,2.4940271343041465,1.8737500409222934,188.0
2024-01-21 15:24:12+00:00,1705850652138749700,734.7407497558594,45.0,1.5,1.9808642864227293,9.312000274658203,2.4776079654693604,10.407785415649414,81.20000457763672,2.3119795,48.8480612,SensorLogger (Pixel 4 XL),1.3661021556378004,1743.1750773887143,2.4743887064144214,1.7775519143859577,189.0
2024-01-21 15:24:13+00:00,1705850653194343200,735.7963432617188,45.0,1.5,2.009082794189453,9.383999824523926,2.4522242546081543,10.064735412597656,81.20000457763672,2.3119824,48.8480824,SensorLogger (Pixel 4 XL),1.2800481037663287,1745.5423718170266,2.455064614757706,1.8815381630949637,190.0
2024-01-21 15:24:14+00:00,1705850653780783900,736.3827839355469,45.0,1.5,2.048279047012329,9.475000381469728,2.4373738765716557,10.38075828552246,81.20000457763672,2.3119858,48.8480947,SensorLogger (Pixel 4 XL),2.3704701892417086,1746.9325127252757,2.436065607373005,1.8045330707506881,191.0
2024-01-21 15:24:15+00:00,1705850654953665500,737.5556655273438,45.0,1.5,2.0724472999572754,9.664999961853027,2.414095163345337,10.639949798583984,81.20000457763672,2.3119925,48.8481146,SensorLogger (Pixel 4 XL),2.326775351606897,1749.1990434518643,2.4135053893559784,1.9045275569999556,192.0
2024-01-21 15:24:16+00:00,1705850656126554600,738.7285546875,45.0,1.5,2.166134119033813,9.536999702453612,2.3789825439453125,10.953811645507812,81.20000457763672,2.3119964,48.848136,SensorLogger (Pixel 4 XL),2.144619328809781,1751.5970446475276,2.3885755049157593,1.807210098373922,193.0
2024-01-21 15:24:17+00:00,1705850657182148000,739.7841481933593,45.0,1.5,1.2913516759872437,9.60200023651123,2.34426212310791,11.976102828979492,81.20000457763672,2.3120043,48.8481554,SensorLogger (Pixel 4 XL),2.716704924572355,1753.8307494922315,2.362901451792665,1.856861094264043,194.0
2024-01-21 15:24:18+00:00,1705850657778380800,740.380380859375,45.0,1.5,1.2913516759872437,9.63599967956543,2.331315517425537,12.31138801574707,81.20000457763672,2.3120083,48.8481624,SensorLogger (Pixel 4 XL),1.3947167442383548,1754.6623256407988,2.3377583272856413,1.9016740169936837,195.0
2024-01-21 15:24:19+00:00,1705850658898325000,741.5003249511718,45.0,1.5,1.2962263822555542,9.508999824523926,2.344573974609375,11.28855323791504,81.20000457763672,2.3120097,48.8481832,SensorLogger (Pixel 4 XL),1.5984489288272152,1756.9836796642958,2.311253974448514,1.8555968261913005,196.0
2024-01-21 15:24:20+00:00,1705850659968909000,742.5709089355469,45.0,1.5,1.207867980003357,9.310999870300291,2.298482179641724,10.360514640808104,81.20000457763672,2.3120095,48.8482,SensorLogger (Pixel 4 XL),0.768116868180516,1758.8592281580923,2.2828704411088196,1.8800612205417955,197.0
2024-01-21 15:24:21+00:00,1705850661169944300,743.7719443359375,45.0,1.5,1.12963604927063,8.977999687194824,2.2430222034454346,9.16952896118164,81.20000457763672,2.3120068,48.848225,SensorLogger (Pixel 4 XL),2.1352557382312547,1761.683641133304,2.2574822378374453,1.840005520056597,198.0
2024-01-21 15:24:22+00:00,1705850661756385000,744.3583850097656,45.0,1.5,1.12963604927063,8.864999771118164,2.2222743034362797,8.494508743286133,81.20000457763672,2.3120029,48.8482324,SensorLogger (Pixel 4 XL),1.485099479128822,1762.5545643569437,2.234126594163725,1.8247701956556752,199.0
2024-01-21 15:24:23+00:00,1705850662811978000,745.4139780273438,45.0,1.5,1.122788906097412,8.427000045776367,2.197187185287476,7.148287296295166,81.20000457763672,2.311997,48.8482517,SensorLogger (Pixel 4 XL),2.715170204315349,1764.7553501362959,2.2090241106387296,1.8437585418611033,200.0
2024-01-21 15:24:24+00:00,1705850663984859000,746.5868588867188,45.0,1.5,1.122844099998474,8.324000358581543,2.1713409423828125,6.439687728881836,81.20000457763672,2.3119913,48.8482703,SensorLogger (Pixel 4 XL),2.0817573634211857,1766.8741641501433,2.176187882919668,1.9580508226118682,201.0
2024-01-21 15:24:25+00:00,1705850665157739500,747.7597395019532,45.0,1.5,1.081740379333496,8.166999816894531,2.1395599842071533,6.580411434173584,81.20000457763672,2.3119902,48.8482899,SensorLogger (Pixel 4 XL),1.9423892606778603,1769.0678970270126,2.1379165430414306,2.0682059305944445,202.0
2024-01-21 15:24:26+00:00,1705850666213332000,748.81533203125,45.0,1.5,1.095942497253418,8.032999992370605,2.1169300079345703,6.397079944610596,81.20000457763672,2.3119889,48.848309,SensorLogger (Pixel 4 XL),2.5659564369848704,1771.1957005753236,2.0990821749916018,2.0798753241999806,203.0
2024-01-21 15:24:27+00:00,1705850666777744100,749.379744140625,45.0,1.5,1.095942497253418,7.97599983215332,2.1096410751342773,6.22157096862793,81.20000457763672,2.3119882,48.8483171,SensorLogger (Pixel 4 XL),1.5983610591737807,1772.097834737454,2.064883157138922,2.0802539428633,204.0
2024-01-21 15:24:28+00:00,1705850667972652500,750.5746525878906,45.0,1.5,1.0901403427124023,10.083000183105469,2.043454885482788,4.963772296905518,81.20000457763672,2.311989,48.8483376,SensorLogger (Pixel 4 XL),1.4602107534841844,1774.3793354655152,2.0314364133377527,1.798792822685694,205.0
2024-01-21 15:24:29+00:00,1705850669145533000,751.7475329589844,45.0,1.5,1.095815896987915,12.47700023651123,1.975927829742432,5.104336738586426,81.20000457763672,2.3119906,48.8483598,SensorLogger (Pixel 4 XL),2.125428080272063,1776.8506872645842,1.9981089019128206,1.6934001480248946,206.0
2024-01-21 15:24:30+00:00,1705850670201125000,752.803125,45.0,1.5,1.1959905624389648,14.64799976348877,1.9253604412078855,5.978857040405273,81.20000457763672,2.3119927,48.848375,SensorLogger (Pixel 4 XL),2.1523485779149514,1778.551211996564,1.967817928564505,1.6066571946228028,207.0
2024-01-21 15:24:31+00:00,1705850670787565300,753.3895654296875,45.0,1.5,1.1959905624389648,15.774999618530272,1.9280472993850708,6.61908769607544,81.20000457763672,2.3119951,48.8483803,SensorLogger (Pixel 4 XL),1.048601630110564,1779.1661539365261,1.9409349073651792,1.626678451444874,208.0
2024-01-21 15:24:32+00:00,1705850671958837200,754.5608371582031,45.0,1.5,1.3626281023025513,17.895999908447266,1.9255731105804443,6.844618320465088,81.20000457763672,2.3120001,48.8483983,SensorLogger (Pixel 4 XL),1.7371475722158827,1781.2008262477307,1.9199577663818739,1.6945090182694815,209.0
2024-01-21 15:24:33+00:00,1705850673057424000,755.659423828125,45.0,1.5,1.2191354036331177,18.013999938964844,1.9147019386291504,6.20282506942749,81.20000457763672,2.3120005,48.8484157,SensorLogger (Pixel 4 XL),1.3847292784066088,1783.1482993503848,1.9070330697486946,1.8515913093715008,210.0
2024-01-21 15:24:34+00:00,1705850674177104400,756.7791044921875,45.0,1.5,1.2211707830429075,17.895000457763672,1.9120995998382568,5.04393196105957,81.20000457763672,2.3119958,48.8484364,SensorLogger (Pixel 4 XL),1.1810827391523184,1785.5393977044744,1.903010678614976,2.060484510068273,211.0
2024-01-21 15:24:35+00:00,1705850674775358000,757.3773579101562,45.0,1.5,1.2211707830429075,17.868000030517578,1.9137814044952397,4.329922199249268,81.20000457763672,2.3119925,48.8484515,SensorLogger (Pixel 4 XL),2.8354472368707735,1787.2357153557214,1.9083101570336631,2.20860801779369,212.0
2024-01-21 15:24:36+00:00,1705850675830950100,758.4329501953125,45.0,1.5,1.3391878604888916,18.027000427246094,1.9126739501953125,4.965413093566895,81.20000457763672,2.3119913,48.8484727,SensorLogger (Pixel 4 XL),2.8404993983699365,1789.5973177803046,1.917569932462953,2.2629703842216538,213.0
2024-01-21 15:24:37+00:00,1705850676974713600,759.5767136230469,45.0,1.5,1.3702369928359983,18.1879997253418,1.926287651062012,5.037491798400879,81.20000457763672,2.3119879,48.8484929,SensorLogger (Pixel 4 XL),2.3476467689667815,1791.8572107501984,1.930248452527501,2.3005172673354206,214.0
2024-01-21 15:24:38+00:00,1705850678059422500,760.6614223632813,45.0,1.5,1.3846392631530762,18.28499984741211,1.9572153091430664,4.758209228515625,81.20000457763672,2.3119846,48.8485198,SensorLogger (Pixel 4 XL),3.085013097936497,1794.8582921696957,1.9499164732333325,2.530050609495867,215.0
2024-01-21 15:24:39+00:00,1705850679232302600,761.8343024902343,45.0,1.5,1.3847837448120115,18.45800018310547,1.987648129463196,4.538050174713135,81.20000457763672,2.3119823,48.8485444,SensorLogger (Pixel 4 XL),2.846629802035173,1797.6016333905472,1.9790113952904371,2.558378136035638,216.0
2024-01-21 15:24:40+00:00,1705850679738253000,762.3402531738282,45.0,1.5,1.3847837448120115,18.46699905395508,2.003990650177002,4.380950450897217,81.20000457763672,2.3119809,48.8485537,SensorLogger (Pixel 4 XL),2.0539073076407677,1798.6408077928481,2.017505807574529,2.6678024536248666,217.0
2024-01-21 15:24:41+00:00,1705850680837576700,763.4395766601563,45.0,1.5,1.2843199968338013,18.756999969482425,2.0287795066833496,4.329105377197266,81.20000457763672,2.3119817,48.8485772,SensorLogger (Pixel 4 XL),2.3775851038114784,1801.2545441595105,2.0629110689077015,2.817779728919225,218.0
2024-01-21 15:24:42+00:00,1705850681929927400,764.5319274902344,45.0,1.5,1.2590452432632446,19.2189998626709,2.091093778610229,4.620154857635498,81.20000457763672,2.3119854,48.8486071,SensorLogger (Pixel 4 XL),2.109990865662249,1804.5903803646263,2.114071948280173,2.7612966305747393,219.0
2024-01-21 15:24:43+00:00,1705850683118379500,765.7203796386718,45.0,1.5,1.1766964197158811,19.36400032043457,2.169121265411377,4.914673805236816,81.20000457763672,2.3119941,48.8486414,SensorLogger (Pixel 4 XL),2.68348800152606,1808.457334933787,2.1679896426956153,2.861247416682277,220.0
2024-01-21 15:24:44+00:00,1705850684275688000,766.8776879882812,45.0,1.5,1.1586146354675293,19.371999740600582,2.2474653720855717,4.993021488189697,81.20000457763672,2.3120026,48.8486839,SensorLogger (Pixel 4 XL),4.004530464059129,1813.224776485227,2.2207042955165655,2.9374604602827756,221.0
2024-01-21 15:24:45+00:00,1705850684862128000,767.4641281738282,45.0,1.5,1.1586146354675293,19.40999984741211,2.2840793132781982,4.953482627868652,81.20000457763672,2.312005,48.8486985,SensorLogger (Pixel 4 XL),2.7844562495825937,1814.8576930082322,2.270185016291186,3.057135882795897,222.0
2024-01-21 15:24:46+00:00,1705850685917720600,768.5197204589844,45.0,1.5,1.1088122129440308,18.98699951171875,2.3312172889709477,4.536113739013672,81.20000457763672,2.3120066,48.8487315,SensorLogger (Pixel 4 XL),3.688455610423886,1818.5289958020705,2.315898124556748,3.227753206003973,223.0
2024-01-21 15:24:47+00:00,1705850687090601000,769.6926010742187,45.0,1.5,1.109818458557129,18.506999969482425,2.364840030670166,4.650668621063232,81.20000457763672,2.3120088,48.8487682,SensorLogger (Pixel 4 XL),3.578311675884742,1822.613024385137,2.3554875501140873,3.288675309779082,224.0
2024-01-21 15:24:48+00:00,1705850688263481300,770.8654814453125,45.0,1.5,1.1312400102615356,18.13800048828125,2.3908817768096924,4.706737995147705,81.20000457763672,2.3120103,48.8488006,SensorLogger (Pixel 4 XL),2.320756424439481,1826.2184468273645,2.387241236872276,3.230466319954866,225.0
2024-01-21 15:24:49+00:00,1705850688849921800,771.451921875,45.0,1.5,1.1297348737716677,18.045000076293945,2.4030473232269287,4.559557914733887,81.20000457763672,2.3120109,48.8488174,SensorLogger (Pixel 4 XL),3.1863232528350403,1828.0870374220804,2.409689617588522,3.0172288138098,226.0
2024-01-21 15:24:50+00:00,1705850689968889600,772.5708896484375,45.0,1.5,1.0959620475769043,17.93000030517578,2.4123528003692627,5.982057094573975,81.28400171153922,2.3120182,48.8488439,SensorLogger (Pixel 4 XL),2.9348279019381724,1831.09119246028,2.421427217543947,2.8209162979954887,227.0
2024-01-21 15:24:51+00:00,1705850691078394600,773.68039453125,45.0,1.5,1.099118947982788,17.726999282836914,2.4189302921295166,7.366774082183838,81.38014976884025,2.3120287,48.8488757,SensorLogger (Pixel 4 XL),3.3367458806458714,1834.71834835465,2.426214521071503,2.4778067252613587,228.0
2024-01-21 15:24:52+00:00,1705850692251275000,774.8532749023437,45.0,1.5,1.3117445707321167,17.70800018310547,2.4235098361968994,7.922748565673828,81.398873465111,2.312036,48.8489019,SensorLogger (Pixel 4 XL),2.1376988403276225,1837.6802496127048,2.4286938796755546,2.4040830057682907,229.0
2024-01-21 15:24:53+00:00,1705850692837933800,775.4399338378906,45.0,1.5,1.3117445707321167,17.677000045776367,2.423358917236328,8.011212348937988,81.398873465111,2.3120387,48.8489104,SensorLogger (Pixel 4 XL),1.645903506661393,1838.6458337180193,2.426803337071289,2.1607884060791775,230.0
2024-01-21 15:24:54+00:00,1705850693998424000,776.6004240722656,45.0,1.5,1.3194453716278076,17.858999252319336,2.425446033477783,7.618173599243164,81.46212950248102,2.3120396,48.848938,SensorLogger (Pixel 4 XL),1.9364574767976799,1841.7165644547083,2.4143310693594255,2.0636176962914368,231.0
2024-01-21 15:24:55+00:00,1705850695117305000,777.7193051757813,45.0,1.5,1.1473720073699951,18.10099983215332,2.399289846420288,7.066428661346436,81.72945960440002,2.3120382,48.8489614,SensorLogger (Pixel 4 XL),1.4401815418619424,1844.3474464959017,2.3873775253468636,2.0177096464168143,232.0
2024-01-21 15:24:56+00:00,1705850696239068700,778.8410686035156,45.0,1.5,1.1468483209609983,18.46500015258789,2.350404739379883,6.011930465698242,81.79423476578569,2.3120347,48.8489892,SensorLogger (Pixel 4 XL),2.4815757610515123,1847.4507699566202,2.3497799588544463,1.8418059149647612,233.0
2024-01-21 15:24:57+00:00,1705850696825508900,779.4275087890625,45.0,1.5,1.1395094394683838,18.638999938964844,2.330634593963623,5.527103424072266,81.75375023175368,2.3120319,48.8489954,SensorLogger (Pixel 4 XL),1.2263962427878514,1848.1699777692406,2.3062945946309483,1.768721221523719,234.0
2024-01-21 15:24:58+00:00,1705850697881101000,780.4831010742188,45.0,1.5,1.228272795677185,18.989999771118164,2.2986104488372803,4.551228046417236,81.79423476578569,2.3120268,48.849015,SensorLogger (Pixel 4 XL),2.5895213005966986,1850.3852029569496,2.260206219945031,1.685770849352694,235.0
2024-01-21 15:24:59+00:00,1705850698972827600,781.5748276367187,45.0,1.5,1.2262576818466189,18.98699951171875,2.2290735244750977,4.642375469207764,81.83320131291069,2.3120233,48.8490305,SensorLogger (Pixel 4 XL),1.397244445423077,1852.1279564613467,2.2122584293331076,1.6119823959911326,236.0
2024-01-21 15:25:00+00:00,1705850700109574000,782.7115739746093,45.0,1.5,1.2636802196502686,19.07200050354004,2.1177186965942383,5.813015460968018,81.93896856055262,2.3120256,48.8490506,SensorLogger (Pixel 4 XL),1.8971037390167946,1854.3747058331514,2.166876870582558,1.5791996322083253,237.0
2024-01-21 15:25:01+00:00,1705850701282454300,783.8844543457031,45.0,1.5,1.2361915111541748,19.22900009155273,2.064470052719116,7.200283050537109,81.80220207212265,2.3120315,48.849066,SensorLogger (Pixel 4 XL),1.512321264731377,1856.144730598371,2.1264819701872373,1.5856661018964806,238.0
2024-01-21 15:25:02+00:00,1705850701878708200,784.4807082519532,45.0,1.5,1.2361915111541748,19.327999114990234,2.06827712059021,7.8341474533081055,81.80220207212265,2.3120348,48.8490724,SensorLogger (Pixel 4 XL),1.2603637249643056,1856.896227510836,2.0935738488020514,1.4953300612398317,239.0
2024-01-21 15:25:03+00:00,1705850702997641500,785.5996413574219,45.0,1.5,1.241227626800537,19.791000366210938,2.0768637657165527,9.152127265930176,81.86242468219733,2.3120438,48.8490906,SensorLogger (Pixel 4 XL),1.2745395800261703,1859.0336240645638,2.0678650103003844,1.4326352007545258,240.0
2024-01-21 15:25:04+00:00,1705850704097366800,786.6993666992188,45.0,1.5,1.1803041696548462,20.10099983215332,2.0644071102142334,10.35279655456543,81.86394290480186,2.3120519,48.8491095,SensorLogger (Pixel 4 XL),1.093665778495693,1861.2176766026296,2.04624306637778,1.5897237379909608,241.0
2024-01-21 15:25:05+00:00,1705850705258595600,787.860595703125,45.0,1.5,1.1581382751464844,20.121000289916992,2.0429413318634038,10.71972370147705,81.86394290480186,2.3120577,48.8491277,SensorLogger (Pixel 4 XL),1.2446464683156104,1863.2861919646666,2.031763786104481,1.5842043798419423,242.0
2024-01-21 15:25:06+00:00,1705850705856687000,788.4586870117188,45.0,1.5,1.1581382751464844,20.417999267578125,2.0412580966949463,10.536720275878906,81.86394290480186,2.3120612,48.8491411,SensorLogger (Pixel 4 XL),2.527806118441488,1864.7980525816574,2.0224056323729056,1.6812494384890473,243.0
2024-01-21 15:25:07+00:00,1705850706912279300,789.514279296875,45.0,1.5,1.1399072408676147,20.03700065612793,2.0260846614837646,10.337092399597168,81.99451106892124,2.3120606,48.8491555,SensorLogger (Pixel 4 XL),1.9434683989971917,1866.403100687781,2.015026091989899,1.663718563925179,244.0
2024-01-21 15:25:08+00:00,1705850708085159400,790.6871594238281,45.0,1.5,1.098474383354187,19.617000579833984,2.008108377456665,10.438254356384276,82.03499773098915,2.3120629,48.8491749,SensorLogger (Pixel 4 XL),1.0814235327321404,1868.5724956099255,2.0052729136264267,1.614740236208584,245.0
2024-01-21 15:25:09+00:00,1705850709140752000,791.742751953125,45.0,1.5,1.1019004583358765,19.53400039672852,1.9949109554290767,10.842045783996582,81.96414619962334,2.3120652,48.8491918,SensorLogger (Pixel 4 XL),2.4519864247062455,1870.4614671189945,1.9930403827002794,1.6276923686371254,246.0
2024-01-21 15:25:10+00:00,1705850710196344300,792.7983442382813,45.0,1.5,1.129644513130188,19.54199981689453,1.9748998880386357,11.82850742340088,81.96414619962334,2.3120695,48.8492077,SensorLogger (Pixel 4 XL),2.0473342100499834,1872.258362285737,1.9833285562593042,1.5775782077104403,247.0
2024-01-21 15:25:11+00:00,1705850710782784500,793.3847844238281,45.0,1.5,1.129644513130188,19.540000915527344,1.9644147157669067,12.41710376739502,81.96414619962334,2.3120713,48.8492128,SensorLogger (Pixel 4 XL),0.9927492426591493,1872.840550151602,1.9782059090169952,1.5296066629304534,248.0
2024-01-21 15:25:12+00:00,1705850711955665200,794.5576650390625,45.0,1.5,1.1159169673919678,19.64299964904785,1.9601486921310425,12.715983390808104,82.04714376742099,2.312074,48.8492293,SensorLogger (Pixel 4 XL),1.0287483281135956,1874.6859180731772,1.9786873401020553,1.5201610622830908,249.0
2024-01-21 15:25:13+00:00,1705850713117162500,795.7191625976562,45.0,1.5,1.2534703016281128,19.83699989318848,1.9848709106445312,12.817268371582031,82.10888638912517,2.3120765,48.8492476,SensorLogger (Pixel 4 XL),1.2970953861898944,1876.740228422837,1.985268343735615,1.6649572393018208,250.0
2024-01-21 15:25:14+00:00,1705850714184138000,796.7861379394532,45.0,1.5,1.3185471296310425,19.84000015258789,2.0137312412261963,12.97458267211914,82.08965503236936,2.3120798,48.8492674,SensorLogger (Pixel 4 XL),1.3634970840992189,1878.956206906628,1.9983018834127126,1.9029192882990784,251.0
2024-01-21 15:25:15+00:00,1705850714770578200,797.372578125,45.0,1.5,1.3185471296310425,19.729999542236328,2.0107169151306152,13.265928268432615,82.08965503236936,2.3120828,48.8492804,SensorLogger (Pixel 4 XL),2.493189770668269,1880.4183131157388,2.0168255530870987,2.1782597519650837,252.0
2024-01-21 15:25:16+00:00,1705850715943463000,798.545462890625,45.0,1.5,1.2975804805755615,19.607999801635746,2.026925563812256,13.178841590881348,82.12811778963388,2.312083,48.8492978,SensorLogger (Pixel 4 XL),2.0552254510327796,1882.3627000587844,2.03853198521818,2.2728155376367067,253.0
2024-01-21 15:25:17+00:00,1705850716968733400,799.5707333984375,45.0,1.5,1.201716661453247,19.548999786376957,2.053415060043335,12.51684284210205,82.29665616487644,2.3120848,48.8493214,SensorLogger (Pixel 4 XL),2.7878839030912124,1884.99179632182,2.061749014595526,2.4608275921719924,254.0
2024-01-21 15:25:18+00:00,1705850718171936300,800.7739362792969,45.0,1.5,1.205697774887085,19.13400077819824,2.091013193130493,12.195003509521484,82.31436942471012,2.3120896,48.8493545,SensorLogger (Pixel 4 XL),3.385156855787895,1888.6891815887109,2.083067457384664,2.5245297410004843,255.0
2024-01-21 15:25:19+00:00,1705850719227529000,801.8295290527344,45.0,1.5,1.218867301940918,18.91900062561035,2.115550756454468,12.218141555786133,82.29665616487644,2.3120932,48.8493826,SensorLogger (Pixel 4 XL),3.401741512858903,1891.8255888522408,2.0980207067809067,2.4851722905186295,256.0
2024-01-21 15:25:20+00:00,1705850719796835300,802.3988354492187,45.0,1.5,1.218867301940918,18.933000564575195,2.120456457138061,12.19714069366455,82.29665616487644,2.3120941,48.8493927,SensorLogger (Pixel 4 XL),1.9760863999816545,1892.9505866962688,2.108258402293635,2.3693257408902153,257.0
2024-01-21 15:25:21+00:00,1705850720937977000,803.5399770507812,45.0,1.5,1.286104679107666,18.59000015258789,2.133305072784424,11.974122047424316,82.29463179468742,2.3120971,48.8494226,SensorLogger (Pixel 4 XL),2.3170630264071073,1896.2848726142438,2.1168572000788464,2.2599710030549875,258.0
2024-01-21 15:25:22+00:00,1705850721970111000,804.5721110839844,45.0,1.5,1.3050034046173096,18.33099937438965,2.132261276245117,11.876352310180664,82.35839968852473,2.3120965,48.8494465,SensorLogger (Pixel 4 XL),1.373881889303889,1898.9624058191825,2.1266429163212264,2.222837623609103,259.0
2024-01-21 15:25:23+00:00,1705850723098036000,805.7000358886719,45.0,1.5,1.3053756952285769,18.33099937438965,2.129201412200928,11.274789810180664,82.35839968852473,2.3120972,48.8494723,SensorLogger (Pixel 4 XL),1.5808670955987625,1901.840362242543,2.1369400209970717,2.281016095819626,260.0
2024-01-21 15:25:24+00:00,1705850724270916900,806.8729167480469,45.0,1.5,1.2200809717178345,18.393999099731445,2.123452663421631,9.736562728881836,82.23237298544684,2.3120941,48.8494963,SensorLogger (Pixel 4 XL),1.588221925047783,1904.5536277673414,2.1471968040207505,2.2667747294876897,261.0
2024-01-21 15:25:25+00:00,1705850724857357600,807.4593576660156,45.0,1.5,1.2398757934570312,18.357999801635746,2.117938280105591,8.730069160461426,82.22174496973517,2.3120906,48.84951,SensorLogger (Pixel 4 XL),2.634104776153549,1906.0983748063736,2.156151702501127,2.2605274177251773,262.0
2024-01-21 15:25:26+00:00,1705850725971601400,808.5736013183594,45.0,1.5,1.239849090576172,18.6879997253418,2.1515042781829834,8.669211387634277,82.3077816711487,2.3120885,48.8495348,SensorLogger (Pixel 4 XL),2.645414452082564,1908.8607155093164,2.160646024332878,2.31844399259221,263.0
2024-01-21 15:25:27+00:00,1705850727085831700,809.6878317871094,45.0,1.5,1.1972877979278564,18.679000854492188,2.1721067428588867,8.59815788269043,82.41001465480244,2.3120886,48.8495655,SensorLogger (Pixel 4 XL),3.204501800453533,1912.2746137368802,2.1612208575684675,2.331626174726426,264.0
2024-01-21 15:25:28+00:00,1705850728258713000,810.8607131347657,45.0,1.5,1.201223373413086,18.707000732421875,2.194518804550171,8.603263854980469,82.49099215303498,2.3120887,48.849593,SensorLogger (Pixel 4 XL),3.3370414698018314,1915.3357863868964,2.159171199798595,2.399955329751774,265.0
2024-01-21 15:25:29+00:00,1705850728798594800,811.4005947265625,45.0,1.5,1.201223373413086,18.71199989318848,2.2034590244293213,8.716144561767578,82.49099215303498,2.3120883,48.849604,SensorLogger (Pixel 4 XL),2.266225429232506,1916.5592807040814,2.156088330842802,2.4834224725876033,266.0
2024-01-21 15:25:30+00:00,1705850729900747000,812.5027470703125,45.0,1.5,1.1802763938903809,18.53400039672852,2.171468496322632,6.90753698348999,82.41001465480244,2.3120798,48.8496294,SensorLogger (Pixel 4 XL),1.8724628124324008,1919.4592289445443,2.152867839347195,2.4427194921757818,267.0
2024-01-21 15:25:31+00:00,1705850731037836000,813.6398359375,45.0,1.5,1.1368600130081177,18.58099937438965,2.130732774734497,5.593701362609863,82.39786809697267,2.3120749,48.8496514,SensorLogger (Pixel 4 XL),1.5670850742923212,1921.9682327336607,2.1505012080680306,2.3720894610831307,268.0
2024-01-21 15:25:32+00:00,1705850732129222400,814.7312224121093,45.0,1.5,1.093971610069275,18.499000549316406,2.0911431312561035,3.2546353340148926,82.52389480005056,2.3120632,48.8496737,SensorLogger (Pixel 4 XL),1.7665622286493763,1924.667522056488,2.1445971428538995,2.228739778156914,269.0
2024-01-21 15:25:33+00:00,1705850733184816400,815.78681640625,45.0,1.5,1.0788393020629885,18.599000930786133,2.100658416748047,0.6233813762664795,82.52187037544238,2.3120481,48.849697,SensorLogger (Pixel 4 XL),1.9319591445038522,1927.5023392707271,2.1319354292494253,2.1342930130708315,270.0
2024-01-21 15:25:34+00:00,1705850734240410600,816.8424106445312,45.0,1.5,1.1322951316833496,18.73699951171875,2.1209542751312256,358.82794189453125,82.39078261296495,2.3120331,48.8497217,SensorLogger (Pixel 4 XL),3.4206830695744532,1930.4746142649947,2.1184701293841863,1.9920285725597648,271.0
2024-01-21 15:25:35+00:00,1705850734777938400,817.3799384765625,45.0,1.5,1.1322951316833496,18.850000381469727,2.126811981201172,358.1142883300781,82.39078261296495,2.3120264,48.8497309,SensorLogger (Pixel 4 XL),2.1103958956312026,1931.6090090395855,2.1064147226411407,2.024141436770147,272.0
2024-01-21 15:25:36+00:00,1705850735882446800,818.4844467773438,45.0,1.5,1.188062310218811,18.85300064086914,2.1352415084838867,357.2297058105469,82.7141928779474,2.3120154,48.8497571,SensorLogger (Pixel 4 XL),2.1842858775776817,1934.6325948886636,2.1018915197968058,2.13199909138974,273.0
2024-01-21 15:25:37+00:00,1705850736976983800,819.5789838867188,45.0,1.5,1.188062310218811,18.80500030517578,2.1239445209503174,357.64605712890625,82.7141928779474,2.3120126,48.8497799,SensorLogger (Pixel 4 XL),2.1287155007490037,1937.1761395341312,2.101939621662134,2.201653028552098,274.0
2024-01-21 15:25:38+00:00,1705850738077025800,820.6790258789063,45.0,1.5,1.095798134803772,19.03499984741211,2.083847045898437,359.4855651855469,82.93952134490736,2.3120192,48.8498044,SensorLogger (Pixel 4 XL),1.9370189148719699,1939.956009678881,2.1021755455845734,2.4204808157615276,275.0
2024-01-21 15:25:39+00:00,1705850739166520800,821.7685207519531,45.0,1.5,1.1933318376541138,18.72800064086914,2.06500244140625,1.2102253437042236,82.9592602996787,2.3120306,48.8498298,SensorLogger (Pixel 4 XL),1.9290082899559973,1942.9225385732288,2.1015598793375116,2.5252601491865123,276.0
2024-01-21 15:25:40+00:00,1705850740222116400,822.8241164550781,45.0,1.5,1.1911088228225708,18.51799964904785,2.0760834217071533,2.3338308334350586,82.9592602996787,2.3120437,48.8498554,SensorLogger (Pixel 4 XL),2.190802787026444,1945.9272992500667,2.0941196102901936,2.57328663142982,277.0
2024-01-21 15:25:41+00:00,1705850740808558300,823.4105583496093,45.0,1.5,1.172024488449097,18.55299949645996,2.09019136428833,2.6507821083068848,82.96432157755629,2.3120491,48.8498714,SensorLogger (Pixel 4 XL),3.1076662682045852,1947.749765271725,2.08326988220216,2.5548607128061316,278.0
2024-01-21 15:25:42+00:00,1705850741981442300,824.5834423828124,45.0,1.5,1.121071696281433,18.05299949645996,2.1012141704559326,3.4537882804870605,82.9663460895567,2.3120639,48.8498981,SensorLogger (Pixel 4 XL),2.784465639685648,1950.9107660683562,2.070396706421462,2.7082679597889845,279.0
2024-01-21 15:25:43+00:00,1705850743154326000,825.7563259277343,45.0,1.5,1.1235570907592771,17.798999786376953,2.068551540374756,3.987026691436768,83.0559312309718,2.3120782,48.8499287,SensorLogger (Pixel 4 XL),3.302534229386389,1954.4707979088207,2.0572465631217547,2.64850984830447,280.0
2024-01-21 15:25:44+00:00,1705850744209921500,826.8119216308594,45.0,1.5,1.180239200592041,17.632999420166016,2.057702779769897,3.768374919891357,83.09136064492274,2.3120904,48.8499566,SensorLogger (Pixel 4 XL),3.7044537089314646,1957.7090116767736,2.0449995113174406,2.6229099361664487,281.0
2024-01-21 15:25:45+00:00,1705850744796997000,827.3989970703125,45.0,1.5,1.180239200592041,17.547000885009766,2.045517683029175,3.293419599533081,83.09136064492274,2.3120942,48.8499666,SensorLogger (Pixel 4 XL),1.9523659688691604,1958.8551969279474,2.033102656058068,2.560728509505618,282.0
2024-01-21 15:25:46+00:00,1705850745937468400,828.5394685058594,45.0,1.5,1.183332085609436,17.402999877929688,2.0045745372772217,1.8556766510009768,83.13691296676727,2.3120978,48.8499941,SensorLogger (Pixel 4 XL),2.0290695600858424,1961.924768892763,2.018949862842657,2.4879436168880242,283.0
2024-01-21 15:25:47+00:00,1705850746970289700,829.5722895507813,45.0,1.5,1.2354909181594849,17.340999603271484,1.9881339073181152,2.0347278118133545,83.16525675757762,2.3121081,48.8500193,SensorLogger (Pixel 4 XL),2.0052699692360156,1964.844433948269,2.005248660954965,2.4449540645432832,284.0
2024-01-21 15:25:48+00:00,1705850748080438300,830.6824382324219,45.0,1.5,1.2026039361953735,17.371999740600586,1.9789643287658687,2.0419325828552246,82.96168922037103,2.3121181,48.850048,SensorLogger (Pixel 4 XL),2.190348144649759,1968.1190506851153,1.994775033428669,2.430522476016688,285.0
2024-01-21 15:25:49+00:00,1705850749253322200,831.855322265625,45.0,1.5,1.202448487281799,17.290000915527344,1.9872403144836424,2.211214542388916,82.89133605727838,2.3121258,48.8500748,SensorLogger (Pixel 4 XL),1.899339439300265,1971.1556303328668,1.9894378012661584,2.4117924782877163,286.0
2024-01-21 15:25:50+00:00,1705850749839764200,832.4417641601563,45.0,1.5,1.1929107904434204,17.44700050354004,1.9870692491531368,2.1606991291046143,82.89133605727838,2.3121295,48.85009,SensorLogger (Pixel 4 XL),2.918801871570936,1972.8673383400346,1.9922031466238206,2.5026060035866893,287.0
2024-01-21 15:25:51+00:00,1705850750969837800,833.571837890625,45.0,1.5,1.1951637268066406,17.496000289916992,1.9986090660095213,1.8269826173782349,82.8700783821792,2.3121352,48.8501159,SensorLogger (Pixel 4 XL),2.766349663866899,1975.7774843796753,1.997400180462809,2.627712547748808,288.0
2024-01-21 15:25:52+00:00,1705850752068243700,834.6702436523437,45.0,1.5,1.1319003105163574,17.354000091552734,2.016005516052246,1.8427114486694336,82.76632144951606,2.3121415,48.8501468,SensorLogger (Pixel 4 XL),3.211937765627883,1979.2442398416886,2.0076970826446843,2.842228926770228,289.0
2024-01-21 15:25:53+00:00,1705850753241127400,835.8431274414063,45.0,1.5,1.1287037134170532,17.45599937438965,2.03353214263916,1.926425814628601,82.81541603453238,2.3121464,48.8501756,SensorLogger (Pixel 4 XL),3.2586291118921125,1982.4669602710242,2.0232107870179714,2.922116047768057,290.0
2024-01-21 15:25:54+00:00,1705850753827569400,836.4295693359375,45.0,1.5,1.1250375509262085,17.510000228881836,2.0391383171081543,2.188425302505493,82.936888398214,2.3121488,48.8501902,SensorLogger (Pixel 4 XL),2.784445794081427,1984.0998762313968,2.039601989137652,2.8427500428208203,291.0
2024-01-21 15:25:55+00:00,1705850754970485000,837.5724851074219,45.0,1.5,1.1156573295593262,17.367000579833984,2.0547049045562744,2.285686492919922,83.10442189695837,2.3121543,48.8502147,SensorLogger (Pixel 4 XL),2.283705603201765,1986.853730731679,2.058458349176133,2.6646430609569123,292.0
2024-01-21 15:25:56+00:00,1705850756173337300,838.7753374023438,45.0,1.5,1.0817400217056274,17.183000564575195,2.077530860900879,2.246084690093994,83.17325837544975,2.3121589,48.8502482,SensorLogger (Pixel 4 XL),3.2917076117927366,1990.5940234965713,2.078313473339006,2.5497347813738487,293.0
2024-01-21 15:25:57+00:00,1705850756759779300,839.361779296875,45.0,1.5,1.0817400217056274,17.11199951171875,2.089420795440674,2.3384337425231934,83.17325837544975,2.3121609,48.8502591,SensorLogger (Pixel 4 XL),2.0817526254945267,1991.8148506697714,2.103256556567035,2.3558740632661053,294.0
2024-01-21 15:25:58+00:00,1705850757917971500,840.5199714355468,45.0,1.5,1.0809047222137451,17.125999450683594,2.1195011138916016,2.344633817672729,83.13985236735013,2.3121641,48.8502883,SensorLogger (Pixel 4 XL),2.2039316971493963,1995.0701870098028,2.1278805708993187,2.3613000053049786,295.0
2024-01-21 15:25:59+00:00,1705850759056663800,841.6586638183594,45.0,1.5,1.0747512578964231,16.9950008392334,2.1455559730529785,2.1552107334136963,82.99357609863168,2.3121676,48.8503172,SensorLogger (Pixel 4 XL),2.0739274918102932,1998.293953526874,2.153759046701296,2.299699796401203,296.0
2024-01-21 15:26:00+00:00,1705850760137782300,842.7397822265625,45.0,1.5,1.224386215209961,17.04199981689453,2.1706910133361816,1.8970195055007932,82.9467291162085,2.3121693,48.8503446,SensorLogger (Pixel 4 XL),1.3631412450907798,2001.3433089847658,2.1714293797091777,2.247953053154009,297.0
2024-01-21 15:26:01+00:00,1705850761216738600,843.8187385253906,45.0,1.5,1.2403240203857422,17.052000045776367,2.197293519973755,1.2389758825302124,83.01202196792109,2.31217,48.8503738,SensorLogger (Pixel 4 XL),2.2958312287310014,2004.5917370137906,2.181790414870606,2.223821379120815,298.0
2024-01-21 15:26:02+00:00,1705850761803180500,844.4051806640625,45.0,1.5,1.2375013828277588,17.172000885009766,2.210970163345337,0.7966253161430359,83.11426450082028,2.3121694,48.8503902,SensorLogger (Pixel 4 XL),3.110495441797703,2006.4158621816694,2.186503997431633,2.3362378272470474,299.0
2024-01-21 15:26:03+00:00,1705850762976064500,845.578064453125,45.0,1.5,1.2294580936431885,17.13599967956543,2.228456735610962,359.9837951660156,83.11426450082028,2.3121674,48.8504174,SensorLogger (Pixel 4 XL),2.6594871505787894,2009.4441608904172,2.1868534217592934,2.465660144865284,300.0
2024-01-21 15:26:04+00:00,1705850764148948500,846.7509484863281,45.0,1.5,1.3160489797592163,17.156999588012695,2.198244094848633,358.1451416015625,83.21020759877314,2.3121593,48.8504469,SensorLogger (Pixel 4 XL),2.972575898957943,2012.7811021910138,2.185126076780305,2.5422532910488056,301.0
2024-01-21 15:26:05+00:00,1705850764712191000,847.3141909179687,45.0,1.5,1.3160489797592163,17.239999771118164,2.179917097091675,357.04107666015625,83.21020759877314,2.3121536,48.8504552,SensorLogger (Pixel 4 XL),1.7981200147057115,2013.7938807024568,2.1820949383990373,2.538800697167085,302.0
2024-01-21 15:26:06+00:00,1705850765908274200,848.5102741699219,45.0,1.5,1.311115264892578,17.410999298095703,2.119759082794189,355.8802795410156,83.24918161209604,2.3121454,48.8504805,SensorLogger (Pixel 4 XL),2.092318310037347,2016.671834969383,2.1810176555927097,2.477880502294102,303.0
2024-01-21 15:26:07+00:00,1705850767081158000,849.6831579589843,45.0,1.5,1.3161344528198242,17.69099998474121,2.142862319946289,356.47662353515625,83.32662401597779,2.3121439,48.8505075,SensorLogger (Pixel 4 XL),2.6931763632710983,2019.6764012728968,2.178204514861658,2.271900525040775,304.0
2024-01-21 15:26:08+00:00,1705850768254041900,850.8560417480469,45.0,1.5,1.3200095891952517,18.003999710083008,2.176165580749512,357.27349853515625,83.40204246374151,2.3121466,48.8505344,SensorLogger (Pixel 4 XL),3.33266646940514,2022.6753315661274,2.17620982023387,2.17386354159854,305.0
2024-01-21 15:26:09+00:00,1705850768818906600,851.4209067382812,45.0,1.5,1.3200095891952517,17.958999633789062,2.193132162094116,357.6965637207031,83.40204246374151,2.3121493,48.8505447,SensorLogger (Pixel 4 XL),2.057520527418422,2023.8375528988477,2.1757011310007894,2.101440665095396,306.0
2024-01-21 15:26:10+00:00,1705850769969806300,852.5718063964844,45.0,1.5,1.1854071617126465,17.986000061035156,2.213418245315552,358.6504821777344,83.49678493900757,2.3121521,48.850572,SensorLogger (Pixel 4 XL),0.8349456854288007,2026.9150692835287,2.18529354350061,2.1690500777586075,307.0
2024-01-21 15:26:11+00:00,1705850771037392600,853.639392578125,45.0,1.5,1.2692686319351196,18.003000259399414,2.2296650409698486,359.6763610839844,83.42430570460107,2.3121578,48.8505987,SensorLogger (Pixel 4 XL),2.0898612082541055,2029.9177757321766,2.2051374193769893,2.1293072037875285,308.0
2024-01-21 15:26:12+00:00,1705850772124559000,854.7265590820313,45.0,1.5,1.2686015367507937,18.030000686645508,2.231575489044189,0.3511705994606018,83.41924410487886,2.3121638,48.8506255,SensorLogger (Pixel 4 XL),1.709701949160116,2032.9301323096622,2.235016648046583,2.199580992101091,309.0
2024-01-21 15:26:13+00:00,1705850773180155000,855.7821547851562,45.0,1.5,1.201831579208374,17.84000015258789,2.218061685562134,0.4409811496734619,83.29321740180097,2.3121673,48.8506511,SensorLogger (Pixel 4 XL),2.141460709925132,2035.7882249928784,2.2693928703463575,2.181637122382927,310.0
2024-01-21 15:26:14+00:00,1705850774235750700,856.8377507324219,45.0,1.5,1.2291159629821775,18.07699966430664,2.252216100692749,0.5346526503562927,83.29321740180097,2.3121706,48.8506792,SensorLogger (Pixel 4 XL),3.8600831419541506,2038.9221688459827,2.2939857923067657,2.3274462480866136,311.0
2024-01-21 15:26:15+00:00,1705850774836792800,857.4387927246094,45.0,1.5,1.2291159629821775,18.131000518798828,2.292599439620972,0.5731533765792847,83.29321740180097,2.3121721,48.8506908,SensorLogger (Pixel 4 XL),2.1537964775416927,2040.2166909884372,2.3153319395505587,2.473824371411627,312.0
2024-01-21 15:26:16+00:00,1705850775958293800,858.5602937011719,45.0,1.5,1.2318700551986694,18.267000198364254,2.3737733364105225,1.0059216022491455,83.26639097386925,2.3121783,48.8507221,SensorLogger (Pixel 4 XL),2.412102923118908,2043.726752628477,2.33360605908736,2.6808138105996555,313.0
2024-01-21 15:26:17+00:00,1705850776973583000,859.5755830078125,45.0,1.5,1.221800684928894,18.308000564575195,2.3885509967803955,0.9424349665641784,83.26639097386925,2.3121818,48.8507508,SensorLogger (Pixel 4 XL),1.948255278805769,2046.9283340621448,2.345909911367161,2.7373085528046395,314.0
2024-01-21 15:26:18+00:00,1705850777988988000,860.5909877929688,45.0,1.5,1.1573126316070557,18.371000289916992,2.4132649898529053,1.072950839996338,83.25930476183682,2.3121841,48.8507791,SensorLogger (Pixel 4 XL),2.9926859343702086,2050.0796726208523,2.35266808880941,2.500345275504916,315.0
2024-01-21 15:26:19+00:00,1705850779161873200,861.763873046875,45.0,1.5,1.1832846403121948,18.400999069213867,2.364360809326172,1.060584545135498,83.28613116728103,2.3121883,48.8508109,SensorLogger (Pixel 4 XL),2.9844095128972827,2053.6294179794145,2.3543243595917427,2.4937714407074743,316.0
2024-01-21 15:26:20+00:00,1705850780217470200,862.8194702148437,45.0,1.5,1.1803381443023682,18.243000030517575,2.319859981536865,0.8036689162254333,83.29321740180097,2.3121912,48.850835,SensorLogger (Pixel 4 XL),3.158148264957136,2056.318087104708,2.350514326268204,2.2203618658785578,317.0
2024-01-21 15:26:21+00:00,1705850780803913000,863.4059128417969,45.0,1.5,1.1803381443023682,18.051000595092773,2.3172574043273926,0.8704050183296204,83.29321740180097,2.3121935,48.8508428,SensorLogger (Pixel 4 XL),1.5065338118014555,2057.201583312902,2.3389056436616498,2.018884347426784,318.0
2024-01-21 15:26:22+00:00,1705850781976798500,864.5787985839844,45.0,1.5,1.181368112564087,17.958999633789062,2.2997071743011475,1.4650230407714844,83.38837598369273,2.3121994,48.8508667,SensorLogger (Pixel 4 XL),1.5381103031862504,2059.8971168836074,2.321960178651434,2.0220773424697063,319.0
2024-01-21 15:26:23+00:00,1705850783098387500,865.7003874511719,45.0,1.5,1.078236103057861,17.738000869750977,2.284920215606689,2.286349296569824,83.5351554985061,2.312209,48.8508875,SensorLogger (Pixel 4 XL),1.5510610751340999,2062.3371699329186,2.3009121042571037,2.07267419368204,320.0
2024-01-21 15:26:24+00:00,1705850784205281800,866.8072817382813,45.0,1.5,1.0796290636062622,17.871000289916992,2.283007860183716,3.014546632766724,83.5351554985061,2.3122185,48.850911,SensorLogger (Pixel 4 XL),1.6548060603033758,2065.0433505487736,2.2860910657304565,2.1277133867971334,321.0
2024-01-21 15:26:25+00:00,1705850784791724800,867.3937248535157,45.0,1.5,1.0796290636062622,17.826000213623047,2.2845444679260254,3.4911458492279053,83.5351554985061,2.3122239,48.8509254,SensorLogger (Pixel 4 XL),2.8122680018295045,2066.6925854325705,2.273474152595221,2.0843010914216773,322.0
2024-01-21 15:26:26+00:00,1705850785964610800,868.5666108398437,45.0,1.5,1.1684762239456177,18.176000595092773,2.283735752105713,3.981243848800659,83.6743525038801,2.3122314,48.8509454,SensorLogger (Pixel 4 XL),1.092138784383766,2068.984769955994,2.2658910375914543,2.1132263515336636,323.0
2024-01-21 15:26:27+00:00,1705850787020208400,869.6222084960938,45.0,1.5,1.2972325086593628,18.2549991607666,2.2678802013397217,4.707659721374512,83.61210410350824,2.3122385,48.850971,SensorLogger (Pixel 4 XL),2.8893631849933756,2071.8852598843255,2.2554316179784832,2.0776565125028297,324.0
2024-01-21 15:26:28+00:00,1705850788193094700,870.7950947265625,45.0,1.5,1.2975493669509888,18.333999633789062,2.2367477416992188,5.992399215698242,83.67537670468997,2.3122471,48.8509929,SensorLogger (Pixel 4 XL),2.6913095761446044,2074.4045617117763,2.241421088266169,2.287413703524264,325.0
2024-01-21 15:26:29+00:00,1705850789248692500,871.8506923828126,45.0,1.5,1.259679913520813,18.12700080871582,2.21891713142395,7.430435657501221,83.67537670468997,2.3122591,48.8510136,SensorLogger (Pixel 4 XL),3.291250125244818,2076.8854950490854,2.2284624229189616,2.2763233343437435,326.0
2024-01-21 15:26:30+00:00,1705850789835135700,872.4371357421875,45.0,1.5,1.259679913520813,18.040000915527344,2.2157857418060303,8.003311157226562,83.67537670468997,2.3122656,48.8510215,SensorLogger (Pixel 4 XL),1.7033588581998806,2077.884417927965,2.215516203237347,2.192690687714329,327.0
2024-01-21 15:26:31+00:00,1705850790998359600,873.6003596191406,45.0,1.5,1.187689185142517,17.777000427246094,2.1919970512390137,8.81586742401123,83.80140340776785,2.3122717,48.8510421,SensorLogger (Pixel 4 XL),1.4679836222726685,2080.218345028125,2.199239368783954,1.9791208046002615,328.0
2024-01-21 15:26:32+00:00,1705850792098893800,874.7008937988281,45.0,1.5,1.2779271602630615,17.770000457763672,2.173443555831909,8.787042617797852,83.81355180138982,2.3122761,48.851062,SensorLogger (Pixel 4 XL),1.4168281371607874,2082.455851746712,2.1790503918315607,1.8009981196645337,329.0
2024-01-21 15:26:33+00:00,1705850793237359600,875.8393596191406,45.0,1.5,1.2025097608566284,17.666000366210938,2.158240795135498,8.681572914123535,83.86122786582726,2.3122791,48.8510838,SensorLogger (Pixel 4 XL),1.477643459679182,2084.8919755852357,2.1579734295202173,1.778166757584989,330.0
2024-01-21 15:26:34+00:00,1705850793822951400,876.4249514160156,45.0,1.5,1.2025097608566284,17.847000122070312,2.152533769607544,8.675250053405762,83.86122786582726,2.312281,48.8510978,SensorLogger (Pixel 4 XL),2.668968701208428,2086.454899635945,2.1366309867185818,1.4407996779924275,331.0
2024-01-21 15:26:35+00:00,1705850794995838700,877.5978386230469,45.0,1.5,1.291752815246582,18.18000030517578,2.1396703720092773,8.732999801635742,83.67799209701127,2.3122814,48.8511164,SensorLogger (Pixel 4 XL),1.0061649480076245,2088.5250095047963,2.1167400959929843,1.4980972568138093,332.0
2024-01-21 15:26:36+00:00,1705850796168726300,878.7707263183594,45.0,1.5,1.2870726585388184,18.299999237060547,2.1117265224456787,8.197155952453613,83.62535051113619,2.3122812,48.851138,SensorLogger (Pixel 4 XL),1.2111027322024777,2090.9396156742605,2.0982682221615585,1.546748537510918,333.0
2024-01-21 15:26:37+00:00,1705850797224325000,879.8263251953125,45.0,1.5,1.2758738994598389,18.347000122070312,2.0661659240722656,7.109467506408691,83.66027614209017,2.3122768,48.8511564,SensorLogger (Pixel 4 XL),1.2635333073779635,2093.0531823807414,2.0826770681062006,1.668839394831735,334.0
2024-01-21 15:26:38+00:00,1705850797810769200,880.4127690429688,45.0,1.5,1.188975811004639,18.37700080871582,2.0426433086395264,6.698412895202637,83.6445848987379,2.3122752,48.851168,SensorLogger (Pixel 4 XL),2.2085022749991445,2094.348345288901,2.0718403343701364,1.7872163564544599,335.0
2024-01-21 15:26:39+00:00,1705850798983657200,881.5856572265625,45.0,1.5,1.1909273862838743,18.38400077819824,2.0468380451202397,6.133859157562256,83.65875763339665,2.3122726,48.851187,SensorLogger (Pixel 4 XL),1.8254107655600618,2096.4698251383497,2.064243739978232,1.7987670322206895,336.0
2024-01-21 15:26:40+00:00,1705850800156545500,882.7585456542969,45.0,1.5,1.1151914596557615,18.363000869750977,2.047428607940674,5.419130802154541,83.6835599762264,2.3122675,48.8512124,SensorLogger (Pixel 4 XL),1.5209590020284054,2099.343000150289,2.060292030999035,1.9542633810355439,337.0
2024-01-21 15:26:41+00:00,1705850801212145400,883.8141455078126,45.0,1.5,1.1158958673477173,18.381000518798828,2.067044734954834,5.222443103790283,83.70633770211205,2.3122646,48.8512362,SensorLogger (Pixel 4 XL),3.2136391055847633,2102.010438908769,2.059643128338993,1.9939301682721726,338.0
2024-01-21 15:26:42+00:00,1705850801798633200,884.4006333007812,45.0,1.5,1.1158958673477173,18.520000457763672,2.078686237335205,5.334752082824707,83.70633770211205,2.3122649,48.8512439,SensorLogger (Pixel 4 XL),1.4603576887496652,2102.8669211689285,2.063230483240682,2.1470336484780383,339.0
2024-01-21 15:26:43+00:00,1705850802956822500,885.5588225097656,45.0,1.5,1.1815035343170166,18.93600082397461,2.081026077270508,4.76984167098999,83.57515312346584,2.3122612,48.8512681,SensorLogger (Pixel 4 XL),1.7322923010571363,2105.5738257829603,2.0700456934277396,2.0594861721278557,340.0
2024-01-21 15:26:44+00:00,1705850804144368600,886.7463686523438,45.0,1.5,1.133907675743103,19.30500030517578,2.0810296535491943,4.984586238861084,83.77872066067243,2.3122599,48.8512968,SensorLogger (Pixel 4 XL),2.6006302797742697,2108.767020738481,2.0774817691129908,2.0045011295816915,341.0
2024-01-21 15:26:45+00:00,1705850805178805000,887.7808049316407,45.0,1.5,1.1199349164962769,19.224000930786133,2.083858728408813,5.156789302825928,83.62273386740776,2.312259,48.8513121,SensorLogger (Pixel 4 XL),1.7708068108809794,2110.4782721581273,2.081205433634083,1.8835407263201667,342.0
2024-01-21 15:26:46+00:00,1705850805786415000,888.3884150390625,45.0,1.5,1.1199349164962769,19.604999542236328,2.084243059158325,5.267489433288574,83.62273386740776,2.3122612,48.8513269,SensorLogger (Pixel 4 XL),2.721381536396266,2112.131810793457,2.0799846446352417,1.7827376241035966,343.0
2024-01-21 15:26:47+00:00,1705850806959305500,889.5613054199218,45.0,1.5,1.114163875579834,19.367000579833984,2.080472946166992,5.3558125495910645,83.81305952137744,2.3122618,48.8513452,SensorLogger (Pixel 4 XL),1.0077074139943478,2114.1683108222446,2.0775872297416553,1.836934170030603,344.0
2024-01-21 15:26:48+00:00,1705850808132196000,890.7341960449219,45.0,1.5,1.1415480375289917,18.93199920654297,2.078575849533081,4.874795436859131,83.85709824859472,2.312258,48.8513687,SensorLogger (Pixel 4 XL),1.5493173236210334,2116.8226759019803,2.07611677830037,1.9692285795347941,345.0
2024-01-21 15:26:49+00:00,1705850809187797800,891.7897978515625,45.0,1.5,1.1425567865371704,18.62299919128418,2.075852394104004,4.670032501220703,83.81305952137744,2.3122552,48.8513901,SensorLogger (Pixel 4 XL),1.6305933884422998,2119.2133964174222,2.07734591324406,2.2443439926588473,346.0
2024-01-21 15:26:50+00:00,1705850809774243000,892.3762431640625,45.0,1.5,1.1008305549621582,18.43000030517578,2.075101852416992,4.8476643562316895,83.81305952137744,2.3122561,48.8514032,SensorLogger (Pixel 4 XL),2.486407499874992,2120.6715376636866,2.082257212556876,2.318035475907818,347.0
2024-01-21 15:26:51+00:00,1705850810947133700,893.5491337890625,45.0,1.5,1.1038153171539309,18.035999298095703,2.076890468597412,5.602054119110107,83.81103475782652,2.3122581,48.8514241,SensorLogger (Pixel 4 XL),2.1696191782612697,2123.0008872582303,2.0896824275746178,2.4485913546406626,348.0
2024-01-21 15:26:52+00:00,1705850811497552100,894.0995522460937,45.0,1.5,1.1038153171539309,18.05599975585937,2.0848281383514404,6.06767463684082,83.81103475782652,2.3122628,48.8514372,SensorLogger (Pixel 4 XL),2.7191988719930418,2124.497583262955,2.100117421042337,2.628103393341716,349.0
2024-01-21 15:26:53+00:00,1705850813058337000,895.6603369140626,45.0,1.5,1.0776026248931885,17.996999740600586,2.114879608154297,6.318258285522461,84.05003572719117,2.3122775,48.8514794,SensorLogger (Pixel 4 XL),4.19154648009579,2129.3125383876663,2.1144091921154846,2.625783468993143,350.0
2024-01-21 15:26:54+00:00,1705850814231227600,896.8332275390625,45.0,1.5,1.0785373449325562,18.082000732421875,2.1429388523101807,5.6822614669799805,83.8880555354761,2.3122853,48.8515076,SensorLogger (Pixel 4 XL),3.2186922240207383,2132.502762794069,2.1310032553262954,2.764545042131319,351.0
2024-01-21 15:26:55+00:00,1705850814818472000,897.4204719238281,45.0,1.5,1.0785373449325562,18.184999465942383,2.152820348739624,5.068832874298096,83.8880555354761,2.3122853,48.8515182,SensorLogger (Pixel 4 XL),2.007114968862762,2133.681429016844,2.1503494374892407,2.698500556777031,352.0
2024-01-21 15:26:56+00:00,1705850815936904700,898.5389047851562,45.0,1.5,1.0771620273590088,18.53400039672852,2.171466588973999,4.291051864624023,84.0799011639307,2.3122914,48.851547,SensorLogger (Pixel 4 XL),2.2760296348232743,2136.9147960096693,2.170423014455263,2.6182665007140145,353.0
2024-01-21 15:26:57+00:00,1705850816970893000,899.5728930664062,45.0,1.5,1.257869839668274,18.507999420166016,2.183953762054444,4.156404972076416,83.98337596262586,2.3122974,48.8515715,SensorLogger (Pixel 4 XL),2.6687166253145413,2139.674216975645,2.188224233868986,2.6345803438113404,354.0
2024-01-21 15:26:58+00:00,1705850818101765400,900.7037653808594,45.0,1.5,1.2591317892074585,18.440000534057617,2.2044503688812256,4.285196304321289,84.17523031073574,2.3123059,48.851602,SensorLogger (Pixel 4 XL),1.911676456776736,2143.124799572766,2.205483975777271,2.5977992271323305,355.0
2024-01-21 15:26:59+00:00,1705850819274655500,901.876655517578,45.0,1.5,1.2605838775634766,18.61599922180176,2.2194740772247314,4.459671497344971,84.3038105957956,2.3123138,48.8516301,SensorLogger (Pixel 4 XL),1.9470921476109382,2146.305246788091,2.218635397259478,2.4895980084485827,356.0
2024-01-21 15:27:00+00:00,1705850819861100500,902.4631005859376,45.0,1.5,1.2408515214920044,18.48500061035156,2.224740982055664,4.486545085906982,84.3038105957956,2.3123171,48.8516451,SensorLogger (Pixel 4 XL),2.873778107525858,2147.990556716581,2.2254664792194743,2.3708802957443966,357.0
2024-01-21 15:27:01+00:00,1705850820969338600,903.5713386230468,45.0,1.5,1.32036292552948,18.29199981689453,2.23695707321167,5.0576701164245605,84.38558087120349,2.3123226,48.8516695,SensorLogger (Pixel 4 XL),2.6699066791329824,2150.734646338684,2.226672429736395,2.2985684317137833,358.0
2024-01-21 15:27:02+00:00,1705850822089591600,904.6915915527344,45.0,1.5,1.3226333856582642,18.451000213623047,2.2271885871887207,5.70676851272583,84.34710784108283,2.3123308,48.8516988,SensorLogger (Pixel 4 XL),2.8646656543620304,2154.0478684712552,2.2243480727683482,2.299706437104186,359.0
2024-01-21 15:27:03+00:00,1705850823262481400,905.8644814453124,45.0,1.5,1.323411226272583,18.59600067138672,2.2179501056671143,5.803808212280273,84.24637007854399,2.3123362,48.8517236,SensorLogger (Pixel 4 XL),3.084283853407831,2156.8365643253296,2.21822232919582,2.231852695426371,360.0
2024-01-21 15:27:04+00:00,1705850823836653300,906.4386533203124,45.0,1.5,1.323411226272583,18.64900016784668,2.2210114002227783,5.763125896453857,84.24637007854399,2.3123376,48.8517306,SensorLogger (Pixel 4 XL),1.3673182113256537,2157.621640157363,2.2051785287814023,2.1383170129191784,361.0
2024-01-21 15:27:05+00:00,1705850824940577500,907.5425776367188,45.0,1.5,1.410325288772583,18.46299934387207,2.185136556625366,5.215288639068604,84.22510899564982,2.3123364,48.8517528,SensorLogger (Pixel 4 XL),1.75055402736111,2160.0961870905003,2.1850908055025107,2.0293930911189566,362.0
2024-01-21 15:27:06+00:00,1705850826077416700,908.6794167480468,45.0,1.5,1.4044065475463867,18.34000015258789,2.1554489135742188,4.187005519866943,84.12258382921934,2.3123306,48.8517746,SensorLogger (Pixel 4 XL),1.3790256022623566,2162.5632975108733,2.1597538641675142,2.0210643663912125,363.0
2024-01-21 15:27:07+00:00,1705850827197449200,909.79944921875,45.0,1.5,1.404170036315918,18.202999114990234,2.1322622299194336,3.721229314804077,84.08360539549352,2.312327,48.8517951,SensorLogger (Pixel 4 XL),1.283625373083651,2164.8582492335627,2.132048746687266,1.9342509200135822,364.0
2024-01-21 15:27:08+00:00,1705850827719462400,910.3214624023436,45.0,1.5,1.404170036315918,18.08699989318848,2.1218600273132324,3.695556879043579,84.08360539549352,2.3123265,48.8518083,SensorLogger (Pixel 4 XL),2.8126289522696983,2166.3264781108237,2.1053961626544906,1.9253866902778003,365.0
2024-01-21 15:27:09+00:00,1705850828892352000,911.4943520507812,45.0,1.5,1.1963651180267334,18.05500030517578,2.095871925354004,5.155451774597168,84.18815533595915,2.3123298,48.8518259,SensorLogger (Pixel 4 XL),2.2248503029915567,2168.2984580213956,2.083190139278578,1.9760144025601436,366.0
2024-01-21 15:27:10+00:00,1705850829947952600,912.5499526367188,45.0,1.5,1.1935690641403198,18.266000747680664,2.046093463897705,5.959781169891357,84.14411488402396,2.3123318,48.8518417,SensorLogger (Pixel 4 XL),1.8135372776841585,2170.0616932928983,2.0669480822205113,1.9829943633409628,367.0
2024-01-21 15:27:11+00:00,1705850831120842500,913.7228425292968,45.0,1.5,1.175000548362732,18.48600006103516,2.0329806804656982,5.637635231018066,84.04894779447748,2.3123289,48.8518638,SensorLogger (Pixel 4 XL),2.157056738454862,2172.5293977075776,2.056018952978154,2.1340721190559737,368.0
2024-01-21 15:27:12+00:00,1705850832176443100,914.7784431152344,45.0,1.5,1.2052756547927856,18.71199989318848,2.0326449871063232,5.499299049377441,84.11070503905731,2.3123263,48.8518849,SensorLogger (Pixel 4 XL),3.201664839277716,2174.889111304059,2.0544815110944623,2.2241592711223985,369.0
2024-01-21 15:27:13+00:00,1705850832762888000,915.3648879394532,45.0,1.5,1.2052756547927856,18.731000900268555,2.053677797317505,5.433964729309082,84.11070503905731,2.3123247,48.8518936,SensorLogger (Pixel 4 XL),1.6616280323261239,2175.8635647554765,2.0614198382623705,2.3411487349221227,370.0
2024-01-21 15:27:14+00:00,1705850833935777500,916.5377775878908,45.0,1.5,1.2136213779449463,18.608999252319336,2.0824224948883057,5.074134826660156,84.05097261501456,2.3123228,48.8519213,SensorLogger (Pixel 4 XL),2.036319017104397,2178.9484195487007,2.076687682699845,2.4682975327292245,371.0
2024-01-21 15:27:15+00:00,1705850835038394400,917.6403942871094,45.0,1.5,1.1471281051635742,18.59600067138672,2.103224515914917,5.287009239196777,84.08590084562607,2.3123202,48.8519481,SensorLogger (Pixel 4 XL),2.3260174548696773,2181.9395221601344,2.098486889972957,2.50676396410086,372.0
2024-01-21 15:27:16+00:00,1705850836176463600,918.7784636230468,45.0,1.5,1.1497820615768433,18.566999435424805,2.130220890045166,5.660023212432861,84.11070503905731,2.3123211,48.8519762,SensorLogger (Pixel 4 XL),1.8993882567464582,2185.067005427614,2.126020429360932,2.6094277988008394,373.0
2024-01-21 15:27:17+00:00,1705850836750718500,919.3527185058592,45.0,1.5,1.1497820615768433,18.489999771118164,2.1439855098724365,5.930601596832275,84.11070503905731,2.3123234,48.8519927,SensorLogger (Pixel 4 XL),3.2083673961684256,2186.909423238333,2.1550304348112888,2.643481437669572,374.0
2024-01-21 15:27:18+00:00,1705850837806319000,920.4083190917968,45.0,1.5,1.1552125215530396,18.584999084472656,2.1825222969055176,5.7922797203063965,84.55314308387076,2.3123216,48.8520187,SensorLogger (Pixel 4 XL),3.308217992170649,2189.804817521718,2.179074271232306,2.542677533568464,375.0
2024-01-21 15:27:19+00:00,1705850838979208400,921.5812084960936,45.0,1.5,1.1530829668045044,18.61100006103516,2.22011661529541,5.908382415771484,84.68020909089357,2.3123223,48.8520462,SensorLogger (Pixel 4 XL),2.793275908459565,2192.863485702996,2.1985461008494913,2.4293079392024475,376.0
2024-01-21 15:27:20+00:00,1705850840152098000,922.7540981445312,45.0,1.5,1.1327871084213257,18.798999786376957,2.233518362045288,6.50191068649292,84.69742136622028,2.3123237,48.8520763,SensorLogger (Pixel 4 XL),2.8239299169174723,2196.215056194087,2.2139318638797376,2.3539764730627057,377.0
2024-01-21 15:27:21+00:00,1705850841207698400,923.809698486328,45.0,1.5,1.1299432516098022,18.79199981689453,2.2333168983459477,6.738097667694092,84.76272708253029,2.3123231,48.8520991,SensorLogger (Pixel 4 XL),1.8716357130042018,2198.7588677863823,2.2259185050947217,2.1883721091356625,378.0
2024-01-21 15:27:22+00:00,1705850841777096000,924.3790959472656,45.0,1.5,1.1299432516098022,18.768999099731445,2.232618570327759,6.693221092224121,84.76272708253029,2.3123225,48.8521069,SensorLogger (Pixel 4 XL),1.525173492190781,2199.6272985224887,2.236551249836377,2.0386721077793193,379.0
2024-01-21 15:27:23+00:00,1705850842920027100,925.5220270996094,45.0,1.5,1.19433856010437,18.738000869750977,2.23245620727539,6.383124828338623,84.72473108376565,2.3123206,48.8521303,SensorLogger (Pixel 4 XL),1.7434096322788608,2202.2359423193216,2.2451684876265148,1.9811639088551434,380.0
2024-01-21 15:27:24+00:00,1705850843969522000,926.5715219726562,45.0,1.5,1.1811325550079346,18.899999618530277,2.237704038619995,6.775998115539551,84.63664613147267,2.3123252,48.8521532,SensorLogger (Pixel 4 XL),1.508054596236099,2204.8066154481035,2.252295577364282,1.9932993067892055,381.0
2024-01-21 15:27:25+00:00,1705850845078232800,927.6802329101564,45.0,1.5,1.1523654460906982,18.75300025939941,2.249430656433105,6.730086326599121,84.53793132735856,2.3123313,48.8521806,SensorLogger (Pixel 4 XL),1.8577699412722706,2207.8858865707475,2.2560305481043454,2.084189910554965,382.0
2024-01-21 15:27:26+00:00,1705850846251122000,928.853121826172,45.0,1.5,1.094696283340454,18.53499984741211,2.2648372650146484,6.292800426483154,84.7815161855585,2.3123385,48.8522088,SensorLogger (Pixel 4 XL),1.8907509334209651,2211.075333655466,2.260575246163635,2.2667233138384772,383.0
2024-01-21 15:27:27+00:00,1705850846837566500,929.43956640625,45.0,1.5,1.1859030723571775,18.593000411987305,2.2709028720855717,6.170875549316406,84.75156174010976,2.3123439,48.8522241,SensorLogger (Pixel 4 XL),2.9782182654993354,2212.8218918879584,2.2674473130325508,2.4173155407652915,384.0
2024-01-21 15:27:28+00:00,1705850847970319000,930.5723190917968,45.0,1.5,1.1847738027572632,18.59600067138672,2.2841155529022217,6.150610446929932,84.8361041764571,2.3123496,48.8522512,SensorLogger (Pixel 4 XL),2.892264265024982,2215.8645728803467,2.275184283968562,2.58568096689223,385.0
2024-01-21 15:27:29+00:00,1705850849066055400,931.668055419922,45.0,1.5,1.1764525175094604,18.52899932861328,2.2868664264678955,6.339809894561768,85.01936673179767,2.3123565,48.8522845,SensorLogger (Pixel 4 XL),3.3367180408986252,2219.602060683009,2.2829881169677444,2.555878667286461,386.0
2024-01-21 15:27:30+00:00,1705850850238944500,932.840944580078,45.0,1.5,1.178929328918457,18.46299934387207,2.287483692169189,6.726498603820801,85.29072411044694,2.3123613,48.8523119,SensorLogger (Pixel 4 XL),3.1546383048625515,2222.6742195821403,2.2910214553591475,2.522029748546176,387.0
2024-01-21 15:27:31+00:00,1705850850817945000,933.4199450683594,45.0,1.5,1.178929328918457,18.4060001373291,2.289781332015991,6.8683390617370605,85.29072411044694,2.312362,48.8523217,SensorLogger (Pixel 4 XL),1.884133350852289,2223.7651327922836,2.2975924364582028,2.474283671675823,388.0
2024-01-21 15:27:32+00:00,1705850851917642000,934.5196420898436,45.0,1.5,1.1794356107711792,18.42300033569336,2.3007798194885254,6.758377552032471,85.34185772618517,2.3123664,48.8523502,SensorLogger (Pixel 4 XL),2.259105773478844,2226.9508806994536,2.30249815440287,2.386254335603498,389.0
2024-01-21 15:27:33+00:00,1705850852968649200,935.570649169922,45.0,1.5,1.2778338193893433,18.275999069213867,2.3045525550842285,6.033731460571289,85.36818406480637,2.3123661,48.8523754,SensorLogger (Pixel 4 XL),1.8206362116723576,2229.7537830913607,2.3062335935653184,2.3795521759834903,390.0
2024-01-21 15:27:34+00:00,1705850854109477400,936.711477294922,45.0,1.5,1.353335738182068,18.04599952697754,2.310014009475708,5.287125587463379,85.42488722646169,2.3123652,48.8524039,SensorLogger (Pixel 4 XL),1.7921206077478553,2232.9290382290096,2.3103544718539677,2.3153044579827404,391.0
2024-01-21 15:27:35+00:00,1705850855297315300,937.8993154296876,45.0,1.5,1.2668157815933228,18.03499984741211,2.3186135292053223,4.946830749511719,85.44218096395986,2.3123641,48.8524312,SensorLogger (Pixel 4 XL),1.7353235108235527,2235.966323405788,2.3129225364098307,2.2403297778647193,392.0
2024-01-21 15:27:36+00:00,1705850855868810000,938.4708100585938,45.0,1.5,1.26386559009552,18.03400039672852,2.3220808506011963,5.054900646209717,85.44775000530109,2.3123655,48.8524462,SensorLogger (Pixel 4 XL),2.924026131642155,2237.637389719891,2.315145129639651,2.2755559372243748,393.0
2024-01-21 15:27:37+00:00,1705850856924409300,939.526409423828,45.0,1.5,1.264326810836792,17.81800079345703,2.314029693603516,4.784330368041992,85.38395938779502,2.3123626,48.852469,SensorLogger (Pixel 4 XL),2.6434364153427805,2240.181943766108,2.3158052340891686,2.300257517162727,394.0
2024-01-21 15:27:38+00:00,1705850858097297700,940.6992976074218,45.0,1.5,1.2745319604873655,17.966999053955078,2.312147617340088,4.6904706954956055,85.36674612903656,2.3123628,48.8524977,SensorLogger (Pixel 4 XL),2.8637719592105073,2243.374503692422,2.3143970448507027,2.2987417957930063,395.0
2024-01-21 15:27:39+00:00,1705850859270186000,941.8721860351562,45.0,1.5,1.2196508646011353,18.083999633789062,2.3115696907043457,4.50784969329834,85.16317859182996,2.3123617,48.8525221,SensorLogger (Pixel 4 XL),2.8462414103065057,2246.0898404115255,2.3107274581943824,2.261678508427867,396.0
2024-01-21 15:27:40+00:00,1705850859778283000,942.3802829589844,45.0,1.5,1.2196508646011353,18.261999130249023,2.311708211898804,4.375728607177734,85.16317859182996,2.3123614,48.8525305,SensorLogger (Pixel 4 XL),1.8388127831380887,2247.0241356701995,2.30638082879702,2.19903077283726,397.0
2024-01-21 15:27:41+00:00,1705850860879074000,943.4810739746092,45.0,1.5,1.2200183868408203,18.496999740600582,2.300450325012207,4.654085636138916,85.11913305989341,2.3123624,48.8525534,SensorLogger (Pixel 4 XL),1.547475071612869,2249.572082409709,2.301520821195934,2.177307976909779,398.0
2024-01-21 15:27:42+00:00,1705850861967828500,944.5698283691406,45.0,1.5,1.194798231124878,18.913000106811523,2.2977516651153564,4.989367485046387,85.0816692248426,2.3123649,48.8525774,SensorLogger (Pixel 4 XL),2.456879229356202,2252.2470219550664,2.296993764385391,2.1513740702373747,399.0
2024-01-21 15:27:43+00:00,1705850863118643000,945.7206428222656,45.0,1.5,1.1831064224243164,18.89800071716309,2.2917635440826416,4.540899276733398,85.0816692248426,2.312363,48.8525991,SensorLogger (Pixel 4 XL),1.338335533959475,2254.670327807809,2.2941883786231805,2.2719337078091626,400.0
2024-01-21 15:27:44+00:00,1705850864196315400,946.7983154296876,45.0,1.5,1.186457276344299,18.86400032043457,2.288461446762085,3.980989694595337,85.14191520293133,2.3123602,48.8526227,SensorLogger (Pixel 4 XL),2.011534630677361,2257.3025349078994,2.292640314706323,2.43540658252493,401.0
2024-01-21 15:27:45+00:00,1705850864782759200,947.3847592773436,45.0,1.5,1.186457276344299,18.804000854492188,2.287405252456665,3.649550914764404,85.14191520293133,2.3123592,48.8526381,SensorLogger (Pixel 4 XL),2.9226392390525717,2259.0164991538063,2.291556526632882,2.5790881420909817,402.0
2024-01-21 15:27:46+00:00,1705850865955646700,948.5576467285156,45.0,1.5,1.1976100206375122,18.54199981689453,2.291968822479248,2.9303598403930664,85.22089377416623,2.3123575,48.8526622,SensorLogger (Pixel 4 XL),2.5616635937483045,2261.699275617365,2.291807543422314,2.7242681344956217,403.0
2024-01-21 15:27:47+00:00,1705850867011245300,949.6132453613282,45.0,1.5,1.1286541223526,18.496999740600582,2.297471284866333,2.781124353408813,85.14343401465058,2.3123574,48.8526925,SensorLogger (Pixel 4 XL),3.631616744752858,2265.068570367931,2.295798589956719,2.8744695299218606,404.0
2024-01-21 15:27:48+00:00,1705850868184132900,950.7861328125,45.0,1.5,1.1153204441070557,18.516000747680664,2.302772045135498,2.695255279541016,85.11356410093344,2.3123575,48.8527208,SensorLogger (Pixel 4 XL),3.3771443967117833,2268.216091591376,2.303586613322827,2.788103161293428,405.0
2024-01-21 15:27:49+00:00,1705850869239731500,951.8417314453123,45.0,1.5,1.1140297651290894,18.51000022888184,2.3083484172821045,3.0283820629119877,85.14343401465058,2.3123584,48.8527485,SensorLogger (Pixel 4 XL),3.7003972559511933,2271.2969107469953,2.3131810621978053,2.6772733645172306,406.0
2024-01-21 15:27:50+00:00,1705850869816397300,952.4183972167968,45.0,1.5,1.1140297651290894,18.444000244140625,2.3112335205078125,3.20790958404541,85.14343401465058,2.3123578,48.8527582,SensorLogger (Pixel 4 XL),1.8719426212757568,2272.376394538693,2.3319652885333566,2.6444080157613676,407.0
2024-01-21 15:27:51+00:00,1705850870957421000,953.559421142578,45.0,1.5,1.1147572994232178,18.43600082397461,2.3226189613342285,2.9201948642730717,85.21785612316732,2.3123578,48.8527868,SensorLogger (Pixel 4 XL),2.123713950522083,2275.5574785601766,2.3634419823124526,2.5649344972169836,408.0
2024-01-21 15:27:52+00:00,1705850871969113300,954.57111328125,45.0,1.5,1.0708863735198977,18.35700035095215,2.336857795715332,4.327200889587402,85.37986569983812,2.3123649,48.8528122,SensorLogger (Pixel 4 XL),1.8694015717113948,2278.4354755013046,2.372093578053828,2.5282049169343903,409.0
2024-01-21 15:27:53+00:00,1705850873110258400,955.7122585449218,45.0,1.5,1.18757426738739,18.075000762939453,2.3538880348205566,5.562404632568359,85.42543145271951,2.3123754,48.8528423,SensorLogger (Pixel 4 XL),1.8809748926641503,2281.870170755964,2.364695415022159,2.454010275705754,410.0
2024-01-21 15:27:54+00:00,1705850874297914400,956.8999143066408,45.0,1.5,1.0689680576324463,18.2189998626709,2.348616600036621,5.759690761566162,85.65583227041951,2.3123824,48.8528689,SensorLogger (Pixel 4 XL),1.7250448967027954,2284.8719906291544,2.3243726411016943,2.2745228368253567,411.0
2024-01-21 15:27:55+00:00,1705850874869588500,957.4715883789064,45.0,1.5,1.225243091583252,18.277000427246094,2.3335697650909424,5.629608631134033,85.4502395769961,2.3123858,48.8528843,SensorLogger (Pixel 4 XL),3.0268591047921936,2286.6023672810275,2.253813104607952,2.150966477068377,412.0
2024-01-21 15:27:56+00:00,1705850875973447000,958.5754470214844,45.0,1.5,1.2250680923461914,18.26099967956543,2.307230234146118,4.912842750549316,85.59655836241703,2.3123943,48.8529114,SensorLogger (Pixel 4 XL),2.8592511881227227,2289.6793475477043,2.1538489054770604,1.9537263125209816,413.0
2024-01-21 15:27:57+00:00,1705850877098072600,959.7000725097656,45.0,1.5,1.077889323234558,18.25,2.156061887741089,2.272587776184082,85.89176629034858,2.312399,48.8529418,SensorLogger (Pixel 4 XL),2.9864127528973614,2293.0795810384475,2.0331496558038467,1.8980598052614202,414.0
2024-01-21 15:27:58+00:00,1705850878270958600,960.8729584960936,45.0,1.5,1.0810643434524536,17.979000091552734,1.8190360069274905,358.865966796875,85.91809410011872,2.3123975,48.8529561,SensorLogger (Pixel 4 XL),1.829264254874459,2294.682369251174,1.8966860109864416,1.7568062450090647,415.0
2024-01-21 15:27:59+00:00,1705850878857401600,961.459401611328,45.0,1.5,1.0810643434524536,17.816999435424805,1.7212293148040771,356.2811279296875,85.91809410011872,2.3123933,48.8529583,SensorLogger (Pixel 4 XL),0.6697614758556556,2295.0751461803593,1.7551871623388875,1.5919716402574875,416.0
2024-01-21 15:28:00+00:00,1705850879998556200,962.6005561523438,45.0,1.5,1.0825284719467163,17.291000366210938,1.5073461532592771,351.6990966796875,85.96062381219332,2.3123852,48.852969,SensorLogger (Pixel 4 XL),0.8176361684249948,2296.431195712002,1.620824411767649,1.460712060565763,417.0
2024-01-21 15:28:01+00:00,1705850881056512000,963.6585119628908,45.0,1.5,1.211625576019287,17.03499984741211,1.4368818998336792,344.65484619140625,85.78186537251068,2.3123763,48.8529805,SensorLogger (Pixel 4 XL),0.7192909702760472,2297.8671115504208,1.5075145464677158,1.4202534611937974,418.0
2024-01-21 15:28:02+00:00,1705850882178412000,964.780412109375,45.0,1.5,1.2146739959716797,17.118000030517578,1.3764419555664062,336.9939270019531,85.84515421639139,2.3123625,48.8529891,SensorLogger (Pixel 4 XL),0.9383096820554381,2299.401478467913,1.4253090945843736,1.34131022039983,419.0
2024-01-21 15:28:03+00:00,1705850882727924700,965.3299248046876,45.0,1.5,1.2146739959716797,17.290000915527344,1.369074463844299,333.00604248046875,85.84515421639139,2.3123499,48.8529943,SensorLogger (Pixel 4 XL),1.9803194926370642,2300.4896897732706,1.3792282006319907,1.4234004500227582,420.0
2024-01-21 15:28:04+00:00,1705850883783521800,966.3855217285156,45.0,1.5,1.0920525789260864,17.513999938964844,1.3571456670761108,326.1138916015625,86.30593249102722,2.31233,48.8530016,SensorLogger (Pixel 4 XL),2.0424064807666036,2302.1596388635558,1.3712974252744032,1.5427715368283446,421.0
2024-01-21 15:28:05+00:00,1705850884956407300,967.5584072265624,45.0,1.5,1.0931971073150637,17.59000015258789,1.3853611946105957,319.1405029296875,86.45428791216295,2.3123067,48.8530079,SensorLogger (Pixel 4 XL),1.6850285278145922,2304.0032095543934,1.3873848258100558,1.7262084482718183,422.0
2024-01-21 15:28:06+00:00,1705850886012004000,968.6140041503908,45.0,1.5,1.274626851081848,17.589000701904297,1.4268596172332764,312.8384094238281,86.66239495547039,2.3122772,48.8530164,SensorLogger (Pixel 4 XL),2.451876599954693,2306.373862941977,1.3973090912961386,1.8611067575741513,423.0
2024-01-21 15:28:07+00:00,1705850887184889300,969.7868894042967,45.0,1.5,1.285369634628296,17.382999420166016,1.4672191143035889,306.764404296875,86.45935128306449,2.3122456,48.8530214,SensorLogger (Pixel 4 XL),2.353680626122442,2308.755877670889,1.4129629957190541,1.9294072988392266,424.0
2024-01-21 15:28:08+00:00,1705850887778560000,970.3805600585938,45.0,1.5,1.285369634628296,17.437999725341797,1.4798901081085205,303.7731018066406,86.45935128306449,2.3122329,48.8530213,SensorLogger (Pixel 4 XL),1.5652912485630122,2309.6851456917143,1.414938585466936,1.944364896376822,425.0
2024-01-21 15:28:09+00:00,1705850888917229300,971.5192292480468,45.0,1.5,1.3828171491622925,17.24799919128418,1.4470287561416626,296.8758850097656,86.69024421855363,2.3122035,48.8530204,SensorLogger (Pixel 4 XL),1.5734177265458433,2311.874565237628,1.4124723925310096,1.9113688584939053,426.0
2024-01-21 15:28:10+00:00,1705850890036715300,972.6387153320312,45.0,1.5,1.6027934551239014,17.17300033569336,1.402795910835266,288.9998474121094,86.6077093967449,2.3121759,48.8530152,SensorLogger (Pixel 4 XL),1.4917795569769436,2314.001196670334,1.4061466571971917,1.9097764974345948,427.0
2024-01-21 15:28:11+00:00,1705850891177667000,973.7796669921876,45.0,1.5,1.5322538614273071,17.334999084472656,1.370046854019165,280.63043212890625,86.49022113959356,2.3121495,48.8530051,SensorLogger (Pixel 4 XL),1.6510266553941213,2316.284809400954,1.3984626941551526,1.9558722206359311,428.0
2024-01-21 15:28:12+00:00,1705850891759141400,974.3611413574218,45.0,1.5,1.5322538614273071,17.466999053955078,1.355979561805725,276.3365783691406,86.49022113959356,2.3121349,48.8529992,SensorLogger (Pixel 4 XL),2.155883056135476,2317.5383993451373,1.3889349995695164,2.013295344750052,429.0
2024-01-21 15:28:13+00:00,1705850892814738000,975.4167380371092,45.0,1.5,1.343450665473938,17.214000701904297,1.348608374595642,267.69097900390625,86.19755516360723,2.3121143,48.8529821,SensorLogger (Pixel 4 XL),2.450933000006564,2319.982832541616,1.3824274235721161,2.0235081664527876,430.0
2024-01-21 15:28:14+00:00,1705850893987623000,976.5896228027344,45.0,1.5,1.2679792642593384,17.07200050354004,1.3711540699005127,260.2584228515625,86.11856746702227,2.312095,48.8529658,SensorLogger (Pixel 4 XL),2.088561076058806,2322.281843575148,1.384272366087908,2.1219975325165867,431.0
2024-01-21 15:28:15+00:00,1705850895043219200,977.6452192382812,45.0,1.5,1.2633386850357056,17.121000289916992,1.4134724140167236,254.0564117431641,86.13780799178505,2.3120691,48.8529501,SensorLogger (Pixel 4 XL),2.457645223472029,2324.8620987270883,1.4020506038924763,2.1867392557294125,432.0
2024-01-21 15:28:16+00:00,1705850896216110800,978.8181108398436,45.0,1.5,1.216575026512146,17.048999786376953,1.4533305168151855,247.1326904296875,86.4780687175057,2.3120496,48.8529311,SensorLogger (Pixel 4 XL),2.554229287412506,2327.4115551179393,1.4322704932269004,2.223037967953908,433.0
2024-01-21 15:28:17+00:00,1705850896778159400,979.380159423828,45.0,1.5,1.216575026512146,16.98900032043457,1.4730654954910278,243.5951385498047,86.4780687175057,2.3120456,48.8529218,SensorLogger (Pixel 4 XL),1.9121643763822764,2328.486283281356,1.4713628501374336,2.230136307817151,434.0
2024-01-21 15:28:18+00:00,1705850897917959000,980.519958984375,45.0,1.5,1.19345223903656,17.158000946044922,1.509941816329956,236.0658264160156,86.4780687175057,2.3120344,48.8528993,SensorLogger (Pixel 4 XL),2.122104029605006,2331.149973622742,1.5163947269387994,2.229285141308945,435.0
2024-01-21 15:28:19+00:00,1705850898968103000,981.5701030273436,45.0,1.5,1.1897244453430176,17.322999954223633,1.5550628900527954,229.5343017578125,86.4780687175057,2.3120298,48.8528754,SensorLogger (Pixel 4 XL),2.1106171146208923,2333.870377111671,1.5675093151325639,2.3138587237871997,436.0
2024-01-21 15:28:20+00:00,1705850900086630100,982.6886301269532,45.0,1.5,1.17737877368927,17.413000106811523,1.6165657043457031,224.16488647460935,86.45680202089105,2.3120225,48.8528482,SensorLogger (Pixel 4 XL),2.145526678291828,2336.9575626517644,1.6241761563590296,2.37357209328111,437.0
2024-01-21 15:28:21+00:00,1705850901277060900,983.8790607910156,45.0,1.5,1.1429499387741089,17.150999069213867,1.6852071285247805,219.94813537597656,86.43907981458167,2.3120154,48.852821,SensorLogger (Pixel 4 XL),2.097147850356151,2340.03117394731,1.6785249912900713,2.422954726905746,438.0
2024-01-21 15:28:22+00:00,1705850901845956600,984.4479565429688,45.0,1.5,1.1632360219955444,17.297000885009766,1.7170023918151855,218.2337646484375,86.40566089805876,2.3120102,48.852807,SensorLogger (Pixel 4 XL),2.8169416973800723,2341.6337208111827,1.7309380871138516,2.480709208326678,439.0
2024-01-21 15:28:23+00:00,1705850902969694500,985.571694580078,45.0,1.5,1.1769288778305054,17.142000198364258,1.7813066244125366,215.2809600830078,86.33679809274128,2.3120034,48.8527825,SensorLogger (Pixel 4 XL),2.6460435033568066,2344.4038411253364,1.7824309195868127,2.4634621526303038,440.0
2024-01-21 15:28:24+00:00,1705850904074436600,986.6764365234376,45.0,1.5,1.1845476627349854,17.04800033569336,1.842232346534729,212.59559631347656,86.40566089805876,2.311992,48.8527534,SensorLogger (Pixel 4 XL),2.987321204184884,2347.7457463411183,1.8309228482829059,2.5380992825271336,441.0
2024-01-21 15:28:25+00:00,1705850905247320600,987.8493205566406,45.0,1.5,1.186993956565857,17.055999755859375,1.898720383644104,210.013671875,86.25780909506705,2.311985,48.8527261,SensorLogger (Pixel 4 XL),3.00616404142681,2350.8245807242783,1.8705613298114168,2.5221505769429826,442.0
2024-01-21 15:28:26+00:00,1705850905838590700,988.4405908203124,45.0,1.5,1.186993956565857,17.084999084472656,1.9239095449447632,208.7751922607422,86.25780909506705,2.3119843,48.8527159,SensorLogger (Pixel 4 XL),1.9201786615194856,2351.959924761475,1.8997796609930426,2.497886126722257,443.0
2024-01-21 15:28:27+00:00,1705850906958744000,989.560744140625,45.0,1.5,1.2589625120162964,17.31599998474121,1.9149813652038572,205.2577667236328,86.22236555395953,2.311982,48.8526901,SensorLogger (Pixel 4 XL),2.148888346488111,2354.8426822698557,1.9258782752498886,2.476514927755122,444.0
2024-01-21 15:28:28+00:00,1705850908062241500,990.664241455078,45.0,1.5,1.279386043548584,17.424999237060547,1.9369052648544312,202.60324096679688,86.22236555395953,2.311981,48.8526625,SensorLogger (Pixel 4 XL),2.466469100833897,2357.9127176505212,1.9486072067761415,2.499822719137444,445.0
2024-01-21 15:28:29+00:00,1705850909176458800,991.7784587402344,45.0,1.5,1.2830320596694946,17.534000396728516,1.950667142868042,200.181396484375,86.27350556789408,2.3119851,48.8526445,SensorLogger (Pixel 4 XL),1.8166144786572846,2359.936942894148,1.9628866167629568,2.454390824916464,446.0
2024-01-21 15:28:30+00:00,1705850909704264700,992.3062646484376,45.0,1.5,1.2830320596694946,17.60300064086914,1.9494425058364868,198.92047119140625,86.27350556789408,2.3119853,48.852631,SensorLogger (Pixel 4 XL),2.8442322188197626,2361.4381457246345,1.9628276491596792,2.32499961638816,447.0
2024-01-21 15:28:31+00:00,1705850910877148000,993.4791479492188,45.0,1.5,1.3781994581222534,17.80299949645996,1.9436668157577517,196.4340057373047,86.25426473426919,2.3119876,48.8526113,SensorLogger (Pixel 4 XL),2.2665363083188512,2363.642103557957,1.951273664845611,2.1834329117748252,448.0
2024-01-21 15:28:32+00:00,1705850911932742700,994.5347426757812,45.0,1.5,1.493635654449463,17.937000274658203,1.9512377977371216,194.4029541015625,86.35193660446046,2.3119911,48.8525902,SensorLogger (Pixel 4 XL),2.3992201595533347,2366.0026777340927,1.934025263139036,2.0478591450787986,449.0
2024-01-21 15:28:33+00:00,1705850913105625600,995.7076254882812,45.0,1.5,1.5716534852981567,18.02199935913086,1.9795787334442136,193.3531188964844,86.30434120593202,2.3119897,48.8525648,SensorLogger (Pixel 4 XL),2.485418249649882,2368.8288875951703,1.9143703296713261,1.9678440095981045,450.0
2024-01-21 15:28:34+00:00,1705850914161219800,996.7632197265624,45.0,1.5,2.3107123374938965,18.06800079345703,1.9231683015823364,190.3071136474609,86.36965836386841,2.3119945,48.8525469,SensorLogger (Pixel 4 XL),2.2166545853133357,2370.8574658266643,1.8938299055013283,1.9187377279227085,451.0
2024-01-21 15:28:35+00:00,1705850915178841900,997.780841796875,45.0,1.5,2.5618579387664795,18.075000762939453,1.8443843126297,186.84735107421875,86.39953227097196,2.3120037,48.8525387,SensorLogger (Pixel 4 XL),1.1638685027372553,2371.9976874893705,1.8701241234309094,1.8430363590234295,452.0
2024-01-21 15:28:36+00:00,1705850916272408000,998.8744079589844,45.0,1.5,2.0331456661224365,18.106000900268555,1.8057433366775515,185.5321502685547,86.51244646670679,2.3120089,48.8525249,SensorLogger (Pixel 4 XL),0.7015998028489391,2373.578666995191,1.847923217639674,1.7848960267930556,453.0
2024-01-21 15:28:37+00:00,1705850916858849300,999.4608493652344,45.0,1.5,2.630443334579468,17.95800018310547,1.791645884513855,185.64247131347656,86.51599088291634,2.3120088,48.8525162,SensorLogger (Pixel 4 XL),1.6496519346918552,2374.5460905254236,1.8293584091091686,1.681816831348051,454.0
2024-01-21 15:28:38+00:00,1705850917973120300,1000.575120361328,45.0,1.5,1.8861947059631348,18.16900062561035,1.808482527732849,184.6615447998047,86.51750991888986,2.3120116,48.8525007,SensorLogger (Pixel 4 XL),1.586990536099411,2376.2860866652745,1.8150555607420384,1.5081533586735647,455.0
2024-01-21 15:28:39+00:00,1705850919087325000,1001.689324951172,45.0,1.5,1.5218822956085205,18.30599975585937,1.811052918434143,183.53965759277344,86.51599088291634,2.3120149,48.8524794,SensorLogger (Pixel 4 XL),2.182795196046269,2378.671122743168,1.8073914496607468,1.5138164808840613,456.0
2024-01-21 15:28:40+00:00,1705850920260206300,1002.862206298828,45.0,1.5,1.609630107879639,18.88400077819824,1.8233915567398071,182.95346069335935,86.40105128601853,2.312016,48.8524589,SensorLogger (Pixel 4 XL),2.448135906204791,2380.9579248856385,1.807368717258342,1.477137520528019,457.0
2024-01-21 15:28:41+00:00,1705850920798141700,1003.4001416015624,45.0,1.5,1.609630107879639,18.926000595092773,1.828625202178955,182.8320770263672,86.40105128601853,2.3120161,48.8524529,SensorLogger (Pixel 4 XL),1.240314234587739,2381.6251345637356,1.8212725805481191,1.4701954407462248,458.0
2024-01-21 15:28:42+00:00,1705850921902240300,1004.504240234375,45.0,1.5,1.7984479665756226,18.98500061035156,1.840703129768372,183.5123748779297,86.45935128306449,2.3120089,48.8524335,SensorLogger (Pixel 4 XL),1.3075350651278117,2383.8516636684744,1.8415311451950862,1.5973320665792652,459.0
2024-01-21 15:28:43+00:00,1705850923038650000,1005.6406501464844,45.0,1.5,1.5443694591522217,19.349000930786133,1.859688401222229,183.55154418945312,86.53175781872721,2.3120056,48.8524138,SensorLogger (Pixel 4 XL),1.3159492057951803,2386.0583541590213,1.8633922886524905,1.7877413329286425,460.0
2024-01-21 15:28:44+00:00,1705850924130713900,1006.7327138671876,45.0,1.5,1.660365104675293,19.45199966430664,1.8817065954208372,183.3800048828125,86.54391002535202,2.3120019,48.8523931,SensorLogger (Pixel 4 XL),0.7730760751773399,2388.377659317136,1.8850565757147426,1.812022943406208,461.0
2024-01-21 15:28:45+00:00,1705850925186306300,1007.7883063964844,45.0,1.5,1.4513325691223145,19.507999420166016,1.908706784248352,183.2436981201172,86.42238874522909,2.3119971,48.852366,SensorLogger (Pixel 4 XL),2.870872899681394,2391.4129645027742,1.9067029126629134,1.9128174119024153,462.0
2024-01-21 15:28:46+00:00,1705850925772746500,1008.3747465820312,45.0,1.5,1.3307069540023804,19.66399955749512,1.923115611076355,183.0753326416016,86.4102367132984,2.3119949,48.8523594,SensorLogger (Pixel 4 XL),1.2811720742289283,2392.164296335157,1.9322528948071955,1.9665934752385463,463.0
2024-01-21 15:28:47+00:00,1705850926945626600,1009.5476267089844,45.0,1.5,1.2942763566970823,20.05699920654297,1.960436224937439,182.90377807617188,86.12973216519168,2.3119921,48.8523374,SensorLogger (Pixel 4 XL),2.267508162543672,2394.6195034058965,1.958850389476286,2.092272063521612,464.0
2024-01-21 15:28:48+00:00,1705850928001218800,1010.60321875,45.0,1.5,1.242023468017578,19.944000244140625,1.9914430379867556,182.8647308349609,86.09631527633763,2.3119895,48.8523103,SensorLogger (Pixel 4 XL),3.2344088625457967,2397.6390256798286,1.9865323735578135,2.1479237170126053,465.0
2024-01-21 15:28:49+00:00,1705850929174098400,1011.776098388672,45.0,1.5,1.2455451488494873,20.058000564575195,2.019019365310669,182.76792907714844,86.12973216519168,2.3119869,48.8522846,SensorLogger (Pixel 4 XL),2.943433127039321,2400.5033393012795,2.0138887367637017,2.1572386929183818,466.0
2024-01-21 15:28:50+00:00,1705850929757986800,1012.3599868164064,45.0,1.5,1.2455451488494873,19.952999114990234,2.030017137527466,182.59825134277344,86.12973216519168,2.3119865,48.8522768,SensorLogger (Pixel 4 XL),1.486265488170095,2401.3711533709015,2.0350260347262874,2.2000106247516564,467.0
2024-01-21 15:28:51+00:00,1705850930896752400,1013.4987524414064,45.0,1.5,1.2880076169967651,20.371999740600582,2.056270837783813,182.09706115722656,86.06033982994211,2.3119853,48.8522504,SensorLogger (Pixel 4 XL),1.9825079531137455,2404.308094699497,2.0533923030439114,2.1490108271122974,468.0
2024-01-21 15:28:52+00:00,1705850931976821200,1014.5788212890624,45.0,1.5,1.2865885496139526,20.48500061035156,2.084103345870972,182.68679809570312,86.14287129505357,2.311982,48.8522262,SensorLogger (Pixel 4 XL),1.6761897806526604,2407.0102815837863,2.0695467241209666,2.0145325174637474,469.0
2024-01-21 15:28:53+00:00,1705850933118646500,1015.720646484375,45.0,1.5,1.317221999168396,20.388999938964844,2.092770576477051,183.3682403564453,86.01274536362432,2.3119755,48.8522024,SensorLogger (Pixel 4 XL),1.7509939690877487,2409.708116417252,2.084705893594226,2.170968798926456,470.0
2024-01-21 15:28:54+00:00,1705850934198105900,1016.8001059570312,45.0,1.5,1.4200310707092283,20.090999603271484,2.101991653442383,183.83059692382807,86.01628962315868,2.3119697,48.8521792,SensorLogger (Pixel 4 XL),1.4233411587610698,2412.3232575313227,2.100193000918611,2.1110158874622043,471.0
2024-01-21 15:28:55+00:00,1705850934803917800,1017.4059177246094,45.0,1.5,1.5564380884170532,20.17799949645996,2.103887796401977,184.0619354248047,85.98591030394547,2.3119667,48.852164,SensorLogger (Pixel 4 XL),2.8133421662337703,2414.027613975733,2.1128017917477817,2.046067617465285,472.0
2024-01-21 15:28:56+00:00,1705850935859508200,1018.4615083007812,45.0,1.5,2.0943827629089355,19.441999435424805,2.089550018310547,186.7489776611328,85.86996357247048,2.3119534,48.852147,SensorLogger (Pixel 4 XL),2.5229199377681955,2416.1626615380574,2.1204444663017696,2.006315695572776,473.0
2024-01-21 15:28:57+00:00,1705850936972075000,1019.5740749511718,45.0,1.5,2.45275616645813,19.375,2.129922151565552,187.15968322753903,85.70389416832663,2.3119465,48.8521272,SensorLogger (Pixel 4 XL),1.9980770459755461,2418.424161433501,2.1273811521573416,2.1663777927868875,474.0
2024-01-21 15:28:58+00:00,1705850938087976400,1020.6899765625,45.0,1.5,1.8356791734695437,19.26499938964844,2.1483495235443115,187.5952606201172,85.67047815811998,2.3119388,48.8521015,SensorLogger (Pixel 4 XL),2.6317367107752174,2421.3394719936646,2.1332417511832236,2.173595336477521,475.0
2024-01-21 15:28:59+00:00,1705850939260854300,1021.8628542480468,45.0,1.5,2.2436888217926025,19.41699981689453,2.163770198822021,187.8927764892578,85.70389416832663,2.3119323,48.85208,SensorLogger (Pixel 4 XL),2.486892562196505,2423.7829395864596,2.139472751272222,2.1277140469384896,476.0
2024-01-21 15:29:00+00:00,1705850939818533400,1022.4205334472656,45.0,1.5,2.2436888217926025,19.51000022888184,2.171565055847168,187.67247009277344,85.70389416832663,2.3119319,48.8520733,SensorLogger (Pixel 4 XL),1.3369351235616782,2424.5285202292325,2.14674980608048,2.0237971582727323,477.0
2024-01-21 15:29:01+00:00,1705850940968844500,1023.570844482422,45.0,1.5,1.6457380056381226,19.416000366210938,2.13567328453064,187.2346649169922,85.78540953524397,2.3119301,48.8520534,SensorLogger (Pixel 4 XL),1.2486555390328793,2426.7452255067,2.157840714735155,1.8408285261738306,478.0
2024-01-21 15:29:02+00:00,1705850942058958000,1024.6609580078125,45.0,1.5,1.4015328884124756,19.24799919128418,2.142238140106201,186.7039337158203,85.7262067503049,2.3119295,48.8520325,SensorLogger (Pixel 4 XL),1.6093515366073545,2429.0809733053784,2.1726832584018734,1.6603000389469729,479.0
2024-01-21 15:29:03+00:00,1705850943248637000,1025.8506369628906,45.0,1.5,1.5621984004974363,19.18099975585937,2.184885025024414,185.8524932861328,85.63811216997601,2.311931,48.852002,SensorLogger (Pixel 4 XL),2.883810642582527,2432.4742025919572,2.1938253389764273,1.6186056055148346,480.0
2024-01-21 15:29:04+00:00,1705850943835075300,1026.437075439453,45.0,1.5,1.5621984004974363,19.309999465942383,2.2064716815948486,185.5850830078125,85.63811216997601,2.3119326,48.8519946,SensorLogger (Pixel 4 XL),1.417248550579142,2433.3053309974616,2.2166472018574277,1.6797183566720562,481.0
2024-01-21 15:29:05+00:00,1705850944973235200,1027.5752351074218,45.0,1.5,1.3114171028137207,19.024999618530277,2.224021673202514,185.02305603027344,85.62545497811583,2.3119368,48.851974,SensorLogger (Pixel 4 XL),1.164877102718297,2435.630644639961,2.2417065702412584,1.8789636124908637,482.0
2024-01-21 15:29:06+00:00,1705850946063541000,1028.665541015625,45.0,1.5,1.3905059099197388,19.06999969482422,2.253582239151001,184.583740234375,85.6750712786724,2.311941,48.8519487,SensorLogger (Pixel 4 XL),1.7285463895814186,2438.470039157191,2.2652268284586343,2.0974432258124343,483.0
2024-01-21 15:29:07+00:00,1705850947236417300,1029.838417236328,45.0,1.5,1.3334932327270508,19.104999542236328,2.305039167404175,184.3216094970703,85.74190185809402,2.3119428,48.8519206,SensorLogger (Pixel 4 XL),1.8396047253440333,2441.597781423026,2.291021815684059,2.342304327136959,484.0
2024-01-21 15:29:08+00:00,1705850947822855400,1030.42485546875,45.0,1.5,1.2542985677719116,19.040000915527344,2.3276069164276123,184.2423553466797,85.78949365341467,2.3119428,48.8519059,SensorLogger (Pixel 4 XL),2.7872774646503204,2443.2323468448403,2.3096631004799666,2.346987876424423,485.0
2024-01-21 15:29:09+00:00,1705850948995731700,1031.5977316894532,45.0,1.5,1.2255114316940308,18.7549991607666,2.352068901062012,185.1627197265625,85.88315913955572,2.3119363,48.8518803,SensorLogger (Pixel 4 XL),2.641340937766797,2446.118611368682,2.312961640077491,2.3778128978478885,486.0
2024-01-21 15:29:10+00:00,1705850950051320000,1032.653320068359,45.0,1.5,1.342538595199585,18.68899917602539,2.326393842697144,185.4729156494141,85.72364005462977,2.3119295,48.8518502,SensorLogger (Pixel 4 XL),3.320873214510546,2449.504508824694,2.302608840390041,2.275979866251401,487.0
2024-01-21 15:29:11+00:00,1705850951224195800,1033.8261958007813,45.0,1.5,1.3428579568862915,18.749000549316406,2.282931089401245,184.7139892578125,85.71807069741271,2.3119279,48.8518252,SensorLogger (Pixel 4 XL),3.1394390964700767,2452.2896141388364,2.284702766642863,2.2922449360471573,488.0
2024-01-21 15:29:12+00:00,1705850951798366000,1034.400365966797,45.0,1.5,1.3428579568862915,18.715999603271484,2.2585129737854004,184.0992584228516,85.71807069741271,2.3119294,48.8518177,SensorLogger (Pixel 4 XL),1.4649888535088027,2453.1307667888555,2.2592964614678412,2.211269853574894,489.0
2024-01-21 15:29:13+00:00,1705850952999456500,1035.601456542969,45.0,1.5,1.3413687944412231,18.780000686645508,2.243405818939209,183.4113922119141,85.64769459053244,2.3119294,48.8517919,SensorLogger (Pixel 4 XL),1.7010160539737547,2456.002196983508,2.2262808950778163,2.1720567794213075,490.0
2024-01-21 15:29:14+00:00,1705850954117203200,1036.719203125,45.0,1.5,1.4089595079421997,18.6879997253418,2.159377336502075,181.9570159912109,85.55731773107432,2.3119295,48.8517724,SensorLogger (Pixel 4 XL),1.2642875981984403,2458.1744438172373,2.1892764149747936,2.096051867457284,491.0
2024-01-21 15:29:15+00:00,1705850955211971600,1037.8139716796877,45.0,1.5,1.498260736465454,18.70599937438965,2.128554105758667,180.83128356933597,85.34923077999119,2.3119313,48.8517459,SensorLogger (Pixel 4 XL),2.2297836318981945,2461.127758585369,2.1531681248505308,1.9805991436907355,492.0
2024-01-21 15:29:16+00:00,1705850955798414000,1038.4004140625,45.0,1.5,1.466480016708374,18.673999786376957,2.1114208698272705,180.20899963378903,85.36062690014396,2.3119337,48.8517397,SensorLogger (Pixel 4 XL),1.213114274745351,2461.8391797468794,2.1195174633647635,1.944791358568606,493.0
2024-01-21 15:29:17+00:00,1705850956971288600,1039.5732885742189,45.0,1.5,1.678500056266785,18.666000366210938,2.1057300567626958,179.43362426757812,85.27557167881844,2.3119395,48.8517185,SensorLogger (Pixel 4 XL),2.268893396770462,2464.237942015817,2.095786574091858,1.829067509286682,494.0
2024-01-21 15:29:18+00:00,1705850958026875600,1040.628875732422,45.0,1.5,1.812007427215576,18.770000457763672,2.08994722366333,179.0650177001953,85.24063853227108,2.3119427,48.8516931,SensorLogger (Pixel 4 XL),2.8421138050541406,2467.0729256741524,2.0809305661404407,1.971129860030055,495.0
2024-01-21 15:29:19+00:00,1705850959199750000,1041.80175,45.0,1.5,2.505631685256958,18.97599983215332,2.0701048374176025,179.07557678222656,85.43251948079785,2.311944,48.8516693,SensorLogger (Pixel 4 XL),2.8713016357553673,2469.722241051018,2.0734708520621847,2.1521292970864505,496.0
2024-01-21 15:29:20+00:00,1705850959786187000,1042.3881870117189,45.0,1.5,2.505631685256958,18.927000045776367,2.063049077987671,179.07179260253906,85.43251948079785,2.3119439,48.8516601,SensorLogger (Pixel 4 XL),1.7444661415346134,2470.745260541661,2.0741091654850994,2.2572787040483644,497.0
2024-01-21 15:29:21+00:00,1705850960937237500,1043.5392375488282,45.0,1.5,2.9099786281585693,18.87800025939941,2.058992385864258,179.87347412109375,85.44163266848926,2.3119436,48.8516356,SensorLogger (Pixel 4 XL),1.9307052798927573,2473.4699455693526,2.083754202898822,2.47406156413273,498.0
2024-01-21 15:29:22+00:00,1705850962078261500,1044.680261474609,45.0,1.5,2.807093620300293,18.777000427246094,2.078150987625122,179.92425537109375,85.45226473321291,2.3119443,48.8516107,SensorLogger (Pixel 4 XL),1.9619049148068173,2476.2394600770863,2.0948089455047993,2.538021559488415,499.0
2024-01-21 15:29:23+00:00,1705850963187520800,1045.7895207519532,45.0,1.5,1.802701473236084,18.541000366210938,2.1155097484588623,180.05133056640625,85.39049768687505,2.3119437,48.8515839,SensorLogger (Pixel 4 XL),2.0681155805469262,2479.2202789075627,2.1078362637515635,2.6632505186578364,500.0
2024-01-21 15:29:24+00:00,1705850963773957400,1046.3759572753906,45.0,1.5,1.802701473236084,18.253999710083008,2.135684013366699,180.1953887939453,85.39049768687505,2.311943,48.851566,SensorLogger (Pixel 4 XL),3.39516681796817,2481.211326955625,2.1203719691453586,2.5436282300301514,501.0
2024-01-21 15:29:25+00:00,1705850964946830600,1047.5488305664062,45.0,1.5,1.4783645868301392,18.30299949645996,2.1429762840271,180.7139129638672,85.295316564637,2.3119418,48.8515431,SensorLogger (Pixel 4 XL),2.596334331270988,2483.759469395386,2.130357662908643,2.342606064625416,502.0
2024-01-21 15:29:26+00:00,1705850966002416000,1048.604416015625,45.0,1.5,1.5931094884872437,18.301000595092773,2.1421632766723637,180.38975524902344,85.342906991793,2.3119411,48.8515176,SensorLogger (Pixel 4 XL),3.187223451445161,2486.596356413573,2.1368539680722725,2.2726495576620818,503.0
2024-01-21 15:29:27+00:00,1705850967175288800,1049.7772888183597,45.0,1.5,1.4854648113250732,18.26000022888184,2.144240140914917,180.10768127441406,85.4026485455775,2.3119419,48.8514938,SensorLogger (Pixel 4 XL),2.8632353681281,2489.243855031743,2.134887525938227,2.3672993036537315,504.0
2024-01-21 15:29:28+00:00,1705850967756829200,1050.3588291015626,45.0,1.5,1.4854648113250732,18.145999908447266,2.144876003265381,180.12123107910156,85.4026485455775,2.3119421,48.8514858,SensorLogger (Pixel 4 XL),1.5298685703550803,2490.133534800147,2.122945414840917,2.1581108501525454,505.0
2024-01-21 15:29:29+00:00,1705850968878258700,1051.4802587890624,45.0,1.5,1.3978431224822998,18.03300094604492,2.116661787033081,179.25328063964844,85.4289754660154,2.3119473,48.8514643,SensorLogger (Pixel 4 XL),1.5901379374387425,2492.556709273489,2.102101362021272,1.9350585559568572,506.0
2024-01-21 15:29:30+00:00,1705850969969646000,1052.5716459960938,45.0,1.5,1.4088869094848633,17.700000762939453,2.082388401031494,179.34954833984375,85.50137491999774,2.3119477,48.8514455,SensorLogger (Pixel 4 XL),0.9642014238305943,2494.6490673615217,2.0794927528001717,1.8653652952784139,507.0
2024-01-21 15:29:31+00:00,1705850971178520300,1053.780520263672,45.0,1.5,1.3542189598083496,17.44099998474121,2.053203582763672,179.63218688964844,85.56466166390922,2.3119476,48.8514243,SensorLogger (Pixel 4 XL),1.2756279245439457,2497.0073786069615,2.0586681601149035,1.7471023177776805,508.0
2024-01-21 15:29:32+00:00,1705850971749490200,1054.351490234375,45.0,1.5,1.3542189598083496,17.243000030517578,2.0385513305664062,179.64122009277344,85.56466166390922,2.3119484,48.8514107,SensorLogger (Pixel 4 XL),2.6505480355921716,2498.5207620188435,2.043204000309053,1.8006271327671235,509.0
2024-01-21 15:29:33+00:00,1705850972805074400,1055.4070744628907,45.0,1.5,1.234176754951477,17.45199966430664,2.006463050842285,180.1206512451172,85.70494245720434,2.3119444,48.8513948,SensorLogger (Pixel 4 XL),2.357262973223154,2500.316096248281,2.0350074757278347,1.8346333312850929,510.0
2024-01-21 15:29:34+00:00,1705850973977945600,1056.5799455566407,45.0,1.5,1.231586456298828,17.34000015258789,2.0015408992767334,181.1791229248047,85.63811216997601,2.3119364,48.8513795,SensorLogger (Pixel 4 XL),0.8530076282167813,2502.1482382478935,2.0353080104379204,1.953500576493517,511.0
2024-01-21 15:29:35+00:00,1705850975150816500,1057.75281640625,45.0,1.5,1.2218832969665527,17.426000595092773,2.028111457824707,181.5070953369141,85.69633549663253,2.3119319,48.8513555,SensorLogger (Pixel 4 XL),2.5578859722395637,2504.850808625747,2.0446008101847486,1.9892902420085639,512.0
2024-01-21 15:29:36+00:00,1705850976206400000,1058.8083999023438,45.0,1.5,1.2210381031036377,17.496000289916992,2.0685970783233643,181.265625,85.44669555478467,2.3119312,48.8513316,SensorLogger (Pixel 4 XL),3.1819664667818093,2507.5088752966094,2.062546937605925,2.142731521771532,513.0
2024-01-21 15:29:37+00:00,1705850976758731500,1059.3607314453125,45.0,1.5,1.2210381031036377,17.551000595092773,2.087303876876831,181.21261596679688,85.44669555478467,2.311931,48.8513229,SensorLogger (Pixel 4 XL),1.7516756865511465,2508.4763818319134,2.08344728763288,2.162269766523429,514.0
2024-01-21 15:29:38+00:00,1705850977848418300,1060.4504182128906,45.0,1.5,1.2158775329589844,17.402999877929688,2.126675128936768,181.2319183349609,85.50137491999774,2.3119299,48.8512954,SensorLogger (Pixel 4 XL),2.0108517425433474,2511.5353226575708,2.109969180525709,2.1288111124092923,515.0
2024-01-21 15:29:39+00:00,1705850978970948000,1061.5729479980469,45.0,1.5,1.3902100324630735,17.434999465942383,2.154019832611084,181.7060394287109,85.62191096779023,2.3119261,48.8512725,SensorLogger (Pixel 4 XL),1.9016970573419185,2514.0969765862837,2.139234362468472,2.0777065451453014,516.0
2024-01-21 15:29:40+00:00,1705850980076871400,1062.6788713378903,45.0,1.5,1.3925131559371948,17.433000564575195,2.1724178791046143,182.06983947753903,85.4988841018436,2.3119214,48.8512466,SensorLogger (Pixel 4 XL),1.695238668746296,2516.9999896982767,2.165787144268272,2.304410683853793,517.0
2024-01-21 15:29:41+00:00,1705850981218035000,1063.8200349121091,45.0,1.5,1.4899795055389404,17.33099937438965,2.1784279346466064,181.6961212158203,85.33485106574658,2.3119193,48.8512207,SensorLogger (Pixel 4 XL),1.8849600113772504,2519.8894439433893,2.184989846561841,2.4355209040498385,518.0
2024-01-21 15:29:42+00:00,1705850981718888700,1064.320888671875,45.0,1.5,1.4899795055389404,17.260000228881836,2.183439016342163,181.2131805419922,85.33485106574658,2.3119202,48.8512046,SensorLogger (Pixel 4 XL),3.5767889069702368,2521.680892974601,2.195405573866498,2.359046131640286,519.0
2024-01-21 15:29:43+00:00,1705850982891757800,1065.4937578125,45.0,1.5,2.332850456237793,17.56399917602539,2.1922149658203125,181.0553741455078,85.27814902814924,2.3119202,48.8511802,SensorLogger (Pixel 4 XL),1.6687693784013893,2524.3942203255738,2.198428336096037,2.3648659499650746,520.0
2024-01-21 15:29:44+00:00,1705850983947340000,1066.5493400878906,45.0,1.5,2.400655746459961,17.68400001525879,2.228118419647217,182.19737243652344,85.14086895871085,2.311913,48.8511548,SensorLogger (Pixel 4 XL),2.923586235706342,2527.2673402205223,2.195996867909163,2.467390276984199,521.0
2024-01-21 15:29:45+00:00,1705850985120209000,1067.722208984375,45.0,1.5,2.022470235824585,17.774999618530273,2.207453727722168,182.42027282714844,85.0208854988553,2.3119066,48.8511263,SensorLogger (Pixel 4 XL),2.779764678400458,2530.473277600595,2.1863325177274793,2.3223533698025003,522.0
2024-01-21 15:29:46+00:00,1705850986175790800,1068.7777907714844,45.0,1.5,2.527935743331909,17.788999557495117,2.168686628341675,182.2353057861328,84.85736647914106,2.3119027,48.8511039,SensorLogger (Pixel 4 XL),3.000894584050493,2532.9803369100623,2.17373108691221,2.244409695868465,523.0
2024-01-21 15:29:47+00:00,1705850986776922400,1069.3789223632812,45.0,1.5,2.527935743331909,17.739999771118164,2.15557074546814,182.19004821777344,84.85736647914106,2.3119015,48.8510963,SensorLogger (Pixel 4 XL),1.4133864401267282,2533.8299673142023,2.158544003585896,2.095535012330687,524.0
2024-01-21 15:29:48+00:00,1705850987898724400,1070.5007243652344,45.0,1.5,1.7982356548309326,17.51799964904785,2.132251262664795,182.4049530029297,84.79003603744249,2.3118941,48.8510729,SensorLogger (Pixel 4 XL),1.797699091228536,2536.4876764429537,2.141238818880671,1.9686919692454974,525.0
2024-01-21 15:29:49+00:00,1705850988978672400,1071.580672363281,45.0,1.5,1.466128706932068,17.2549991607666,2.1131718158721924,182.8342437744141,84.85888521709293,2.3118885,48.8510505,SensorLogger (Pixel 4 XL),1.552452660334476,2539.0119907248586,2.122677934007958,1.9590904926528916,526.0
2024-01-21 15:29:50+00:00,1705850990117071400,1072.7190712890624,45.0,1.5,1.5793389081954956,17.165000915527344,2.098727941513061,183.3000946044922,84.71460632991773,2.3118798,48.8510273,SensorLogger (Pixel 4 XL),1.723532271967603,2541.6754835796764,2.104476252939917,2.1180087970508232,527.0
2024-01-21 15:29:51+00:00,1705850991219124200,1073.8211242675782,45.0,1.5,1.450698971748352,17.08099937438965,2.086720466613769,183.50753784179688,84.52932547598795,2.3118732,48.8510046,SensorLogger (Pixel 4 XL),1.481218977967336,2544.245644197462,2.088424574951252,2.004072895277977,528.0
2024-01-21 15:29:52+00:00,1705850991805558000,1074.4075581054688,45.0,1.5,1.3512156009674072,17.006000518798828,2.082249879837036,183.50457763671875,84.51160757428137,2.3118708,48.8509906,SensorLogger (Pixel 4 XL),2.67140383509129,2545.81224623409,2.079862105684594,2.118748175305033,529.0
2024-01-21 15:29:53+00:00,1705850992978425900,1075.58042578125,45.0,1.5,1.422563076019287,17.131000518798828,2.0717928409576416,183.96121215820312,84.52071963337823,2.3118628,48.8509692,SensorLogger (Pixel 4 XL),2.3691529703321135,2548.26364513254,2.0752898095420154,2.1957436346192196,530.0
2024-01-21 15:29:54+00:00,1705850994034006800,1076.6360068359377,45.0,1.5,1.397164821624756,17.02899932861328,2.0676050186157227,183.7869110107422,84.5470434148302,2.3118551,48.8509431,SensorLogger (Pixel 4 XL),3.212396490352006,2551.2219341677996,2.071646410523508,2.407662988892866,531.0
2024-01-21 15:29:55+00:00,1705850995206874000,1077.8088740234375,45.0,1.5,1.3355751037597656,17.018999099731445,2.07258939743042,183.76649475097656,84.5470434148302,2.3118493,48.8509179,SensorLogger (Pixel 4 XL),3.0856204379325063,2554.056044497893,2.071329377247748,2.570022538675432,532.0
2024-01-21 15:29:56+00:00,1705850995793307600,1078.3953076171874,45.0,1.5,1.3355751037597656,16.986000061035156,2.076338529586792,183.9104766845703,84.5470434148302,2.3118466,48.8509081,SensorLogger (Pixel 4 XL),1.8884870757113965,2555.1635175276506,2.0723839777087845,2.65482507017988,533.0
2024-01-21 15:29:57+00:00,1705850996938337000,1079.5403369140624,45.0,1.5,1.4506678581237793,17.097000122070312,2.077722549438477,183.6619873046875,84.46657729644326,2.3118424,48.8508831,SensorLogger (Pixel 4 XL),1.9422364887511805,2557.960328669099,2.0746302596044868,2.776974234087078,534.0
2024-01-21 15:29:58+00:00,1705850998139055600,1080.7410556640623,45.0,1.5,1.4520283937454224,17.117000579833984,2.080824375152588,183.77102661132807,84.77231758928696,2.311836,48.8508513,SensorLogger (Pixel 4 XL),3.075541597254291,2561.5273704205015,2.079269633357892,2.809291339398066,535.0
2024-01-21 15:29:59+00:00,1705850999177424600,1081.7794245605469,45.0,1.5,1.3736077547073364,17.20599937438965,2.087200880050659,184.5284576416016,84.77231758928696,2.3118284,48.850832,SensorLogger (Pixel 4 XL),2.3835058036757775,2563.7587624254543,2.085118079293379,2.7519607260805516,536.0
2024-01-21 15:30:00+00:00,1705850999781056000,1082.3830559082032,45.0,1.5,1.3736077547073364,17.17099952697754,2.0909066200256348,185.0194091796875,84.77231758928696,2.3118221,48.8508144,SensorLogger (Pixel 4 XL),3.330819554211887,2565.7693483637827,2.0929790451515964,2.7258678342492417,537.0
2024-01-21 15:30:01+00:00,1705851000836636200,1083.4386362304688,45.0,1.5,1.4493591785430908,17.177000045776367,2.101107120513916,185.14016723632807,84.81838563174023,2.3118128,48.8507896,SensorLogger (Pixel 4 XL),3.250720916908075,2568.611252026958,2.102677063488864,2.7555707786604366,538.0
2024-01-21 15:30:02+00:00,1705851001969074700,1084.5710747070314,45.0,1.5,1.448409914970398,16.98900032043457,2.1088554859161377,185.6871032714844,84.82344806929817,2.3118034,48.8507669,SensorLogger (Pixel 4 XL),2.3400062296740773,2571.2294797135796,2.1142383916345766,2.744597522697144,539.0
2024-01-21 15:30:03+00:00,1705851003065083000,1085.667082763672,45.0,1.5,1.3272475004196167,16.711999893188477,2.1251091957092285,185.7754669189453,84.82344806929817,2.311796,48.8507371,SensorLogger (Pixel 4 XL),3.172786319892437,2574.589705062928,2.1288863300737866,2.6131669598748553,540.0
2024-01-21 15:30:04+00:00,1705851004237949400,1086.839949462891,45.0,1.5,1.3928673267364502,16.45599937438965,2.146350860595703,185.53184509277344,84.86091020145454,2.3117913,48.850709,SensorLogger (Pixel 4 XL),2.136848586580613,2577.7331526340663,2.1453089882345875,2.5167822947703113,541.0
2024-01-21 15:30:05+00:00,1705851004758482000,1087.3604819335935,45.0,1.5,1.3928673267364502,16.541000366210938,2.1574907302856445,185.5542907714844,84.86091020145454,2.3117891,48.8506978,SensorLogger (Pixel 4 XL),2.412418115866338,2578.9888958731726,2.1623820311343622,2.328483333834396,542.0
2024-01-21 15:30:06+00:00,1705851005879062300,1088.4810622558591,45.0,1.5,1.426542043685913,16.57900047302246,2.179472684860229,185.12803649902344,84.82344806929817,2.3117843,48.850669,SensorLogger (Pixel 4 XL),2.2156417080200033,2582.2105147316624,2.179678238786735,2.2873882797100893,543.0
2024-01-21 15:30:07+00:00,1705851006996767000,1089.5987670898437,45.0,1.5,1.5958396196365356,16.52400016784668,2.202555894851685,184.3485870361328,84.76016781772981,2.3117825,48.850638,SensorLogger (Pixel 4 XL),2.599863388074101,2585.660945798036,2.196975565603967,2.32971917344044,544.0
2024-01-21 15:30:08+00:00,1705851008098595600,1090.700595703125,45.0,1.5,2.4917778968811035,16.68400001525879,2.218855142593384,183.78404235839844,84.55111814304526,2.3117829,48.85061,SensorLogger (Pixel 4 XL),1.231732664342243,2588.785715601144,2.2129428326274594,2.4921894444908066,545.0
2024-01-21 15:30:09+00:00,1705851009237222400,1091.8392224121094,45.0,1.5,2.570006847381592,16.850000381469727,2.2338430881500244,183.40744018554688,84.4508841784371,2.3117828,48.8505805,SensorLogger (Pixel 4 XL),2.0169073926109515,2592.066039462234,2.2270998471463006,2.641491122244974,546.0
2024-01-21 15:30:10+00:00,1705851009750421000,1092.3524208984377,45.0,1.5,2.570006847381592,16.89699935913086,2.238564729690552,183.2340240478516,84.4508841784371,2.3117825,48.8505632,SensorLogger (Pixel 4 XL),3.7486383732028665,2593.9898369267235,2.2389715611125673,2.675134466968054,547.0
2024-01-21 15:30:11+00:00,1705851010923287000,1093.525287109375,45.0,1.5,2.373042106628418,16.77400016784668,2.247502326965332,183.094482421875,84.3329336109664,2.3117812,48.8505385,SensorLogger (Pixel 4 XL),2.63608385127278,2596.7384328572075,2.249610281637903,2.6668949700437237,548.0
2024-01-21 15:30:12+00:00,1705851012096153000,1094.6981530761718,45.0,1.5,1.777008056640625,16.827999114990234,2.257983446121216,183.17807006835935,84.3329336109664,2.311778,48.8505061,SensorLogger (Pixel 4 XL),3.4590872706213585,2600.350121744346,2.259727680629207,2.7951694122107096,549.0
2024-01-21 15:30:13+00:00,1705851013269019000,1095.871018798828,45.0,1.5,1.5097527503967283,16.702999114990234,2.2661848068237305,183.9431304931641,84.3329336109664,2.3117737,48.8504765,SensorLogger (Pixel 4 XL),3.6607363578650913,2603.6566339717706,2.2679819549370794,2.7379127704971697,550.0
2024-01-21 15:30:14+00:00,1705851013796745500,1096.398745361328,45.0,1.5,1.5097527503967283,16.740999221801758,2.271059513092041,184.35113525390625,84.3329336109664,2.3117719,48.8504652,SensorLogger (Pixel 4 XL),2.39401497977354,2604.9200203150017,2.2750630838299353,2.6712069989103204,551.0
2024-01-21 15:30:15+00:00,1705851014911030800,1097.5130307617187,45.0,1.5,1.4795626401901243,16.854999542236328,2.276800632476806,184.28152465820312,84.33799583327936,2.311768,48.8504381,SensorLogger (Pixel 4 XL),1.9380661792984508,2607.947702439634,2.2815074191374056,2.6774450224200526,552.0
2024-01-21 15:30:16+00:00,1705851016056940800,1098.6589409179687,45.0,1.5,1.4751838445663452,17.02899932861328,2.287335157394409,185.04812622070312,84.47980446537434,2.3117593,48.8504108,SensorLogger (Pixel 4 XL),2.0063624710684977,2611.0494367481415,2.2863589114193585,2.6524554701175207,553.0
2024-01-21 15:30:17+00:00,1705851017198828300,1099.8008283691406,45.0,1.5,1.3095152378082275,16.996000289916992,2.295851707458496,185.2570953369141,84.38463588839912,2.3117524,48.8503837,SensorLogger (Pixel 4 XL),2.045496138621806,2614.1048314421746,2.288917632340318,2.460437797575973,554.0
2024-01-21 15:30:18+00:00,1705851017725914000,1100.3279140625,45.0,1.5,1.3095152378082275,16.999000549316406,2.297809600830078,185.2515106201172,84.38463588839912,2.311749,48.8503665,SensorLogger (Pixel 4 XL),3.659108106248446,2616.0334960974646,2.28955722372997,2.536713453360572,555.0
2024-01-21 15:30:19+00:00,1705851018898779400,1101.500779296875,45.0,1.5,1.3718420267105105,17.24799919128418,2.29483962059021,184.9374237060547,84.34059547338552,2.3117455,48.8503435,SensorLogger (Pixel 4 XL),1.3698215707777104,2618.603953029676,2.288838128914133,2.4280355030616,556.0
2024-01-21 15:30:20+00:00,1705851020071644700,1102.6736447753906,45.0,1.5,1.2978925704956057,17.174999237060547,2.289595365524292,184.3903350830078,84.32287812976631,2.3117433,48.8503146,SensorLogger (Pixel 4 XL),3.1164172348024244,2621.822492300386,2.2872826720794524,2.4998562044454697,557.0
2024-01-21 15:30:21+00:00,1705851021127223300,1103.729223388672,45.0,1.5,1.314368486404419,17.136999130249023,2.284575939178467,184.1519470214844,84.32287812976631,2.311741,48.8502895,SensorLogger (Pixel 4 XL),3.2961271392084908,2624.618555137401,2.286224412055049,2.764869306254458,558.0
2024-01-21 15:30:22+00:00,1705851022182801700,1104.7848017578126,45.0,1.5,1.2894593477249146,17.099000930786133,2.27695369720459,183.767578125,84.32642159551958,2.3117413,48.8502659,SensorLogger (Pixel 4 XL),3.2933201626803443,2627.243989729071,2.284648327158599,2.8790740115438216,559.0
2024-01-21 15:30:23+00:00,1705851022769234200,1105.3712341308594,45.0,1.5,1.2894593477249146,17.023000717163086,2.2748966217041016,183.50816345214844,84.32642159551958,2.311743,48.8502575,SensorLogger (Pixel 4 XL),1.6068078283753373,2628.186273257481,2.2847149184386777,2.8024923665744224,560.0
2024-01-21 15:30:24+00:00,1705851023824812500,1106.4268125,45.0,1.5,1.1524524688720703,17.166000366210938,2.2866926193237305,183.677978515625,84.54510692790899,2.3117362,48.8502348,SensorLogger (Pixel 4 XL),3.082684657590234,2630.760821784637,2.288173728830686,2.8082392633748086,561.0
2024-01-21 15:30:25+00:00,1705851024968662300,1107.5706623535157,45.0,1.5,1.161784291267395,17.031999588012695,2.292035818099976,183.3530120849609,84.66660122381202,2.3117352,48.8502121,SensorLogger (Pixel 4 XL),2.2856640522208354,2633.287056606243,2.294398840951716,2.7135660626642784,562.0
2024-01-21 15:30:26+00:00,1705851026053255200,1108.655255126953,45.0,1.5,1.1466572284698486,17.106000900268555,2.3005316257476807,183.4244842529297,84.8554270745481,2.3117331,48.8501835,SensorLogger (Pixel 4 XL),3.4167870620870824,2636.47215896842,2.3029298437127284,2.687476135103938,563.0
2024-01-21 15:30:27+00:00,1705851027226119700,1109.8281196289065,45.0,1.5,1.143731713294983,17.07200050354004,2.314619779586792,183.6292266845703,84.79214716404644,2.3117295,48.8501585,SensorLogger (Pixel 4 XL),3.085105260040747,2639.2645892787077,2.313105262998015,2.4549433510855883,564.0
2024-01-21 15:30:28+00:00,1705851027798804000,1110.400803955078,45.0,1.5,1.143731713294983,17.26799964904785,2.321707248687744,183.6310272216797,84.79214716404644,2.3117279,48.8501489,SensorLogger (Pixel 4 XL),1.8751559737792562,2640.3384611023957,2.3237138927252707,2.3507178606031895,565.0
2024-01-21 15:30:29+00:00,1705851028985416200,1111.5874162597656,45.0,1.5,1.1741271018981934,17.375,2.344231367111206,183.27407836914065,84.59826046750695,2.3117287,48.8501229,SensorLogger (Pixel 4 XL),1.9176873072891423,2643.2310536391515,2.3350113212792705,2.31432067727715,566.0
2024-01-21 15:30:30+00:00,1705851030158294300,1112.7602941894531,45.0,1.5,1.1977605819702148,17.388999938964844,2.354811906814575,183.0826110839844,84.62104065821913,2.3117305,48.8500909,SensorLogger (Pixel 4 XL),3.000896418212948,2646.792512904144,2.3464129642124214,2.479840343650278,567.0
2024-01-21 15:30:31+00:00,1705851031177157600,1113.7791577148437,45.0,1.5,1.2903392314910889,17.329999923706055,2.3557021617889404,182.93331909179688,84.62104065821913,2.3117326,48.8500746,SensorLogger (Pixel 4 XL),1.7101794306299418,2648.612451796572,2.3587017067956833,2.4501788836151173,568.0
2024-01-21 15:30:32+00:00,1705851032269436000,1114.8714357910155,45.0,1.5,1.3102009296417236,17.36199951171875,2.3637216091156006,182.71466064453125,84.67723205778248,2.3117347,48.8500498,SensorLogger (Pixel 4 XL),1.81376555994988,2651.377636075061,2.3698847222651955,2.470128689032582,569.0
2024-01-21 15:30:33+00:00,1705851032855868000,1115.457867919922,45.0,1.5,2.3268229961395264,17.231000900268555,2.3725972175598145,182.5762176513672,84.72684279308757,2.3117366,48.8500352,SensorLogger (Pixel 4 XL),2.778476636486591,2653.007023685949,2.3794776858247912,2.4005921169230935,570.0
2024-01-21 15:30:34+00:00,1705851033971063000,1116.5730629882812,45.0,1.5,2.1946189403533936,17.134000778198242,2.3820061683654785,182.3983917236328,84.6018040486966,2.311739,48.8500126,SensorLogger (Pixel 4 XL),2.575763934216019,2655.5275045165276,2.387681276010724,2.3283694124385885,571.0
2024-01-21 15:30:35+00:00,1705851035084309200,1117.6863093261718,45.0,1.5,2.209284782409668,17.170000076293945,2.3991289138793945,182.218994140625,84.45348113476507,2.3117388,48.8499828,SensorLogger (Pixel 4 XL),2.996534492387725,2658.8416489627293,2.3969621343310727,2.346290750539693,572.0
2024-01-21 15:30:36+00:00,1705851036257173000,1118.8591730957032,45.0,1.5,1.9938548803329468,17.18600082397461,2.4104506969451904,181.68331909179688,84.39526636777785,2.3117412,48.8499561,SensorLogger (Pixel 4 XL),3.2999595738501295,2661.8172325013525,2.401776607004239,2.4047469992438137,573.0
2024-01-21 15:30:37+00:00,1705851036797182700,1119.3991826171875,45.0,1.5,1.9938548803329468,17.134000778198242,2.4148707389831543,181.42218017578125,84.39526636777785,2.3117431,48.8499474,SensorLogger (Pixel 4 XL),1.8098446207097174,2662.7945666949818,2.402465380155136,2.19327660461914,574.0
2024-01-21 15:30:38+00:00,1705851037899182000,1120.5011821289063,45.0,1.5,2.533753633499145,17.19099998474121,2.398355484008789,180.388916015625,84.53295759435679,2.3117482,48.8499252,SensorLogger (Pixel 4 XL),1.3973188285108835,2665.3000588282393,2.401565183665431,2.1487258078697584,575.0
2024-01-21 15:30:39+00:00,1705851039058183400,1121.6601833496093,45.0,1.5,1.394866108894348,17.118000030517578,2.40355920791626,180.15115356445312,84.36539981683728,2.311751,48.8499011,SensorLogger (Pixel 4 XL),1.7286004660952985,2667.9941595855958,2.3988454976233013,2.1617374287552926,576.0
2024-01-21 15:30:40+00:00,1705851040198578700,1122.8005786132812,45.0,1.5,1.4306849241256714,17.136999130249023,2.404329776763916,180.2026214599609,84.2823814837911,2.3117513,48.8498771,SensorLogger (Pixel 4 XL),1.4833092181147436,2670.6633869580737,2.3913412456598886,2.0508349403644983,577.0
2024-01-21 15:30:41+00:00,1705851040714054400,1123.3160544433597,45.0,1.5,1.4306849241256714,16.97100067138672,2.399923324584961,180.3209228515625,84.2823814837911,2.3117509,48.8498637,SensorLogger (Pixel 4 XL),2.891118759595477,2672.153686400676,2.3848482270046722,2.001213792866734,578.0
2024-01-21 15:30:42+00:00,1705851041886918000,1124.48891796875,45.0,1.5,1.7811033725738523,16.98900032043457,2.36273193359375,179.95755004882812,84.0788139465845,2.3117552,48.8498423,SensorLogger (Pixel 4 XL),2.623160926997007,2674.555035754048,2.3825639716101037,2.0115393456197883,579.0
2024-01-21 15:30:43+00:00,1705851042981456000,1125.5834558105469,45.0,1.5,1.6855099201202393,17.010000228881836,2.3619606494903564,179.53419494628906,84.03831749461344,2.3117593,48.8498233,SensorLogger (Pixel 4 XL),0.8178907416796123,2676.688932456191,2.3854609828189615,2.2058208824211656,580.0
2024-01-21 15:30:44+00:00,1705851044115358500,1126.7173583984377,45.0,1.5,1.6253687143325806,17.091999053955078,2.3875551223754883,180.0105438232422,84.40083471945411,2.3117589,48.8497949,SensorLogger (Pixel 4 XL),3.1039121444679827,2679.848119929548,2.390229234220768,2.470658838555237,581.0
2024-01-21 15:30:45+00:00,1705851045170935600,1127.772935546875,45.0,1.5,1.628259539604187,17.05699920654297,2.394498348236084,180.7123870849609,84.23682298896497,2.3117554,48.8497696,SensorLogger (Pixel 4 XL),3.329520858338365,2682.67298513344,2.4009315296535707,2.587716217375955,582.0
2024-01-21 15:30:46+00:00,1705851045757702100,1128.3597021484377,45.0,1.5,1.628259539604187,17.104000091552734,2.397461175918579,181.1134796142578,84.23682298896497,2.3117527,48.849761,SensorLogger (Pixel 4 XL),1.664156284418796,2683.649455459823,2.415646201776716,2.4943609863246143,583.0
2024-01-21 15:30:47+00:00,1705851046930243800,1129.5322438964845,45.0,1.5,1.3690474033355713,17.086000442504883,2.454764604568481,181.6869201660156,84.18721512939358,2.3117459,48.8497301,SensorLogger (Pixel 4 XL),2.4682026524542575,2687.123122910056,2.436466821394368,2.5608926354450947,584.0
2024-01-21 15:30:48+00:00,1705851047516661800,1130.1186618652343,45.0,1.5,1.3690474033355713,17.19700050354004,2.482778549194336,181.9976348876953,84.18721512939358,2.3117433,48.8497137,SensorLogger (Pixel 4 XL),3.126597877715837,2688.9566161843104,2.461848574418301,2.5313534147562358,585.0
2024-01-21 15:30:49+00:00,1705851049275955700,1131.8779558105468,45.0,1.5,1.3053007125854492,17.371000289916992,2.4878852367401123,182.2913818359375,83.864771138071,2.3117379,48.8496707,SensorLogger (Pixel 4 XL),3.030002077012146,2693.7550635060124,2.490977528731761,2.617781579518369,586.0
2024-01-21 15:30:50+00:00,1705851049819407000,1132.4214069824218,45.0,1.5,1.3053007125854492,17.47800064086914,2.494728803634644,182.2568359375,83.864771138071,2.3117366,48.8496607,SensorLogger (Pixel 4 XL),2.0535621878519748,2694.871073930563,2.518264616236981,2.569139321698211,587.0
2024-01-21 15:30:51+00:00,1705851050917963000,1133.519962890625,45.0,1.5,1.2766331434249878,17.56599998474121,2.5478737354278564,182.59727478027344,83.83338792130787,2.3117312,48.8496311,SensorLogger (Pixel 4 XL),2.040034917864511,2698.1886653863794,2.5440703351033895,2.4522249262335967,588.0
2024-01-21 15:30:52+00:00,1705851052078738700,1134.6807387695312,45.0,1.5,1.2442840337753296,17.59000015258789,2.57429313659668,182.61753845214844,83.70988090943264,2.3117285,48.8496011,SensorLogger (Pixel 4 XL),2.041794037878646,2701.5314377299906,2.575778599993689,2.405207664832221,589.0
2024-01-21 15:30:53+00:00,1705851053263686700,1135.8656867675782,45.0,1.5,1.251855731010437,17.52199935913086,2.5960853099823,182.5301513671875,83.75897979232502,2.3117237,48.8495637,SensorLogger (Pixel 4 XL),3.5837243879603746,2705.705093540544,2.6000207693868234,2.4219600561038357,590.0
2024-01-21 15:30:54+00:00,1705851053850117400,1136.4521174316403,45.0,1.5,1.251855731010437,17.47100067138672,2.6105451583862305,182.3281707763672,83.75897979232502,2.311723,48.8495524,SensorLogger (Pixel 4 XL),2.144409693235344,2706.962639716948,2.612476608224598,2.292554889551714,591.0
2024-01-21 15:30:55+00:00,1705851054968041700,1137.5700417480468,45.0,1.5,1.2659417390823364,17.46500015258789,2.6305646896362305,182.1519012451172,83.78732566899407,2.3117212,48.8495235,SensorLogger (Pixel 4 XL),2.0814679559563958,2710.181745087322,2.6204273761128007,2.304353185212325,592.0
2024-01-21 15:30:56+00:00,1705851056078553900,1138.680553955078,45.0,1.5,1.284589409828186,17.350000381469727,2.6429460048675537,182.30470275878903,83.78935037810751,2.3117167,48.8494925,SensorLogger (Pixel 4 XL),1.8842068270368382,2713.6485728265984,2.625701538577892,2.4652548062723847,593.0
2024-01-21 15:30:57+00:00,1705851057251415000,1139.8534150390626,45.0,1.5,1.3062227964401243,17.416000366210938,2.6467082500457764,182.5430450439453,83.77669595410462,2.311712,48.8494572,SensorLogger (Pixel 4 XL),3.249312620044646,2717.589688341777,2.6244395141688006,2.5290753777489323,594.0
2024-01-21 15:30:58+00:00,1705851057837845200,1140.4398452148437,45.0,1.5,1.3216819763183594,17.450000762939453,2.648252248764038,182.655517578125,83.7574612659,2.3117102,48.8494487,SensorLogger (Pixel 4 XL),1.627286173025771,2718.543977772225,2.613202021024899,2.6151188302931896,595.0
2024-01-21 15:30:59+00:00,1705851058893433900,1141.4954338378907,45.0,1.5,1.3933135271072388,17.24799919128418,2.5609471797943115,181.94178771972656,83.72202906009232,2.3117096,48.8494281,SensorLogger (Pixel 4 XL),2.6738413414492044,2720.8356495844446,2.5971790307247935,2.5923302006889513,596.0
2024-01-21 15:31:00+00:00,1705851060066280700,1142.6682807617187,45.0,1.5,1.4269651174545288,17.003000259399414,2.544879198074341,181.78396606445312,83.52200473678278,2.3117082,48.8494002,SensorLogger (Pixel 4 XL),3.0251615919603974,2723.944756260227,2.5790397661304176,2.4470403487255155,597.0
2024-01-21 15:31:01+00:00,1705851061239141000,1143.8411411132813,45.0,1.5,2.200413703918457,16.974000930786133,2.5541534423828125,181.953857421875,83.51846152288573,2.3117057,48.8493735,SensorLogger (Pixel 4 XL),3.2349936316948646,2726.9205981988102,2.560327277464039,2.551740318034175,598.0
2024-01-21 15:31:02+00:00,1705851061825571300,1144.4275712890626,45.0,1.5,2.485870599746704,16.93199920654297,2.5585453510284424,181.9963531494141,83.51846152288573,2.3117055,48.8493597,SensorLogger (Pixel 4 XL),2.6167825104316615,2728.4551579664026,2.5402104945204513,2.6160114381628667,599.0
2024-01-21 15:31:03+00:00,1705851062971210200,1145.573210205078,45.0,1.5,2.3079710006713867,16.968000411987305,2.525598764419556,182.40036010742188,83.50631337222605,2.3116999,48.8493389,SensorLogger (Pixel 4 XL),1.7605953797122897,2730.804142125611,2.521659126324905,2.5965124136089583,600.0
2024-01-21 15:31:04+00:00,1705851064171291400,1146.7732915039062,45.0,1.5,2.770179033279419,17.143999099731445,2.4921634197235107,182.85166931152344,83.48505415057872,2.3116921,48.8493097,SensorLogger (Pixel 4 XL),2.8960202932773473,2734.1047659189767,2.505284654608692,2.471971772217394,601.0
2024-01-21 15:31:05+00:00,1705851064738340600,1147.340340576172,45.0,1.5,2.770179033279419,17.339000701904297,2.483070611953736,183.17263793945312,83.48505415057872,2.3116877,48.8493019,SensorLogger (Pixel 4 XL),1.6315094683617646,2735.029913363011,2.491570115413075,2.4314783146128356,602.0
2024-01-21 15:31:06+00:00,1705851065930594800,1148.5325947265626,45.0,1.5,1.643277883529663,17.44499969482422,2.490607023239136,183.1566467285156,83.43595567634011,2.3116856,48.8492749,SensorLogger (Pixel 4 XL),2.0117497809660527,2738.0361637102637,2.4817803520962256,2.181992577017317,603.0
2024-01-21 15:31:07+00:00,1705851067103440600,1149.7054406738282,45.0,1.5,1.6015985012054443,17.45599937438965,2.47359561920166,183.37054443359372,83.47442455980467,2.3116813,48.8492458,SensorLogger (Pixel 4 XL),2.9718560829077387,2741.2871971846366,2.4647222702319938,1.9307943482008834,604.0
2024-01-21 15:31:08+00:00,1705851068276300000,1150.878300048828,45.0,1.5,1.4743136167526243,17.645999908447266,2.447603940963745,183.3054656982422,83.72911548937245,2.3116784,48.8492245,SensorLogger (Pixel 4 XL),2.481742912851487,2743.6652273521163,2.4458354937005495,1.8874242968365298,605.0
2024-01-21 15:31:09+00:00,1705851068817186300,1151.4191862792968,45.0,1.5,1.4743136167526243,17.68400001525879,2.434001207351685,183.271484375,83.72911548937245,2.311677,48.8492177,SensorLogger (Pixel 4 XL),1.4107097716041372,2744.42826051764,2.4278492323413823,1.7317500856178896,606.0
2024-01-21 15:31:10+00:00,1705851069918360800,1152.5203608398438,45.0,1.5,1.6440014839172363,17.868999481201172,2.412691116333008,183.9388885498047,83.57068459585048,2.3116696,48.8491969,SensorLogger (Pixel 4 XL),1.3337549064855234,2746.8125017802454,2.412468759182904,1.7325242193799573,607.0
2024-01-21 15:31:11+00:00,1705851071037951700,1153.6399516601562,45.0,1.5,1.3170429468154907,17.920000076293945,2.394427299499512,183.7599334716797,83.52664842118051,2.3116663,48.8491746,SensorLogger (Pixel 4 XL),1.2560179275876275,2749.3039194799762,2.3969238391289474,1.525152940893991,608.0
2024-01-21 15:31:12+00:00,1705851072157036300,1154.7590363769532,45.0,1.5,1.3856278657913208,17.910999298095703,2.3786189556121826,183.33009338378903,83.50032805849443,2.3116648,48.8491518,SensorLogger (Pixel 4 XL),1.3802815291104846,2751.84153933803,2.381117504862112,1.6775620895969818,609.0
2024-01-21 15:31:13+00:00,1705851073202307800,1155.8043078613282,45.0,1.5,1.3215223550796509,17.759000778198242,2.363328456878662,183.2436065673828,83.45274914930263,2.3116624,48.8491303,SensorLogger (Pixel 4 XL),1.468268082552703,2754.239184251775,2.366215736294237,1.6184438342505234,610.0
2024-01-21 15:31:14+00:00,1705851073788737300,1156.3907373046875,45.0,1.5,1.2494102716445925,17.73699951171875,2.3556368350982666,183.3138732910156,83.46287229904341,2.3116606,48.8491177,SensorLogger (Pixel 4 XL),2.399665013664882,2755.6464174060734,2.356009964921369,1.5782147830818563,611.0
2024-01-21 15:31:15+00:00,1705851074961595600,1157.563595703125,45.0,1.5,1.2224435806274414,17.340999603271484,2.3455970287323,183.00816345214844,83.46287229904341,2.3116612,48.8490985,SensorLogger (Pixel 4 XL),0.9358669373255366,2757.7854768189454,2.3497115642237034,1.7656664391469885,612.0
2024-01-21 15:31:16+00:00,1705851076134460000,1158.7364599609375,45.0,1.5,1.23017156124115,17.51099967956543,2.34704852104187,182.64947509765625,83.53373468667439,2.3116593,48.8490701,SensorLogger (Pixel 4 XL),2.9279104774468787,2760.946495711087,2.347932906603934,2.0555285291509575,613.0
2024-01-21 15:31:17+00:00,1705851077190032100,1159.7920322265625,45.0,1.5,1.194488286972046,17.711000442504883,2.351630210876465,182.30715942382807,83.46287229904341,2.311659,48.8490465,SensorLogger (Pixel 4 XL),1.6449460503419737,2763.571522339669,2.3491517062640423,2.2884052618472,614.0
2024-01-21 15:31:18+00:00,1705851078245604400,1160.8476042480468,45.0,1.5,1.1664960384368896,17.731000900268555,2.357372045516968,181.95079040527344,83.4562922503332,2.31166,48.8490214,SensorLogger (Pixel 4 XL),3.356801761240324,2766.36408780233,2.354761398971363,2.3733376759386906,615.0
2024-01-21 15:31:19+00:00,1705851078778260500,1161.380260498047,45.0,1.5,1.1664960384368896,17.70199966430664,2.358937978744507,181.7728271484375,83.4562922503332,2.3116607,48.849014,SensorLogger (Pixel 4 XL),1.547781445161597,2767.1885228757837,2.3655412542334635,2.5615370152665604,616.0
2024-01-21 15:31:20+00:00,1705851079887605200,1162.4896052246097,45.0,1.5,1.175900936126709,17.816999435424805,2.37817120552063,181.1316680908203,83.27458369809418,2.3116647,48.8489839,SensorLogger (Pixel 4 XL),2.649885729384544,2770.5486591157737,2.3819555258858927,2.763704318460245,617.0
2024-01-21 15:31:21+00:00,1705851081060462600,1163.6624626464843,45.0,1.5,1.1795337200164795,17.878000259399414,2.399510383605957,180.65496826171875,83.27458369809418,2.3116677,48.8489529,SensorLogger (Pixel 4 XL),3.4272761519057657,2774.0045067696406,2.4014286755436816,2.952417228281638,618.0
2024-01-21 15:31:22+00:00,1705851082233319700,1164.835319580078,45.0,1.5,1.1861745119094849,17.73200035095215,2.423314332962036,180.0174102783203,83.2518071355528,2.3116727,48.8489244,SensorLogger (Pixel 4 XL),3.3158451246417298,2777.199035062726,2.4251688359549814,3.1434578959702066,619.0
2024-01-21 15:31:23+00:00,1705851082819748400,1165.4217482910155,45.0,1.5,1.1872708797454834,17.72100067138672,2.433805465698242,179.9395294189453,83.28318819324792,2.3116741,48.8489091,SensorLogger (Pixel 4 XL),2.906347789156315,2778.9033987840253,2.4507015478557186,3.2178895449528664,620.0
2024-01-21 15:31:24+00:00,1705851083992605000,1166.5946049804688,45.0,1.5,1.20660400390625,17.93600082397461,2.4770283699035645,179.84922790527344,83.30090335790591,2.3116762,48.8488813,SensorLogger (Pixel 4 XL),2.6960140056778283,2781.9984370840752,2.4758330064661496,3.3479603445308337,621.0
2024-01-21 15:31:25+00:00,1705851085048175900,1167.65017578125,45.0,1.5,1.2263751029968262,17.906999588012695,2.508357286453247,180.3042907714844,83.54942572426502,2.3116726,48.8488447,SensorLogger (Pixel 4 XL),4.327322104067719,2786.0778082189026,2.4995373792777906,3.3464726598164245,622.0
2024-01-21 15:31:26+00:00,1705851086221032200,1168.8230322265624,45.0,1.5,1.2572687864303589,17.805999755859375,2.531990528106689,181.1503143310547,83.54942572426502,2.3116657,48.8488133,SensorLogger (Pixel 4 XL),3.5090498520325735,2789.6059197740506,2.519987855022323,3.4108127022469223,623.0
2024-01-21 15:31:27+00:00,1705851086807474000,1169.4094738769531,45.0,1.5,1.2413606643676758,17.76799964904785,2.541389942169189,181.6166076660156,83.60915316604843,2.311661,48.8487967,SensorLogger (Pixel 4 XL),3.2016805430028086,2791.48351971505,2.537330424623805,3.263102266777028,624.0
2024-01-21 15:31:28+00:00,1705851087980316400,1170.58231640625,45.0,1.5,1.421533465385437,17.923999786376953,2.5612614154815674,182.2171936035156,83.56005515337537,2.3116569,48.8487695,SensorLogger (Pixel 4 XL),2.802059928714431,2794.522889057108,2.5500983212328743,3.0528977185368955,625.0
2024-01-21 15:31:29+00:00,1705851089153172700,1171.7551728515623,45.0,1.5,2.593481063842773,17.70199966430664,2.5579519271850586,182.4599456787109,83.56005515337537,2.3116509,48.8487358,SensorLogger (Pixel 4 XL),3.3625936431287884,2798.295813688224,2.557848250919891,2.9251140017810005,626.0
2024-01-21 15:31:30+00:00,1705851089698312000,1172.3003120117187,45.0,1.5,2.593481063842773,17.625999450683594,2.5485754013061523,182.4156188964844,83.56005515337537,2.3116488,48.848725,SensorLogger (Pixel 4 XL),2.220894204889636,2799.506509734183,2.559046525868909,2.6512648801558036,627.0
2024-01-21 15:31:31+00:00,1705851090758579200,1173.3605791015625,45.0,1.5,2.412991762161255,17.81800079345703,2.548125982284546,182.32940673828125,83.31001402847279,2.311649,48.8486988,SensorLogger (Pixel 4 XL),2.7477454585942467,2802.4198535683304,2.5518933535701147,2.4561238617173062,628.0
2024-01-21 15:31:32+00:00,1705851091858658800,1174.460658935547,45.0,1.5,2.2498340606689453,17.799999237060547,2.543533563613892,182.1471405029297,83.20564735911921,2.3116472,48.8486714,SensorLogger (Pixel 4 XL),1.947621421154589,2805.4694411445253,2.5418778326716494,2.1826419100656893,629.0
2024-01-21 15:31:33+00:00,1705851092977049000,1175.5790490722657,45.0,1.5,2.251572132110596,17.81800079345703,2.542483329772949,182.2015838623047,83.15098365647854,2.3116481,48.8486428,SensorLogger (Pixel 4 XL),2.183873395603807,2808.650313744872,2.5279427707465123,1.9790198318351013,630.0
2024-01-21 15:31:34+00:00,1705851094058100000,1176.6600998535157,45.0,1.5,1.787539005279541,17.6200008392334,2.511952638626098,181.7465362548828,83.19097373634138,2.3116501,48.8486198,SensorLogger (Pixel 4 XL),1.4739554278093538,2811.2183332455697,2.50919063253102,1.9355702406653947,631.0
2024-01-21 15:31:35+00:00,1705851095198667500,1177.8006674804687,45.0,1.5,1.4946305751800537,17.549999237060547,2.489388227462769,181.29534912109372,83.22437994646374,2.3116524,48.8485938,SensorLogger (Pixel 4 XL),1.9430139889940183,2814.1142976834126,2.4862543606650367,1.8776562607150225,632.0
2024-01-21 15:31:36+00:00,1705851096278405000,1178.880405029297,45.0,1.5,1.5290368795394895,17.533000946044922,2.459773063659668,181.22706604003903,83.37774651448552,2.3116539,48.8485705,SensorLogger (Pixel 4 XL),1.3235301984853127,2816.709138625977,2.4626247874212615,1.7717957775499271,633.0
2024-01-21 15:31:37+00:00,1705851096894033400,1179.4960334472655,45.0,1.5,1.6417745351791382,17.5939998626709,2.4410362243652344,181.3154296875,83.37774651448552,2.3116538,48.848556,SensorLogger (Pixel 4 XL),2.619021616805561,2818.321481665888,2.4389815393076892,1.665624327124038,634.0
2024-01-21 15:31:38+00:00,1705851098066875000,1180.668875,45.0,1.5,1.652713418006897,17.562999725341797,2.424283027648926,181.36444091796875,83.70978483486536,2.3116539,48.8485342,SensorLogger (Pixel 4 XL),1.3734090972774387,2820.752325843676,2.4143998508539806,1.5751990070110806,635.0
2024-01-21 15:31:39+00:00,1705851099257731300,1181.8597314453125,45.0,1.5,1.52169930934906,17.666000366210938,2.389171838760376,180.9659576416016,83.50428868214627,2.3116561,48.8485116,SensorLogger (Pixel 4 XL),1.348403712001006,2823.2708869513735,2.395061019966518,1.708389884284859,636.0
2024-01-21 15:31:40+00:00,1705851099826157600,1182.4281574707031,45.0,1.5,1.52169930934906,17.608999252319336,2.3647704124450684,180.87469482421875,83.50428868214627,2.3116574,48.8484974,SensorLogger (Pixel 4 XL),2.782821171279417,2824.8527176413004,2.3838753803822916,1.7502177843235898,637.0
2024-01-21 15:31:41+00:00,1705851100969394000,1183.571393798828,45.0,1.5,1.5087056159973145,17.785999298095703,2.36305832862854,181.20880126953125,83.30536524622698,2.3116584,48.8484764,SensorLogger (Pixel 4 XL),1.2786898416596164,2827.19093402044,2.3802231005414165,1.9107889900177288,638.0
2024-01-21 15:31:42+00:00,1705851102157187000,1184.7591870117187,45.0,1.5,1.4580973386764526,17.684999465942383,2.3671953678131104,181.0919952392578,83.25778628860314,2.3116572,48.8484507,SensorLogger (Pixel 4 XL),1.3035999167108372,2830.049993098402,2.380143895300278,2.105828958975802,639.0
2024-01-21 15:31:43+00:00,1705851103227436300,1185.829436279297,45.0,1.5,1.399614930152893,17.590999603271484,2.3777687549591064,180.5082550048828,83.30536524622698,2.3116591,48.8484259,SensorLogger (Pixel 4 XL),1.5936337156030125,2832.818560868903,2.385921537390674,2.3118327628054014,640.0
2024-01-21 15:31:44+00:00,1705851103813863700,1186.4158637695311,45.0,1.5,1.380704641342163,17.527000427246094,2.386042356491089,180.11451721191406,83.3898944803847,2.3116614,48.8484094,SensorLogger (Pixel 4 XL),3.1417648996083405,2834.660979775451,2.3926858362569114,2.3851809963673465,641.0
2024-01-21 15:31:45+00:00,1705851104869432600,1187.4714326171877,45.0,1.5,1.3701839447021484,17.91200065612793,2.4223289489746094,180.8355255126953,83.28967428379839,2.3116596,48.8483847,SensorLogger (Pixel 4 XL),3.17929851491787,2837.412276982588,2.3989024397474736,2.5358649661946884,642.0
2024-01-21 15:31:46+00:00,1705851105970930000,1188.5729299316406,45.0,1.5,1.3398022651672363,17.959999084472656,2.430618524551392,181.2765045166016,83.16971530772602,2.311657,48.848359,SensorLogger (Pixel 4 XL),2.360362283186873,2840.2764605836364,2.403360173281514,2.5352565995642076,643.0
2024-01-21 15:31:47+00:00,1705851107097855700,1189.699855712891,45.0,1.5,1.325021266937256,17.792999267578125,2.4121553897857666,181.8330841064453,83.16414763287518,2.3116543,48.8483283,SensorLogger (Pixel 4 XL),3.1695315234314005,2843.6962846202373,2.4032939805164726,2.3781888206658355,644.0
2024-01-21 15:31:48+00:00,1705851108270709800,1190.8727097167969,45.0,1.5,1.3247902393341064,17.57699966430664,2.4040958881378174,181.8437957763672,83.09227434129429,2.3116524,48.8483039,SensorLogger (Pixel 4 XL),2.887128666402105,2846.413197014028,2.398254482994265,2.40859830216768,645.0
2024-01-21 15:31:49+00:00,1705851108818095000,1191.4200952148435,45.0,1.5,1.3247902393341064,17.464000701904297,2.403295993804932,181.55870056152344,83.09227434129429,2.3116522,48.848295,SensorLogger (Pixel 4 XL),1.8081296462677907,2847.4029400604504,2.3900770155013547,2.3729598714203526,646.0
2024-01-21 15:31:50+00:00,1705851109912705500,1192.5147055664063,45.0,1.5,1.2861542701721191,17.259000778198242,2.3695735931396484,181.03451538085935,83.04267200350407,2.3116516,48.8482717,SensorLogger (Pixel 4 XL),1.611769581622886,2849.9946070845017,2.380140451931858,2.212728105983535,647.0
2024-01-21 15:31:51+00:00,1705851111036989200,1193.6389892578125,45.0,1.5,1.5483304262161257,16.996999740600586,2.3522541522979736,181.10162353515625,83.09936041331,2.3116492,48.8482482,SensorLogger (Pixel 4 XL),1.6194773911305527,2852.6140043570963,2.369635112469026,1.9014747005229418,648.0
2024-01-21 15:31:52+00:00,1705851112141128000,1194.7431279296875,45.0,1.5,1.5619540214538574,17.12299919128418,2.3466646671295166,180.97250366210935,83.11656947007774,2.3116482,48.8482231,SensorLogger (Pixel 4 XL),1.782417799744373,2855.4068771650045,2.3601174084849075,1.9578262421850061,649.0
2024-01-21 15:31:53+00:00,1705851113196696300,1195.7986962890625,45.0,1.5,1.57539701461792,17.256999969482422,2.35083270072937,180.481201171875,83.07607762756435,2.3116493,48.8481984,SensorLogger (Pixel 4 XL),1.709377991166176,2858.154656679244,2.3560091681070583,2.0601409368247032,650.0
2024-01-21 15:31:54+00:00,1705851113783123000,1196.385123046875,45.0,1.5,1.5479521751403809,17.371000289916992,2.355478048324585,180.06443786621094,83.07607762756435,2.3116507,48.8481837,SensorLogger (Pixel 4 XL),2.792798397508136,2859.7924290650994,2.357249332445252,2.0188397035081707,651.0
2024-01-21 15:31:55+00:00,1705851114955976400,1197.5579765625,45.0,1.5,1.5470595359802246,17.35700035095215,2.362522840499878,179.3716278076172,83.16769069826553,2.3116529,48.8481587,SensorLogger (Pixel 4 XL),2.699024594151107,2862.57720430265,2.3605155688065875,2.2110115923208493,652.0
2024-01-21 15:31:56+00:00,1705851116128829700,1198.7308295898438,45.0,1.5,1.5443772077560425,17.179000854492188,2.3716721534729004,179.51988220214844,83.35648761616878,2.3116488,48.8481301,SensorLogger (Pixel 4 XL),1.7326045220957451,2865.7762180124882,2.3671269651991333,2.4710954274391357,653.0
2024-01-21 15:31:57+00:00,1705851117184397800,1199.786397705078,45.0,1.5,1.2966233491897583,16.8799991607666,2.378807544708252,179.43646240234375,83.58637570202856,2.3116441,48.8481043,SensorLogger (Pixel 4 XL),2.161127075440661,2868.672253870427,2.377231360776405,2.557820684853667,654.0
2024-01-21 15:31:58+00:00,1705851118239965400,1200.8419653320314,45.0,1.5,1.3091728687286377,16.645999908447266,2.3910553455352783,179.58033752441406,83.58637570202856,2.3116401,48.8480767,SensorLogger (Pixel 4 XL),3.8101545349966437,2871.7551909429667,2.3897570862489714,2.635032359178445,655.0
2024-01-21 15:31:59+00:00,1705851118838466000,1201.4404660644532,45.0,1.5,1.3091728687286377,16.650999069213867,2.3969829082489014,179.96087646484375,83.58637570202856,2.3116375,48.8480652,SensorLogger (Pixel 4 XL),2.160091062695976,2873.0480076040812,2.4027367770941677,2.6170697951392192,656.0
2024-01-21 15:32:00+00:00,1705851119978012000,1202.5800119628907,45.0,1.5,2.4899556636810303,16.84600067138672,2.407468795776367,180.58143615722656,83.53373468667439,2.3116307,48.8480371,SensorLogger (Pixel 4 XL),2.1313682476615474,2876.2143947880254,2.4113790384784672,2.4477151010098455,657.0
2024-01-21 15:32:01+00:00,1705851121172097800,1203.7740979003906,45.0,1.5,2.16721773147583,17.19499969482422,2.410781145095825,181.2655792236328,83.20220505614742,2.3116207,48.8480043,SensorLogger (Pixel 4 XL),3.251172490677281,2879.9358340373124,2.417442042363728,2.319347823236906,658.0
2024-01-21 15:32:02+00:00,1705851121968412000,1204.5704118652343,20.629343032836918,0.9741663336753844,1.9806370735168457,16.43400001525879,2.422382354736328,181.30589294433597,83.17588570363384,2.3116125,48.847988,SensorLogger (Pixel 4 XL),2.397563088042969,2881.8450470902044,2.4184571192814883,2.358220778762732,659.0
2024-01-21 15:32:03+00:00,1705851122897410300,1205.4994104003906,45.0,1.5,1.9806370735168457,16.83799934387207,2.4277944564819336,181.13970947265625,83.17588570363384,2.31161,48.8479661,SensorLogger (Pixel 4 XL),1.8044824107527024,2884.2870840929368,2.4136697199549744,2.3671590713758555,660.0
2024-01-21 15:32:04+00:00,1705851124038164000,1206.6401640625,45.0,1.5,1.7880449295043943,16.86199951171875,2.4397683143615723,181.35052490234372,83.10705086140024,2.311605,48.8479364,SensorLogger (Pixel 4 XL),2.3638365226650557,2887.609778361119,2.404213233662959,2.2810634636733598,661.0
2024-01-21 15:32:05+00:00,1705851125158412000,1207.760412109375,45.0,1.5,1.4291497468948364,16.780000686645508,2.4084136486053467,180.87289428710935,83.10705086140024,2.3116017,48.8479086,SensorLogger (Pixel 4 XL),1.7624804327926566,2890.7104151821964,2.3925948652207167,2.2722649251545772,662.0
2024-01-21 15:32:06+00:00,1705851126218575000,1208.8205751953126,45.0,1.5,1.3702235221862793,16.881000518798828,2.369551420211792,179.9024200439453,83.09136064492274,2.3116021,48.8478828,SensorLogger (Pixel 4 XL),1.9885806085983777,2893.582239902566,2.3824422182540674,2.6859558002900403,663.0
2024-01-21 15:32:07+00:00,1705851126792029000,1209.3940288085937,45.0,1.5,1.3702235221862793,17.44499969482422,2.365337610244751,179.48333740234375,83.09136064492274,2.3116032,48.8478648,SensorLogger (Pixel 4 XL),3.493090075999695,2895.5853663790085,2.373936369839849,2.918173123879121,664.0
2024-01-21 15:32:08+00:00,1705851127847595800,1210.449595703125,45.0,1.5,1.5258082151412964,17.14699935913086,2.343535900115967,179.33238220214844,83.19360064342519,2.3115994,48.8478409,SensorLogger (Pixel 4 XL),3.1933385932052585,2898.261837699614,2.3684516531310056,3.036763963623177,665.0
2024-01-21 15:32:09+00:00,1705851128971467500,1211.573467529297,45.0,1.5,1.3994264602661133,17.114999771118164,2.341623306274414,179.45252990722656,83.14045593542059,2.3115929,48.8478148,SensorLogger (Pixel 4 XL),2.8247422038489036,2901.217080886435,2.366656456813566,3.256331873428366,666.0
2024-01-21 15:32:10+00:00,1705851130076014300,1212.6780144042968,45.0,1.5,1.2932583093643188,17.06399917602539,2.359510660171509,179.86021423339844,82.9557174069667,2.311582,48.8477826,SensorLogger (Pixel 4 XL),3.623580550905867,2904.8853316969007,2.3715273270240327,3.276895978328052,667.0
2024-01-21 15:32:11+00:00,1705851131131581000,1213.733580810547,45.0,1.5,1.382917404174805,17.006000518798828,2.389829158782959,180.42369079589844,83.0139222611325,2.3115694,48.8477521,SensorLogger (Pixel 4 XL),4.192342736800332,2908.401816981013,2.3824595328369957,3.2206974648640845,668.0
2024-01-21 15:32:12+00:00,1705851132187147300,1214.789147216797,45.0,1.5,1.331287503242493,17.152000427246094,2.4163005352020264,181.28257751464844,83.06504163751936,2.3115546,48.8477219,SensorLogger (Pixel 4 XL),4.358268727571295,2911.937874469688,2.401117941480969,3.245425127626022,669.0
2024-01-21 15:32:13+00:00,1705851132773572900,1215.3755727539062,45.0,1.5,1.331287503242493,17.158000946044922,2.428916454315185,181.6908264160156,83.06504163751936,2.3115483,48.8477104,SensorLogger (Pixel 4 XL),2.317937465749215,2913.297173265977,2.4225086026601788,3.211464045922863,670.0
2024-01-21 15:32:14+00:00,1705851133958513400,1216.5605134277343,45.0,1.5,1.3320409059524536,17.312000274658203,2.4456231594085693,182.9828186035156,83.13691296676727,2.3115318,48.8476803,SensorLogger (Pixel 4 XL),2.1775106846340484,2916.8644349287006,2.4436547769141006,3.0654088092239706,671.0
2024-01-21 15:32:15+00:00,1705851135059901700,1217.6619016113282,45.0,1.5,1.2193727493286133,17.45199966430664,2.467329263687134,183.76077270507807,83.26901608825035,2.311513,48.8476499,SensorLogger (Pixel 4 XL),2.532380641033854,2920.51463171071,2.465715921410621,3.0396898050730874,672.0
2024-01-21 15:32:16+00:00,1705851136174848300,1218.7768481445312,45.0,1.5,1.1773308515548706,17.391000747680664,2.48877477645874,184.1360015869141,83.32368005273283,2.3114989,48.8476185,SensorLogger (Pixel 4 XL),2.362104757485594,2924.1598582500033,2.4852164788483626,3.1122199805460364,673.0
2024-01-21 15:32:17+00:00,1705851136761273600,1219.3632736816403,45.0,1.5,1.1773308515548706,17.29400062561035,2.4981179237365723,184.37234497070312,83.32368005273283,2.3114925,48.8476,SensorLogger (Pixel 4 XL),3.5976222501636252,2926.2695974756775,2.5015674284680527,3.0742157214176116,674.0
2024-01-21 15:32:18+00:00,1705851137816839200,1220.4188391113282,45.0,1.5,1.2472271919250488,17.395000457763672,2.514317035675049,185.0426483154297,83.85603064924788,2.311476,48.8475713,SensorLogger (Pixel 4 XL),3.825792293879739,2929.6887700999805,2.5158163264865925,2.974374521248767,675.0
2024-01-21 15:32:19+00:00,1705851138872404700,1221.474404785156,45.0,1.5,1.25462543964386,17.47599983215332,2.529489040374756,185.37905883789065,83.8914612448049,2.3114651,48.847545,SensorLogger (Pixel 4 XL),3.470565009098498,2932.7241708365377,2.5295422295100143,3.114927887003566,676.0
2024-01-21 15:32:20+00:00,1705851139968762000,1222.5707622070313,45.0,1.5,1.2192237377166748,17.599000930786133,2.5450172424316406,185.76356506347656,83.98661843644098,2.311454,48.8475188,SensorLogger (Pixel 4 XL),2.870825591765811,2935.7492843714917,2.5424854000229775,3.2223545359380044,677.0
2024-01-21 15:32:21+00:00,1705851141100820000,1223.7028200683594,45.0,1.5,1.195034384727478,17.59000015258789,2.555258512496948,185.83273315429688,84.1308747325071,2.3114441,48.847485,SensorLogger (Pixel 4 XL),3.3537550546253523,2939.5809045762094,2.553544438478647,3.183285076206261,678.0
2024-01-21 15:32:22+00:00,1705851142273670000,1224.875669921875,45.0,1.5,1.2057238817214966,17.573999404907227,2.565709590911865,185.89794921875,84.26652851295154,2.3114376,48.847456,SensorLogger (Pixel 4 XL),3.5583065920735732,2942.840809962987,2.563768217898076,3.0928367507308265,679.0
2024-01-21 15:32:23+00:00,1705851142796942300,1225.3989423828125,45.0,1.5,1.2057238817214966,17.518999099731445,2.571207046508789,186.0232086181641,84.26652851295154,2.3114344,48.847446,SensorLogger (Pixel 4 XL),2.171597594960784,2943.9771461796972,2.5723339967598338,2.917182800043679,680.0
2024-01-21 15:32:24+00:00,1705851143898943200,1226.5009431152343,45.0,1.5,1.2778631448745728,17.209999084472656,2.5791964530944824,186.19094848632807,83.77315271877882,2.311428,48.8474176,SensorLogger (Pixel 4 XL),2.1170103543131447,2947.1699087625116,2.580083578851981,2.534065075221711,681.0
2024-01-21 15:32:25+00:00,1705851145088509000,1227.6905090332032,45.0,1.5,1.2631555795669556,16.797000885009766,2.586568832397461,186.7401123046875,83.56098018767742,2.3114166,48.8473804,SensorLogger (Pixel 4 XL),3.346337607658328,2951.3896345257745,2.5861025216892433,2.3814676523540763,682.0
2024-01-21 15:32:26+00:00,1705851145669357000,1228.2713571777344,45.0,1.5,1.2631555795669556,16.75,2.5911335945129395,186.8793487548828,83.56098018767742,2.3114127,48.8473712,SensorLogger (Pixel 4 XL),1.8284518047148863,2952.4516870996395,2.5918982818655434,2.380318716339134,683.0
2024-01-21 15:32:27+00:00,1705851146818563800,1229.420563720703,45.0,1.5,1.3171814680099487,16.676000595092773,2.599565029144287,186.8950042724609,83.49720227068792,2.3114065,48.8473427,SensorLogger (Pixel 4 XL),2.7857162276740963,2955.653051688496,2.597990767664513,2.4122160537290114,684.0
2024-01-21 15:32:28+00:00,1705851147971088100,1230.5730881347656,45.0,1.5,1.3187127113342283,16.74799919128418,2.606486558914185,186.58740234375,83.37066020910623,2.3114031,48.8473119,SensorLogger (Pixel 4 XL),2.302988655397838,2959.0870509902184,2.604500091129852,2.5135720278680127,685.0
2024-01-21 15:32:29+00:00,1705851149078559200,1231.680559326172,45.0,1.5,1.3573174476623535,17.055999755859375,2.6025938987731934,186.19219970703125,83.34585818705843,2.3114006,48.8472832,SensorLogger (Pixel 4 XL),1.7754009249798215,2962.2850369743937,2.610577814179862,2.645924990201039,686.0
2024-01-21 15:32:30+00:00,1705851150217232600,1232.8192326660155,45.0,1.5,1.376285195350647,17.218000411987305,2.612360000610352,186.0951995849609,83.30688372800685,2.3113978,48.8472537,SensorLogger (Pixel 4 XL),2.1078001084529494,2965.571816636926,2.6159320535703086,2.824061612304812,687.0
2024-01-21 15:32:31+00:00,1705851150718183400,1233.3201833496094,45.0,1.5,1.376285195350647,17.34000015258789,2.6213574409484863,185.9185943603516,83.30688372800685,2.3113953,48.8472364,SensorLogger (Pixel 4 XL),3.8573650850575767,2967.5041675336506,2.6211677408865817,2.866660777877596,688.0
2024-01-21 15:32:32+00:00,1705851151891031800,1234.4930317382812,45.0,1.5,2.500154972076416,17.242000579833984,2.631844520568848,185.4925842285156,83.134284712169,2.3113949,48.8472062,SensorLogger (Pixel 4 XL),3.4865205897086007,2970.8634259216674,2.626103078617783,2.7918703513651963,689.0
2024-01-21 15:32:33+00:00,1705851152946595000,1235.548594970703,45.0,1.5,1.890007495880127,17.250999450683594,2.63634729385376,184.9445953369141,83.17680144465784,2.3113965,48.8471783,SensorLogger (Pixel 4 XL),3.1055695225694686,2973.9694273299274,2.63072218333975,2.8323003730984513,690.0
2024-01-21 15:32:34+00:00,1705851154119443000,1236.7214428710938,45.0,1.5,2.014036178588867,16.992000579833984,2.635730743408203,184.46456909179688,83.39605973477993,2.3113991,48.8471464,SensorLogger (Pixel 4 XL),3.203058270253156,2977.5216485496876,2.634809694462786,2.6080554724189002,691.0
2024-01-21 15:32:35+00:00,1705851155175006000,1237.777005859375,45.0,1.5,2.205288410186768,16.67799949645996,2.634486198425293,184.0764617919922,83.24563851255073,2.3114012,48.8471204,SensorLogger (Pixel 4 XL),2.091555470889541,2980.4168155824955,2.6385617782627433,2.6264445795879303,692.0
2024-01-21 15:32:36+00:00,1705851155756595700,1238.358595703125,45.0,1.5,2.205288410186768,16.67300033569336,2.6371545791625977,184.0069274902344,83.24563851255073,2.3114012,48.8471094,SensorLogger (Pixel 4 XL),2.103103893055853,2981.6399597756576,2.6418380683363973,2.512557701089173,693.0
2024-01-21 15:32:37+00:00,1705851156858461700,1239.460461669922,45.0,1.5,1.7535321712493896,16.80299949645996,2.6462831497192383,183.5672912597656,83.24563851255073,2.3114045,48.8470816,SensorLogger (Pixel 4 XL),1.9949248576891483,2984.7416471435527,2.6436468532182653,2.2867776339339247,694.0
2024-01-21 15:32:38+00:00,1705851157970868200,1240.5728681640626,45.0,1.5,1.5001236200332642,16.784000396728516,2.6456217765808105,183.39630126953125,83.25576165804846,2.311404,48.8470551,SensorLogger (Pixel 4 XL),1.627242318803734,2987.6898479875576,2.645196531261268,1.9370336444574698,695.0
2024-01-21 15:32:39+00:00,1705851159077054200,1241.6790541992189,45.0,1.5,1.4742276668548584,16.863000869750977,2.647533655166626,183.3844146728516,83.37572185519988,2.3114031,48.8470274,SensorLogger (Pixel 4 XL),1.9983472938703557,2990.7709900981595,2.6513706492083244,1.887911394926673,696.0
2024-01-21 15:32:40+00:00,1705851160198812200,1242.8008122558597,45.0,1.5,1.6027016639709473,17.104000091552734,2.649219512939453,183.1322784423828,83.24209541448974,2.3114037,48.8469993,SensorLogger (Pixel 4 XL),1.9121482138238608,2993.9021976507365,2.654529320168833,1.8552407072723303,697.0
2024-01-21 15:32:41+00:00,1705851160804672800,1243.4066728515625,45.0,1.5,1.6027016639709473,17.341999053955078,2.6491267681121826,183.0004425048828,83.24209541448974,2.3114041,48.8469824,SensorLogger (Pixel 4 XL),3.102068286356662,2995.7816198447767,2.6543946434469925,1.9486538202662775,698.0
2024-01-21 15:32:42+00:00,1705851161977519400,1244.5795192871094,45.0,1.5,1.467384696006775,17.15399932861328,2.6507046222686768,182.86282348632807,83.28258805224797,2.3114057,48.8469558,SensorLogger (Pixel 4 XL),1.4815783848774058,2998.7419532095214,2.652233450445129,2.140528657070228,699.0
2024-01-21 15:32:43+00:00,1705851163150366000,1245.7523659667968,45.0,1.5,1.8205078840255735,17.26300048828125,2.654377222061157,183.0781097412109,83.19451681297502,2.3114058,48.8469259,SensorLogger (Pixel 4 XL),1.8771940616484148,3002.0666935548115,2.646825210648978,2.431888428898261,700.0
2024-01-21 15:32:44+00:00,1705851164205927700,1246.807927734375,45.0,1.5,1.7842533588409424,17.264999389648438,2.654933452606201,183.22116088867188,83.19451681297502,2.3114058,48.8468993,SensorLogger (Pixel 4 XL),1.866886134335207,3005.025933646867,2.6399803485266364,2.629127946582912,701.0
2024-01-21 15:32:45+00:00,1705851164792350700,1247.394350830078,45.0,1.5,1.7771129608154297,17.27199935913086,2.6552445888519287,183.2595672607422,83.24209541448974,2.3114058,48.8468825,SensorLogger (Pixel 4 XL),3.1855414390919883,3006.8940084142037,2.6300207349509814,2.7532812805190265,702.0
2024-01-21 15:32:46+00:00,1705851165965197000,1248.5671970214844,45.0,1.5,1.696303129196167,17.17099952697754,2.5890560150146484,182.1950225830078,83.24209541448974,2.3114117,48.846858,SensorLogger (Pixel 4 XL),2.7184388317345185,3009.6529643860113,2.6158187296595647,2.7314766469904574,703.0
2024-01-21 15:32:47+00:00,1705851167020758300,1249.6227583007812,45.0,1.5,1.6634018421173096,17.191999435424805,2.583170890808105,181.8531494140625,83.22589841369708,2.311415,48.8468295,SensorLogger (Pixel 4 XL),3.496968760073669,3012.839117607781,2.5974855832924266,2.664242470728135,704.0
2024-01-21 15:32:48+00:00,1705851168193604400,1250.7956042480469,45.0,1.5,1.532356023788452,17.19099998474121,2.580149412155152,182.07847595214844,83.0844014549478,2.3114139,48.8468039,SensorLogger (Pixel 4 XL),3.093216591538968,3015.687898435597,2.5746587839601403,2.442053225497114,705.0
2024-01-21 15:32:49+00:00,1705851169249165300,1251.851165283203,45.0,1.5,1.4905186891555786,17.39900016784668,2.557768583297729,182.4419403076172,83.0823768454873,2.3114117,48.8467797,SensorLogger (Pixel 4 XL),3.266316643632031,3018.3839591549095,2.5492155541122363,2.387498199333862,706.0
2024-01-21 15:32:50+00:00,1705851169838570800,1252.4405708007812,45.0,1.5,1.4905186891555786,17.365999221801758,2.5393290519714355,182.58302307128903,83.0823768454873,2.3114109,48.8467728,SensorLogger (Pixel 4 XL),1.3055092746952575,3019.1534341544707,2.5227062324593104,2.164522019089753,707.0
2024-01-21 15:32:51+00:00,1705851170976699600,1253.578699707031,45.0,1.5,1.360828876495361,17.608999252319336,2.496189832687378,182.80838012695312,83.39454127354797,2.3114076,48.8467513,SensorLogger (Pixel 4 XL),1.4369810117013004,3021.557126893951,2.496701771317577,1.971707193322393,708.0
2024-01-21 15:32:52+00:00,1705851172078621400,1254.680621337891,45.0,1.5,1.3387207984924316,17.69099998474121,2.468654155731201,182.70278930664065,83.31355706967798,2.3114081,48.8467313,SensorLogger (Pixel 4 XL),1.2585398251511504,3023.7825109451032,2.472558049594668,1.78781406069497,709.0
2024-01-21 15:32:53+00:00,1705851173197773000,1255.7997729492188,45.0,1.5,1.3283005952835083,17.73900032043457,2.4429638385772705,182.94601440429688,83.09996495357834,2.3114054,48.8467096,SensorLogger (Pixel 4 XL),1.4222347751342626,3026.2079818107572,2.452972771139719,1.863836882719271,710.0
2024-01-21 15:32:54+00:00,1705851174292400600,1256.8944006347656,45.0,1.5,1.232995867729187,17.479000091552734,2.421388626098633,182.97882080078125,83.0488453660002,2.3114033,48.8466879,SensorLogger (Pixel 4 XL),1.4410782709636232,3028.628424266225,2.4313479809739604,1.9230465757979642,711.0
2024-01-21 15:32:55+00:00,1705851174878823200,1257.4808232421874,45.0,1.5,1.151556134223938,17.459999084472656,2.4145915508270264,182.7623443603516,82.98557897773713,2.3114039,48.8466744,SensorLogger (Pixel 4 XL),2.5609090950439146,3030.1301976995587,2.4145731032703925,2.02979914631651,712.0
2024-01-21 15:32:56+00:00,1705851175934383900,1258.5363837890625,45.0,1.5,1.14333975315094,17.250999450683594,2.4028775691986084,182.51190185546875,83.02758780672431,2.3114045,48.8466532,SensorLogger (Pixel 4 XL),2.5245840095687004,3032.48821846988,2.403626236117277,2.195530225950529,713.0
2024-01-21 15:32:57+00:00,1705851177107229400,1259.7092294921874,45.0,1.5,1.164331555366516,17.02199935913086,2.392695188522339,182.5914001464844,82.9997506075559,2.311401,48.8466258,SensorLogger (Pixel 4 XL),2.9195785151522773,3035.546127777366,2.3969168852896843,2.5869436172780156,714.0
2024-01-21 15:32:58+00:00,1705851178162790100,1260.7647900390623,45.0,1.5,1.2093485593795776,16.95400047302246,2.3891711235046387,182.73602294921875,83.02100809682996,2.3113987,48.8466029,SensorLogger (Pixel 4 XL),3.093269501777014,3038.098048787587,2.394612261828267,2.7394437217416985,715.0
2024-01-21 15:32:59+00:00,1705851179218351000,1261.8203510742187,45.0,1.5,1.2149274349212646,17.222999572753906,2.3944694995880127,183.050537109375,82.93800296568043,2.3113939,48.8465791,SensorLogger (Pixel 4 XL),3.1631240743721163,3040.7679162676814,2.3941512176893545,2.8324263688033087,716.0
2024-01-21 15:33:00+00:00,1705851179804774000,1262.4067739257812,45.0,1.5,1.214928388595581,17.312000274658203,2.4000918865203857,183.1176300048828,82.91674568513795,2.3113909,48.8465678,SensorLogger (Pixel 4 XL),2.175111140966665,3042.0434514683006,2.395595102612262,2.8180030696956297,717.0
2024-01-21 15:33:01+00:00,1705851180958183200,1263.5601831054687,45.0,1.5,1.214928388595581,17.354000091552734,2.407160758972168,183.1844787597656,82.91674568513795,2.3113857,48.8465432,SensorLogger (Pixel 4 XL),2.052061767230099,3044.806698122359,2.3976859830623427,2.6181770705788097,718.0
2024-01-21 15:33:02+00:00,1705851182150465300,1264.7524653320313,45.0,1.5,1.2133432626724243,17.547000885009766,2.40139102935791,182.87274169921875,82.84993743714695,2.3113853,48.8465102,SensorLogger (Pixel 4 XL),2.978637559758164,3048.4791150156025,2.3994096689094913,2.4094008273824006,719.0
2024-01-21 15:33:03+00:00,1705851183206026200,1265.8080261230468,45.0,1.5,1.2074626684188845,17.68400001525879,2.3994805812835693,182.62982177734372,82.83576605848246,2.3113856,48.8464866,SensorLogger (Pixel 4 XL),3.1300942144007946,3051.1069248326253,2.4015578071456276,2.3447181990372137,720.0
2024-01-21 15:33:04+00:00,1705851183792449000,1266.3944489746093,45.0,1.5,1.2074626684188845,17.7189998626709,2.400548458099365,182.6168365478516,82.83576605848246,2.3113848,48.8464771,SensorLogger (Pixel 4 XL),1.8041117425926778,3052.1648974530517,2.4030252881719103,2.2416266839385535,721.0
2024-01-21 15:33:05+00:00,1705851184965294600,1267.5672946777345,45.0,1.5,2.4286904335021973,17.51300048828125,2.406641721725464,182.1529541015625,82.7320120455258,2.3113851,48.84645,SensorLogger (Pixel 4 XL),1.9530801492458616,3055.178360667997,2.403802672770241,2.2438118017566895,722.0
2024-01-21 15:33:06+00:00,1705851186057455000,1268.659455078125,45.0,1.5,2.2572028636932373,17.69499969482422,2.405708312988281,181.3987579345703,82.73555484448084,2.3113879,48.8464253,SensorLogger (Pixel 4 XL),1.8395188217614014,3057.9343849333686,2.404229520780481,2.371845602528305,723.0
2024-01-21 15:33:07+00:00,1705851187199366100,1269.8013662109374,45.0,1.5,2.031827449798584,17.766000747680664,2.403735399246216,180.58596801757807,82.80033771575707,2.3113926,48.8463989,SensorLogger (Pixel 4 XL),1.7620857685999436,3060.8952943335735,2.40447798983545,2.534483446161326,724.0
2024-01-21 15:33:08+00:00,1705851187780123000,1270.3821228027343,45.0,1.5,2.031827449798584,17.908000946044922,2.4031522274017334,180.28936767578125,82.80033771575707,2.3113946,48.8463825,SensorLogger (Pixel 4 XL),3.150129824025247,3062.724754279785,2.405118293891678,2.5676183017573173,725.0
2024-01-21 15:33:09+00:00,1705851188835683300,1271.4376833496094,45.0,1.5,1.862342119216919,17.823999404907227,2.4048497676849365,179.91184997558594,82.91674568513795,2.3113985,48.8463592,SensorLogger (Pixel 4 XL),3.02483078495109,3065.331269430559,2.4072422174307144,2.5094550986780284,726.0
2024-01-21 15:33:10+00:00,1705851189969980400,1272.57198046875,45.0,1.5,1.4974538087844849,17.95800018310547,2.40732741355896,179.713134765625,82.80742337242425,2.3114007,48.8463358,SensorLogger (Pixel 4 XL),2.585633107679662,3067.938244625798,2.409118630335894,2.533569265880177,727.0
2024-01-21 15:33:11+00:00,1705851191064088300,1273.6660883789064,45.0,1.5,1.499563217163086,18.12299919128418,2.412594079971313,179.8973846435547,82.81450903502956,2.3114005,48.8463062,SensorLogger (Pixel 4 XL),3.115328455991605,3071.2359942351377,2.4103044814114245,2.4775301567691876,728.0
2024-01-21 15:33:12+00:00,1705851192236932900,1274.8389328613282,45.0,1.5,1.4514552354812622,18.003999710083008,2.4135537147521973,180.5178375244141,82.79325206503084,2.3113953,48.846281,SensorLogger (Pixel 4 XL),2.854186925391659,3074.0640939213263,2.4112860927754527,2.3884957522146313,729.0
2024-01-21 15:33:13+00:00,1705851192738328000,1275.340328125,45.0,1.5,1.4514552354812622,17.875,2.4112212657928467,180.7714385986328,82.79325206503084,2.3113929,48.8462721,SensorLogger (Pixel 4 XL),2.0046009759473824,3075.0691908276613,2.4122784323282502,2.353461821632042,730.0
2024-01-21 15:33:14+00:00,1705851193838087200,1276.4400871582031,45.0,1.5,1.6379587650299072,17.80900001525879,2.415297269821167,180.83123779296875,82.77604408084824,2.3113909,48.8462461,SensorLogger (Pixel 4 XL),1.733642193195883,3077.964060065565,2.4134377662952256,2.243482510944087,731.0
2024-01-21 15:33:15+00:00,1705851194936913400,1277.5389133300782,45.0,1.5,1.526398777961731,17.805999755859375,2.418274402618408,180.89968872070312,82.73909764492069,2.3113882,48.84622,SensorLogger (Pixel 4 XL),1.7023826896074388,3080.8730346765215,2.4142404480757347,2.166026893288424,732.0
2024-01-21 15:33:16+00:00,1705851196058971400,1278.6609714355468,45.0,1.5,1.41649067401886,17.597000122070312,2.4145596027374268,181.10911560058597,82.75630555389287,2.3113845,48.8461932,SensorLogger (Pixel 4 XL),1.9070825376043545,3083.878933270356,2.4150785180778116,2.3616890215828463,733.0
2024-01-21 15:33:17+00:00,1705851197177706500,1279.7797065429688,45.0,1.5,1.472742199897766,17.46500015258789,2.4124622344970703,181.40179443359372,82.82716201874075,2.3113794,48.8461662,SensorLogger (Pixel 4 XL),1.8087744279999673,3086.904319672027,2.4157332375038933,2.4926349586606826,734.0
2024-01-21 15:33:18+00:00,1705851197749306000,1280.3513061523438,45.0,1.5,1.472742199897766,17.533000946044922,2.4152276515960693,181.4669952392578,82.82716201874075,2.311377,48.8461486,SensorLogger (Pixel 4 XL),3.4375348302852156,3088.8692145810182,2.4169829558463247,2.5103743239112526,735.0
2024-01-21 15:33:19+00:00,1705851198804865800,1281.4068657226562,45.0,1.5,1.2780596017837524,17.635000228881836,2.4157488346099854,181.4029541015625,82.67370356642974,2.3113718,48.846125,SensorLogger (Pixel 4 XL),3.1725018723513267,3091.523333901259,2.4194414568163283,2.6061518317467365,736.0
2024-01-21 15:33:20+00:00,1705851199977709800,1282.579709716797,45.0,1.5,1.318525791168213,17.503999710083008,2.422661304473877,180.99974060058597,82.57247654364164,2.3113711,48.8460979,SensorLogger (Pixel 4 XL),2.862944564060733,3094.5372743591997,2.42230569118829,2.8834555254475127,737.0
2024-01-21 15:33:21+00:00,1705851201033269200,1283.6352692871094,45.0,1.5,1.3097314834594729,17.349000930786133,2.4240286350250244,180.58058166503903,82.67623109704198,2.3113699,48.8460674,SensorLogger (Pixel 4 XL),3.594096328352685,3097.930939017736,2.4248874508957106,3.011432001251872,738.0
2024-01-21 15:33:22+00:00,1705851202206113000,1284.8081130371097,45.0,1.5,1.2817878723144531,17.40399932861328,2.42884373664856,180.3017425537109,82.55830528885298,2.31137,48.8460394,SensorLogger (Pixel 4 XL),3.242527680451761,3101.044652077349,2.427677616706274,3.0173724965810447,739.0
2024-01-21 15:33:23+00:00,1705851202778240500,1285.3802404785156,45.0,1.5,1.2817878723144531,17.389999389648438,2.430344820022583,180.2865447998047,82.55830528885298,2.3113689,48.8460304,SensorLogger (Pixel 4 XL),1.754831115133135,3102.0486383387565,2.43065119221201,2.9165769175000094,740.0
2024-01-21 15:33:24+00:00,1705851203965378600,1286.5673786621094,45.0,1.5,1.2468132972717283,17.45800018310547,2.436814785003662,179.89471435546875,82.55830528885298,2.3113706,48.8460007,SensorLogger (Pixel 4 XL),2.167699369784684,3105.354902601839,2.433500756181756,2.6420164630249534,741.0
2024-01-21 15:33:25+00:00,1705851205138222000,1287.7402221679688,45.0,1.5,1.249494194984436,17.386999130249023,2.437543630599976,179.94744873046875,82.55830528885298,2.3113702,48.8459679,SensorLogger (Pixel 4 XL),3.0381879353411985,3109.0057981547575,2.4350548763620496,2.3513498847684815,742.0
2024-01-21 15:33:26+00:00,1705851206193781000,1288.7957810058597,45.0,1.5,1.2479925155639648,17.225000381469727,2.43425726890564,180.13539123535156,82.6058803096418,2.3113696,48.8459421,SensorLogger (Pixel 4 XL),3.4565802423536636,3111.8773950842115,2.434222678577212,2.4026423250184132,743.0
2024-01-21 15:33:27+00:00,1705851206780202500,1289.3822023925782,45.0,1.5,1.2479925155639648,17.159000396728516,2.43302583694458,180.14779663085935,82.6058803096418,2.3113696,48.845933,SensorLogger (Pixel 4 XL),1.7255074979221905,3112.8892689166505,2.4300328804896556,2.192222861162514,744.0
2024-01-21 15:33:28+00:00,1705851207957885000,1290.5598850097656,45.0,1.5,1.2983413934707642,16.920000076293945,2.432328701019287,180.26205444335935,82.63371688213928,2.3113681,48.8459075,SensorLogger (Pixel 4 XL),1.7563801217066564,3115.729165246823,2.4251795965082636,2.105494246789136,745.0
2024-01-21 15:33:29+00:00,1705851209077026300,1291.6790263671876,45.0,1.5,1.2919929027557373,16.822999954223633,2.431628704071045,180.08700561523438,82.75974358521717,2.3113682,48.8458813,SensorLogger (Pixel 4 XL),1.7802251592277376,3118.643390891032,2.423054298340478,2.3072465787653895,746.0
2024-01-21 15:33:30+00:00,1705851210198424300,1292.8004243164062,45.0,1.5,1.301891207695007,16.83099937438965,2.4302797317504883,179.2222442626953,82.68787480340085,2.3113708,48.845854,SensorLogger (Pixel 4 XL),1.8139193372302014,3121.6857976804818,2.4245787601125857,2.548940743815941,747.0
2024-01-21 15:33:31+00:00,1705851210767868400,1293.369868408203,45.0,1.5,1.301891207695007,17.149999618530273,2.420185804367065,178.08566284179688,82.68787480340085,2.311374,48.8458375,SensorLogger (Pixel 4 XL),3.2480730022133875,3123.535396611227,2.431173017985154,2.5851930311359927,748.0
2024-01-21 15:33:32+00:00,1705851211823426800,1294.4254267578126,45.0,1.5,1.3623231649398804,17.128999710083008,2.415860891342163,176.7558135986328,82.70558888302257,2.3113799,48.8458123,SensorLogger (Pixel 4 XL),3.2582647541515652,3126.370580506991,2.4485654362726126,2.6726919793656343,749.0
2024-01-21 15:33:33+00:00,1705851212969778200,1295.5717780761718,45.0,1.5,1.3646258115768433,17.139999389648438,2.429917573928833,176.1077880859375,82.72988253829554,2.3113818,48.8457866,SensorLogger (Pixel 4 XL),1.3130189420460863,3129.2374667074755,2.4680401670447436,2.7875175116978834,750.0
2024-01-21 15:33:34+00:00,1705851214051827500,1296.653827392578,45.0,1.5,1.3859477043151855,17.156999588012695,2.467623710632324,176.4396514892578,82.82149049138988,2.3113811,48.8457516,SensorLogger (Pixel 4 XL),4.173090290438831,3133.1310498390303,2.485053703472099,2.8420104951557335,751.0
2024-01-21 15:33:35+00:00,1705851215224669400,1297.8266694335937,45.0,1.5,1.361197829246521,17.344999313354492,2.5098063945770264,177.0933074951172,82.78100066594149,2.3113778,48.8457194,SensorLogger (Pixel 4 XL),3.852901725803835,3136.721599029808,2.4997875781080974,2.873846470882643,752.0
2024-01-21 15:33:36+00:00,1705851215776860000,1298.3788598632811,45.0,1.5,1.361197829246521,17.413000106811523,2.5291006565093994,177.31640625,82.78100066594149,2.3113761,48.845707,SensorLogger (Pixel 4 XL),2.507135199375545,3138.106016522687,2.509087051849033,2.7252858979947825,753.0
2024-01-21 15:33:37+00:00,1705851216856784100,1299.4587841796874,45.0,1.5,1.3442518711090088,17.7189998626709,2.5484955310821533,177.43890380859375,82.81086189343708,2.3113713,48.8456777,SensorLogger (Pixel 4 XL),2.106919970809819,3141.3847557093013,2.5108887672424447,2.4954595362288066,754.0
2024-01-21 15:33:38+00:00,1705851217997910800,1300.599910888672,45.0,1.5,1.3234071731567385,18.24099922180176,2.5492115020751958,176.33628845214844,82.81440475793633,2.3113735,48.8456465,SensorLogger (Pixel 4 XL),2.377136991421144,3144.859782553137,2.5003258444065555,2.254458552704735,755.0
2024-01-21 15:33:39+00:00,1705851219098735600,1301.7007355957032,45.0,1.5,2.6402251720428467,18.316999435424805,2.465414762496948,174.853759765625,82.88840272756579,2.3113769,48.845622,SensorLogger (Pixel 4 XL),1.488527827958275,3147.598372747403,2.477161924224107,2.1281854239905025,756.0
2024-01-21 15:33:40+00:00,1705851220197347000,1302.7993471679688,45.0,1.5,2.5254852771759038,18.225000381469727,2.415811777114868,172.7057647705078,82.8307048575731,2.3113851,48.845601,SensorLogger (Pixel 4 XL),1.4660563529260462,3150.0292734681875,2.435784808003538,2.1296774066305995,757.0
2024-01-21 15:33:41+00:00,1705851220737026000,1303.3390261230468,45.0,1.5,2.5254852771759038,18.391000747680664,2.378490924835205,171.1808319091797,82.8307048575731,2.3113915,48.845588,SensorLogger (Pixel 4 XL),2.8155747752761924,3151.548780047334,2.3852731908608473,1.927625786921952,758.0
2024-01-21 15:33:42+00:00,1705851221909867800,1304.511867675781,45.0,1.5,2.3211655616760254,18.214000701904297,2.3107333183288574,166.74136352539062,82.84791295302625,2.3114107,48.8455743,SensorLogger (Pixel 4 XL),1.197192345556165,3153.747097931124,2.3234524784045103,1.9560817184616428,759.0
2024-01-21 15:33:43+00:00,1705851222965425200,1305.5674250488282,45.0,1.5,2.8522465229034424,18.35300064086914,2.2380588054656982,162.62930297851562,82.81299067825697,2.3114306,48.8455609,SensorLogger (Pixel 4 XL),2.1166797552716163,3155.831200615111,2.250774790043217,2.0180877431107174,760.0
2024-01-21 15:33:44+00:00,1705851224020982500,1306.622982421875,45.0,1.5,2.1072182655334477,18.27899932861328,2.1489663124084477,158.123291015625,82.6915230200589,2.3114528,48.8455471,SensorLogger (Pixel 4 XL),2.485645318442743,3158.070951672317,2.1587494304277355,1.9775736581679908,761.0
2024-01-21 15:33:45+00:00,1705851225193824000,1307.7958239746094,45.0,1.5,2.106520891189575,18.42799949645996,2.0774481296539307,152.7517852783203,82.49920279742265,2.311479,48.8455389,SensorLogger (Pixel 4 XL),2.168236167329211,3160.2199456786893,2.0555133024491985,1.9252419422464002,762.0
2024-01-21 15:33:46+00:00,1705851226249381000,1308.8513811035157,45.0,1.5,1.853540539741516,18.197999954223636,1.9672950506210327,147.07908630371094,82.33168532684047,2.3115073,48.8455368,SensorLogger (Pixel 4 XL),2.496035652320333,3162.3198134206746,1.9415562107552335,1.9078079873905183,763.0
2024-01-21 15:33:47+00:00,1705851226835801900,1309.4378017578124,45.0,1.5,1.853540539741516,18.04599952697754,1.8904050588607788,144.0756378173828,82.33168532684047,2.311519,48.8455407,SensorLogger (Pixel 4 XL),1.6365853753813868,3163.279541453091,1.8123492916245363,1.7633498525653977,764.0
2024-01-21 15:33:48+00:00,1705851227970391300,1310.5723913574218,45.0,1.5,1.8636542558670044,17.832000732421875,1.7102313041687012,137.57118225097656,82.36002641786189,2.3115399,48.8455436,SensorLogger (Pixel 4 XL),1.0263220953124452,3164.91051387321,1.675652811322286,1.6090493237789991,765.0
2024-01-21 15:33:49+00:00,1705851229064200400,1311.6662004394532,45.0,1.5,1.9511756896972656,17.882999420166016,1.5397931337356567,130.0411376953125,82.479971015807,2.3115607,48.8455494,SensorLogger (Pixel 4 XL),1.2723509612141322,3166.6849703280914,1.543362739506898,1.6705124015264656,766.0
2024-01-21 15:33:50+00:00,1705851230237041700,1312.8390417480468,45.0,1.5,2.5504627227783203,17.85099983215332,1.3630565404891968,121.01712799072266,82.62977762959875,2.3115828,48.845559,SensorLogger (Pixel 4 XL),1.4289328260213119,3168.6340667692284,1.420374387961175,1.5141110562688922,767.0
2024-01-21 15:33:51+00:00,1705851230823462400,1313.4254624023438,45.0,1.5,3.373582601547241,17.798999786376953,1.2793487310409546,116.0132827758789,82.67026635932172,2.3115864,48.8455674,SensorLogger (Pixel 4 XL),1.6549163875102015,3169.604542837192,1.3146194621988083,1.4045280789081558,768.0
2024-01-21 15:33:52+00:00,1705851231968791600,1314.5707915039063,45.0,1.5,3.6306674480438232,18.145000457763672,1.178853988647461,104.52649688720705,82.63129595346317,2.3115987,48.8455815,SensorLogger (Pixel 4 XL),1.483227839433402,3171.485768230708,1.2288707036238518,1.4199333982378202,769.0
2024-01-21 15:33:53+00:00,1705851233176518100,1315.778518066406,45.0,1.5,3.2289178371429443,18.1299991607666,1.1323953866958618,93.14240264892578,82.54525803124531,2.3116135,48.8455977,SensorLogger (Pixel 4 XL),1.4948695987977647,3173.643790816727,1.1716652544375523,1.4605348746266902,770.0
2024-01-21 15:33:54+00:00,1705851233755565300,1316.3575654296876,45.0,1.5,3.2289178371429443,18.097999572753903,1.1219805479049685,87.49317932128906,82.54525803124531,2.3116225,48.8456057,SensorLogger (Pixel 4 XL),1.91145265437591,3174.750611741885,1.1412292071597132,1.5961791601504558,771.0
2024-01-21 15:33:55+00:00,1705851234928406500,1317.5304064941406,45.0,1.5,3.096863031387329,18.051000595092773,1.1503480672836304,78.28466033935547,82.45162952264876,2.3116362,48.8456218,SensorLogger (Pixel 4 XL),1.8588304078458566,3176.809930052194,1.1420496761529215,1.7080995055750767,772.0
2024-01-21 15:33:56+00:00,1705851236101247700,1318.7032478027345,45.0,1.5,2.4438064098358154,18.347000122070312,1.1761014461517334,70.31214141845703,82.53260546948329,2.3116515,48.8456377,SensorLogger (Pixel 4 XL),1.178772957290197,3178.922303757728,1.1632213899992234,1.8472753564128563,773.0
2024-01-21 15:33:57+00:00,1705851237274088700,1319.8760886230468,45.0,1.5,2.617018461227417,18.39699935913086,1.215831637382507,63.12145233154297,82.45669049660123,2.3116647,48.8456551,SensorLogger (Pixel 4 XL),1.673686446967846,3181.143322797058,1.1939481203372726,1.9261141626192497,774.0
2024-01-21 15:33:58+00:00,1705851237860509400,1320.4625095214844,45.0,1.5,2.414177656173706,18.489999771118164,1.2469738721847534,59.402305603027344,82.55538009429029,2.3116726,48.8456658,SensorLogger (Pixel 4 XL),2.2557087824116473,3182.4661155412396,1.2275708725010175,1.9654979465083469,775.0
2024-01-21 15:33:59+00:00,1705851238972172500,1321.5741726074218,45.0,1.5,2.5482378005981445,18.61400032043457,1.2937583923339844,51.242618560791016,82.57309373378367,2.3116777,48.8456863,SensorLogger (Pixel 4 XL),2.0763891534628134,3184.7760786681233,1.2688953316589355,2.071576766764868,776.0
2024-01-21 15:34:00+00:00,1705851240088907500,1322.6909074707032,45.0,1.5,2.048109769821167,18.739999771118164,1.3230340480804443,44.22165298461914,82.53260546948329,2.3116807,48.8457091,SensorLogger (Pixel 4 XL),2.1992617004548642,3187.324093567168,1.3147419783864156,2.0141497500315975,777.0
2024-01-21 15:34:01+00:00,1705851241144464600,1323.7464645996097,45.0,1.5,1.7519521713256836,18.70599937438965,1.3577581644058228,38.183502197265625,82.52552004316775,2.3116789,48.84573,SensorLogger (Pixel 4 XL),2.4072095056521357,3189.673675172669,1.3609951469153914,1.9758049319978057,778.0
2024-01-21 15:34:02+00:00,1705851242200021800,1324.8020217285157,45.0,1.5,1.5006928443908691,18.756000518798828,1.3997795581817627,32.75318908691406,82.51337361187393,2.3116765,48.8457511,SensorLogger (Pixel 4 XL),2.4953797795561297,3192.045728637318,1.4092453408564993,2.067811036828103,779.0
2024-01-21 15:34:03+00:00,1705851242786442500,1325.3884423828124,45.0,1.5,1.5006928443908691,18.74099922180176,1.4230704307556152,30.427309036254883,82.51337361187393,2.3116738,48.8457588,SensorLogger (Pixel 4 XL),1.4984138862889398,3192.9244300069295,1.4618857980313962,2.1264556553762715,780.0
2024-01-21 15:34:04+00:00,1705851243976359000,1326.578358886719,45.0,1.5,2.541292428970337,18.790000915527344,1.504371166229248,26.2930850982666,82.52552004316775,2.3116742,48.8457832,SensorLogger (Pixel 4 XL),1.8160551753647265,3195.6504413768844,1.5172900774899731,2.110415311442349,781.0
2024-01-21 15:34:05+00:00,1705851245078350800,1327.6803508300782,45.0,1.5,1.838102102279663,18.790000915527344,1.5864852666854858,23.384483337402344,82.55183737084567,2.3116758,48.8458081,SensorLogger (Pixel 4 XL),2.1346989472261124,3198.433945278462,1.5774277814373256,2.1915444760837777,782.0
2024-01-21 15:34:06+00:00,1705851246198550300,1328.8005502929686,45.0,1.5,1.6217107772827148,18.836000442504883,1.6633704900741575,21.497337341308597,82.52552004316775,2.3116794,48.845834,SensorLogger (Pixel 4 XL),1.4521492099051958,3201.3301552607068,1.6375275548227317,2.2989048536876124,783.0
2024-01-21 15:34:07+00:00,1705851246774103000,1329.3761030273438,45.0,1.5,1.6217107772827148,18.94599914550781,1.6965769529342651,20.82621383666992,82.52552004316775,2.3116838,48.8458484,SensorLogger (Pixel 4 XL),2.837719227517855,3202.9634130752625,1.6975427123755982,2.3327258621355194,784.0
2024-01-21 15:34:08+00:00,1705851247829660200,1330.43166015625,45.0,1.5,1.3506828546524048,18.617000579833984,1.763007640838623,19.276865005493164,82.46731855176242,2.3116884,48.8458725,SensorLogger (Pixel 4 XL),2.989775834056165,3205.6662905206003,1.7547088641386859,2.383929511668922,785.0
2024-01-21 15:34:09+00:00,1705851248968998100,1331.570998046875,45.0,1.5,1.319893717765808,18.410999298095703,1.815963625907898,16.983516693115234,82.49920279742265,2.3116888,48.8458952,SensorLogger (Pixel 4 XL),2.3255810714782044,3208.191272799621,1.8095373548533678,2.439352328895301,786.0
2024-01-21 15:34:10+00:00,1705851250058059000,1332.6600590820312,45.0,1.5,1.3257548809051514,18.288000106811523,1.8630212545394895,14.603178024291992,82.50274549880848,2.3116886,48.8459225,SensorLogger (Pixel 4 XL),2.769099625413159,3211.2282352287198,1.860605964941147,2.5087869584081215,787.0
2024-01-21 15:34:11+00:00,1705851251230900500,1333.832900390625,45.0,1.5,1.348180055618286,18.441999435424805,1.9091482162475584,12.71608543395996,82.49920279742265,2.3116868,48.845948,SensorLogger (Pixel 4 XL),2.826456459665211,3214.0708419808775,1.9040639620560968,2.3605334504872673,788.0
2024-01-21 15:34:12+00:00,1705851251736674800,1334.3386748046876,45.0,1.5,1.348180055618286,18.586000442504883,1.9299238920211792,11.967978477478027,82.49920279742265,2.3116844,48.8459567,SensorLogger (Pixel 4 XL),1.9439669104647368,3215.054049901051,1.9431777594855573,2.266618942596656,789.0
2024-01-21 15:34:13+00:00,1705851252877717500,1335.479717529297,45.0,1.5,1.3249131441116333,18.697999954223636,1.968076586723328,9.389656066894531,82.41620278982438,2.3116798,48.8459809,SensorLogger (Pixel 4 XL),1.8299832709481725,3217.7738166506824,1.9790012956205105,2.140708906425575,790.0
2024-01-21 15:34:14+00:00,1705851253973494800,1336.5754948730469,45.0,1.5,1.38814115524292,19.364999771118164,2.011754274368286,7.412691116333008,82.39697119703656,2.3116731,48.8460051,SensorLogger (Pixel 4 XL),2.140632067301637,3220.5094223931114,2.0128218340118655,1.9957364983035784,791.0
2024-01-21 15:34:15+00:00,1705851255058406700,1337.6604067382812,45.0,1.5,1.386465311050415,19.46999931335449,2.0551819801330566,6.536279678344727,82.44100148721179,2.3116695,48.8460299,SensorLogger (Pixel 4 XL),1.8740224023620569,3223.2799313794862,2.0417800499842826,2.060907413914098,792.0
2024-01-21 15:34:16+00:00,1705851256156840400,1338.7588403320312,45.0,1.5,2.5979974269866943,19.57200050354004,2.078094959259033,5.960556983947754,82.43745881170284,2.3116679,48.8460556,SensorLogger (Pixel 4 XL),1.864262246896776,3226.141415521031,2.0687293687017902,2.223897140857633,793.0
2024-01-21 15:34:17+00:00,1705851257212397800,1339.814397705078,45.0,1.5,2.569183826446533,19.458999633789062,2.098539352416992,6.007027626037598,82.41974545642503,2.3116701,48.8460802,SensorLogger (Pixel 4 XL),1.7409983959674324,3228.8882662928877,2.093713163250723,2.319272349431941,794.0
2024-01-21 15:34:18+00:00,1705851257798818600,1340.4008186035155,45.0,1.5,2.4931156635284424,19.39699935913086,2.107273817062378,6.265120029449463,82.3777396480027,2.3116733,48.846095,SensorLogger (Pixel 4 XL),2.8345859094293884,3230.550526996481,2.116493663421055,2.4485914929982475,795.0
2024-01-21 15:34:19+00:00,1705851258971660000,1341.5736599121094,45.0,1.5,2.73087739944458,19.24099922180176,2.1265978813171387,6.211782455444336,82.29474083299203,2.3116777,48.8461185,SensorLogger (Pixel 4 XL),2.574709490635587,3233.1833757615714,2.1375704844073584,2.7126631478530263,796.0
2024-01-21 15:34:20+00:00,1705851260027217400,1342.629217529297,45.0,1.5,3.2400310039520264,19.229999542236328,2.149568557739258,6.167611598968506,82.31245392633177,2.3116831,48.8461478,SensorLogger (Pixel 4 XL),3.4981517355337646,3236.46534506693,2.152910174503597,2.806488891221766,797.0
2024-01-21 15:34:21+00:00,1705851261200059000,1343.8020588378906,45.0,1.5,3.4121007919311523,19.052000045776367,2.1728992462158203,6.0330328941345215,82.3337096873336,2.3116883,48.8461753,SensorLogger (Pixel 4 XL),3.294006528186314,3239.5467936955874,2.167399268560292,2.8585342169146095,798.0
2024-01-21 15:34:22+00:00,1705851261786479600,1344.3884797363282,45.0,1.5,3.117985725402832,18.941999435424805,2.1820967197418213,6.006205558776856,82.29119821877796,2.3116912,48.84619,SensorLogger (Pixel 4 XL),2.8107502277838226,3241.195076654915,2.1805635536418357,2.9154008303083554,799.0
2024-01-21 15:34:23+00:00,1705851262959321300,1345.5613212890626,45.0,1.5,2.259130477905273,18.88599967956543,2.194568157196045,6.1363844871521,82.11242901224715,2.311696,48.8462139,SensorLogger (Pixel 4 XL),2.3702407619348675,3243.875778370052,2.1920882326445543,2.730708731371239,800.0
2024-01-21 15:34:24+00:00,1705851263558109700,1346.1601096191407,45.0,1.5,2.259130477905273,18.798999786376957,2.200533151626587,6.043891429901123,82.11242901224715,2.3116997,48.846227,SensorLogger (Pixel 4 XL),2.4743307335103055,3245.35738039564,2.2004594496472505,2.3998994380619525,801.0
2024-01-21 15:34:25+00:00,1705851265187720400,1347.7897204589844,45.0,1.5,2.462740421295166,18.576000213623047,2.2056477069854736,5.834821224212647,82.11242901224715,2.3117046,48.8462635,SensorLogger (Pixel 4 XL),2.754865455301272,3249.4335357520154,2.206865629783055,2.069797764441204,802.0
2024-01-21 15:34:26+00:00,1705851265776508400,1348.3785083007813,45.0,1.5,2.462740421295166,18.53300094604492,2.2080979347229004,5.787535190582275,82.11242901224715,2.3117065,48.8462716,SensorLogger (Pixel 4 XL),1.547837580444502,3250.3448823974927,2.2092026535742004,1.9051499580428564,803.0
2024-01-21 15:34:27+00:00,1705851266878532600,1349.4805327148438,45.0,1.5,2.632923126220703,18.606000900268555,2.2263431549072266,6.446959495544434,82.10534376748832,2.3117135,48.8462947,SensorLogger (Pixel 4 XL),1.8765484394909329,3252.9652188022005,2.210068542601308,1.7169419457579287,804.0
2024-01-21 15:34:28+00:00,1705851267969726200,1350.5717263183594,45.0,1.5,2.425274610519409,18.566999435424805,2.20896577835083,6.675411701202393,82.0577715636162,2.3117185,48.8463162,SensorLogger (Pixel 4 XL),1.3689492532760381,3255.387652674086,2.211571709602678,1.7198398943995687,805.0
2024-01-21 15:34:29+00:00,1705851269058098400,1351.660098388672,45.0,1.5,2.1758463382720947,18.559999465942383,2.19823694229126,6.32598876953125,82.01880304289341,2.3117216,48.8463374,SensorLogger (Pixel 4 XL),0.4955232272356605,3257.7558784828066,2.212464391052465,1.845035032008293,806.0
2024-01-21 15:34:30+00:00,1705851270238190600,1352.840190673828,45.0,1.5,1.9852420091629028,18.608999252319336,2.1992509365081787,6.0855913162231445,81.99248674090823,2.311726,48.8463616,SensorLogger (Pixel 4 XL),1.649945299033823,3260.4671224761187,2.2126527277053327,1.9681040978924866,807.0
2024-01-21 15:34:31+00:00,1705851270817362200,1353.419362060547,45.0,1.5,1.9852420091629028,18.57200050354004,2.205732822418213,5.99149751663208,81.99248674090823,2.3117284,48.8463763,SensorLogger (Pixel 4 XL),2.838493000997227,3262.1110953059992,2.207869236501645,2.03996634450331,808.0
2024-01-21 15:34:32+00:00,1705851271872920800,1354.4749208984374,45.0,1.5,2.444843053817749,18.097999572753903,2.202436923980713,6.161547183990479,82.07700284783704,2.311733,48.8463976,SensorLogger (Pixel 4 XL),2.7329288247974395,3264.503348104323,2.201878403538504,2.1071006168848205,809.0
2024-01-21 15:34:33+00:00,1705851272968313000,1355.570312988281,45.0,1.5,2.35640811920166,18.058000564575195,2.209148645401001,5.705374717712402,81.99957189107604,2.3117339,48.8464186,SensorLogger (Pixel 4 XL),2.333162711469021,3266.840713052487,2.192714130608756,2.1920093046184914,810.0
2024-01-21 15:34:34+00:00,1705851274101322200,1356.703322265625,45.0,1.5,1.9234970808029173,18.100000381469727,2.201618194580078,4.755832672119141,81.99957189107604,2.3117327,48.8464454,SensorLogger (Pixel 4 XL),2.687645394806123,3269.83087491793,2.1802553826327897,2.0809054358320083,811.0
2024-01-21 15:34:35+00:00,1705851275274165000,1357.8761650390625,45.0,1.5,1.758573293685913,18.09199905395508,2.173093557357788,2.9585483074188232,81.99451106892124,2.3117252,48.8464653,SensorLogger (Pixel 4 XL),2.3986377193661492,3272.111010505237,2.1680990311894597,2.077680650074551,812.0
2024-01-21 15:34:36+00:00,1705851275797700000,1358.3997001953126,45.0,1.5,1.758573293685913,18.12299919128418,2.154595375061035,1.895852208137512,81.99451106892124,2.3117202,48.8464722,SensorLogger (Pixel 4 XL),1.623611398960646,3272.961027898992,2.1520777844735512,1.9421694169338302,813.0
2024-01-21 15:34:37+00:00,1705851276877105400,1359.47910546875,45.0,1.5,1.595291256904602,18.604999542236328,2.116697311401367,0.1084044277667999,82.03651598458842,2.3117125,48.8464915,SensorLogger (Pixel 4 XL),1.336402931601278,3275.194722078679,2.132122213916013,1.73215025574555,814.0
2024-01-21 15:34:38+00:00,1705851277971703300,1360.5737033691407,45.0,1.5,1.469254732131958,19.10300064086914,2.126465082168579,0.4584210216999054,82.01728479247447,2.31171,48.8465119,SensorLogger (Pixel 4 XL),1.276541991265554,3277.4706328124043,2.115088159250469,1.6267196028132411,815.0
2024-01-21 15:34:39+00:00,1705851279156670000,1361.758669921875,45.0,1.5,1.783672571182251,18.899999618530277,2.100255012512207,0.7413050532341003,82.01526045900765,2.3117123,48.8465334,SensorLogger (Pixel 4 XL),1.2855758893284341,3279.867260094597,2.1062513711765454,1.8628327690209334,816.0
2024-01-21 15:34:40+00:00,1705851280200104700,1362.802104736328,45.0,1.5,1.7665189504623413,18.78199958801269,2.0936195850372314,0.8823531270027161,81.99451106892124,2.3117147,48.8465544,SensorLogger (Pixel 4 XL),1.583106517649521,3282.2104046762915,2.1032326422126157,2.093962436862567,817.0
2024-01-21 15:34:41+00:00,1705851280786526200,1363.3885261230469,45.0,1.5,1.7665189504623413,18.79400062561035,2.0963728427886963,0.9863483905792236,81.99451106892124,2.311716,48.8465686,SensorLogger (Pixel 4 XL),2.697432239133744,3283.7922355873966,2.108417520264166,2.293247478744116,818.0
2024-01-21 15:34:42+00:00,1705851281959369200,1364.561369140625,45.0,1.5,1.6723394393920898,18.37700080871582,2.098479986190796,2.078786611557007,81.95402460076173,2.3117211,48.8465882,SensorLogger (Pixel 4 XL),2.2825163772271226,3286.0040773007872,2.121927436552447,2.5259121038634547,819.0
2024-01-21 15:34:43+00:00,1705851283014928100,1365.6169282226565,45.0,1.5,1.7010968923568726,18.131000518798828,2.125710964202881,3.2070345878601074,81.91151401788551,2.3117295,48.8466159,SensorLogger (Pixel 4 XL),3.4945546126117795,3289.1495268947237,2.1430234745077534,2.683111494539233,820.0
2024-01-21 15:34:44+00:00,1705851284187771100,1366.7897712402344,45.0,1.5,1.6967822313308716,18.190000534057617,2.18711519241333,3.467615127563477,81.92720242239088,2.3117345,48.8466457,SensorLogger (Pixel 4 XL),3.57531213947237,3292.490028053882,2.1701488799099584,2.8179601997538577,821.0
2024-01-21 15:34:45+00:00,1705851285243330000,1367.845330078125,45.0,1.5,1.6663343906402588,18.382999420166016,2.224581241607666,3.7391936779022217,81.9697130841623,2.311739,48.8466768,SensorLogger (Pixel 4 XL),3.9395462085514823,3295.9639706456824,2.1993384184341203,2.934961891673992,822.0
2024-01-21 15:34:46+00:00,1705851285798136800,1368.40013671875,45.0,1.5,1.6663343906402588,18.503999710083008,2.231785535812378,3.883626699447632,81.9697130841623,2.311741,48.8466876,SensorLogger (Pixel 4 XL),2.180559820695336,3297.173760498123,2.2337774898132166,2.9941862508716253,823.0
2024-01-21 15:34:47+00:00,1705851286885310500,1369.487310546875,45.0,1.5,1.7494380474090576,18.68400001525879,2.263335466384888,4.191876411437988,81.9697130841623,2.3117456,48.8467192,SensorLogger (Pixel 4 XL),2.3281118795864852,3300.70393872501,2.26770355086522,3.043260925532931,824.0
2024-01-21 15:34:48+00:00,1705851288058153700,1370.6601538085938,45.0,1.5,1.6918110847473145,18.84000015258789,2.3000802993774414,4.435312747955322,82.20313942828264,2.3117473,48.8467521,SensorLogger (Pixel 4 XL),2.3713807367427533,3304.3643727235926,2.300859682592344,3.1580851905380536,825.0
2024-01-21 15:34:49+00:00,1705851289238252800,1371.8402526855468,45.0,1.5,2.40298843383789,19.00300025939941,2.3372955322265625,4.737250804901123,82.14696447220783,2.3117491,48.8467855,SensorLogger (Pixel 4 XL),2.622442417751914,3308.083904340954,2.330961436275995,3.2862995517119153,826.0
2024-01-21 15:34:50+00:00,1705851289817419000,1372.4194189453126,45.0,1.5,2.40298843383789,19.131999969482425,2.3549463748931885,4.600003242492676,82.14696447220783,2.3117492,48.846805,SensorLogger (Pixel 4 XL),3.743854813395822,3310.2522177578094,2.355044254889868,3.2528283497463386,827.0
2024-01-21 15:34:51+00:00,1705851290872978200,1373.4749782714844,45.0,1.5,3.4271130561828613,18.94700050354004,2.380548477172852,4.553928375244141,82.2223705801,2.311751,48.8468357,SensorLogger (Pixel 4 XL),3.7873922573693886,3313.6686179656213,2.3752619290244112,3.283144201495835,828.0
2024-01-21 15:34:52+00:00,1705851292045821700,1374.6478217773438,45.0,1.5,3.305063247680664,18.8700008392334,2.4021334648132324,4.035748481750488,82.30182606587371,2.3117477,48.8468696,SensorLogger (Pixel 4 XL),3.743238668720052,3317.4460188599082,2.3964066388920013,3.3208246176665157,829.0
2024-01-21 15:34:53+00:00,1705851293101381000,1375.7033811035155,45.0,1.5,2.607183694839477,18.763999938964844,2.4198102951049805,3.582879543304444,82.40253823255502,2.3117452,48.8469012,SensorLogger (Pixel 4 XL),4.083529477900545,3320.971691201827,2.418336860518662,3.3404715036837933,830.0
2024-01-21 15:34:54+00:00,1705851294274225000,1376.8762248535156,45.0,1.5,3.33610463142395,18.809999465942383,2.4373319149017334,3.256078004837036,82.48857470217413,2.3117439,48.8469333,SensorLogger (Pixel 4 XL),3.7940090604948242,3324.542889817295,2.435818940805647,3.2422038847834718,831.0
2024-01-21 15:34:55+00:00,1705851294797150200,1377.3991501464843,45.0,1.5,3.33610463142395,18.895000457763672,2.4453203678131104,3.185677289962769,82.48857470217413,2.3117434,48.8469446,SensorLogger (Pixel 4 XL),2.403853775455353,3325.799925052825,2.4539630818690785,3.16296628380371,832.0
2024-01-21 15:34:56+00:00,1705851295916206300,1378.518206298828,45.0,1.5,3.1150500774383545,18.81399917602539,2.460299253463745,3.062370777130127,82.548294648886,2.3117422,48.8469755,SensorLogger (Pixel 4 XL),2.201808342793883,3329.2373755817707,2.4723537112792826,2.8478344131120026,833.0
2024-01-21 15:34:57+00:00,1705851297038478600,1379.640478515625,45.0,1.5,2.8682701587677,18.77199935913086,2.4864015579223637,3.2345550060272217,82.548294648886,2.311747,48.8470063,SensorLogger (Pixel 4 XL),2.4210693447714,3332.680170903918,2.4912069646481605,2.7251630025493148,834.0
2024-01-21 15:34:58+00:00,1705851298144609800,1380.7466098632813,45.0,1.5,2.8067917823791504,18.566999435424805,2.508664131164551,3.487531900405884,82.5609472341313,2.3117525,48.8470386,SensorLogger (Pixel 4 XL),2.431575104328484,3336.2951301986445,2.5085433578059817,2.6731522483168435,835.0
2024-01-21 15:34:59+00:00,1705851299200169500,1381.8021694335937,45.0,1.5,2.844057083129883,18.562000274658203,2.5285630226135254,3.351109266281128,82.58574635614663,2.3117579,48.8470698,SensorLogger (Pixel 4 XL),2.334151337847472,3339.7889379961307,2.5238231484167315,2.6175406503227823,836.0
2024-01-21 15:35:00+00:00,1705851299786591700,1382.388591796875,45.0,1.5,2.189188003540039,18.374000549316406,2.537911891937256,3.5218868255615234,82.66318081762088,2.3117617,48.847087,SensorLogger (Pixel 4 XL),3.2956820009698977,3341.7215984265035,2.537102421592277,2.564763029208924,837.0
2024-01-21 15:35:01+00:00,1705851300959436000,1383.5614360351562,45.0,1.5,1.668101787567139,18.540000915527344,2.566888332366944,4.502726078033447,82.66318081762088,2.311772,48.8471146,SensorLogger (Pixel 4 XL),2.8647350255573967,3344.8818820512843,2.548361461950117,2.6048153372684455,838.0
2024-01-21 15:35:02+00:00,1705851302132280300,1384.7342802734374,45.0,1.5,2.338433265686035,18.57200050354004,2.5630524158477783,4.9203619956970215,82.68595579422302,2.3117807,48.8471479,SensorLogger (Pixel 4 XL),2.04006920812439,3348.639003570117,2.55805283865779,2.5708444208779806,839.0
2024-01-21 15:35:03+00:00,1705851303187840300,1385.7898403320312,45.0,1.5,2.4980175495147705,18.641000747680664,2.563516616821289,5.027098178863525,82.71117008160542,2.3117884,48.8471786,SensorLogger (Pixel 4 XL),4.008132913671663,3352.0991780798063,2.564505013081836,2.474181679680451,840.0
2024-01-21 15:35:04+00:00,1705851303757079600,1386.3590795898438,45.0,1.5,2.4980175495147705,18.70800018310547,2.563845634460449,4.998114109039307,82.71117008160542,2.311791,48.8471889,SensorLogger (Pixel 4 XL),2.039565157792075,3353.260180150228,2.5677931669071388,2.532374994327137,841.0
2024-01-21 15:35:05+00:00,1705851304878724400,1387.4807243652344,45.0,1.5,2.058077096939087,18.559999465942383,2.560896396636963,4.839481353759766,82.6651150214939,2.3117976,48.8472157,SensorLogger (Pixel 4 XL),1.927000729106199,3356.2801928776175,2.570329182180358,2.3715101843970823,842.0
2024-01-21 15:35:06+00:00,1705851305998228500,1388.600228515625,45.0,1.5,1.82463800907135,18.208999633789062,2.568922519683838,4.700444221496582,82.58928909380215,2.3118033,48.8472443,SensorLogger (Pixel 4 XL),1.9551571768386868,3359.4884531331318,2.573083422302674,2.2465030921361677,843.0
2024-01-21 15:35:07+00:00,1705851307138305000,1389.7403049316406,45.0,1.5,1.605198860168457,18.038000106811523,2.576458692550659,4.393498420715332,82.81520273577858,2.3118087,48.8472725,SensorLogger (Pixel 4 XL),2.0239826999913797,3362.6535646727402,2.5765345685622405,2.3096066122943517,844.0
2024-01-21 15:35:08+00:00,1705851308239044000,1390.8410441894532,45.0,1.5,1.5765806436538696,18.141000747680664,2.5822598934173584,4.057899951934815,82.58928909380215,2.3118126,48.8473,SensorLogger (Pixel 4 XL),1.8161084841574233,3365.726994015954,2.5796911356136407,2.410386823390257,845.0
2024-01-21 15:35:09+00:00,1705851308817495000,1391.4194951171876,45.0,1.5,1.5765806436538696,17.990999221801758,2.583093404769897,3.932738780975342,82.58928909380215,2.3118135,48.8473164,SensorLogger (Pixel 4 XL),3.154606980176681,3367.5517795782443,2.584472598209654,2.4887752627275965,846.0
2024-01-21 15:35:10+00:00,1705851309873055500,1392.4750554199218,45.0,1.5,1.4733142852783203,18.15399932861328,2.587869167327881,3.0943408012390137,82.53260546948329,2.3118121,48.8473427,SensorLogger (Pixel 4 XL),3.264247083193433,3370.478427879881,2.5891598015349513,2.4366167506045233,847.0
2024-01-21 15:35:11+00:00,1705851310966877700,1393.5688776855468,45.0,1.5,1.462582230567932,18.006999969482422,2.599289655685425,3.144750595092773,82.5113492083553,2.3118138,48.8473691,SensorLogger (Pixel 4 XL),1.2809106165317787,3373.4193981335147,2.594825554541347,2.4975501576955654,848.0
2024-01-21 15:35:12+00:00,1705851312101461500,1394.7034614257811,45.0,1.5,1.428835391998291,17.959999084472656,2.6059255599975586,3.573677062988281,82.53462987809242,2.3118195,48.8474044,SensorLogger (Pixel 4 XL),3.437835543181769,3377.367092383322,2.6007638795343597,2.538715927259841,849.0
2024-01-21 15:35:13+00:00,1705851313274306800,1395.8763068847657,45.0,1.5,1.614206314086914,18.009000778198242,2.607438325881958,3.8908402919769287,82.4302656692352,2.3118253,48.8474332,SensorLogger (Pixel 4 XL),3.728410788946311,3380.597998508826,2.60645482162546,2.5948210182932936,850.0
2024-01-21 15:35:14+00:00,1705851313858848500,1396.4608486328125,45.0,1.5,1.614206314086914,18.166000366210938,2.607730865478516,4.012454509735107,82.4302656692352,2.3118276,48.8474424,SensorLogger (Pixel 4 XL),1.7736020907417758,3381.6347434221525,2.6128258025484525,2.6026234511177875,851.0
2024-01-21 15:35:15+00:00,1705851314957695200,1397.5596953125,45.0,1.5,1.5912514925003052,18.233999252319336,2.610640287399292,4.247437000274658,82.47075381475729,2.3118355,48.8474702,SensorLogger (Pixel 4 XL),2.125685297484528,3384.781334234913,2.620346784591689,2.7177555809143605,852.0
2024-01-21 15:35:16+00:00,1705851316077033700,1398.6790336914062,45.0,1.5,1.5547758340835571,18.48900032043457,2.6273200511932373,4.272499561309815,82.38623503109591,2.3118417,48.8474997,SensorLogger (Pixel 4 XL),2.0104297844618224,3388.0929036785515,2.628665196302264,2.727597478223286,853.0
2024-01-21 15:35:17+00:00,1705851317176458800,1399.7784587402343,45.0,1.5,1.481484055519104,18.63599967956543,2.6401443481445312,4.041326522827148,82.56803269014108,2.3118464,48.8475288,SensorLogger (Pixel 4 XL),2.239409611435509,3391.348502788126,2.637054540884455,2.8143992936827718,854.0
2024-01-21 15:35:18+00:00,1705851317731126300,1400.3331262207032,45.0,1.5,1.481484055519104,18.849000930786133,2.6449644565582275,3.96406626701355,82.56803269014108,2.3118499,48.8475481,SensorLogger (Pixel 4 XL),3.896553689730618,3393.509792533548,2.644902711108813,2.928112329878258,855.0
2024-01-21 15:35:19+00:00,1705851318903972000,1401.5059721679688,45.0,1.5,1.4505500793457031,18.31999969482422,2.6541597843170166,3.745972394943237,82.49049185601237,2.3118521,48.8475763,SensorLogger (Pixel 4 XL),3.2141025453071697,3396.6501005683704,2.65298475356125,2.7508595410954086,856.0
2024-01-21 15:35:20+00:00,1705851319959533600,1402.5615334472657,45.0,1.5,1.9822771549224851,18.136999130249023,2.661870002746582,3.609145402908325,82.44089378866335,2.3118551,48.8476032,SensorLogger (Pixel 4 XL),2.980953041553489,3399.6493375739246,2.6602790623229158,2.6998536534752087,857.0
2024-01-21 15:35:21+00:00,1705851321132379600,1403.734379638672,45.0,1.5,2.691761016845703,18.05699920654297,2.669602870941162,3.619097471237183,82.42014366315456,2.3118594,48.8476369,SensorLogger (Pixel 4 XL),3.4522216606063436,3403.411523488647,2.6658760590790767,2.6094184561713756,858.0
2024-01-21 15:35:22+00:00,1705851322187941400,1404.78994140625,45.0,1.5,2.9786205291748047,17.89699935913086,2.671962022781372,3.779048442840576,82.39686309516522,2.3118638,48.8476641,SensorLogger (Pixel 4 XL),2.08675760319085,3406.453631282476,2.6691999638242563,2.4635484061485022,859.0
2024-01-21 15:35:23+00:00,1705851322757402600,1405.3594025878906,45.0,1.5,2.9786205291748047,17.871000289916992,2.6731834411621094,3.769241333007813,82.39686309516522,2.3118646,48.847674,SensorLogger (Pixel 4 XL),1.9358361468822243,3407.5560164063522,2.670859420569249,2.3798634789466826,860.0
2024-01-21 15:35:24+00:00,1705851323876468000,1406.478468017578,45.0,1.5,2.74951720237732,17.81999969482422,2.670048236846924,3.514052152633667,82.51781612036206,2.3118655,48.8477008,SensorLogger (Pixel 4 XL),1.8759615677579722,3410.5371176005306,2.6715735646934133,2.212759702009608,861.0
2024-01-21 15:35:25+00:00,1705851324971488000,1407.5734880371094,45.0,1.5,2.762346744537353,17.85099983215332,2.66995620727539,3.394002914428711,82.54565240286698,2.3118688,48.8477262,SensorLogger (Pixel 4 XL),1.5080321733134308,3413.37177536265,2.671066904283771,1.9844976959081255,862.0
2024-01-21 15:35:26+00:00,1705851326058336500,1408.6603364257812,45.0,1.5,2.352381706237793,17.906999588012695,2.665897846221924,3.505150318145752,82.65699844953011,2.3118726,48.8477522,SensorLogger (Pixel 4 XL),1.5147075557311913,3416.2779765911046,2.6686692688799694,1.9677179066299595,863.0
2024-01-21 15:35:27+00:00,1705851327231184000,1409.8331838378906,45.0,1.5,2.5354013442993164,17.934999465942383,2.665466547012329,3.685678005218506,82.56539091327772,2.3118775,48.8477793,SensorLogger (Pixel 4 XL),1.8015416571311103,3419.313229598694,2.666828080863449,1.940313013010464,864.0
2024-01-21 15:35:28+00:00,1705851327817607700,1410.4196076660155,45.0,1.5,2.5354013442993164,18.10099983215332,2.6662042140960693,3.7568750381469727,82.56539091327772,2.3118801,48.8477968,SensorLogger (Pixel 4 XL),3.3340882940940926,3421.26841899247,2.667155790544757,2.002370586070441,865.0
2024-01-21 15:35:29+00:00,1705851328990455300,1411.5924553222656,45.0,1.5,2.404862403869629,18.142000198364254,2.667335033416748,4.302662372589111,82.62359448153416,2.311886,48.8478194,SensorLogger (Pixel 4 XL),2.492529133364012,3423.8182626931207,2.666938744626987,2.114218641606522,866.0
2024-01-21 15:35:30+00:00,1705851330163302700,1412.765302734375,45.0,1.5,2.190894603729248,18.18199920654297,2.658703565597534,5.390176296234131,82.65143111236424,2.3118963,48.8478476,SensorLogger (Pixel 4 XL),1.7287588013366664,3427.051019972167,2.665109986741093,2.1105520789706667,867.0
2024-01-21 15:35:31+00:00,1705851331218865400,1413.8208654785155,45.0,1.5,2.237569808959961,18.26499938964844,2.655231475830078,6.135517120361328,82.81035472392591,2.3119063,48.8478723,SensorLogger (Pixel 4 XL),1.7660435477162557,3429.895478270309,2.6610739526705647,2.018787338477363,868.0
2024-01-21 15:35:32+00:00,1705851331727844600,1414.3298447265624,45.0,1.5,2.237569808959961,18.357999801635746,2.6572208404541016,6.365240573883057,82.81035472392591,2.3119105,48.8478816,SensorLogger (Pixel 4 XL),2.1195600397097256,3430.9742919393207,2.655119295249712,2.011111109738864,869.0
2024-01-21 15:35:33+00:00,1705851332858898700,1415.4608986816406,45.0,1.5,2.3492791652679443,18.280000686645508,2.6650583744049072,7.2145185470581055,82.81541603453238,2.3119237,48.8479094,SensorLogger (Pixel 4 XL),1.987527266004968,3434.2152449428027,2.6528317641349,2.0571256750616254,870.0
2024-01-21 15:35:34+00:00,1705851333958385400,1416.5603854980468,45.0,1.5,3.055237054824829,18.429000854492188,2.6564009189605717,7.098558902740479,82.75012536030539,2.3119318,48.8479371,SensorLogger (Pixel 4 XL),2.1240090165633725,3437.3518942844994,2.644378211379605,1.9808748062870547,871.0
2024-01-21 15:35:35+00:00,1705851335037827800,1417.6398278808597,45.0,1.5,3.235280752182007,18.68600082397461,2.6222171783447266,6.681907176971436,82.81035472392591,2.3119361,48.8479611,SensorLogger (Pixel 4 XL),1.3386909695839326,3440.03906804984,2.629675652646385,1.7472050635910843,872.0
2024-01-21 15:35:36+00:00,1705851336144825300,1418.7468254394532,45.0,1.5,3.8243019580841056,18.825000762939453,2.606149673461914,6.260865688323975,82.79770146066733,2.3119395,48.8479869,SensorLogger (Pixel 4 XL),1.728386637333133,3442.91930931113,2.6116131942196805,1.9604266276587978,873.0
2024-01-21 15:35:37+00:00,1705851337200388000,1419.8023881835938,45.0,1.5,3.6706504821777344,18.895999908447266,2.594777584075928,5.518436431884766,83.0139222611325,2.3119402,48.8480124,SensorLogger (Pixel 4 XL),1.9059375417401754,3445.7564854859797,2.591841570392467,2.101674390603179,874.0
2024-01-21 15:35:38+00:00,1705851337786812000,1420.3888120117188,45.0,1.5,3.436415433883667,19.05900001525879,2.590840101242065,5.058745861053467,83.0139222611325,2.3119398,48.848028,SensorLogger (Pixel 4 XL),2.958418773848696,3447.4913732570153,2.5739788361804115,2.150775031193755,875.0
2024-01-21 15:35:39+00:00,1705851338959659500,1421.561659423828,45.0,1.5,2.487936496734619,19.200000762939453,2.5822129249572754,4.45922327041626,83.0139222611325,2.3119413,48.8480519,SensorLogger (Pixel 4 XL),2.4859645842007816,3450.151199599556,2.556808508575246,2.1483048071245103,876.0
2024-01-21 15:35:40+00:00,1705851340132507400,1422.7345073242188,45.0,1.5,2.127734661102295,19.104999542236328,2.500374555587769,4.930099010467529,83.01746517823892,2.3119463,48.8480754,SensorLogger (Pixel 4 XL),1.249823259745441,3452.8113563265624,2.5398333376888913,2.036965943793297,877.0
2024-01-21 15:35:41+00:00,1705851341188070400,1423.7900703125,45.0,1.5,2.2050788402557373,19.22800064086914,2.493021011352539,5.523435115814209,83.07516432297771,2.3119539,48.8480972,SensorLogger (Pixel 4 XL),1.731924860846071,3455.29940220503,2.5254859704237855,2.0230687603359794,878.0
2024-01-21 15:35:42+00:00,1705851342243633400,1424.8456333007812,45.0,1.5,2.189395904541016,19.440000534057617,2.505148410797119,5.755370616912842,83.19866206161255,2.31196,48.8481211,SensorLogger (Pixel 4 XL),3.703705125056885,3457.994190306455,2.513813808708722,2.139657592094938,879.0
2024-01-21 15:35:43+00:00,1705851342830057200,1425.4320571289063,45.0,1.5,2.189395904541016,19.51799964904785,2.51043963432312,5.870811462402344,83.19866206161255,2.3119629,48.8481287,SensorLogger (Pixel 4 XL),1.4858150178020768,3458.8655064066397,2.5012072612797107,2.076365973646868,880.0
2024-01-21 15:35:44+00:00,1705851343978442800,1426.5804428710935,45.0,1.5,2.084002017974853,19.770999908447266,2.518883466720581,5.862919330596924,83.24117809403583,2.3119688,48.8481525,SensorLogger (Pixel 4 XL),1.5395881113055474,3461.5471219965407,2.4877591834348927,1.9748335760443307,881.0
2024-01-21 15:35:45+00:00,1705851345117482800,1427.7194826660157,45.0,1.5,2.101956605911255,19.70599937438965,2.485161066055298,6.156685829162598,83.34493835660666,2.3119747,48.8481743,SensorLogger (Pixel 4 XL),1.3964210244215807,3464.012422082839,2.475426647566036,1.8823814127558964,882.0
2024-01-21 15:35:46+00:00,1705851346238571500,1428.840571533203,45.0,1.5,2.012927532196045,19.573999404907227,2.4603166580200195,6.066988945007324,83.34493835660666,2.3119789,48.8481971,SensorLogger (Pixel 4 XL),1.420276163117223,3466.566699228341,2.4656709081986503,1.8971178350262923,883.0
2024-01-21 15:35:47+00:00,1705851346817740000,1429.4197399902343,45.0,1.5,2.012927532196045,19.391000747680664,2.450991153717041,5.954564094543457,83.34493835660666,2.3119818,48.8482125,SensorLogger (Pixel 4 XL),2.9792680100299256,3468.292198902442,2.4568750642543598,1.908850493838253,884.0
2024-01-21 15:35:48+00:00,1705851347990588000,1430.592587890625,45.0,1.5,1.6857030391693115,18.929000854492188,2.4380602836608887,5.744679927825928,83.56579049281174,2.3119865,48.8482343,SensorLogger (Pixel 4 XL),2.3918381315298465,3470.7413261846327,2.4397908178390013,1.7626973639624035,885.0
2024-01-21 15:35:49+00:00,1705851349163436000,1431.7654360351562,45.0,1.5,1.56524395942688,18.299999237060547,2.416307210922241,5.53945255279541,83.58525159446708,2.311988,48.8482591,SensorLogger (Pixel 4 XL),1.119355997751832,3473.503450750717,2.4193548925322235,1.5420257134721538,886.0
2024-01-21 15:35:50+00:00,1705851350218999600,1432.8209995117188,45.0,1.5,2.253575325012207,18.07900047302246,2.397159576416016,5.5873541831970215,83.57968391028272,2.3119905,48.8482812,SensorLogger (Pixel 4 XL),1.4720799757187626,3475.9706819117414,2.397919386652273,1.6817037025668853,887.0
2024-01-21 15:35:51+00:00,1705851350725764000,1433.3277641601562,45.0,1.5,2.253575325012207,18.16399955749512,2.389805555343628,5.735508441925049,83.57968391028272,2.3119924,48.8482888,SensorLogger (Pixel 4 XL),1.690019551161534,3476.8271229795664,2.376420396053965,1.6180351911670632,888.0
2024-01-21 15:35:52+00:00,1705851351859006700,1434.4610068359375,45.0,1.5,2.962690114974976,18.099000930786133,2.369152307510376,6.169548034667969,83.38188744055124,2.3119937,48.8483102,SensorLogger (Pixel 4 XL),1.4106315038734587,3479.2089060382646,2.3587944956386915,1.4343248144462841,889.0
2024-01-21 15:35:53+00:00,1705851352958696700,1435.5606967773438,45.0,1.5,3.2484564781188965,18.01300048828125,2.3405139446258545,7.3891682624816895,83.38188744055124,2.3120015,48.8483291,SensorLogger (Pixel 4 XL),1.4231650806301581,3481.3926468397126,2.3443333636581754,1.3512254610790153,890.0
2024-01-21 15:35:54+00:00,1705851354096640300,1436.6986401367187,45.0,1.5,2.6176278591156006,17.972999572753906,2.326352834701538,7.556159019470215,83.35202446977809,2.3120012,48.84835,SensorLogger (Pixel 4 XL),1.226417551392247,3483.7232886438865,2.332830022147351,1.446581041643476,891.0
2024-01-21 15:35:55+00:00,1705851355237719800,1437.8397197265624,45.0,1.5,3.2286622524261475,18.19700050354004,2.310493469238281,7.532039165496826,83.4066889710447,2.3120004,48.8483706,SensorLogger (Pixel 4 XL),1.2438475563154918,3486.0207538707227,2.324762400458853,1.7148194236191234,892.0
2024-01-21 15:35:56+00:00,1705851355848671700,1438.4506716308597,45.0,1.5,3.2286622524261475,17.968000411987305,2.301205635070801,7.719034671783447,83.4066889710447,2.3120016,48.8483831,SensorLogger (Pixel 4 XL),2.2795691568584715,3487.413461206244,2.321000309767239,1.9874078827509711,893.0
2024-01-21 15:35:57+00:00,1705851356970007300,1439.5720073242187,45.0,1.5,2.9565112590789795,17.937999725341797,2.3053994178771973,9.0640230178833,83.40517050790294,2.3120065,48.8484044,SensorLogger (Pixel 4 XL),1.4659550599487576,3489.8093760526053,2.3185882715078625,2.0959324389729117,894.0
2024-01-21 15:35:58+00:00,1705851358077084200,1440.6790842285156,45.0,1.5,2.4942238330841064,17.854999542236328,2.324224710464477,9.321343421936035,83.37672678686211,2.3120119,48.8484324,SensorLogger (Pixel 4 XL),1.8203490547352845,3492.9620642801437,2.3156341144941632,2.0981625354738176,895.0
2024-01-21 15:35:59+00:00,1705851359132648200,1441.7346481933594,45.0,1.5,2.6687331199646,17.819000244140625,2.34052848815918,7.923189640045166,83.32914813691599,2.312012,48.848461,SensorLogger (Pixel 4 XL),3.615836627018471,3496.14327451904,2.3139984711263097,2.1537128347742103,896.0
2024-01-21 15:36:00+00:00,1705851360188212200,1442.790212158203,45.0,1.5,2.3946080207824707,17.7549991607666,2.330817937850952,6.013285160064697,83.32914813691599,2.3120057,48.848487,SensorLogger (Pixel 4 XL),3.4110520863825227,3499.0747401638446,2.312293136821086,2.273347300309868,897.0
2024-01-21 15:36:01+00:00,1705851360774636500,1443.3766364746093,45.0,1.5,2.3946080207824707,17.825000762939453,2.31947922706604,4.841454029083252,83.32914813691599,2.3119992,48.8484957,SensorLogger (Pixel 4 XL),1.838244425761252,3500.1527326512214,2.3088376230783716,2.3380384476766602,898.0
2024-01-21 15:36:02+00:00,1705851361937705500,1444.5397055664062,45.0,1.5,2.400871992111206,17.922000885009766,2.315075397491455,3.0494656562805176,83.26739752247795,2.3119886,48.8485209,SensorLogger (Pixel 4 XL),1.812641906441871,3503.083906255318,2.306729521902451,2.4589388408693615,899.0
2024-01-21 15:36:03+00:00,1705851363077351200,1445.6793510742189,45.0,1.5,3.2264111042022705,17.98900032043457,2.2955009937286377,2.5624382495880127,83.26739752247795,2.3119845,48.8485467,SensorLogger (Pixel 4 XL),1.58827780916074,3505.9746085753864,2.3078254941362184,2.406805620020368,900.0
2024-01-21 15:36:04+00:00,1705851364175899000,1446.7778989257813,45.0,1.5,3.403994560241699,18.201000213623047,2.2875125408172607,1.9365990161895752,83.32013700728433,2.3119805,48.8485712,SensorLogger (Pixel 4 XL),1.7284715061824845,3508.71677406687,2.3097408540648154,2.5160645985987804,901.0
2024-01-21 15:36:05+00:00,1705851364762323500,1447.3643234863282,45.0,1.5,3.403994560241699,18.285999298095703,2.2993550300598145,1.595436930656433,83.32013700728433,2.3119778,48.8485873,SensorLogger (Pixel 4 XL),3.0713384407971223,3510.517880640676,2.316208570143768,2.4484372632785085,902.0
2024-01-21 15:36:06+00:00,1705851365817887700,1448.4198876953126,45.0,1.5,4.012120723724365,18.40399932861328,2.3134870529174805,1.4548124074935913,83.33987685083531,2.3119758,48.8486118,SensorLogger (Pixel 4 XL),3.3139556077382037,3513.246112943998,2.3300786851218507,2.404598300564688,903.0
2024-01-21 15:36:07+00:00,1705851366968690000,1449.5706899414065,45.0,1.5,3.7601184844970703,18.50900077819824,2.337500095367432,2.392018318176269,83.35050601645557,2.3119797,48.8486374,SensorLogger (Pixel 4 XL),2.6632021238929635,3516.1085824555926,2.3491105329936572,2.7127690342710316,904.0
2024-01-21 15:36:08+00:00,1705851368163586300,1450.7655864257813,45.0,1.5,3.067732095718384,18.733999252319336,2.3769454956054688,3.179387331008911,83.24826412022873,2.3119886,48.84867,SensorLogger (Pixel 4 XL),3.216333995306971,3519.793232072798,2.3702519964848294,2.990562062480799,905.0
2024-01-21 15:36:09+00:00,1705851369219150800,1451.8211508789063,45.0,1.5,2.2918641567230225,18.663000106811523,2.4066267013549805,3.6002306938171387,83.13691296676727,2.3119983,48.8486981,SensorLogger (Pixel 4 XL),2.098307238959873,3522.9993390545383,2.3900771333081816,3.0344144634726664,906.0
2024-01-21 15:36:10+00:00,1705851369805575700,1452.4075756835937,45.0,1.5,2.255892276763916,18.655000686645508,2.4113056659698486,3.7490158081054688,83.09996495357834,2.3120036,48.848715,SensorLogger (Pixel 4 XL),3.2720183619179894,3524.918132422426,2.407408626262971,3.0279588607006547,907.0
2024-01-21 15:36:11+00:00,1705851370978425000,1453.580425048828,45.0,1.5,2.531407117843628,18.55900001525879,2.438982963562012,3.861741065979004,83.09996495357834,2.3120104,48.8487427,SensorLogger (Pixel 4 XL),2.590754700024061,3528.0382058722025,2.4179037204155684,2.7697509378209118,908.0
2024-01-21 15:36:12+00:00,1705851372151274800,1454.753274658203,45.0,1.5,2.830233573913574,18.483999252319336,2.440239667892456,3.74231219291687,83.94162007172096,2.3120141,48.8487767,SensorLogger (Pixel 4 XL),3.3751562366184786,3531.830000937091,2.4212795563952545,2.5073199883704897,909.0
2024-01-21 15:36:13+00:00,1705851373206839600,1455.8088395996094,45.0,1.5,2.9664549827575684,18.209999084472656,2.4177746772766118,3.510359048843384,84.0630923117618,2.3120148,48.8488029,SensorLogger (Pixel 4 XL),3.3349007943796187,3534.743780008642,2.4193760451148667,2.4317316134460683,910.0
2024-01-21 15:36:14+00:00,1705851373798195000,1456.4001948242187,45.0,1.5,2.9664549827575684,18.14699935913086,2.406613111495972,3.476671934127808,84.0630923117618,2.3120148,48.8488113,SensorLogger (Pixel 4 XL),1.5794867442878147,3535.6778173923103,2.409951698510368,2.355640081957189,911.0
2024-01-21 15:36:15+00:00,1705851374936693500,1457.5386936035156,45.0,1.5,2.006702184677124,18.062000274658203,2.384133815765381,3.49067759513855,83.46861016969655,2.3120154,48.8488347,SensorLogger (Pixel 4 XL),1.6172196023117746,3538.2801493058614,2.3945930916799267,2.229256021315615,912.0
2024-01-21 15:36:16+00:00,1705851376078623700,1458.6806237792969,45.0,1.5,1.7758125066757202,17.989999771118164,2.369207859039306,3.628887891769409,83.4582080772536,2.3120145,48.8488602,SensorLogger (Pixel 4 XL),1.9246824576320805,3541.116515990298,2.376142958386464,2.318103996884477,913.0
2024-01-21 15:36:17+00:00,1705851377196937000,1459.7989370117189,45.0,1.5,1.7541285753250122,17.798999786376953,2.352933645248413,3.49214506149292,83.43340697592481,2.3120142,48.8488847,SensorLogger (Pixel 4 XL),1.4378260435448964,3543.842570401603,2.3562343992259294,2.251025670640682,914.0
2024-01-21 15:36:18+00:00,1705851377780959200,1460.3829592285156,45.0,1.5,1.7541285753250122,17.81100082397461,2.3436877727508545,3.308825731277466,83.43340697592481,2.3120141,48.8489003,SensorLogger (Pixel 4 XL),2.9701899724742016,3545.5772266897075,2.334599462138055,2.25986138609612,915.0
2024-01-21 15:36:19+00:00,1705851378836524300,1461.438524169922,45.0,1.5,1.772949457168579,18.024999618530277,2.3272857666015625,3.13167142868042,83.60780108252767,2.3120143,48.8489202,SensorLogger (Pixel 4 XL),2.791506964357062,3547.7904415627777,2.3160732193770035,2.208752975748963,916.0
2024-01-21 15:36:20+00:00,1705851379971657700,1462.5736577148436,45.0,1.5,2.201498508453369,18.02300071716309,2.295166015625,4.417557716369629,83.4031458908051,2.3120196,48.848938,SensorLogger (Pixel 4 XL),2.091855536060191,3549.8077573041232,2.3005281668443067,2.1462226139685,917.0
2024-01-21 15:36:21+00:00,1705851381064939000,1463.6669389648437,45.0,1.5,3.52947998046875,17.951000213623047,2.2803313732147217,5.022775650024414,83.92132429067739,2.3120272,48.8489645,SensorLogger (Pixel 4 XL),2.632137574713372,3552.807404188166,2.290917871009183,2.2697794659165345,918.0
2024-01-21 15:36:22+00:00,1705851382237789000,1464.8397888183597,45.0,1.5,3.324129819869995,18.09199905395508,2.265977382659912,4.813024044036865,83.92132429067739,2.3120313,48.8489888,SensorLogger (Pixel 4 XL),2.96558843246287,3555.5297054152416,2.2839367003462554,2.290916944781647,919.0
2024-01-21 15:36:23+00:00,1705851382824214000,1465.426214111328,45.0,1.5,3.324129819869995,18.14699935913086,2.2600796222686768,4.576201438903809,83.92132429067739,2.3120315,48.848997,SensorLogger (Pixel 4 XL),1.5550425541293729,3556.441621245047,2.2742912186756516,2.2103687844954054,920.0
2024-01-21 15:36:24+00:00,1705851383970180900,1466.572180908203,45.0,1.5,2.4101836681365967,18.256000518798828,2.2591335773468018,4.286041259765625,83.41529360066701,2.3120321,48.8490205,SensorLogger (Pixel 4 XL),1.5130807445251289,3559.058809875224,2.2615009493417992,2.0654399454150796,921.0
2024-01-21 15:36:25+00:00,1705851385118735000,1467.720735107422,45.0,1.5,3.1031830310821533,18.34199905395508,2.2594799995422363,3.692584753036499,83.47906936384507,2.3120319,48.8490455,SensorLogger (Pixel 4 XL),1.6417014791651967,3561.8389713497677,2.2487011831810153,1.9033372087989302,922.0
2024-01-21 15:36:26+00:00,1705851386237523000,1468.8395229492187,45.0,1.5,2.693720817565918,18.586000442504883,2.260738611221313,3.2274885177612305,83.5246237749867,2.3120303,48.8490696,SensorLogger (Pixel 4 XL),1.517632356812291,3564.5263460944884,2.2337678300849033,1.8256266603821198,923.0
2024-01-21 15:36:27+00:00,1705851386811903700,1469.4139038085937,45.0,1.5,2.693720817565918,18.77199935913086,2.262653350830078,3.1696770191192627,83.5246237749867,2.3120295,48.8490848,SensorLogger (Pixel 4 XL),2.944345764001171,3566.217522358761,2.2163580667918743,1.8261385020538365,924.0
2024-01-21 15:36:28+00:00,1705851387984754000,1470.58675390625,45.0,1.5,2.651787281036377,18.9060001373291,2.202011823654175,4.411814212799072,83.5123780249391,2.3120345,48.8491042,SensorLogger (Pixel 4 XL),2.136720456377693,3568.405783277752,2.198032424460721,1.9330519505780286,925.0
2024-01-21 15:36:29+00:00,1705851389157603800,1471.7596037597657,45.0,1.5,2.833620309829712,19.045000076293945,2.1581239700317383,6.560688018798828,83.60409150207357,2.3120458,48.8491266,SensorLogger (Pixel 4 XL),1.390265130362682,3571.057603028701,2.180267387277951,2.0637179080361596,926.0
2024-01-21 15:36:30+00:00,1705851390213169000,1472.8151689453125,45.0,1.5,2.529694080352783,19.121999740600582,2.145951747894287,8.186909675598145,83.70785621935286,2.3120593,48.8491475,SensorLogger (Pixel 4 XL),1.7693574181754936,3573.5868110905244,2.1665778488055727,2.2591162958409337,927.0
2024-01-21 15:36:31+00:00,1705851390799594000,1473.4015939941405,45.0,1.5,2.548282623291016,19.191999435424805,2.1526198387146,8.69173812866211,83.70785621935286,2.3120664,48.84916,SensorLogger (Pixel 4 XL),2.5303370927918736,3575.0706640201647,2.159359511422907,2.3020664021575588,928.0
2024-01-21 15:36:32+00:00,1705851391972444000,1474.5744438476563,45.0,1.5,3.206464529037476,19.18000030517578,2.132054090499878,9.31076431274414,83.72911548937245,2.3120763,48.8491803,SensorLogger (Pixel 4 XL),2.014166791561195,3577.441331257141,2.15989457061389,2.211162218717901,929.0
2024-01-21 15:36:33+00:00,1705851393145294000,1475.7472941894532,45.0,1.5,3.948525905609131,19.28700065612793,2.1482608318328857,9.009544372558594,84.70287491601745,2.3120819,48.8492107,SensorLogger (Pixel 4 XL),2.981583370012144,3580.8464510625504,2.167531257301446,2.2101173157510594,930.0
2024-01-21 15:36:34+00:00,1705851394200859000,1476.8028588867187,45.0,1.5,3.78368091583252,19.37700080871582,2.187035083770752,8.891800880432129,84.67959083928949,2.3120854,48.8492335,SensorLogger (Pixel 4 XL),3.082295456443608,3583.3971875323623,2.1840654265287354,2.1282926603466,931.0
2024-01-21 15:36:35+00:00,1705851394787284000,1477.389283935547,45.0,1.5,3.78368091583252,19.34000015258789,2.2123634815216064,8.725630760192871,84.67959083928949,2.3120854,48.8492422,SensorLogger (Pixel 4 XL),1.6496497626320819,3584.364583394414,2.209949373012227,2.202553570254611,932.0
2024-01-21 15:36:36+00:00,1705851395960134000,1478.5621337890625,45.0,1.5,3.4098546504974365,19.263999938964844,2.25476598739624,8.624382019042969,84.7670627923545,2.3120885,48.8492692,SensorLogger (Pixel 4 XL),1.8264508280448217,3587.375439945089,2.2363119179307187,2.3800516076624856,933.0
2024-01-21 15:36:37+00:00,1705851397132984000,1479.7349841308594,45.0,1.5,4.10821533203125,19.20400047302246,2.278102159500122,9.285558700561523,84.65883769452287,2.3120927,48.849297,SensorLogger (Pixel 4 XL),1.8097918477181623,3590.481902283675,2.2554866857658267,2.3807558553182293,934.0
2024-01-21 15:36:38+00:00,1705851398188549000,1480.7905490722655,45.0,1.5,4.026369571685791,19.093000411987305,2.291168689727783,10.311029434204102,85.17249528987156,2.3120989,48.8493217,SensorLogger (Pixel 4 XL),1.9017295675313266,3593.2667216160767,2.277323253553929,2.307057265449871,935.0
2024-01-21 15:36:39+00:00,1705851398774974200,1481.3769741210938,45.0,1.5,3.466611862182617,18.77300071716309,2.2986910343170166,10.837432861328123,85.19881668329498,2.3121041,48.8493377,SensorLogger (Pixel 4 XL),3.1024431800216736,3595.086071857921,2.3014817114868977,2.3318388294946546,936.0
2024-01-21 15:36:40+00:00,1705851399947824000,1482.54982421875,45.0,1.5,2.980064392089844,18.86199951171875,2.3192338943481445,11.010687828063965,85.23424945771171,2.3121093,48.8493608,SensorLogger (Pixel 4 XL),2.3789054467135267,3597.6827506134614,2.321652969084187,2.441076095765376,937.0
2024-01-21 15:36:41+00:00,1705851401120674600,1483.722674560547,45.0,1.5,2.2190513610839844,19.006999969482425,2.328549861907959,10.34292984008789,84.14912514818394,2.3121121,48.849391,SensorLogger (Pixel 4 XL),2.910544234822241,3601.051389739032,2.338589740986211,2.590867885825459,938.0
2024-01-21 15:36:42+00:00,1705851402176239600,1484.778239501953,45.0,1.5,1.9850513935089111,18.99799919128418,2.334219455718994,9.69419002532959,84.15418702008222,2.3121126,48.849416,SensorLogger (Pixel 4 XL),3.341826062131372,3603.844566665082,2.353835744124205,2.750685107236297,939.0
2024-01-21 15:36:43+00:00,1705851402777816000,1485.3798161621094,45.0,1.5,1.9850513935089111,19.18099975585937,2.340975046157837,9.637587547302246,84.15418702008222,2.312114,48.8494261,SensorLogger (Pixel 4 XL),1.8746276333211356,3604.9722976582248,2.367368540828597,2.7477944291191414,940.0
2024-01-21 15:36:44+00:00,1705851403935515100,1486.5375151367186,45.0,1.5,2.044640064239502,19.222000122070312,2.4195713996887207,8.75394058227539,84.5327806949054,2.3121119,48.8494572,SensorLogger (Pixel 4 XL),2.3407922653773605,3608.4357815001285,2.3829906627603377,2.625842219498212,941.0
2024-01-21 15:36:45+00:00,1705851405108365600,1487.7103654785155,45.0,1.5,1.818457841873169,19.065000534057617,2.4206981658935547,8.472062110900879,84.20356408739644,2.3121138,48.8494902,SensorLogger (Pixel 4 XL),3.172850606492944,3612.1090338164104,2.4008263240572685,2.550627304880223,942.0
2024-01-21 15:36:46+00:00,1705851406281216000,1488.883216064453,45.0,1.5,2.20314884185791,19.0049991607666,2.4177517890930176,8.340987205505371,84.56821412706346,2.3121138,48.8495162,SensorLogger (Pixel 4 XL),3.2894529210604215,3615.000276999835,2.417684278660783,2.452757283679311,943.0
2024-01-21 15:36:47+00:00,1705851406877581300,1489.4795812988282,45.0,1.5,2.20314884185791,18.933000564575195,2.420351266860962,8.256747245788574,84.56821412706346,2.3121136,48.8495261,SensorLogger (Pixel 4 XL),1.8460624627543527,3616.1012040404357,2.432088321366474,2.47300153186844,944.0
2024-01-21 15:36:48+00:00,1705851407996356400,1490.5983564453124,45.0,1.5,2.1434996128082275,18.35099983215332,2.4301815032958984,8.063372611999512,84.54543547505511,2.3121155,48.8495558,SensorLogger (Pixel 4 XL),2.0720768901728857,3619.4066952325375,2.445204422376827,2.4929206131442694,945.0
2024-01-21 15:36:49+00:00,1705851409096057000,1491.6980571289062,45.0,1.5,3.0733156204223637,18.42099952697754,2.451301336288452,8.225175857543945,84.61377161522286,2.3121192,48.8495875,SensorLogger (Pixel 4 XL),2.294645806107861,3622.94590655077,2.455239569331739,2.737146441788501,946.0
2024-01-21 15:36:50+00:00,1705851410256755200,1492.8587551269532,45.0,1.5,3.0058276653289795,18.437000274658203,2.4700746536254883,8.063403129577637,84.15380591863071,2.3121226,48.8496191,SensorLogger (Pixel 4 XL),2.3683578236412774,3626.46940187403,2.461423780691583,3.000667683848542,947.0
2024-01-21 15:36:51+00:00,1705851410855333000,1493.4573330078124,45.0,1.5,3.0058276653289795,18.4060001373291,2.477835893630981,7.833064556121826,84.15380591863071,2.3121253,48.8496383,SensorLogger (Pixel 4 XL),3.581928958656754,3628.613465746245,2.464874003915239,2.9635291699475506,948.0
2024-01-21 15:36:52+00:00,1705851411910899000,1494.5128989257812,45.0,1.5,3.4178338050842285,18.222000122070312,2.466073751449585,8.053733825683594,84.7458897193355,2.3121297,48.8496656,SensorLogger (Pixel 4 XL),3.179039112107496,3631.666582936247,2.472045567456427,2.9480347164750365,949.0
2024-01-21 15:36:53+00:00,1705851413083749600,1495.6857495117188,45.0,1.5,2.5605309009552,18.35099983215332,2.4664065837860107,8.501882553100586,84.18721512939358,2.3121375,48.8496994,SensorLogger (Pixel 4 XL),3.3932680375349604,3635.4681963092935,2.473903622346779,3.1546870110976544,950.0
2024-01-21 15:36:54+00:00,1705851414139315500,1496.7413154296876,45.0,1.5,3.265652656555176,18.323999404907227,2.4671947956085205,8.945262908935547,84.22771131946321,2.3121455,48.84973,SensorLogger (Pixel 4 XL),3.8913388196610663,3638.9207846596873,2.4705614588379454,3.336695659295759,951.0
2024-01-21 15:36:55+00:00,1705851415194881300,1497.7968813476562,45.0,1.5,2.792304992675781,18.31999969482422,2.463393211364746,9.760089874267578,84.24897189691042,2.312154,48.8497596,SensorLogger (Pixel 4 XL),3.825114658298237,3642.270713555646,2.4607671985798962,3.250630672279823,952.0
2024-01-21 15:36:56+00:00,1705851415781307000,1498.3833068847655,45.0,1.5,2.792304992675781,18.233999252319336,2.4605860710144043,10.12177562713623,84.24897189691042,2.3121575,48.8497704,SensorLogger (Pixel 4 XL),2.0938841928242424,3643.498621687307,2.4457411867461185,3.0865964382416733,953.0
2024-01-21 15:36:57+00:00,1705851416954157800,1499.5561577148435,45.0,1.5,4.222936153411865,18.375,2.4508652687072754,10.72296905517578,85.25216399636471,2.3121655,48.8497989,SensorLogger (Pixel 4 XL),2.0213733893100163,3646.7213602678994,2.4276795510253346,2.7919704187805525,954.0
2024-01-21 15:36:58+00:00,1705851418127008800,1500.7290087890624,45.0,1.5,4.147760391235352,18.274999618530277,2.4086012840271,9.388916969299316,85.30524614859863,2.3121644,48.8498332,SensorLogger (Pixel 4 XL),3.2718797202570378,3650.542916180943,2.4084010793073274,2.5521041004457317,955.0
2024-01-21 15:36:59+00:00,1705851419182574800,1501.784574951172,45.0,1.5,3.945368766784668,18.13599967956543,2.372992515563965,7.796135902404785,85.59925127647536,2.3121587,48.8498583,SensorLogger (Pixel 4 XL),3.3612886536791975,3653.389489860448,2.3891036970043737,2.463592444842924,956.0
2024-01-21 15:37:00+00:00,1705851419769000700,1502.371000732422,45.0,1.5,3.945368766784668,18.07900047302246,2.360723733901977,7.367715835571289,85.59925127647536,2.3121556,48.8498672,SensorLogger (Pixel 4 XL),1.7313299094384116,3654.4047867339204,2.3684069933395167,2.310514078385608,957.0
2024-01-21 15:37:01+00:00,1705851420941852000,1503.5438518066403,45.0,1.5,3.86426854133606,18.13800048828125,2.3358359336853027,7.51824951171875,85.40537036205072,2.3121561,48.8498934,SensorLogger (Pixel 4 XL),1.611772326973295,3657.318339742135,2.3483584518346436,2.321338291184127,958.0
2024-01-21 15:37:02+00:00,1705851422114703400,1504.7167033691403,45.0,1.5,4.0357985496521,18.040000915527344,2.3232998847961426,7.6026082038879395,85.45649779550949,2.3121585,48.849922,SensorLogger (Pixel 4 XL),2.0930660805507584,3660.504164100751,2.328879035975611,2.4271007422388418,959.0
2024-01-21 15:37:03+00:00,1705851423170269700,1505.772269775391,45.0,1.5,4.015012741088867,18.073999404907227,2.310547113418579,8.068928718566895,85.3285319487181,2.3121634,48.8499486,SensorLogger (Pixel 4 XL),2.199056110170379,3663.4841920774074,2.311729138361395,2.5851277130810413,960.0
2024-01-21 15:37:04+00:00,1705851423756695600,1506.358695556641,45.0,1.5,4.015012741088867,18.34000015258789,2.301355123519897,8.377991676330566,85.3285319487181,2.3121679,48.849966,SensorLogger (Pixel 4 XL),3.3467292648379194,3665.446801133269,2.2967264609099636,2.542289715186618,961.0
2024-01-21 15:37:05+00:00,1705851424929547300,1507.531547363281,45.0,1.5,3.6464357376098633,18.024999618530277,2.292487144470215,8.21656322479248,85.87475907508212,2.3121713,48.8499899,SensorLogger (Pixel 4 XL),2.759259119704267,3668.1160247375583,2.2843814554257755,2.417714081581315,962.0
2024-01-21 15:37:06+00:00,1705851425985113900,1508.5871137695312,45.0,1.5,3.728960037231445,18.06100082397461,2.2773399353027344,7.835672378540039,85.81384949498762,2.3121756,48.8500138,SensorLogger (Pixel 4 XL),2.4951241011064313,3670.7924253035253,2.271417008913492,2.346796732013998,963.0
2024-01-21 15:37:07+00:00,1705851427157965600,1509.759965576172,45.0,1.5,3.7228715419769287,17.80299949645996,2.2620553970336914,7.1298370361328125,85.81384949498762,2.3121786,48.8500464,SensorLogger (Pixel 4 XL),3.1713781202076703,3674.4240750590716,2.2568081801833193,2.399920545282802,964.0
2024-01-21 15:37:08+00:00,1705851428213532400,1510.8155324707031,45.0,1.5,4.429865837097168,17.489999771118164,2.241639375686645,6.085010051727295,85.4039581329723,2.3121785,48.8500708,SensorLogger (Pixel 4 XL),2.0853184136795204,3677.138092398895,2.24317989953504,2.385090644695491,965.0
2024-01-21 15:37:09+00:00,1705851428799958500,1511.4019584960938,45.0,1.5,4.429865837097168,17.44099998474121,2.2327418327331543,5.592717170715332,85.4039581329723,2.3121775,48.8500806,SensorLogger (Pixel 4 XL),1.8624072781192622,3678.2302564493734,2.229748965604285,2.3232212323514743,966.0
2024-01-21 15:37:10+00:00,1705851429959468500,1512.5614685058597,45.0,1.5,2.3231213092803955,17.43400001525879,2.212162971496582,4.194717884063721,84.67051387649356,2.3121756,48.8501047,SensorLogger (Pixel 4 XL),1.661850263866378,3680.917415985071,2.2184786731840918,2.292303267106013,967.0
2024-01-21 15:37:11+00:00,1705851431116343800,1513.71834375,45.0,1.5,2.3046963214874268,17.10300064086914,2.204883575439453,3.5567257404327397,84.5419354162972,2.3121741,48.8501308,SensorLogger (Pixel 4 XL),1.8021416606810472,3683.832328229606,2.209770688751716,2.1952125801603986,968.0
2024-01-21 15:37:12+00:00,1705851432176771000,1514.7787709960935,45.0,1.5,2.3065025806427,16.930999755859375,2.199895143508911,3.89098072052002,84.9190131193264,2.3121766,48.8501545,SensorLogger (Pixel 4 XL),2.0160920377313745,3686.4779915165936,2.20460169671349,2.191958193650053,969.0
2024-01-21 15:37:13+00:00,1705851432787656700,1515.3896567382812,45.0,1.5,2.3065025806427,17.01799964904785,2.1955299377441406,3.93026614189148,84.9190131193264,2.3121779,48.8501712,SensorLogger (Pixel 4 XL),3.0437592324877185,3688.3373814190913,2.201996222232813,2.212546877270064,970.0
2024-01-21 15:37:14+00:00,1705851433843224000,1516.4452241210938,45.0,1.5,2.004478931427002,17.131999969482422,2.2012202739715576,4.194059371948242,84.97014088344876,2.3121798,48.850194,SensorLogger (Pixel 4 XL),3.016596124836418,3690.8765444857336,2.20210255044619,2.256737706830031,971.0
2024-01-21 15:37:15+00:00,1705851434968857300,1517.570857421875,45.0,1.5,3.1734495162963867,16.964000701904297,2.2087607383728027,4.051187515258789,85.88076683038916,2.3121831,48.8502187,SensorLogger (Pixel 4 XL),2.44079771313037,3693.6337730222185,2.205074989741756,2.3974059575892492,972.0
2024-01-21 15:37:16+00:00,1705851435998318800,1518.6003188476564,45.0,1.5,3.1734495162963867,17.05699920654297,2.217579841613769,3.771395444869995,85.88076683038916,2.312185,48.8502448,SensorLogger (Pixel 4 XL),2.3195469898717542,3696.5398342170606,2.210291833575506,2.4986976620818147,973.0
2024-01-21 15:37:17+00:00,1705851437117403000,1519.7194028320312,45.0,1.5,2.464012861251831,17.283000946044922,2.222524404525757,3.5603039264678955,85.18123601533088,2.312186,48.8502719,SensorLogger (Pixel 4 XL),1.9497305656027046,3699.5584721936516,2.2186345704540527,2.7292293505981076,974.0
2024-01-21 15:37:18+00:00,1705851438182786600,1520.7847866210936,45.0,1.5,2.373335599899292,17.413000106811523,2.2269740104675293,2.949122190475464,84.62964652402023,2.3121846,48.8502989,SensorLogger (Pixel 4 XL),2.3452332644699827,3702.564000215297,2.241775840008432,2.8910050484216496,975.0
2024-01-21 15:37:19+00:00,1705851438769213200,1521.3712131347656,45.0,1.5,3.095237493515014,17.360000610351562,2.2273025512695312,2.539594411849976,84.65090811238412,2.3121834,48.8503146,SensorLogger (Pixel 4 XL),2.980706883416933,3704.3119672108182,2.2518616577079515,2.8359250165723786,976.0
2024-01-21 15:37:20+00:00,1705851439942066700,1522.5440666503907,45.0,1.5,3.415574789047241,17.472000122070312,2.2430572509765625,2.3960022926330566,84.71418696560139,2.3121823,48.8503409,SensorLogger (Pixel 4 XL),2.9656910979105553,3707.2380378576204,2.252350067768713,2.7814986990586776,977.0
2024-01-21 15:37:21+00:00,1705851440967791000,1523.569791015625,45.0,1.5,3.3004045486450195,17.48900032043457,2.2573533058166504,2.111557006835937,84.75114203497432,2.3121796,48.8503677,SensorLogger (Pixel 4 XL),2.982543658690166,3710.225605357345,2.2462684087623956,2.698154669329478,978.0
2024-01-21 15:37:22+00:00,1705851442170488300,1524.77248828125,45.0,1.5,2.6658055782318115,17.586999893188477,2.270937919616699,1.247793674468994,84.88023292870676,2.3121731,48.8504027,SensorLogger (Pixel 4 XL),3.511344471959966,3714.15021848087,2.2336118180288027,2.7442517562366424,979.0
2024-01-21 15:37:23+00:00,1705851443226056700,1525.828056640625,45.0,1.5,3.545114278793335,17.77400016784668,2.28049111366272,0.4260686039924621,85.86166311855142,2.3121655,48.8504314,SensorLogger (Pixel 4 XL),3.623018143419909,3717.3966529072377,2.2201794525077556,2.7143049191790083,980.0
2024-01-21 15:37:24+00:00,1705851443812483800,1526.4144838867187,45.0,1.5,3.545114278793335,17.72800064086914,2.284724473953247,0.2092751115560531,85.86166311855142,2.3121629,48.8504413,SensorLogger (Pixel 4 XL),1.9050061156452183,3718.513799928617,2.2077870256760663,2.633101048489501,981.0
2024-01-21 15:37:25+00:00,1705851444977850600,1527.5798505859375,45.0,1.5,4.101882457733154,17.79400062561035,2.089532852172852,359.8892822265625,85.8039511852312,2.31216,48.8504669,SensorLogger (Pixel 4 XL),1.1640518698750757,3721.3702787293646,2.1959224353548747,2.373236646334982,982.0
2024-01-21 15:37:26+00:00,1705851446077545500,1528.6795454101562,45.0,1.5,4.23360013961792,17.82900047302246,2.123276948928833,359.8289489746094,85.90064420873604,2.3121556,48.8504964,SensorLogger (Pixel 4 XL),2.3482855459573644,3724.666902669141,2.1865166094508224,2.1959919190919726,983.0
2024-01-21 15:37:27+00:00,1705851447197373700,1529.799373779297,45.0,1.5,4.193861961364746,17.93400001525879,2.148435115814209,0.4365603625774383,85.91373529165753,2.3121552,48.850524,SensorLogger (Pixel 4 XL),1.7991837087230234,3727.7410587575837,2.172997946329258,2.043489004564484,984.0
2024-01-21 15:37:28+00:00,1705851447800188200,1530.4021882324218,45.0,1.5,4.193861961364746,18.13800048828125,2.157919883728028,0.8993598818778992,85.91373529165753,2.3121558,48.8505401,SensorLogger (Pixel 4 XL),2.970694989748086,3729.5318352871336,2.1618042453921333,1.9998498231950075,985.0
2024-01-21 15:37:29+00:00,1705851448973042700,1531.5750427246094,45.0,1.5,3.872663736343384,18.323999404907227,2.1969423294067383,0.7820690274238586,86.47215613237044,2.3121568,48.8505679,SensorLogger (Pixel 4 XL),1.9536612189952487,3732.623923309049,2.158062982774979,1.9960053318036752,986.0
2024-01-21 15:37:30+00:00,1705851450116599000,1532.7185991210938,45.0,1.5,3.854712247848511,18.3799991607666,2.2009806632995605,0.1338171511888504,86.08371989232809,2.3121542,48.8505962,SensorLogger (Pixel 4 XL),1.9037345190374098,3735.7771765765306,2.1633967606730167,2.297343900739916,987.0
2024-01-21 15:37:31+00:00,1705851451201467000,1533.803466796875,45.0,1.5,3.2267887592315674,18.53499984741211,2.1939353942871094,359.2167358398437,86.40883365186022,2.3121501,48.8506229,SensorLogger (Pixel 4 XL),1.8614684739604939,3738.763444057149,2.1788854160999396,2.664343048075896,988.0
2024-01-21 15:37:32+00:00,1705851451787894300,1534.3898942871094,45.0,1.5,3.2267887592315674,18.673999786376957,2.191281795501709,358.61236572265625,86.40883365186022,2.3121471,48.8506388,SensorLogger (Pixel 4 XL),3.038014485101137,3740.545017777604,2.2050754417661205,2.85511222082027,989.0
2024-01-21 15:37:33+00:00,1705851452960749300,1535.562749267578,45.0,1.5,3.396242141723633,18.048999786376957,2.166510820388794,357.7710876464844,86.30742670796243,2.312141,48.8506622,SensorLogger (Pixel 4 XL),2.6504717477057267,3743.187562859241,2.2146853071532218,2.860335237760535,990.0
2024-01-21 15:37:34+00:00,1705851454016318700,1536.6183186035155,45.0,1.5,3.4367828369140625,18.093000411987305,2.2149658203125,358.3519897460937,86.43247084394004,2.3121431,48.8506922,SensorLogger (Pixel 4 XL),3.5220982510384014,3746.5277294011216,2.224663936390608,2.8174842518176186,991.0
2024-01-21 15:37:35+00:00,1705851455189174000,1537.7911740722657,45.0,1.5,3.691031455993652,18.10099983215332,2.2509665489196777,358.950439453125,86.38488297903012,2.3121478,48.8507209,SensorLogger (Pixel 4 XL),3.3057631457101095,3749.7389624626167,2.23483797500577,2.7239132711510763,992.0
2024-01-21 15:37:36+00:00,1705851456244743700,1538.8467436523438,45.0,1.5,3.490201473236084,17.868999481201172,2.260217666625977,359.54522705078125,85.18535352457981,2.3121549,48.850748,SensorLogger (Pixel 4 XL),3.864365378906364,3752.8019774137892,2.244729133321161,2.7402001012448634,993.0
2024-01-21 15:37:37+00:00,1705851456831171300,1539.4331713867186,45.0,1.5,3.490201473236084,17.833999633789062,2.26736068725586,359.8902282714844,85.18535352457981,2.3121589,48.8507588,SensorLogger (Pixel 4 XL),2.107773070319405,3754.0380324520975,2.255849920031184,2.651775864775862,994.0
2024-01-21 15:37:38+00:00,1705851457977147000,1540.5791469726562,45.0,1.5,3.0658717155456543,18.24799919128418,2.2716872692108154,0.5219483375549316,85.20307226136057,2.3121625,48.8507854,SensorLogger (Pixel 4 XL),1.9255812963602121,3757.0094230617615,2.266371803801536,2.584993877635231,995.0
2024-01-21 15:37:39+00:00,1705851459118298400,1541.7202983398438,45.0,1.5,2.0080230236053467,18.22599983215332,2.2723114490509038,1.1421924829483032,85.24711613939795,2.3121665,48.8508113,SensorLogger (Pixel 4 XL),1.7309877256790835,3759.9072605205974,2.27436002627758,2.518796077800171,996.0
2024-01-21 15:37:40+00:00,1705851460237292000,1542.8392919921876,45.0,1.5,2.627176523208618,18.15900039672852,2.2745063304901123,1.6397708654403689,85.70317490621672,2.3121712,48.8508362,SensorLogger (Pixel 4 XL),1.768176012715741,3762.6977678539456,2.279837966288928,2.5488457916348617,997.0
2024-01-21 15:37:41+00:00,1705851460818880000,1543.4208798828124,45.0,1.5,2.627176523208618,18.4689998626709,2.276369333267212,1.7771012783050537,85.70317490621672,2.3121733,48.8508512,SensorLogger (Pixel 4 XL),2.880022437346997,3764.3727543432374,2.2778307778803053,2.4440813579749427,998.0
2024-01-21 15:37:42+00:00,1705851461874450200,1544.4764501953125,45.0,1.5,2.304356813430786,18.356000900268555,2.278456926345825,1.1352893114089966,85.7421570866351,2.3121742,48.8508739,SensorLogger (Pixel 4 XL),2.7689474015406645,3766.89815682122,2.27573435036846,2.42716736505421,999.0
2024-01-21 15:37:43+00:00,1705851463047305700,1545.6493056640625,45.0,1.5,2.133673429489136,18.15999984741211,2.2661046981811523,1.1420594453811646,85.80544022984105,2.3121769,48.8509011,SensorLogger (Pixel 4 XL),2.998954796858561,3769.929221347434,2.274577879366304,2.555835509574648,1000.0
2024-01-21 15:37:44+00:00,1705851464102876000,1546.7048759765626,45.0,1.5,2.3206446170806885,18.06999969482422,2.273637533187866,0.9402072429656982,85.85657335559651,2.3121782,48.8509258,SensorLogger (Pixel 4 XL),3.3197637200565127,3772.6777382272785,2.270155079440306,2.729988875600429,1001.0
2024-01-21 15:37:45+00:00,1705851465275731700,1547.8777316894532,45.0,1.5,2.1856529712677,17.81800079345703,2.273383855819702,1.0080583095550537,85.85657335559651,2.3121797,48.8509505,SensorLogger (Pixel 4 XL),2.9029967354938844,3775.427677720404,2.2700871538792384,2.7976302316716546,1002.0
2024-01-21 15:37:46+00:00,1705851465862159600,1548.4641596679687,45.0,1.5,2.133193254470825,17.625999450683594,2.2731549739837646,1.0603642463684082,85.85657335559651,2.3121808,48.8509622,SensorLogger (Pixel 4 XL),2.222724497448887,3776.731145601994,2.2721053181730366,2.7465901233258316,1003.0
2024-01-21 15:37:47+00:00,1705851466969179400,1549.5711794433594,45.0,1.5,2.0615413188934326,17.812999725341797,2.2640585899353027,1.0940537452697754,85.86011724706091,2.3121832,48.8509841,SensorLogger (Pixel 4 XL),1.8369053042736416,3779.176703670399,2.272115495086268,2.4679304246688534,1004.0
2024-01-21 15:37:48+00:00,1705851468090586000,1550.6925861816403,45.0,1.5,3.147038459777832,17.79400062561035,2.2614266872406006,1.4444183111190796,85.38598447936546,2.3121853,48.8510128,SensorLogger (Pixel 4 XL),2.5707420113071224,3782.3744850007624,2.2703316746793845,2.2690781693853634,1005.0
2024-01-21 15:37:49+00:00,1705851469263442200,1551.8654421386718,45.0,1.5,3.390657424926758,17.740999221801758,2.2591376304626465,2.525518655776977,86.33451081426163,2.3121909,48.8510369,SensorLogger (Pixel 4 XL),2.9632693455187544,3785.0866992684832,2.2657203657055454,2.233545561095519,1006.0
2024-01-21 15:37:50+00:00,1705851469849870300,1552.451870361328,45.0,1.5,3.390657424926758,17.81399917602539,2.256566047668457,3.244211435317993,86.33451081426163,2.3121931,48.8510457,SensorLogger (Pixel 4 XL),1.6910297039636983,3786.078366435719,2.258510459278516,2.13813051654851,1007.0
2024-01-21 15:37:51+00:00,1705851470978668300,1553.5806682128907,45.0,1.5,3.565779209136963,17.865999221801758,2.292538642883301,4.266526222229004,86.3588120528228,2.3122055,48.8510737,SensorLogger (Pixel 4 XL),2.1325943355439865,3789.3243827551396,2.2485197088837205,1.9892082919537017,1008.0
2024-01-21 15:37:52+00:00,1705851472078297000,1554.6802971191407,45.0,1.5,3.862727165222168,17.857999801635742,2.2557497024536133,3.987245798110962,86.39425148428478,2.3122096,48.8510979,SensorLogger (Pixel 4 XL),1.3698307768963507,3792.0324489068694,2.238310775282168,1.981835006898201,1009.0
2024-01-21 15:37:53+00:00,1705851473197318100,1555.7993181152344,45.0,1.5,3.475325107574463,18.025999069213867,2.218560218811035,4.201729774475098,86.42614709963277,2.3122126,48.8511211,SensorLogger (Pixel 4 XL),1.5398654473607412,3794.6235348046766,2.22997471304502,2.0174284898086894,1010.0
2024-01-21 15:37:54+00:00,1705851473720296000,1556.3222958984377,45.0,1.5,3.475325107574463,18.243000030517575,2.207319974899292,4.705281734466553,86.42614709963277,2.312216,48.8511363,SensorLogger (Pixel 4 XL),3.266624860676597,3796.331907741064,2.2225276403297785,2.057315559375597,1011.0
2024-01-21 15:37:55+00:00,1705851474893152300,1557.49515234375,45.0,1.5,3.910001277923584,18.124000549316406,2.19425368309021,5.665226459503174,86.45088232184747,2.3122232,48.8511567,SensorLogger (Pixel 4 XL),2.3691768234401835,3798.6608466725484,2.2161662090957552,2.0995054221713416,1012.0
2024-01-21 15:37:56+00:00,1705851476066008600,1558.6680085449218,45.0,1.5,4.1415300369262695,17.95400047302246,2.1950130462646484,5.936822414398193,86.60011199561978,2.3122289,48.851181,SensorLogger (Pixel 4 XL),1.4923982820944546,3801.3951120766105,2.2106709594640375,2.299770444856524,1013.0
2024-01-21 15:37:57+00:00,1705851477238865200,1559.840865234375,45.0,1.5,3.968741416931152,17.979999542236328,2.2059221267700195,6.197532176971436,86.67605467147754,2.3122338,48.8512064,SensorLogger (Pixel 4 XL),1.782769116955561,3804.242500469803,2.2066012423502492,2.5468790264896377,1014.0
2024-01-21 15:37:58+00:00,1705851477825293600,1560.4272934570313,45.0,1.5,3.968741416931152,17.93899917602539,2.2128849029541016,6.424980163574219,86.67605467147754,2.3122372,48.8512218,SensorLogger (Pixel 4 XL),2.9507030495809885,3805.9728783084656,2.2046822761518503,2.647335698867515,1015.0
2024-01-21 15:37:59+00:00,1705851478880864500,1561.4828645019531,45.0,1.5,3.832428932189941,17.68400001525879,2.224189519882202,6.816441059112549,86.76060498655612,2.3122435,48.8512439,SensorLogger (Pixel 4 XL),2.8838131192631087,3808.473155751725,2.209876856221345,2.7218918278375686,1016.0
2024-01-21 15:38:00+00:00,1705851480053721000,1562.6557211914062,45.0,1.5,3.837217330932617,17.599000930786133,2.215049743652344,5.838676929473877,86.69529359100608,2.312242,48.8512709,SensorLogger (Pixel 4 XL),3.066764421959155,3811.4775476907876,2.215417058651276,2.65975118271393,1017.0
2024-01-21 15:38:01+00:00,1705851481109292300,1563.711292236328,45.0,1.5,3.352123975753784,17.709999084472656,2.218343496322632,5.321603775024414,87.07862605012778,2.3122413,48.8512943,SensorLogger (Pixel 4 XL),3.0348914754196517,3814.08737834929,2.2173050399279823,2.477835721970812,1018.0
2024-01-21 15:38:02+00:00,1705851482282149400,1564.8841494140624,45.0,1.5,3.428560495376587,17.743999481201172,2.2114315032958984,5.182632923126221,87.01417820607298,2.3122413,48.8513168,SensorLogger (Pixel 4 XL),2.819923451687883,3816.589264198796,2.319542032021755,2.513287583804416,1019.0
2024-01-21 15:38:03+00:00,1705851482817328000,1565.419328125,45.0,1.5,3.428560495376587,17.83300018310547,2.211663246154785,5.234452724456787,87.01417820607298,2.3122413,48.8513259,SensorLogger (Pixel 4 XL),1.8907203616715695,3817.601138031235,2.321410683970658,2.333813618904787,1020.0
2024-01-21 15:38:04+00:00,1705851483916678700,1566.5186787109376,45.0,1.5,3.474907398223877,17.739999771118164,2.208715438842773,5.497697830200195,87.05113746750618,2.3122424,48.8513503,SensorLogger (Pixel 4 XL),1.7671367943637524,3820.3156812409816,2.2451136835560117,2.020139674350676,1021.0
2024-01-21 15:38:05+00:00,1705851485016757800,1567.6187578125,45.0,1.5,3.770199060440064,17.902999877929688,2.196368455886841,6.209742069244385,87.072401773343,2.3122459,48.8513711,SensorLogger (Pixel 4 XL),1.5311846770755841,3822.6432577447767,2.1167766489054936,1.6344433294888958,1022.0
2024-01-21 15:38:06+00:00,1705851486152578000,1568.754578125,45.0,1.5,3.581111192703247,18.16200065612793,2.1826939582824707,6.873635768890381,85.837427504004,2.3122511,48.8513933,SensorLogger (Pixel 4 XL),1.5165897762484137,3825.140945277292,1.940269233953909,1.4065738856602115,1023.0
2024-01-21 15:38:07+00:00,1705851487208149500,1569.8101494140626,45.0,1.5,3.188227891921997,18.124000549316406,2.1576969623565674,7.361228466033935,85.65060924307234,2.3122569,48.8514142,SensorLogger (Pixel 4 XL),1.1987948395552024,3827.5034253467143,1.7445210162331168,1.2228343083495827,1024.0
2024-01-21 15:38:08+00:00,1705851487777319700,1570.379319580078,45.0,1.5,3.188227891921997,18.12700080871582,2.141711711883545,7.58375072479248,85.65060924307234,2.3122591,48.8514215,SensorLogger (Pixel 4 XL),1.4539208921310458,3828.3309549548094,1.549999525752011,1.168507806770521,1025.0
2024-01-21 15:38:25+00:00,1705851504968431900,1587.5704318847656,45.0,1.5,3.8671467304229736,12.333000183105469,0.6619989275932312,9.730937004089355,86.08991170591219,2.312366,48.8515076,SensorLogger (Pixel 4 XL),0.4062690309861709,3844.32290238455,1.3793056060825613,1.1814192211795174,1042.0
2024-01-21 15:38:26+00:00,1705851506091168500,1588.693168457031,45.0,1.5,3.6313881874084473,13.123000144958496,0.7867094874382019,8.677849769592285,86.21495868763785,2.3123632,48.851516,SensorLogger (Pixel 4 XL),1.3549865898763138,3845.4273963686537,1.2365613339713324,1.3791233753575294,1043.0
2024-01-21 15:38:27+00:00,1705851507178447400,1589.780447265625,45.0,1.5,4.040043830871582,14.12399959564209,0.9118061661720276,7.6390862464904785,86.29444295338267,2.3123558,48.8515316,SensorLogger (Pixel 4 XL),1.3799539988808533,3847.24545147928,1.1365496742239967,1.5978428320364746,1044.0
2024-01-21 15:38:28+00:00,1705851507733169700,1590.3351696777345,45.0,1.5,4.040043830871582,14.359999656677246,0.9722281098365784,8.689827919006348,86.29444295338267,2.3123548,48.8515416,SensorLogger (Pixel 4 XL),2.008847526961866,3848.3598054059785,1.090230379277231,1.7757344624981373,1045.0
2024-01-21 15:38:29+00:00,1705851508906027300,1591.50802734375,45.0,1.5,3.808271646499634,14.949999809265137,1.1968425512313845,7.585668563842773,86.42658087079272,2.3123527,48.851567,SensorLogger (Pixel 4 XL),1.9578400178248399,3851.1885744604824,1.10670370257279,1.880237453984074,1046.0
2024-01-21 15:38:30+00:00,1705851510078885000,1592.6808850097657,45.0,1.5,3.403002977371216,16.451000213623047,1.373070240020752,6.485177516937256,86.93939801535026,2.3123504,48.8515947,SensorLogger (Pixel 4 XL),2.296643844431199,3854.2812146920214,1.1875056035917875,2.0011452627172432,1047.0
2024-01-21 15:38:31+00:00,1705851511237093000,1593.839093017578,45.0,1.5,3.447305917739868,17.131000518798828,1.5086761713027954,5.721968173980713,87.02597226916805,2.3123466,48.8516225,SensorLogger (Pixel 4 XL),2.2540758433472576,3857.3863020114577,1.3382588266787019,2.0807740400644983,1048.0
2024-01-21 15:38:32+00:00,1705851511838172000,1594.440171875,45.0,1.5,3.447305917739868,17.18000030517578,1.560655117034912,5.4203314781188965,87.02597226916805,2.3123451,48.8516382,SensorLogger (Pixel 4 XL),2.9101113652192687,3859.135508840752,1.5637022227723218,2.2129002567353337,1049.0
2024-01-21 15:38:33+00:00,1705851512968397800,1595.5703977050782,45.0,1.5,4.385976791381836,17.56100082397461,1.6716848611831665,5.025501728057861,86.57644093190609,2.3123415,48.8516657,SensorLogger (Pixel 4 XL),2.1577926199575366,3862.204879405355,1.6615092098982713,2.2486858467209685,1050.0
2024-01-21 15:38:34+00:00,1705851514066601500,1596.6686015625,45.0,1.5,3.220364570617676,18.006999969482422,1.7566134929656982,5.327352046966553,86.68225588607146,2.3123411,48.8516933,SensorLogger (Pixel 4 XL),1.4794598193430577,3865.2741492535424,1.7450534597781,2.3680470877816746,1051.0
2024-01-21 15:38:35+00:00,1705851515239459300,1597.8414592285155,45.0,1.5,2.070080280303955,18.201000213623047,1.820266842842102,5.628197193145752,86.05260270395092,2.3123416,48.8517182,SensorLogger (Pixel 4 XL),1.7645098114722189,3868.045092253169,1.8124653628509066,2.4044559629442244,1052.0
2024-01-21 15:38:36+00:00,1705851515825888000,1598.427887939453,45.0,1.5,2.250427722930908,18.256999969482425,1.8447349071502688,5.643314361572266,86.07741149091945,2.3123416,48.8517311,SensorLogger (Pixel 4 XL),2.446015722083456,3869.479506807055,1.8556551319441743,2.4570666173575035,1053.0
2024-01-21 15:38:37+00:00,1705851516969546800,1599.5715466308593,45.0,1.5,1.846858620643616,18.31800079345703,1.9015756845474243,4.897586822509766,86.11589056985021,2.3123363,48.851755,SensorLogger (Pixel 4 XL),2.6007794409166882,3872.165757974922,1.8946767908415743,2.3852308528540656,1054.0
2024-01-21 15:38:38+00:00,1705851518054317800,1600.6563178710935,45.0,1.5,1.8844337463378904,18.566999435424805,1.934098243713379,5.182589530944824,86.27109120779241,2.3123335,48.8517814,SensorLogger (Pixel 4 XL),2.9737715181588245,3875.121409798625,1.9307009909487522,2.338618543331456,1055.0
2024-01-21 15:38:39+00:00,1705851519109889800,1601.711889892578,45.0,1.5,1.829359531402588,18.645999908447266,1.95306658744812,6.825047016143799,86.56335596568826,2.312337,48.8518031,SensorLogger (Pixel 4 XL),2.9675832105202913,3877.5560264887663,1.9668511311932493,2.3370611723075516,1056.0
2024-01-21 15:38:40+00:00,1705851520282747600,1602.8847475585935,45.0,1.5,2.0576210021972656,18.607999801635746,1.994223952293396,7.96838903427124,86.61955683269639,2.3123426,48.8518243,SensorLogger (Pixel 4 XL),2.559789131430949,3879.9525780891513,2.000750963396627,2.315878180977894,1057.0
2024-01-21 15:38:41+00:00,1705851520798268400,1603.4002683105468,45.0,1.5,2.0576210021972656,18.6560001373291,2.0223679542541504,8.213481903076172,86.61955683269639,2.312345,48.8518327,SensorLogger (Pixel 4 XL),1.8435769474473183,3880.9029788770995,2.0362019497884454,2.300909906545363,1058.0
2024-01-21 15:38:42+00:00,1705851521878216000,1604.4802158203124,45.0,1.5,2.031505584716797,18.576000213623047,2.0663132667541504,8.25084114074707,86.65854323922039,2.3123475,48.8518575,SensorLogger (Pixel 4 XL),1.8354632937867146,3883.6668360165513,2.0770345753674166,2.242811112716122,1059.0
2024-01-21 15:38:43+00:00,1705851522997860900,1605.5998608398438,45.0,1.5,2.1022491455078125,18.893999099731445,2.1125285625457764,8.03785228729248,86.65854323922039,2.3123494,48.851882,SensorLogger (Pixel 4 XL),1.5650971341122497,3886.397847593529,2.1219096735052507,2.1446811327377318,1060.0
2024-01-21 15:38:44+00:00,1705851524077405700,1606.6794057617187,45.0,1.5,2.149705171585083,18.881000518798828,2.1530585289001465,7.993131637573242,86.15606071611691,2.3123533,48.8519081,SensorLogger (Pixel 4 XL),2.355224010843614,3889.3159409573245,2.1656363328657653,2.143655782586683,1061.0
2024-01-21 15:38:45+00:00,1705851525158038300,1607.760038330078,45.0,1.5,2.878657102584839,18.98200035095215,2.214446544647217,7.5354509353637695,86.15606071611691,2.3123552,48.8519364,SensorLogger (Pixel 4 XL),2.4494026356690752,3892.4692615917465,2.2093677222998553,2.1989009232269425,1062.0
2024-01-21 15:38:46+00:00,1705851526257062000,1608.8590617675782,45.0,1.5,2.941861867904663,18.77199935913086,2.2725131511688232,7.530031204223633,86.18079695396816,2.3123572,48.8519652,SensorLogger (Pixel 4 XL),1.9113045556373214,3895.675606892932,2.2507527421502624,2.524110072682243,1063.0
2024-01-21 15:38:47+00:00,1705851526850753300,1609.452753173828,45.0,1.5,2.944744348526001,18.86199951171875,2.288501501083374,7.798802375793457,86.18079695396816,2.3123599,48.8519819,SensorLogger (Pixel 4 XL),3.1454643382287593,3897.5430407613594,2.2850205188423383,2.743772359870487,1064.0
2024-01-21 15:38:48+00:00,1705851527906326000,1610.5083259277344,45.0,1.5,3.374819755554199,18.621999740600582,2.338505744934082,7.531307697296143,87.17142494198458,2.3123619,48.852008,SensorLogger (Pixel 4 XL),3.0383336416409588,3900.448915270076,2.3151762733632206,2.9949095333668367,1065.0
2024-01-21 15:38:49+00:00,1705851528961898500,1611.5638984375,45.0,1.5,4.062743186950684,18.45599937438965,2.3523969650268555,6.830078601837158,87.132944314253,2.312362,48.852034,SensorLogger (Pixel 4 XL),2.8361031665938,3903.3402214506277,2.3405828935528357,3.0914314484797227,1066.0
2024-01-21 15:38:50+00:00,1705851530134757000,1612.7367570800782,45.0,1.5,2.817667007446289,18.09199905395508,2.36216402053833,6.087342262268066,86.29884390126705,2.3123602,48.8520667,SensorLogger (Pixel 4 XL),3.459053780060633,3906.9786805358076,2.363395389712247,3.130316587835086,1067.0
2024-01-21 15:38:51+00:00,1705851531190330000,1613.792330078125,45.0,1.5,4.287171363830566,18.093000411987305,2.3697280883789062,5.704675674438477,87.29185682375774,2.3123584,48.8520946,SensorLogger (Pixel 4 XL),3.5727388115730037,3910.089052609386,2.384763024619275,2.9707985045298093,1068.0
2024-01-21 15:38:52+00:00,1705851532245903000,1614.847903076172,45.0,1.5,4.263878345489502,18.167999267578125,2.387949228286743,5.679161071777344,87.43906328289866,2.3123593,48.8521219,SensorLogger (Pixel 4 XL),3.851837407920724,3913.1253897536467,2.4028448242947116,2.941739658696768,1069.0
2024-01-21 15:38:53+00:00,1705851532817959400,1615.4199594726565,45.0,1.5,4.263878345489502,18.20499992370605,2.4015958309173584,5.6409912109375,87.43906328289866,2.3123591,48.8521311,SensorLogger (Pixel 4 XL),1.788457740023164,3914.1484877345733,2.4210187814893898,2.8763274204868488,1070.0
2024-01-21 15:38:54+00:00,1705851533969522700,1616.5715227050782,45.0,1.5,4.248459815979004,18.107999801635746,2.44070053100586,5.309913158416748,87.84522117832283,2.3123621,48.852163,SensorLogger (Pixel 4 XL),2.8276291252175927,3917.7039558338774,2.4418940818148096,2.827153228083868,1071.0
2024-01-21 15:38:55+00:00,1705851534997190700,1617.5991906738282,45.0,1.5,4.272140502929688,18.15800094604492,2.4740781784057617,4.78948974609375,87.86142386718416,2.3123637,48.8521912,SensorLogger (Pixel 4 XL),2.149089695824728,3920.841857038867,2.463444635123702,2.73085371694367,1072.0
2024-01-21 15:38:56+00:00,1705851536116382700,1618.7183828125,45.0,1.5,4.334254741668701,18.256000518798828,2.50110387802124,4.614869594573975,87.47653196946959,2.3123694,48.8522242,SensorLogger (Pixel 4 XL),2.5099556645761307,3924.536125721212,2.488211611924681,2.7245306629492525,1073.0
2024-01-21 15:38:57+00:00,1705851537171911000,1619.773910888672,45.0,1.5,3.4881770610809326,18.243000030517575,2.520266532897949,4.646376132965088,87.98860146060935,2.3123746,48.8522548,SensorLogger (Pixel 4 XL),2.4588100759436338,3927.9608387200014,2.5144462438730226,2.828910364265952,1074.0
2024-01-21 15:38:58+00:00,1705851537758340600,1620.360340576172,45.0,1.5,3.4881770610809326,18.202999114990234,2.5300822257995605,4.7046332359313965,87.98860146060935,2.3123773,48.8522745,SensorLogger (Pixel 4 XL),3.750541146468435,3930.160268564525,2.5408466774953578,3.0410553294795077,1075.0
2024-01-21 15:38:59+00:00,1705851538931200000,1621.5331999511718,45.0,1.5,3.99713945388794,18.232999801635746,2.5551698207855225,4.940288066864014,87.91454875570827,2.3123832,48.8523031,SensorLogger (Pixel 4 XL),3.1654817594737557,3933.369855956285,2.565410719090471,3.233117229445007,1076.0
2024-01-21 15:39:00+00:00,1705851540104059400,1622.706059326172,45.0,1.5,4.084539413452148,18.20499992370605,2.58485746383667,4.9973907470703125,87.76554617380802,2.3123894,48.8523438,SensorLogger (Pixel 4 XL),3.671773112038257,3937.9188494411533,2.588012492494899,3.3745444264368887,1077.0
2024-01-21 15:39:01+00:00,1705851541218440400,1623.8204404296876,45.0,1.5,4.256253242492676,18.191999435424805,2.6111507415771484,4.741024017333984,87.76554617380802,2.3123927,48.852368,SensorLogger (Pixel 4 XL),2.613444830042305,3940.622823026949,2.6058340976680707,3.3523485430035658,1078.0
2024-01-21 15:39:02+00:00,1705851541746062600,1624.3480625,45.0,1.5,4.459733963012695,18.200000762939453,2.6213090419769287,4.673623085021973,87.86934551664456,2.3123961,48.8523883,SensorLogger (Pixel 4 XL),4.304072841719585,3942.8937465478425,2.621812864234559,3.280650893118666,1079.0
2024-01-21 15:39:03+00:00,1705851542801636400,1625.4036362304687,45.0,1.5,2.527416706085205,18.15399932861328,2.6446642875671387,5.225250244140625,86.72094648600225,2.3124033,48.8524178,SensorLogger (Pixel 4 XL),4.085189236346994,3946.2170151716377,2.6355350112483653,3.2097030757642697,1080.0
2024-01-21 15:39:04+00:00,1705851543974496000,1626.57649609375,45.0,1.5,2.4183549880981445,18.089000701904297,2.6532435417175293,6.0660576820373535,86.73816209967936,2.3124136,48.8524448,SensorLogger (Pixel 4 XL),2.9384536544222573,3949.3124875093254,2.6470181989454176,3.1224262212736527,1081.0
2024-01-21 15:39:05+00:00,1705851545147356000,1627.7493559570312,45.0,1.5,2.623764038085937,17.966999053955078,2.655212163925171,6.803122997283936,86.7751251533798,2.3124229,48.8524779,SensorLogger (Pixel 4 XL),2.1417523725516516,3953.0574421914234,2.6543684407057406,3.157562001809895,1082.0
2024-01-21 15:39:06+00:00,1705851546202929700,1628.8049296875,45.0,1.5,2.7850615978240967,17.81100082397461,2.654937982559204,7.016905307769775,87.10107687274726,2.3124296,48.8525072,SensorLogger (Pixel 4 XL),2.159108572872084,3956.353627191564,2.655662003253934,3.1765519871110772,1083.0
2024-01-21 15:39:07+00:00,1705851546789359600,1629.3913596191403,45.0,1.5,2.4131016731262207,17.878999710083008,2.6477954387664795,6.921905517578125,87.0955070835206,2.3124323,48.8525242,SensorLogger (Pixel 4 XL),3.2409805408979393,3958.254235410163,2.652400017216209,3.117261546892511,1084.0
2024-01-21 15:39:08+00:00,1705851547962219800,1630.5642197265624,45.0,1.5,2.215240716934204,17.96500015258789,2.6489388942718506,6.759256362915039,87.090443641953,2.3124341,48.8525514,SensorLogger (Pixel 4 XL),2.715600504471508,3961.281831177695,2.6458963448106037,3.064447765844575,1085.0
2024-01-21 15:39:09+00:00,1705851549017793800,1631.6197937011718,45.0,1.5,2.382870674133301,18.03899955749512,2.6409177780151367,7.13908576965332,87.07626602169906,2.3124403,48.8525835,SensorLogger (Pixel 4 XL),4.051218592576266,3964.8798988523813,2.637625787700477,2.845831792480146,1086.0
2024-01-21 15:39:10+00:00,1705851550190654000,1632.7926540527344,45.0,1.5,2.351194143295288,18.20199966430664,2.631743907928467,7.283757209777832,87.06411379469344,2.3124453,48.8526118,SensorLogger (Pixel 4 XL),3.432164171922035,3968.0481910548283,2.626621176214793,2.735896860008163,1087.0
2024-01-21 15:39:11+00:00,1705851551246228500,1633.848228515625,45.0,1.5,1.926868200302124,18.395999908447266,2.612919569015503,6.962409973144531,86.67100289971782,2.312448,48.8526377,SensorLogger (Pixel 4 XL),3.681710948489562,3970.935162732425,2.6165920775400706,2.748489234791642,1088.0
2024-01-21 15:39:12+00:00,1705851551818144800,1634.4201447753906,45.0,1.5,1.926868200302124,18.489999771118164,2.5990536212921143,6.747168064117432,86.67100289971782,2.312448,48.8526459,SensorLogger (Pixel 4 XL),1.5942844819781927,3971.8469611305045,2.608535180156601,2.781537169702648,1089.0
2024-01-21 15:39:13+00:00,1705851552967155700,1635.5691557617188,45.0,1.5,2.47595477104187,18.45199966430664,2.5890982151031494,6.042405605316162,86.67100289971782,2.3124444,48.8526738,SensorLogger (Pixel 4 XL),2.1583906577021006,3974.9660784744,2.599999090988726,2.630132734023225,1090.0
2024-01-21 15:39:14+00:00,1705851554059580000,1636.6615798339844,45.0,1.5,3.258267879486084,18.392000198364254,2.5801327228546143,5.422818183898926,86.69733313653344,2.3124403,48.8526996,SensorLogger (Pixel 4 XL),1.909921510610836,3977.8546264385604,2.5876161873071037,2.338646091180327,1091.0
2024-01-21 15:39:15+00:00,1705851555158082800,1637.7600827636718,45.0,1.5,3.582280158996582,18.12299919128418,2.5738790035247803,4.987455368041992,86.70644746838504,2.3124386,48.8527251,SensorLogger (Pixel 4 XL),1.9609529661076321,3980.6929887626543,2.5736614803383393,2.199259311368587,1092.0
2024-01-21 15:39:16+00:00,1705851556172248300,1638.7742482910155,45.0,1.5,3.63372802734375,18.150999069213867,2.564014196395874,4.881674766540527,87.70055133730827,2.3124376,48.8527506,SensorLogger (Pixel 4 XL),2.138763125058596,3983.5375214718083,2.559850395642808,1.993304321296843,1093.0
2024-01-21 15:39:17+00:00,1705851556758678800,1639.3606787109377,45.0,1.5,4.219295501708984,17.888999938964844,2.5580413341522217,4.809248447418213,87.74814901948282,2.3124371,48.8527666,SensorLogger (Pixel 4 XL),3.034448900132547,3985.317016374762,2.5450984201819784,2.0918045049835934,1094.0
2024-01-21 15:39:18+00:00,1705851557931539500,1640.5335395507811,45.0,1.5,3.718548536300659,18.01499938964844,2.537538290023804,5.050937652587891,87.7020704081312,2.3124377,48.8527906,SensorLogger (Pixel 4 XL),2.6380112352378706,3987.9873111775823,2.5243859957785766,2.2262952449532505,1095.0
2024-01-21 15:39:19+00:00,1705851559104400100,1641.7064001464844,45.0,1.5,4.392554759979248,18.10700035095215,2.490408420562744,4.958248138427734,87.74257906410566,2.3124368,48.8528172,SensorLogger (Pixel 4 XL),1.4614532229705934,3990.9722536873905,2.5042103394124435,2.4654305757979085,1096.0
2024-01-21 15:39:20+00:00,1705851560277261000,1642.879260986328,45.0,1.5,4.050618648529053,18.285999298095703,2.448848009109497,4.7112650871276855,87.88869848321957,2.3124347,48.8528424,SensorLogger (Pixel 4 XL),1.8297861863666294,3993.779321461828,2.478058796231037,2.5161176164331667,1097.0
2024-01-21 15:39:21+00:00,1705851560863691800,1643.4656918945311,45.0,1.5,4.488336086273193,18.36000061035156,2.4389841556549072,4.810172080993652,87.95250001001901,2.3124363,48.8528571,SensorLogger (Pixel 4 XL),2.7944499467460124,3995.4180735385485,2.4399228400234856,2.4837650043193125,1098.0
2024-01-21 15:39:22+00:00,1705851561968564200,1644.5705642089845,45.0,1.5,4.377301216125488,18.488000869750977,2.4013566970825195,4.633309364318848,88.4022064235042,2.3124363,48.8528815,SensorLogger (Pixel 4 XL),2.5707522738896147,3998.1337568008457,2.387693982857937,2.37480448909377,1099.0
2024-01-21 15:39:23+00:00,1705851563092127700,1645.6941276855468,45.0,1.5,4.562502861022949,18.39900016784668,2.3442273139953613,2.8270695209503174,88.46246429995138,2.3124324,48.8529111,SensorLogger (Pixel 4 XL),3.2032599742809866,4001.4382482628257,2.3210868368321536,2.1809565003689544,1100.0
2024-01-21 15:39:24+00:00,1705851564264989200,1646.8669892578123,45.0,1.5,4.628475189208984,18.256999969482425,2.269718170166016,358.2167358398437,88.47816180047306,2.3124189,48.8529352,SensorLogger (Pixel 4 XL),2.270509390212212,4004.308769802953,2.246090736971733,2.044481173530336,1101.0
2024-01-21 15:39:25+00:00,1705851564817176600,1647.4191765136718,45.0,1.5,4.628475189208984,18.174999237060547,2.2322919368743896,355.2981262207031,88.47816180047306,2.3124092,48.8529423,SensorLogger (Pixel 4 XL),1.9225108996913503,4005.370357251632,2.161809131894188,1.9188927435857535,1102.0
2024-01-21 15:39:26+00:00,1705851565906995000,1648.508994873047,45.0,1.5,4.368724822998047,17.884000778198242,2.090296030044556,349.459228515625,88.89650837555749,2.3123908,48.8529622,SensorLogger (Pixel 4 XL),1.5693949647453498,4008.022020284077,2.0784239742011614,1.9463394551146829,1103.0
2024-01-21 15:39:27+00:00,1705851567023777500,1649.6257775878903,45.0,1.5,3.930919170379639,17.63599967956543,1.9626569747924805,343.4956970214844,88.7870141515838,2.3123704,48.8529762,SensorLogger (Pixel 4 XL),0.9555892909050943,4010.410169634183,1.9994355709844154,1.8712499106997704,1104.0
2024-01-21 15:39:28+00:00,1705851568139335000,1650.7413349609376,45.0,1.5,4.515670299530029,17.46500015258789,1.87333619594574,337.5871276855469,89.01449786138704,2.3123477,48.8529908,SensorLogger (Pixel 4 XL),1.5341232485102079,4012.7479059799357,1.9324413995397678,1.7596286821698102,1105.0
2024-01-21 15:39:29+00:00,1705851569191007200,1651.7930073242187,45.0,1.5,4.355147838592529,17.260000228881836,1.8121339082717896,331.5782775878906,88.7843538854712,2.3123227,48.8530034,SensorLogger (Pixel 4 XL),1.6063697234425078,4015.05986203018,1.876747676473947,1.7127146259526023,1106.0
2024-01-21 15:39:30+00:00,1705851569777438200,1652.3794382324218,45.0,1.5,4.531729221343994,17.288999557495117,1.7912862300872805,328.5592346191406,88.94754138873722,2.312308,48.8530103,SensorLogger (Pixel 4 XL),2.2528640821442427,4016.381011366736,1.8285523006819049,1.7136627847584196,1107.0
2024-01-21 15:39:31+00:00,1705851570950300000,1653.5522998046874,45.0,1.5,4.5268874168396,17.31800079345703,1.7527797222137451,322.7698974609375,88.90943466660507,2.3122838,48.8530159,SensorLogger (Pixel 4 XL),1.765961222026317,4018.2580404353707,1.7837422931895632,1.902688234840651,1108.0
2024-01-21 15:39:32+00:00,1705851572123161900,1654.7251618652344,45.0,1.5,4.879090785980225,16.944000244140625,1.7921020984649658,316.9089660644531,88.89689306542284,2.3122437,48.8530259,SensorLogger (Pixel 4 XL),3.0963379263437294,4021.395621930514,1.7426715480795905,2.047954491255529,1109.0
2024-01-21 15:39:33+00:00,1705851573178737400,1655.7807373046876,45.0,1.5,2.976916551589966,16.666000366210938,1.788942813873291,311.0845947265625,87.82433567077976,2.3122075,48.8530302,SensorLogger (Pixel 4 XL),2.0109082090806254,4024.1131246203836,1.7111241691252856,2.147607455831869,1110.0
2024-01-21 15:39:34+00:00,1705851573757694200,1656.3596940917969,45.0,1.5,2.976916551589966,16.66699981689453,1.757187843322754,308.02325439453125,87.82433567077976,2.3121945,48.8530286,SensorLogger (Pixel 4 XL),1.6713625635855494,4025.080771676109,1.6764516911355707,2.274202876847564,1111.0
2024-01-21 15:39:35+00:00,1705851574938030600,1657.540030517578,45.0,1.5,3.434221744537353,16.718000411987305,1.6468784809112549,300.490478515625,88.15687138147024,2.3121603,48.8530245,SensorLogger (Pixel 4 XL),1.942411785620521,4027.683211688499,1.6378438077900832,2.2482132976339386,1112.0
2024-01-21 15:39:36+00:00,1705851576110892800,1658.7128928222655,45.0,1.5,2.865504741668701,16.677000045776367,1.5653597116470337,292.20037841796875,88.17662131213393,2.312123,48.8530158,SensorLogger (Pixel 4 XL),2.549321052533948,4030.578784377474,1.5947634409995186,2.298897326482018,1113.0
2024-01-21 15:39:37+00:00,1705851577283754800,1659.885754638672,45.0,1.5,2.63628363609314,17.040000915527344,1.5073798894882202,283.3103332519531,88.14978167402558,2.3120932,48.8530008,SensorLogger (Pixel 4 XL),2.606405249051937,4033.333950066296,1.5500082622286504,2.316212867182964,1114.0
2024-01-21 15:39:38+00:00,1705851577877572000,1660.4795720214845,45.0,1.5,2.63628363609314,17.03700065612793,1.4920958280563354,278.9112243652344,88.14978167402558,2.3120826,48.8529914,SensorLogger (Pixel 4 XL),2.1918128092867297,4034.635485773268,1.512768407105329,2.3922521217987933,1115.0
2024-01-21 15:39:39+00:00,1705851578996463000,1661.5984631347656,45.0,1.5,2.7303247451782227,17.184999465942383,1.477326512336731,270.4243469238281,88.15332652700485,2.3120586,48.8529724,SensorLogger (Pixel 4 XL),2.3304628635903017,4037.4038659098155,1.4838675178553804,2.4266635657724662,1116.0
2024-01-21 15:39:40+00:00,1705851580098624500,1662.7006245117188,45.0,1.5,2.6391568183898926,16.98200035095215,1.4690992832183838,260.17254638671875,88.14978167402558,2.3120323,48.8529481,SensorLogger (Pixel 4 XL),2.871148486173587,4040.732074671884,1.4787659269652296,2.726764183410723,1117.0
2024-01-21 15:39:41+00:00,1705851581217776600,1663.819776611328,45.0,1.5,2.756795883178711,17.084999084472656,1.4888888597488403,250.634033203125,88.16953158812532,2.3120224,48.8529249,SensorLogger (Pixel 4 XL),2.4375788292151164,4043.4116420390983,1.4947823998075884,2.9221759410311487,1118.0
2024-01-21 15:39:42+00:00,1705851581740631800,1664.3426318359377,45.0,1.5,2.756795883178711,16.975000381469727,1.5079166889190674,246.38751220703125,88.16953158812532,2.3120122,48.8529116,SensorLogger (Pixel 4 XL),3.16822778162242,4045.0681657758587,1.532019343311439,2.881300058652623,1119.0
2024-01-21 15:39:43+00:00,1705851582913494500,1665.5154946289065,45.0,1.5,3.806126594543457,17.01300048828125,1.5635820627212524,239.1881256103516,89.03317011330246,2.3120005,48.8528856,SensorLogger (Pixel 4 XL),2.8185442011440243,4048.1007304167074,1.5795147786852546,2.8084754872009263,1120.0
2024-01-21 15:39:44+00:00,1705851583969070800,1666.5710708007812,45.0,1.5,3.6669459342956543,17.160999298095703,1.642120361328125,231.86920166015625,89.08988778645016,2.3119894,48.852858,SensorLogger (Pixel 4 XL),3.090067033742439,4051.276444920052,1.6356569191988861,2.938273877052289,1121.0
2024-01-21 15:39:45+00:00,1705851585141933600,1667.74393359375,45.0,1.5,3.894594669342041,17.16699981689453,1.7080880403518677,225.61990356445312,88.83564362209779,2.3119801,48.8528259,SensorLogger (Pixel 4 XL),3.323689454802376,4054.9107477372245,1.6964522754444888,3.038236903642715,1122.0
2024-01-21 15:39:46+00:00,1705851586197510000,1668.7995100097655,45.0,1.5,4.415134429931641,17.0939998626709,1.7818000316619873,220.2230224609375,88.89185600040292,2.3119754,48.8527966,SensorLogger (Pixel 4 XL),3.464737067037513,4058.213825059091,1.758909841036914,3.031718691469206,1123.0
2024-01-21 15:39:47+00:00,1705851586776470000,1669.3784699707032,45.0,1.5,4.415134429931641,17.118000030517578,1.819285869598389,217.96766662597656,88.89185600040292,2.3119752,48.8527848,SensorLogger (Pixel 4 XL),2.2664462646359653,4059.5260067884647,1.8189815395018731,2.92789756543272,1124.0
2024-01-21 15:39:48+00:00,1705851587956803800,1670.558803955078,45.0,1.5,4.638823509216309,17.041000366210938,1.8817954063415527,213.3088531494141,88.80931002389826,2.3119769,48.8527552,SensorLogger (Pixel 4 XL),1.8098824363115293,4062.960824076719,1.8743553513315567,2.7718836274106438,1125.0
2024-01-21 15:39:49+00:00,1705851589129666600,1671.7316665039064,45.0,1.5,4.422064781188965,16.92099952697754,1.9319260120391848,208.97360229492188,89.2397787770204,2.3119771,48.8527219,SensorLogger (Pixel 4 XL),3.2238013857854453,4066.663900745208,1.9226624301116493,2.6329206908735285,1126.0
2024-01-21 15:39:50+00:00,1705851590185243000,1672.787242919922,45.0,1.5,4.408966541290283,17.0310001373291,1.9785304069519043,205.6146697998047,89.31928663237281,2.3119809,48.8526937,SensorLogger (Pixel 4 XL),3.774644483150715,4069.8517227443704,1.9615739028378414,2.5729945098143325,1127.0
2024-01-21 15:39:51+00:00,1705851590771674000,1673.3736740722657,45.0,1.5,4.408966541290283,17.07200050354004,2.0006680488586426,204.2584381103516,89.31928663237281,2.3119831,48.8526821,SensorLogger (Pixel 4 XL),2.216571044367084,4071.1515887184896,1.9934118904139766,2.460989928923789,1128.0
2024-01-21 15:39:52+00:00,1705851591944536600,1674.5465366210938,45.0,1.5,4.979386806488037,17.159000396728516,2.0126466751098637,201.9561004638672,89.34764630311975,2.3119873,48.8526555,SensorLogger (Pixel 4 XL),2.001233503841358,4074.138376867377,2.0227183244886553,2.4294430997161545,1129.0
2024-01-21 15:39:53+00:00,1705851593097827600,1675.6998276367187,45.0,1.5,4.154431343078613,17.389999389648438,2.0417375564575195,199.80137634277344,89.28238568375949,2.3119893,48.85263,SensorLogger (Pixel 4 XL),1.8719201137131651,4076.9901055642645,2.050408856361711,2.552634105480765,1130.0
2024-01-21 15:39:54+00:00,1705851594172975400,1676.7749753417968,45.0,1.5,4.085498809814453,17.547000885009766,2.0719947814941406,198.019287109375,89.21908439261972,2.3119912,48.8526046,SensorLogger (Pixel 4 XL),2.215812393978525,4079.8301089239244,2.0775838666372284,2.6818026363456493,1131.0
2024-01-21 15:39:55+00:00,1705851594759406600,1677.3614064941407,45.0,1.5,4.085498809814453,17.569000244140625,2.0864908695220947,197.25588989257807,89.21908439261972,2.3119902,48.8525878,SensorLogger (Pixel 4 XL),3.1879349198986304,4081.6996159748705,2.100184328631589,2.6709173719875303,1132.0
2024-01-21 15:39:56+00:00,1705851595932268800,1678.5342687988282,45.0,1.5,3.4615514278411865,17.80699920654297,2.116376638412476,195.5927581787109,88.97387422341279,2.3119938,48.8525641,SensorLogger (Pixel 4 XL),2.6820737938399897,4084.355900243491,2.120858538096858,2.5339196040698195,1133.0
2024-01-21 15:39:57+00:00,1705851596987844900,1679.589844970703,45.0,1.5,3.944114446640015,17.923999786376953,2.145078182220459,194.13449096679688,88.97387422341279,2.3119952,48.8525395,SensorLogger (Pixel 4 XL),2.647096394681503,4087.093351662398,2.140313176979318,2.4785559373349386,1134.0
2024-01-21 15:39:58+00:00,1705851598160706800,1680.7627067871094,45.0,1.5,3.80617094039917,17.797000885009766,2.176955223083496,192.74880981445312,87.72913166102094,2.3119955,48.8525081,SensorLogger (Pixel 4 XL),3.086196552552479,4090.588354476028,2.1608987242927493,2.4411204814688356,1135.0
2024-01-21 15:39:59+00:00,1705851599216282600,1681.8182827148437,45.0,1.5,3.692938804626465,17.66200065612793,2.194892168045044,191.9677276611328,87.72913166102094,2.3119968,48.8524841,SensorLogger (Pixel 4 XL),2.9178845766780412,4093.2587326540765,2.180273925341104,2.3657202449665915,1136.0
2024-01-21 15:40:00+00:00,1705851599798962000,1682.4009619140625,45.0,1.5,3.692938804626465,17.64900016784668,2.197096109390259,191.53903198242188,87.72913166102094,2.3119981,48.852475,SensorLogger (Pixel 4 XL),1.744244188301539,4094.275067113472,2.196246114575497,2.2406119225555545,1137.0
2024-01-21 15:40:01+00:00,1705851600917246000,1683.5192458496094,45.0,1.5,3.2967569828033447,17.69300079345703,2.20175838470459,190.54954528808597,87.79445770120668,2.3119977,48.8524516,SensorLogger (Pixel 4 XL),1.7950820278045165,4096.883019594283,2.211233644356027,2.092899160247884,1138.0
2024-01-21 15:40:02+00:00,1705851601967171600,1684.5691716308593,45.0,1.5,2.7957189083099365,17.599000930786133,2.214383602142334,189.4761657714844,88.16041623742264,2.3119996,48.8524291,SensorLogger (Pixel 4 XL),1.6860966723138604,4099.389018014559,2.226452023087595,2.038592843351797,1139.0
2024-01-21 15:40:03+00:00,1705851603086726700,1685.6887265625,45.0,1.5,2.4981024265289307,17.659000396728516,2.2361063957214355,188.93006896972656,88.16041623742264,2.3119994,48.8524038,SensorLogger (Pixel 4 XL),1.6519431607595378,4102.2047786890935,2.24103215096764,2.2647756510401216,1140.0
2024-01-21 15:40:04+00:00,1705851604257906000,1686.859906005859,45.0,1.5,3.629984378814697,17.98200035095215,2.2591042518615723,188.7087860107422,89.32883232948514,2.3119956,48.8523779,SensorLogger (Pixel 4 XL),1.8921416880178479,4105.100897493264,2.256143681495989,2.453436926759432,1141.0
2024-01-21 15:40:05+00:00,1705851604846018800,1687.448018798828,45.0,1.5,3.629984378814697,18.30500030517578,2.270256757736206,188.5697021484375,89.32883232948514,2.3119916,48.8523617,SensorLogger (Pixel 4 XL),3.1031070249812616,4106.925875075047,2.2719180823451373,2.567891830126131,1142.0
2024-01-21 15:40:06+00:00,1705851605901594000,1688.5035939941406,45.0,1.5,2.0043835639953613,18.46999931335449,2.284719228744507,188.1151580810547,88.16396109486112,2.3119901,48.8523399,SensorLogger (Pixel 4 XL),2.7493099611561997,4109.353182795833,2.2893923854396476,2.720113604920806,1143.0
2024-01-21 15:40:07+00:00,1705851607074455300,1689.6764553222656,45.0,1.5,1.7053735256195068,18.57900047302246,2.30909276008606,187.7061462402344,87.6670518708369,2.3119848,48.852309,SensorLogger (Pixel 4 XL),3.289067613949034,4112.811196766212,2.307957403476434,2.7724463958211345,1144.0
2024-01-21 15:40:08+00:00,1705851608130030300,1690.7320302734374,45.0,1.5,2.0118095874786377,18.641000747680664,2.3297207355499268,187.3023834228516,88.19586487870178,2.3119805,48.852281,SensorLogger (Pixel 4 XL),3.760432106310381,4115.9405917783215,2.3244815545923694,2.7590985514230586,1145.0
2024-01-21 15:40:09+00:00,1705851609185605400,1691.78760546875,45.0,1.5,2.9612245559692383,18.628999710083008,2.3463025093078613,186.8814849853516,89.10204162306324,2.3119784,48.8522534,SensorLogger (Pixel 4 XL),3.603298547981315,4119.013606922051,2.3405997306513155,2.8095673377550066,1146.0
2024-01-21 15:40:10+00:00,1705851609772035800,1692.374035888672,45.0,1.5,2.9612245559692383,18.53499984741211,2.3541502952575684,186.7640838623047,89.10204162306324,2.3119779,48.8522427,SensorLogger (Pixel 4 XL),2.02981767817015,4120.203954932877,2.354877825560086,2.7300067714442897,1147.0
2024-01-21 15:40:11+00:00,1705851610937406200,1693.53940625,45.0,1.5,3.7151169776916495,18.558000564575195,2.3627846240997314,186.2997894287109,89.0630481258317,2.3119766,48.8522174,SensorLogger (Pixel 4 XL),1.6326133899518311,4123.020021181011,2.3664592868062835,2.6324996899178323,1148.0
2024-01-21 15:40:12+00:00,1705851612057305600,1694.6593056640625,45.0,1.5,2.8833744525909424,18.60400009155273,2.3726813793182373,185.3953094482422,87.48170799431662,2.3119753,48.8521911,SensorLogger (Pixel 4 XL),1.9449816249092409,4125.94723104329,2.3752824763906615,2.6182232394931164,1149.0
2024-01-21 15:40:13+00:00,1705851613178181600,1695.780181640625,45.0,1.5,3.168358087539673,18.82999992370605,2.382049560546875,184.63217163085935,87.39916544464137,2.3119756,48.8521646,SensorLogger (Pixel 4 XL),1.9577202730794943,4128.8952694136515,2.3800718434795662,2.6228224479325313,1150.0
2024-01-21 15:40:14+00:00,1705851613759762400,1696.361762451172,45.0,1.5,3.168358087539673,18.76099967956543,2.38606858253479,184.3147735595703,87.39916544464137,2.3119761,48.8521473,SensorLogger (Pixel 4 XL),3.3082581124797352,4130.819289474965,2.384793545865378,2.6059557089150895,1151.0
2024-01-21 15:40:15+00:00,1705851614815337000,1697.4173369140624,45.0,1.5,2.583143949508667,18.871999740600582,2.4001924991607666,183.95362854003903,87.35156458609762,2.3119757,48.8521222,SensorLogger (Pixel 4 XL),3.2888950813041546,4133.610524351711,2.38769677472871,2.6211100409705694,1152.0
2024-01-21 15:40:16+00:00,1705851615968818700,1698.5708186035156,45.0,1.5,3.305263042449951,18.516000747680664,2.3856394290924072,184.26657104492188,88.39811140141852,2.3119748,48.8520996,SensorLogger (Pixel 4 XL),2.4916977489454597,4136.131498684247,2.3883350499615,2.593456478979648,1153.0
2024-01-21 15:40:17+00:00,1705851617043777500,1699.6457775878907,45.0,1.5,3.3753671646118164,18.45800018310547,2.3739376068115234,184.7743682861328,88.82553975584818,2.3119708,48.8520715,SensorLogger (Pixel 4 XL),3.32018943732016,4139.2706914614555,2.3860812260554516,2.732842295929949,1154.0
2024-01-21 15:40:18+00:00,1705851618216637700,1700.8186376953124,45.0,1.5,3.665861129760742,18.363000869750977,2.372647762298584,184.4008636474609,88.82199501074408,2.31197,48.8520468,SensorLogger (Pixel 4 XL),3.189960408794201,4142.02092546231,2.379931977431711,2.5844816994217767,1155.0
2024-01-21 15:40:19+00:00,1705851618779180500,1701.3811806640624,45.0,1.5,3.665861129760742,18.400999069213867,2.3768739700317383,183.93673706054688,88.82199501074408,2.3119715,48.8520377,SensorLogger (Pixel 4 XL),1.809298717077831,4143.03873379051,2.374657675583451,2.4313619846142425,1156.0
2024-01-21 15:40:20+00:00,1705851619898757600,1702.5007575683594,45.0,1.5,3.5784802436828613,18.28700065612793,2.3870136737823486,182.9536590576172,88.9071425535358,2.3119768,48.852012,SensorLogger (Pixel 4 XL),2.1585505969318,4145.9257610579825,2.3693550547863147,2.2459836415798113,1157.0
2024-01-21 15:40:21+00:00,1705851620998462200,1703.600462158203,45.0,1.5,3.830315351486206,18.608999252319336,2.3529632091522217,182.65200805664065,88.88739337650995,2.3119805,48.8519886,SensorLogger (Pixel 4 XL),1.6312727742966961,4148.544891541287,2.360971318326937,2.0392211606149377,1158.0
2024-01-21 15:40:22+00:00,1705851622087075000,1704.689074951172,45.0,1.5,4.123640060424805,18.64900016784668,2.3355729579925537,182.58206176757807,88.88739337650995,2.3119814,48.8519659,SensorLogger (Pixel 4 XL),1.3951548433438372,4151.075844803441,2.3465673012970925,2.1048811371630007,1159.0
2024-01-21 15:40:23+00:00,1705851623259934700,1705.8619348144532,45.0,1.5,3.899362087249756,18.79700088500977,2.3204805850982666,181.8028717041016,88.76574578734632,2.311986,48.8519373,SensorLogger (Pixel 4 XL),2.6197287041202753,4154.274545084646,2.330021575349501,2.1534561235880183,1160.0
2024-01-21 15:40:24+00:00,1705851623846364700,1706.4483647460938,45.0,1.5,3.899362087249756,18.79700088500977,2.3128433227539062,181.3854217529297,88.76574578734632,2.311989,48.8519301,SensorLogger (Pixel 4 XL),1.4155970790028418,4155.104693679686,2.3079681799962093,2.1069164041493527,1161.0
2024-01-21 15:40:25+00:00,1705851624901938700,1707.5039387207032,45.0,1.5,3.9329833984375,19.18899917602539,2.3151779174804688,180.91163635253903,88.7586563444919,2.311993,48.8519072,SensorLogger (Pixel 4 XL),2.8476101702469254,4157.6690604203695,2.280221286402581,2.139043126812192,1162.0
2024-01-21 15:40:26+00:00,1705851626074798600,1708.6767985839845,45.0,1.5,3.562194585800171,19.13999938964844,2.2662622928619385,180.7600860595703,87.51239461654794,2.3119952,48.8518845,SensorLogger (Pixel 4 XL),2.337076434819072,4160.198346036708,2.2477726694685423,2.1200566357486914,1163.0
2024-01-21 15:40:27+00:00,1705851627130372400,1709.7323723144532,45.0,1.5,3.684561491012573,19.22100067138672,2.2062618732452397,180.2264709472656,87.51239461654794,2.3119985,48.8518666,SensorLogger (Pixel 4 XL),2.6448320877717006,4162.203355669297,2.2155964020690346,2.1036071703045645,1164.0
2024-01-21 15:40:28+00:00,1705851628185945900,1710.7879458007812,45.0,1.5,3.584303140640259,19.1299991607666,2.16163182258606,179.2581024169922,87.79935497360727,2.3120051,48.8518488,SensorLogger (Pixel 4 XL),2.7173460536552536,4164.246422191037,2.187899241296426,2.1641554054292738,1165.0
2024-01-21 15:40:29+00:00,1705851628772375600,1711.3743754882812,45.0,1.5,3.584303140640259,19.093000411987305,2.142500400543213,178.8510284423828,87.79935497360727,2.3120086,48.8518427,SensorLogger (Pixel 4 XL),1.2363302316097282,4164.97144332876,2.1754221589317266,2.0344099996363334,1166.0
2024-01-21 15:40:30+00:00,1705851629957362700,1712.5593627929688,45.0,1.5,4.173281192779541,18.895000457763672,2.1049392223358154,178.78927612304688,87.78872086442831,2.3120134,48.8518242,SensorLogger (Pixel 4 XL),1.3097288525124535,4167.05920604533,2.13757755486675,1.6901934878624942,1167.0
2024-01-21 15:40:31+00:00,1705851631098464500,1713.7004645996094,45.0,1.5,2.6896398067474365,18.847999572753903,2.0741286277771,178.28036499023438,87.76897184001643,2.3120168,48.8518056,SensorLogger (Pixel 4 XL),1.2684931058490132,4169.142635785597,2.0768422103036155,1.4901436899130007,1168.0
2024-01-21 15:40:32+00:00,1705851632173666800,1714.775666748047,45.0,1.5,2.4460134506225586,18.91699981689453,2.0478618144989014,178.3761444091797,87.66516362419816,2.3120192,48.8517862,SensorLogger (Pixel 4 XL),1.304844758864836,4171.30695800795,2.0015112791665643,1.1616080503045634,1169.0
2024-01-21 15:40:33+00:00,1705851632760096300,1715.3620961914062,45.0,1.5,3.973149538040161,18.856000900268555,2.033264636993408,179.0283203125,88.75053406144066,2.3120192,48.8517736,SensorLogger (Pixel 4 XL),2.389131634865399,4172.708014083452,1.9305272440025814,1.167136830881639,1170.0
2024-01-21 15:40:34+00:00,1705851633857157400,1716.459157470703,45.0,1.5,3.973149538040161,18.965999603271484,1.9872560501098635,180.94720458984372,88.75053406144066,2.3120158,48.8517605,SensorLogger (Pixel 4 XL),1.2806353615677195,4174.189459753413,1.8712510249194079,1.301830203954989,1171.0
2024-01-21 15:40:35+00:00,1705851634968918000,1717.57091796875,45.0,1.5,2.18710732460022,19.051000595092773,1.9030269384384155,182.56961059570312,87.12234337446316,2.3120102,48.8517458,SensorLogger (Pixel 4 XL),0.18492776532328628,4175.935630843423,1.8214905888786241,1.5524830421601001,1172.0
2024-01-21 15:40:42+00:00,1705851641791104500,1724.3931044921876,45.0,1.5,3.099130868911743,13.97599983215332,1.570763111114502,180.71836853027344,86.31656538681308,2.3120605,48.851669,SensorLogger (Pixel 4 XL),0.6917834697011347,4185.8325966042175,1.7868952326105827,1.8695770198276196,1179.0
2024-01-21 15:40:43+00:00,1705851642846676000,1725.4486760253906,45.0,1.5,3.579875946044922,14.225000381469728,1.5942267179489136,181.88699340820312,87.84312625889787,2.3120481,48.8516533,SensorLogger (Pixel 4 XL),2.213085283039685,4187.8033177127245,1.7726936091125376,2.077840985005719,1180.0
2024-01-21 15:40:44+00:00,1705851643902247400,1726.504247314453,45.0,1.5,3.080983638763428,14.96399974822998,1.687994122505188,182.19015502929688,86.7712607782965,2.312033,48.8516332,SensorLogger (Pixel 4 XL),2.6497786352469292,4190.298522160018,1.7751078547395829,2.195678983841642,1181.0
2024-01-21 15:40:45+00:00,1705851645075104300,1727.6771042480468,45.0,1.5,3.523132085800171,15.701000213623049,1.8356074094772337,182.0924530029297,88.32675809137952,2.3120161,48.8516007,SensorLogger (Pixel 4 XL),3.77857039937444,4194.118186582823,1.7972815141419036,2.2595742154945926,1182.0
2024-01-21 15:40:46+00:00,1705851646247960800,1728.8499609375,45.0,1.5,3.317948579788208,16.57200050354004,1.930205464363098,182.06967163085935,88.22801800290166,2.3120048,48.8515726,SensorLogger (Pixel 4 XL),3.1500785671843676,4197.376691477283,1.8369752245251507,2.3442041476737945,1183.0
2024-01-21 15:40:47+00:00,1705851646778991000,1729.3809912109375,45.0,1.5,3.317948579788208,17.152000427246094,1.9625544548034668,182.0035095214844,88.22801800290166,2.3120015,48.8515616,SensorLogger (Pixel 4 XL),2.347792575705561,4198.62343976876,1.89726755360134,2.617903777235565,1184.0
2024-01-21 15:40:48+00:00,1705851647889960000,1730.4919599609375,45.0,1.5,3.808968544006348,17.549999237060547,2.027221441268921,182.07562255859372,88.34093625006136,2.3119922,48.8515337,SensorLogger (Pixel 4 XL),2.073984805164395,4201.800619422971,1.9760065464951977,2.7766439460910055,1185.0
2024-01-21 15:40:49+00:00,1705851649016327700,1731.6183276367187,45.0,1.5,4.119226455688477,17.59000015258789,2.0694472789764404,182.29739379882807,88.46456950115876,2.3119851,48.8515073,SensorLogger (Pixel 4 XL),2.1460787750078305,4204.786910851872,2.0678176741794334,2.614843112950541,1186.0
2024-01-21 15:40:50+00:00,1705851650118424600,1732.720424560547,45.0,1.5,4.323832988739014,17.54199981689453,2.097123861312866,182.5362548828125,88.44482135807272,2.3119777,48.8514826,SensorLogger (Pixel 4 XL),1.86615778741049,4207.586980570865,2.1275179394769568,2.5235101218813023,1187.0
2024-01-21 15:40:51+00:00,1705851651173957600,1733.7759575195312,45.0,1.5,4.306328773498535,17.79199981689453,2.156203508377075,182.6305389404297,88.52432057402356,2.3119711,48.8514561,SensorLogger (Pixel 4 XL),2.6006009343920464,4210.573552420672,2.178576999228476,2.6111069713702033,1188.0
2024-01-21 15:40:52+00:00,1705851651760385800,1734.3623857421876,45.0,1.5,4.306328773498535,17.538999557495117,2.1981096267700195,182.60140991210935,88.52432057402356,2.3119683,48.8514393,SensorLogger (Pixel 4 XL),3.204613548860566,4212.452827534903,2.227321316537826,2.702105667481481,1189.0
2024-01-21 15:40:53+00:00,1705851652933241900,1735.535241943359,45.0,1.5,3.954346895217896,17.625,2.2754266262054443,183.35183715820312,88.44520763542012,2.3119587,48.8514089,SensorLogger (Pixel 4 XL),3.1957970734252346,4215.9064326877815,2.282741780302655,2.7852965195393793,1190.0
2024-01-21 15:40:54+00:00,1705851654106098000,1736.7080979003906,45.0,1.5,4.114982128143311,17.493000030517578,2.3519327640533447,183.70993041992188,88.4239401311432,2.3119497,48.851375,SensorLogger (Pixel 4 XL),2.6418464026484862,4219.735784865518,2.3418334421529075,2.900698040050007,1191.0
2024-01-21 15:40:55+00:00,1705851655218865700,1737.8208657226562,45.0,1.5,4.11685848236084,17.459999084472656,2.415983200073242,184.1310272216797,88.50850409569885,2.3119392,48.851343,SensorLogger (Pixel 4 XL),2.571286315968604,4223.381788356629,2.3963636663704566,2.9350301238474765,1192.0
2024-01-21 15:40:56+00:00,1705851655748096300,1738.3500961914062,45.0,1.5,4.11685848236084,17.336999893188477,2.443584680557251,184.38018798828125,88.50850409569885,2.3119332,48.8513237,SensorLogger (Pixel 4 XL),4.139040769952819,4225.572292903311,2.4475648582251495,2.8999187662260972,1193.0
2024-01-21 15:40:57+00:00,1705851656920952600,1739.5229526367189,45.0,1.5,3.918960094451904,17.6200008392334,2.5009970664978027,184.2389678955078,87.22122625976675,2.3119283,48.8512942,SensorLogger (Pixel 4 XL),3.2579464622090812,4228.872079754276,2.492154651961189,2.893545568781888,1194.0
2024-01-21 15:40:58+00:00,1705851658093808600,1740.69580859375,45.0,1.5,3.820943593978882,17.5,2.5401546955108643,183.97032165527344,87.20046507302827,2.3119215,48.8512622,SensorLogger (Pixel 4 XL),2.141342169406718,4232.465038433262,2.5268622586090776,2.974445639846116,1195.0
2024-01-21 15:40:59+00:00,1705851659266665200,1741.8686652832032,45.0,1.5,3.9556262493133545,17.500999450683594,2.56653094291687,183.83204650878903,87.4783120481207,2.3119167,48.8512321,SensorLogger (Pixel 4 XL),1.7822133115078143,4235.830677434552,2.55335120680107,2.99656875069667,1196.0
2024-01-21 15:41:00+00:00,1705851659853093400,1742.4550932617187,45.0,1.5,2.868107318878174,17.652999877929688,2.574046850204468,183.8360595703125,87.43071366170777,2.3119142,48.8512157,SensorLogger (Pixel 4 XL),3.1252736270836614,4237.663425397135,2.569855100105265,2.9803322697884793,1197.0
2024-01-21 15:41:01+00:00,1705851660908664600,1743.5106645507813,45.0,1.5,2.634685754776001,17.750999450683594,2.574632406234741,183.38751220703125,87.30209808576852,2.3119139,48.8511913,SensorLogger (Pixel 4 XL),2.9149624957981937,4240.376690627902,2.580681127013138,2.973393571310077,1198.0
2024-01-21 15:41:02+00:00,1705851662081521700,1744.6835217285156,45.0,1.5,3.7663803100585938,17.566999435424805,2.5786468982696533,183.0676727294922,88.43000574023966,2.3119124,48.8511623,SensorLogger (Pixel 4 XL),3.1921507015681785,4243.603775999501,2.5881922143616967,2.8874482123590735,1199.0
2024-01-21 15:41:03+00:00,1705851663137092900,1745.7390927734375,45.0,1.5,3.6403708457946777,17.56599998474121,2.584573984146118,182.68896484375,88.31506410542605,2.3119122,48.851137,SensorLogger (Pixel 4 XL),3.7281149049850915,4246.417321798862,2.5931284246401685,2.6093591467066988,1200.0
2024-01-21 15:41:04+00:00,1705851664192664000,1746.7946640625,45.0,1.5,1.8734633922576904,17.493000030517578,2.5894055366516118,182.43386840820312,86.59859517135123,2.3119122,48.8511101,SensorLogger (Pixel 4 XL),3.591678185103492,4249.409423063824,2.5935852991509902,2.5964415873745788,1201.0
2024-01-21 15:41:05+00:00,1705851664779092200,1747.3810922851562,45.0,1.5,1.8734633922576904,17.53700065612793,2.590620517730713,182.37258911132807,86.59859517135123,2.3119118,48.8511012,SensorLogger (Pixel 4 XL),1.6883019325513076,4250.399490589526,2.5938985231235696,2.5945337635415364,1202.0
2024-01-21 15:41:06+00:00,1705851665938132500,1748.5401325683597,45.0,1.5,1.94049870967865,17.187999725341797,2.594378709793091,182.3902282714844,86.57732868364832,2.3119112,48.8510748,SensorLogger (Pixel 4 XL),1.7671626141770522,4253.335410951607,2.5934851417714255,2.420572561791767,1203.0
2024-01-21 15:41:07+00:00,1705851667056359400,1749.658359375,45.0,1.5,2.2611947059631348,17.277999877929688,2.593719005584717,182.4534149169922,87.04639182829129,2.31191,48.8510482,SensorLogger (Pixel 4 XL),2.189806715424701,4256.296165158758,2.590997632704183,2.2489397911532674,1204.0
2024-01-21 15:41:08+00:00,1705851668158898400,1750.7608984375,45.0,1.5,3.184548139572144,17.323999404907227,2.590441465377808,182.4947509765625,87.81838917546455,2.3119076,48.851023,SensorLogger (Pixel 4 XL),1.852490211280701,4259.110791250063,2.585808923557347,2.2980173806491044,1205.0
2024-01-21 15:41:09+00:00,1705851669238429000,1751.840428955078,45.0,1.5,3.9756767749786377,17.35300064086914,2.582903861999512,182.4425201416016,87.7956042063507,2.3119031,48.8509992,SensorLogger (Pixel 4 XL),1.5362502798661954,4261.777637076081,2.577191293940839,2.2940584200735072,1206.0
2024-01-21 15:41:10+00:00,1705851669822372900,1752.4243728027343,45.0,1.5,3.1575698852539062,17.285999298095703,2.57715392112732,182.34646606445312,86.37124906211696,2.3119011,48.8509831,SensorLogger (Pixel 4 XL),3.075995752465638,4263.573846339759,2.5668246409472433,2.27411871924455,1207.0
2024-01-21 15:41:11+00:00,1705851670877942800,1753.4799428710935,45.0,1.5,3.4423282146453857,17.56399917602539,2.5622830390930176,182.27664184570312,86.37124906211696,2.3118952,48.8509626,SensorLogger (Pixel 4 XL),2.6986979418818775,4265.897609269152,2.556057173741902,2.3892774571188067,1208.0
2024-01-21 15:41:12+00:00,1705851671968045300,1754.5700454101564,45.0,1.5,3.4023396968841557,17.42799949645996,2.5414884090423584,182.7470703125,87.43045563511859,2.3118851,48.8509418,SensorLogger (Pixel 4 XL),2.4478433716669157,4268.326447979615,2.5460344692161314,2.5707662541032796,1209.0
2024-01-21 15:41:13+00:00,1705851673106367500,1755.708367431641,45.0,1.5,3.519932270050049,17.68600082397461,2.523163080215454,182.9035186767578,87.39703779150943,2.3118755,48.8509122,SensorLogger (Pixel 4 XL),3.343868002336727,4271.692463396779,2.5376498235297014,2.4814385493829603,1210.0
2024-01-21 15:41:14+00:00,1705851674279222500,1756.8812224121093,45.0,1.5,3.8684158325195312,17.875,2.5210659503936768,182.84629821777344,87.85433518698568,2.3118671,48.850888,SensorLogger (Pixel 4 XL),2.889035063455921,4274.453255534101,2.532083166994134,2.4476635738191277,1211.0
2024-01-21 15:41:15+00:00,1705851674816730600,1757.4187307128907,45.0,1.5,3.8684158325195312,17.929000854492188,2.520031213760376,182.7324981689453,87.85433518698568,2.3118638,48.8508798,SensorLogger (Pixel 4 XL),1.7548118642313981,4275.396482704432,2.5296595894912923,2.3291151721849634,1212.0
2024-01-21 15:41:16+00:00,1705851675938853600,1758.540853515625,45.0,1.5,3.6373074054718018,18.052000045776367,2.5288686752319336,182.68096923828125,87.85939852937794,2.3118544,48.8508542,SensorLogger (Pixel 4 XL),1.8281772004231136,4278.3280409293475,2.5653888426215534,2.514658313917164,1213.0
2024-01-21 15:41:17+00:00,1705851677038060300,1759.6400603027344,45.0,1.5,4.160446643829346,18.218000411987305,2.5355613231658936,182.7642974853516,87.84876551385781,2.3118476,48.8508263,SensorLogger (Pixel 4 XL),2.3404867294639558,4281.470190541922,2.572563240431027,2.4674321652313105,1214.0
2024-01-21 15:41:18+00:00,1705851678117754600,1760.719754638672,45.0,1.5,4.127408027648926,18.197999954223636,2.542725086212158,182.91439819335935,87.70952487829442,2.3118411,48.8507992,SensorLogger (Pixel 4 XL),2.088427088310176,4284.522937448022,2.5524790019471317,2.463805982233626,1215.0
2024-01-21 15:41:19+00:00,1705851679205217300,1761.8072172851562,45.0,1.5,4.60471773147583,18.07200050354004,2.5494635105133057,183.0887908935547,87.76429815357591,2.3118342,48.8507711,SensorLogger (Pixel 4 XL),1.9748474282086534,4287.68975749912,2.510732789276965,2.3839021459021557,1216.0
2024-01-21 15:41:20+00:00,1705851679791644400,1762.39364453125,45.0,1.5,4.669115543365479,17.96299934387207,2.5526986122131348,183.0336456298828,87.65898398141192,2.3118308,48.8507547,SensorLogger (Pixel 4 XL),3.138476489545539,4289.530244851455,2.456868632346809,2.345376222168577,1217.0
2024-01-21 15:41:21+00:00,1705851680964498700,1763.5664987792968,45.0,1.5,4.55285120010376,17.82200050354004,2.55334734916687,183.25418090820312,87.51266021817811,2.3118244,48.8507279,SensorLogger (Pixel 4 XL),2.669560242118603,4292.546859788479,2.4015577501840846,2.2658398783254765,1218.0
2024-01-21 15:41:22+00:00,1705851681550925800,1764.15292578125,45.0,1.5,4.3127055168151855,17.698999404907227,2.550222635269165,183.28880310058597,87.36772140272865,2.3118203,48.850705,SensorLogger (Pixel 4 XL),4.372196828195261,4295.110834057848,2.346098657754764,2.269335876896354,1219.0
2024-01-21 15:41:28+00:00,1705851687737579300,1770.3395793457032,45.0,1.5,3.621305465698242,16.843000411987305,2.047929048538208,181.08204650878903,86.47323283283272,2.311801,48.8506483,SensorLogger (Pixel 4 XL),0.8389665754148395,4306.704539266915,2.2991432850177596,2.236703557139281,1225.0
2024-01-21 15:41:29+00:00,1705851688876414500,1771.4784145507813,45.0,1.5,2.568964719772339,16.94300079345703,2.0657315254211426,181.2430725097656,86.70765624102435,2.3118012,48.8506288,SensorLogger (Pixel 4 XL),1.3608666630026103,4308.87291384146,2.2662745736842904,2.183939995690617,1226.0
2024-01-21 15:41:30+00:00,1705851689970617600,1772.5726176757812,45.0,1.5,2.542724370956421,17.208999633789062,2.1448516845703125,181.3577880859375,86.88942746198924,2.3117991,48.8506042,SensorLogger (Pixel 4 XL),1.8283576056979558,4311.6133358845655,2.250205210431141,2.185661091645168,1227.0
2024-01-21 15:41:31+00:00,1705851691137299000,1773.739298828125,45.0,1.5,2.32242202758789,17.659000396728516,2.2527663707733154,181.2810821533203,86.99677052001952,2.311797,48.8505761,SensorLogger (Pixel 4 XL),2.323749308739637,4314.7419400367735,2.25397731232968,2.256843854955963,1228.0
2024-01-21 15:41:32+00:00,1705851692216385000,1774.8183850097655,45.0,1.5,2.236580848693848,17.80900001525879,2.343001127243042,181.0417938232422,87.15576227096784,2.3117953,48.85055,SensorLogger (Pixel 4 XL),1.561999264187597,4317.648198056999,2.281695854825684,2.5024221321840745,1229.0
2024-01-21 15:41:33+00:00,1705851692810321400,1775.4123212890624,45.0,1.5,2.0797157287597656,18.045000076293945,2.379120349884033,180.9811248779297,87.21044802295617,2.3117937,48.8505321,SensorLogger (Pixel 4 XL),3.3569764035372365,4319.64202719421,2.3318765929381895,2.798191853859244,1230.0
2024-01-21 15:41:34+00:00,1705851693865889300,1776.4678891601563,45.0,1.5,1.6474926471710205,18.02300071716309,2.4642527103424072,180.8556060791016,86.69226962308389,2.3117931,48.8505058,SensorLogger (Pixel 4 XL),3.330743132755359,4322.5667972145975,2.4062904875742492,2.9526330537697194,1231.0
2024-01-21 15:41:35+00:00,1705851694967668000,1777.56966796875,45.0,1.5,1.5861150026321411,17.95599937438965,2.5160253047943115,180.9469757080078,86.6234061412917,2.3117908,48.8504784,SensorLogger (Pixel 4 XL),3.1407761936343355,4325.620161684557,2.5054482777194336,3.348737404245789,1232.0
2024-01-21 15:41:36+00:00,1705851696094310000,1778.6963098144531,45.0,1.5,1.6946269273757937,17.385000228881836,2.557370901107788,181.5410614013672,86.6234061412917,2.3117836,48.8504452,SensorLogger (Pixel 4 XL),3.6419678771487063,4329.352717116061,2.5602585173300625,3.239603155993672,1233.0
2024-01-21 15:41:37+00:00,1705851697149877200,1779.7518771972657,45.0,1.5,2.10064959526062,17.01099967956543,2.6006784439086914,182.06895446777344,86.62846961349126,2.3117758,48.8504165,SensorLogger (Pixel 4 XL),4.267028313443306,4332.603926800301,2.603918250545671,3.1857469406603975,1234.0
2024-01-21 15:41:38+00:00,1705851698205444900,1780.8074448242187,45.0,1.5,2.814548969268799,16.545000076293945,2.641542196273804,182.2701568603516,86.60213959116975,2.3117682,48.8503871,SensorLogger (Pixel 4 XL),4.027207371821116,4335.920470123851,2.6406181889961347,3.1734527912819575,1235.0
2024-01-21 15:41:39+00:00,1705851698791871200,1781.3938713378907,45.0,1.5,2.814548969268799,16.474000930786133,2.6569292545318604,182.41253662109372,86.60213959116975,2.3117642,48.8503777,SensorLogger (Pixel 4 XL),1.8509337392720373,4337.005905792837,2.67298582948712,2.9857289616197207,1236.0
2024-01-21 15:41:40+00:00,1705851699976805000,1782.578805175781,45.0,1.5,3.1131861209869385,16.530000686645508,2.6939680576324463,182.3345489501953,86.47352873772074,2.3117605,48.8503483,SensorLogger (Pixel 4 XL),1.7536161462778825,4340.2862783253595,2.6995109184834893,2.830319129734764,1237.0
2024-01-21 15:41:41+00:00,1705851701077195800,1783.6791958007811,45.0,1.5,2.97609806060791,16.604000091552734,2.7214584350585938,182.7704925537109,86.45783227147578,2.311753,48.850318,SensorLogger (Pixel 4 XL),2.3700433479183456,4343.7009813742525,2.715475826997038,2.6506751828919892,1238.0
2024-01-21 15:41:42+00:00,1705851702193144600,1784.79514453125,45.0,1.5,2.5366873741149902,16.940000534057617,2.7398157119750977,183.24850463867188,86.51403588204732,2.3117451,48.8502886,SensorLogger (Pixel 4 XL),2.000576653521648,4347.027145498953,2.7261335672836102,2.5009609397328147,1239.0
2024-01-21 15:41:43+00:00,1705851702779571200,1785.3815712890623,45.0,1.5,2.5366873741149902,16.93400001525879,2.748169422149658,183.47239685058597,86.51403588204732,2.31174,48.8502703,SensorLogger (Pixel 4 XL),3.5278118853714053,4349.0959461116445,2.731186803973113,2.2709793065678805,1240.0
2024-01-21 15:41:44+00:00,1705851703952424200,1786.5544240722656,45.0,1.5,2.8975863456726074,17.218000411987305,2.741703510284424,183.3316192626953,86.52973245265474,2.3117376,48.8502446,SensorLogger (Pixel 4 XL),2.795123840772494,4351.959046459292,2.7300990972044388,2.3351065149413386,1241.0
2024-01-21 15:41:45+00:00,1705851705125277000,1787.7272768554687,45.0,1.5,3.8775155544281006,17.014999389648438,2.720383644104004,182.8537139892578,86.61986171255609,2.311736,48.8502166,SensorLogger (Pixel 4 XL),1.7634598445473393,4355.076247473939,2.7233625651484847,2.3721070982679104,1242.0
2024-01-21 15:41:46+00:00,1705851706180844500,1788.782844482422,45.0,1.5,4.054148674011231,16.985000610351562,2.700113534927368,182.4931640625,87.78641450062308,2.3117357,48.8501849,SensorLogger (Pixel 4 XL),3.3264201370843196,4358.601268253965,2.71358360230115,2.578440043379928,1243.0
2024-01-21 15:41:47+00:00,1705851706767271000,1789.3692709960935,45.0,1.5,4.143726825714111,16.972000122070312,2.6934802532196045,182.42111206054688,87.78641450062308,2.3117365,48.8501779,SensorLogger (Pixel 4 XL),1.3310501699498263,4359.381830680928,2.7001596737771156,2.527946352274416,1244.0
2024-01-21 15:41:48+00:00,1705851707940123600,1790.5421235351562,45.0,1.5,4.323987007141113,17.011999130249023,2.682983160018921,182.6328125,88.29848399176284,2.3117335,48.8501562,SensorLogger (Pixel 4 XL),2.5304290973682377,4361.805553759466,2.687731736170235,2.3173165207722963,1245.0
2024-01-21 15:41:49+00:00,1705851708478084900,1791.0800849609377,45.0,1.5,4.323987007141113,16.990999221801758,2.679889440536499,182.8345642089844,88.29848399176284,2.3117313,48.8501448,SensorLogger (Pixel 4 XL),2.375269123766215,4363.083355912557,2.678173401776496,2.260282910994732,1246.0
2024-01-21 15:41:50+00:00,1705851710051258600,1792.653258544922,45.0,1.5,4.174935817718506,17.225000381469727,2.66680908203125,182.98536682128903,88.02341212667298,2.3117249,48.8501046,SensorLogger (Pixel 4 XL),3.408144842881509,4367.577887742725,2.6721710328063417,2.266143646679342,1247.0
2024-01-21 15:41:51+00:00,1705851710637686500,1793.2396865234375,45.0,1.5,4.174935817718506,17.334999084472656,2.658748149871826,183.08116149902344,88.02341212667298,2.3117232,48.850098,SensorLogger (Pixel 4 XL),1.269302682689476,4368.3222411070265,2.670113510675574,2.3974253719933962,1248.0
2024-01-21 15:41:52+00:00,1705851711756700400,1794.358700439453,45.0,1.5,4.028838634490967,17.416000366210938,2.6665713787078857,183.0054626464844,87.94884148497044,2.3117223,48.8500713,SensorLogger (Pixel 4 XL),2.6537935474445358,4371.29187589352,2.67101510337037,2.4759963095912103,1249.0
2024-01-21 15:41:53+00:00,1705851712856200000,1795.4581999511718,45.0,1.5,4.123392581939697,17.665000915527344,2.673393487930298,182.81822204589844,87.77921723388776,2.3117225,48.8500459,SensorLogger (Pixel 4 XL),1.697703181016494,4374.116487714048,2.6723712137921507,2.3794780538360882,1250.0
2024-01-21 15:41:54+00:00,1705851713967652600,1796.5696525878907,45.0,1.5,4.102853775024414,17.854000091552734,2.680546283721924,182.5786590576172,87.9220051827752,2.3117256,48.8500186,SensorLogger (Pixel 4 XL),2.1291785182519245,4377.16188005499,2.6733116680680498,2.320125361609387,1251.0
2024-01-21 15:41:55+00:00,1705851715094524700,1797.696524658203,45.0,1.5,3.963781118392944,17.884000778198242,2.683068037033081,182.2606658935547,86.74727626229138,2.3117287,48.8499842,SensorLogger (Pixel 4 XL),3.555460986659936,4380.994187875498,2.6746638764083794,2.215661841848337,1252.0
2024-01-21 15:41:56+00:00,1705851716267377000,1798.869376953125,45.0,1.5,3.846011161804199,17.784000396728516,2.6797537803649902,182.16046142578125,86.85107714084674,2.3117326,48.849958,SensorLogger (Pixel 4 XL),2.9840846177273326,4383.922320267606,2.6758250102738055,2.3216726595449972,1253.0
2024-01-21 15:41:57+00:00,1705851716853803000,1799.4558029785155,45.0,1.5,3.846011161804199,17.83799934387207,2.677394151687622,182.26174926757807,86.85107714084674,2.3117334,48.8499489,SensorLogger (Pixel 4 XL),1.7283775684260867,4384.935885811547,2.676948023489712,2.358134699021205,1254.0
2024-01-21 15:41:58+00:00,1705851717968938800,1800.5709387207032,45.0,1.5,2.89221739768982,17.66900062561035,2.673288106918335,182.20053100585935,87.25804516912387,2.3117363,48.8499245,SensorLogger (Pixel 4 XL),1.7795604291823133,4387.667234755569,2.6757932378156295,2.39283851987954,1255.0
2024-01-21 15:41:59+00:00,1705851719097501400,1801.699501464844,45.0,1.5,2.630056619644165,17.61400032043457,2.66776180267334,182.14956665039065,87.21905599762482,2.3117379,48.8498997,SensorLogger (Pixel 4 XL),1.663194881960009,4390.428765240028,2.673187133090003,2.3471165782235373,1256.0
2024-01-21 15:42:00+00:00,1705851720218941200,1802.8209411621092,45.0,1.5,2.563127994537353,17.548999786376953,2.666529417037964,182.03321838378903,86.96021051857554,2.3117382,48.849874,SensorLogger (Pixel 4 XL),2.0227919992411327,4393.287899190667,2.6737823624416857,2.5011530365745607,1257.0
2024-01-21 15:42:01+00:00,1705851720724213800,1803.326213867188,45.0,1.5,2.563127994537353,17.47800064086914,2.664903163909912,181.9682159423828,86.96021051857554,2.3117385,48.8498568,SensorLogger (Pixel 4 XL),3.785436198047477,4395.200577894763,2.6751606015598215,2.448086960530903,1258.0
2024-01-21 15:42:02+00:00,1705851721897065200,1804.499065185547,45.0,1.5,2.3765945434570312,17.621000289916992,2.66176438331604,181.6194610595703,87.19070034948423,2.3117433,48.8498335,SensorLogger (Pixel 4 XL),2.8727093537223123,4397.819333413569,2.6698004498201398,2.2080710781600983,1259.0
2024-01-21 15:42:03+00:00,1705851723069916400,1805.6719165039065,45.0,1.5,2.195907592773437,17.547000885009766,2.654256582260132,181.6971740722656,87.13449568517862,2.3117436,48.8498089,SensorLogger (Pixel 4 XL),1.6119199562326825,4400.55485684615,2.659182517453031,2.207817193758815,1260.0
2024-01-21 15:42:04+00:00,1705851724238240800,1806.8402407226563,45.0,1.5,1.9156869649887085,17.604000091552734,2.645474433898926,181.7315368652344,86.52973245265474,2.3117432,48.8497844,SensorLogger (Pixel 4 XL),1.7198535987976153,4403.279299078482,2.6410713633800666,2.2825310121189197,1261.0
2024-01-21 15:42:05+00:00,1705851724829192700,1807.431192626953,45.0,1.5,1.9156869649887085,17.785999298095703,2.641824960708618,181.6451873779297,86.52973245265474,2.3117433,48.8497672,SensorLogger (Pixel 4 XL),3.23641638298823,4405.191865812842,2.612519436616178,2.1202103365694054,1262.0
2024-01-21 15:42:06+00:00,1705851725967884000,1808.5698840332032,45.0,1.5,2.353390455245972,17.69700050354004,2.623429536819458,181.55137634277344,87.07120259165683,2.3117439,48.8497455,SensorLogger (Pixel 4 XL),2.119389075107676,4407.605195078165,2.5734336268308615,1.8691178904445054,1263.0
2024-01-21 15:42:07+00:00,1705851727057609200,1809.6596091308595,45.0,1.5,2.4238369464874268,17.511999130249023,2.549368143081665,181.2481689453125,86.55302419178454,2.3117461,48.8497253,SensorLogger (Pixel 4 XL),0.7046102185242149,4409.865159841328,2.525318763482638,1.6191165862815855,1264.0
2024-01-21 15:42:08+00:00,1705851728262763300,1810.8647631835936,45.0,1.5,3.148031711578369,17.52400016784668,2.4589381217956543,181.0274200439453,86.49631398252058,2.3117471,48.8497094,SensorLogger (Pixel 4 XL),0.6833267214913135,4411.636274516812,2.4745893437398636,1.3503695473779322,1265.0
2024-01-21 15:42:09+00:00,1705851728816884700,1811.418884765625,45.0,1.5,3.438631057739258,17.604000091552734,2.422811985015869,181.03549194335935,86.44365484314413,2.3117466,48.849698,SensorLogger (Pixel 4 XL),2.2885754421707887,4412.904424517978,2.4264405567721674,1.481038175824107,1266.0
2024-01-21 15:42:10+00:00,1705851729968771600,1812.570771484375,45.0,1.5,3.289780139923096,17.549999237060547,2.3618104457855225,181.60919189453125,86.32365399143401,2.3117418,48.849684,SensorLogger (Pixel 4 XL),1.7380457324146246,4414.500601376792,2.383909632825217,1.5893094765908224,1267.0
2024-01-21 15:42:11+00:00,1705851731162585300,1813.7645854492189,45.0,1.5,2.692057847976685,17.559999465942383,2.3059864044189453,181.9737701416016,86.20719909742496,2.3117366,48.8496666,SensorLogger (Pixel 4 XL),0.6786891448791411,4416.47625510223,2.3487381287829496,1.6032964416239135,1268.0
2024-01-21 15:42:12+00:00,1705851732218150400,1814.820150390625,45.0,1.5,3.4756782054901123,17.69499969482422,2.2848470211029053,181.7103576660156,86.29529960861609,2.3117339,48.8496479,SensorLogger (Pixel 4 XL),1.4245737909133174,4418.564964925395,2.321732120168707,1.5948679975145612,1269.0
2024-01-21 15:42:13+00:00,1705851732804575200,1815.4065751953128,45.0,1.5,3.1059861183166504,17.645000457763672,2.289332389831543,181.3570709228516,86.23909745233487,2.3117332,48.8496364,SensorLogger (Pixel 4 XL),2.1823200329034567,4419.84473195069,2.3058457126444942,1.759660400954666,1270.0
2024-01-21 15:42:14+00:00,1705851733977425200,1816.579425048828,45.0,1.5,3.3509790897369385,17.753999710083008,2.319303274154663,181.43931579589844,86.23909745233487,2.3117292,48.8496172,SensorLogger (Pixel 4 XL),2.0645362991789953,4421.99975463404,2.302145221977764,1.9107071115705079,1271.0
2024-01-21 15:42:15+00:00,1705851735150274800,1817.752274902344,45.0,1.5,4.445715427398682,17.759000778198242,2.33500337600708,181.7867431640625,87.25931716345953,2.3117233,48.8495899,SensorLogger (Pixel 4 XL),2.884796490868966,4425.066517235106,2.3046067760001603,1.7833079879727052,1272.0
2024-01-21 15:42:16+00:00,1705851736205845200,1818.807845214844,45.0,1.5,4.3921895027160645,17.680999755859375,2.332746982574463,181.8799591064453,87.1696986951442,2.3117174,48.8495689,SensorLogger (Pixel 4 XL),1.5571990853774542,4427.443195674076,2.3077415556929353,1.7259080947735543,1273.0
2024-01-21 15:42:17+00:00,1705851736759023900,1819.3610239257807,45.0,1.5,4.3921895027160645,17.663000106811523,2.3233470916748047,181.9169921875,87.1696986951442,2.3117149,48.8495608,SensorLogger (Pixel 4 XL),1.661428225187893,4428.362262878258,2.3146946999821854,1.8773897406738669,1274.0
2024-01-21 15:42:18+00:00,1705851737847834000,1820.449834228516,45.0,1.5,4.574563026428223,17.53499984741211,2.31203556060791,181.7137451171875,87.59012542438384,2.3117142,48.8495378,SensorLogger (Pixel 4 XL),1.4792093741320353,4430.920265557322,2.320119726603939,1.9545352009445107,1275.0
2024-01-21 15:42:19+00:00,1705851738999676000,1821.6016760253904,45.0,1.5,4.741515636444092,17.636999130249023,2.312583923339844,181.52780151367188,87.48619766077411,2.3117134,48.8495144,SensorLogger (Pixel 4 XL),1.593156528527303,4433.522912085435,2.320990130696374,1.9162280201321715,1276.0
2024-01-21 15:42:20+00:00,1705851740117692200,1822.719692138672,45.0,1.5,4.508721828460693,17.558000564575195,2.3161115646362305,181.7344207763672,87.46138839236579,2.3117091,48.8494903,SensorLogger (Pixel 4 XL),1.928260420087937,4436.224910442112,2.3190512879401974,2.1203815357286055,1277.0
2024-01-21 15:42:21+00:00,1705851741217249500,1823.819249511719,45.0,1.5,4.411979675292969,17.531999588012695,2.317249298095703,182.0043792724609,87.43506026879257,2.3117052,48.8494667,SensorLogger (Pixel 4 XL),1.6943297390385472,4438.864581593209,2.3166548424716575,2.337439173603711,1278.0
2024-01-21 15:42:22+00:00,1705851741718235400,1824.3202353515624,45.0,1.5,4.411979675292969,17.615999221801758,2.3171942234039307,182.18174743652344,87.43506026879257,2.3117036,48.8494515,SensorLogger (Pixel 4 XL),3.3817633333053805,4440.558794296745,2.316686489571286,2.446855858637131,1279.0
2024-01-21 15:42:23+00:00,1705851742891084000,1825.493083984375,45.0,1.5,4.263527870178223,17.636999130249023,2.3212897777557373,182.3780670166016,87.10936128934136,2.311699,48.8494291,SensorLogger (Pixel 4 XL),2.785229847996453,4443.073500702812,2.3185467163362237,2.6791793956071857,1280.0
2024-01-21 15:42:24+00:00,1705851743946647600,1826.5486474609372,45.0,1.5,4.2802042961120605,17.724000930786133,2.32198166847229,182.8321990966797,85.82679545965759,2.3116928,48.8494069,SensorLogger (Pixel 4 XL),2.548172942878687,4445.584068074704,2.3225681067592,2.7726535055606676,1281.0
2024-01-21 15:42:25+00:00,1705851745119496000,1827.7214958496093,45.0,1.5,4.170969486236572,17.621000289916992,2.328476905822754,182.8912506103516,85.82527659727077,2.3116879,48.8493757,SensorLogger (Pixel 4 XL),3.377012154800457,4449.0731880952135,2.3298861945916207,2.7261830013343626,1282.0
2024-01-21 15:42:26+00:00,1705851746175059000,1828.7770588378903,45.0,1.5,4.325610637664795,17.513999938964844,2.339867115020752,182.93429565429688,86.13300135147097,2.3116826,48.8493495,SensorLogger (Pixel 4 XL),3.847732384853511,4452.014313823357,2.338269126900733,2.713756655368543,1283.0
2024-01-21 15:42:27+00:00,1705851746779294500,1829.3812944335937,45.0,1.5,4.325610637664795,17.461999893188477,2.347497940063477,183.08575439453125,86.13300135147097,2.3116791,48.8493399,SensorLogger (Pixel 4 XL),1.8167796866609618,4453.112075697327,2.3468863981342007,2.5851733911103376,1284.0
2024-01-21 15:42:28+00:00,1705851747917055500,1830.5190554199216,45.0,1.5,3.267148733139038,17.461999893188477,2.3510565757751465,183.15179443359372,86.0995864980453,2.3116733,48.8493139,SensorLogger (Pixel 4 XL),1.775220267002629,4456.034172748885,2.3550104387205772,2.5137837412222637,1285.0
2024-01-21 15:42:29+00:00,1705851749036270300,1831.638270263672,45.0,1.5,2.9585037231445312,17.222000122070312,2.36354660987854,182.99945068359372,86.05553984761258,2.311667,48.8492854,SensorLogger (Pixel 4 XL),2.4648304762872772,4459.242538526197,2.3667056545413043,2.458373158979086,1286.0
2024-01-21 15:42:30+00:00,1705851750138708000,1832.7407080078128,45.0,1.5,2.9313852787017822,17.298999786376953,2.391692638397217,183.02651977539065,85.67366364727752,2.3116626,48.8492567,SensorLogger (Pixel 4 XL),2.2268694061398526,4462.45501587289,2.3796372018788325,2.6080098659387305,1287.0
2024-01-21 15:42:31+00:00,1705851751218303500,1833.820303466797,45.0,1.5,2.945195436477661,17.30900001525879,2.4147965908050537,183.98919677734372,85.98719205131619,2.3116548,48.8492283,SensorLogger (Pixel 4 XL),2.128269628780989,4465.673339633859,2.3968430976522583,2.6431297199245334,1288.0
2024-01-21 15:42:32+00:00,1705851751804727000,1834.4067270507808,45.0,1.5,2.6772823333740234,17.31999969482422,2.417328119277954,184.62091064453125,85.99934273026935,2.31165,48.8492106,SensorLogger (Pixel 4 XL),3.409210224482849,4467.6725823305405,2.4212282778450933,2.824815437517203,1289.0
2024-01-21 15:42:33+00:00,1705851752977574100,1835.57957421875,45.0,1.5,2.511824607849121,17.29599952697754,2.429074764251709,185.3638610839844,86.08743567500206,2.3116415,48.8491847,SensorLogger (Pixel 4 XL),2.7712504871261063,4470.6195602475955,2.4516278409310726,2.931477948556746,1290.0
2024-01-21 15:42:34+00:00,1705851754033136400,1836.6351364746092,45.0,1.5,2.223402261734009,17.26300048828125,2.46126389503479,185.3821563720703,85.74747109689551,2.3116332,48.8491518,SensorLogger (Pixel 4 XL),3.8878007903342287,4474.329137796199,2.489149719341861,3.3535455959483946,1291.0
2024-01-21 15:42:35+00:00,1705851755205983200,1837.8079831542968,45.0,1.5,2.328042984008789,17.259000778198242,2.5220210552215576,185.20970153808597,85.76468513093306,2.3116265,48.8491199,SensorLogger (Pixel 4 XL),3.871344797342407,4477.909986995931,2.5297070511865534,3.537112023105636,1292.0
2024-01-21 15:42:36+00:00,1705851755792406500,1838.3944064941409,45.0,1.5,2.364642858505249,17.340999603271484,2.555924892425537,185.1983184814453,85.73481374129014,2.3116233,48.8491022,SensorLogger (Pixel 4 XL),3.3798571779681224,4479.892016361664,2.5697795095487015,3.573608783239171,1293.0
2024-01-21 15:42:37+00:00,1705851756965252900,1839.567252929688,45.0,1.5,2.754011869430542,17.652999877929688,2.6236603260040283,185.01370239257807,85.67304611784743,2.3116179,48.8490706,SensorLogger (Pixel 4 XL),3.0651221532195185,4483.4288312035405,2.6093396838434284,3.519761077161462,1294.0
2024-01-21 15:42:38+00:00,1705851758138099200,1840.7400991210936,45.0,1.5,3.759540319442749,17.851999282836914,2.6822855472564697,184.79080200195312,85.62191096779023,2.3116105,48.84903,SensorLogger (Pixel 4 XL),4.157954031609969,4487.9760262712325,2.6486874040974895,3.4817720176998925,1295.0
2024-01-21 15:42:39+00:00,1705851758658445800,1841.260445800781,45.0,1.5,3.759540319442749,18.076000213623047,2.7071080207824707,184.6779937744141,85.62191096779023,2.3116085,48.8490181,SensorLogger (Pixel 4 XL),2.558460943238188,4489.307313747664,2.6875814006339516,3.2205516840660735,1296.0
2024-01-21 15:42:40+00:00,1705851760249222400,1842.851222412109,45.0,1.5,3.010075092315674,18.437000274658203,2.7349746227264404,184.4246368408203,85.57432011594238,2.311603,48.8489669,SensorLogger (Pixel 4 XL),4.421710148693701,4495.015083179689,2.721153774304642,3.1013012817192034,1297.0
2024-01-21 15:42:41+00:00,1705851760835645400,1843.4376455078125,45.0,1.5,3.1898679733276367,18.48200035095215,2.7376723289489746,184.20396423339844,85.4280052389193,2.311602,48.8489537,SensorLogger (Pixel 4 XL),2.5060379211770543,4496.484678949501,2.7480807461889767,3.001149535372422,1298.0
2024-01-21 15:42:42+00:00,1705851761957267500,1844.5592673339845,45.0,1.5,3.1898679733276367,18.426000595092773,2.7534384727478027,183.3540802001953,85.4280052389193,2.3116057,48.8489262,SensorLogger (Pixel 4 XL),2.3128799351156766,4499.559010926313,2.7693602285773653,2.9353835752982604,1299.0
2024-01-21 15:42:43+00:00,1705851762998022000,1845.6000219726564,45.0,1.5,3.4210453033447266,18.34000015258789,2.781541585922241,183.1563720703125,85.40876679295808,2.3116035,48.8488962,SensorLogger (Pixel 4 XL),2.524542481289158,4502.898744616225,2.7885510656089414,3.0905755652303086,1300.0
2024-01-21 15:42:44+00:00,1705851764119614000,1846.721614013672,45.0,1.5,4.760050296783447,18.447999954223636,2.8028059005737305,182.78843688964844,86.57884816863887,2.3116016,48.8488582,SensorLogger (Pixel 4 XL),3.4343091130559373,4507.126461235913,2.8046025226558644,3.0580022294483196,1301.0
2024-01-21 15:42:45+00:00,1705851765177602800,1847.779602783203,45.0,1.5,4.783084392547607,18.632999420166016,2.8266732692718506,182.67637634277344,86.60568110200123,2.3115996,48.8488365,SensorLogger (Pixel 4 XL),2.433635120256103,4509.543851048325,2.8212819254776083,3.082948052330491,1302.0
2024-01-21 15:42:46+00:00,1705851765761597700,1848.36359765625,45.0,1.5,4.783084392547607,18.72100067138672,2.8383145332336426,182.748779296875,86.60568110200123,2.3115973,48.8488162,SensorLogger (Pixel 4 XL),3.8759271967589988,4511.807373151597,2.841105220760171,3.3205207615863768,1303.0
2024-01-21 15:42:47+00:00,1705851766817158700,1849.4191586914064,45.0,1.5,5.013873100280762,18.857999801635746,2.857675790786743,182.55886840820312,87.11775059314098,2.3115996,48.8487857,SensorLogger (Pixel 4 XL),3.918510193799062,4515.203746086668,2.8614853379953114,3.359292344245322,1304.0
2024-01-21 15:42:48+00:00,1705851767990004000,1850.59200390625,45.0,1.5,5.176492691040039,18.849000930786133,2.878462314605713,182.5244140625,87.23571525389283,2.3115973,48.8487554,SensorLogger (Pixel 4 XL),3.1450967548967776,4518.577153548238,2.8823056369885216,3.4496794317826494,1305.0
2024-01-21 15:42:49+00:00,1705851769045564400,1851.647564453125,45.0,1.5,4.827070713043213,18.972000122070312,2.898878574371338,182.36468505859372,86.85925484112516,2.3115966,48.8487195,SensorLogger (Pixel 4 XL),4.191635961611709,4522.569408344888,2.9002232929160847,3.538495925709153,1306.0
2024-01-21 15:42:50+00:00,1705851770218409500,1852.820409423828,45.0,1.5,4.4912214279174805,18.92099952697754,2.9193928241729736,182.3360137939453,85.81289087321449,2.3115952,48.8486875,SensorLogger (Pixel 4 XL),2.413574620727255,4526.130858572961,2.914907991832214,3.4121955809746907,1307.0
2024-01-21 15:42:51+00:00,1705851770804832000,1853.40683203125,45.0,1.5,3.466839551925659,18.89900016784668,2.929319143295288,182.39181518554688,85.80732174014945,2.3115928,48.8486667,SensorLogger (Pixel 4 XL),3.9553630562502997,4528.450370487134,2.9304484854996087,3.211101625791786,1308.0
2024-01-21 15:42:52+00:00,1705851771977676800,1854.5796767578124,45.0,1.5,3.631680250167847,19.018999099731445,2.9465103149414062,182.0501708984375,85.75112432998645,2.3115951,48.8486355,SensorLogger (Pixel 4 XL),3.3051168016214914,4531.924554679343,2.9528522474194157,3.053171271478354,1309.0
2024-01-21 15:42:53+00:00,1705851773150521600,1855.752521484375,45.0,1.5,3.685926675796509,19.23900032043457,2.95045804977417,181.8493194580078,85.7230071577415,2.3115981,48.8486001,SensorLogger (Pixel 4 XL),2.2598725293503255,4535.86697141721,2.965932569892174,2.673361969689068,1310.0
2024-01-21 15:42:54+00:00,1705851774206081800,1856.8080817871091,45.0,1.5,3.657338857650757,19.37299919128418,2.950535774230957,181.860595703125,85.75112432998645,2.3115986,48.848572,SensorLogger (Pixel 4 XL),2.0511938968162142,4538.9922942075245,2.9639341076035466,2.4093050673063767,1311.0
2024-01-21 15:42:55+00:00,1705851774792504300,1857.3945043945312,45.0,1.5,3.203394889831543,19.51000022888184,2.9509708881378174,181.9126892089844,85.73694846570933,2.3115981,48.848554,SensorLogger (Pixel 4 XL),3.413656092123456,4540.99413724038,2.947782206643237,2.2427441718389365,1312.0
2024-01-21 15:42:56+00:00,1705851775965348600,1858.5673486328128,45.0,1.5,2.3257572650909424,19.44599914550781,2.9489142894744877,182.58323669433597,85.72125378655892,2.3115934,48.8485276,SensorLogger (Pixel 4 XL),1.3479715593376127,4543.958356432431,2.920229682447699,2.0297645797038615,1313.0
2024-01-21 15:42:57+00:00,1705851777138193000,1859.7401928710935,45.0,1.5,2.0875799655914307,19.413000106811523,2.9507055282592773,183.02935791015625,85.73694846570933,2.3115879,48.8484951,SensorLogger (Pixel 4 XL),2.006545825510373,4547.594696585221,2.8820602732006932,2.357897808671944,1314.0
2024-01-21 15:42:58+00:00,1705851777968272000,1860.570271972656,17.65252685546875,0.8820430636405945,2.648089408874512,18.44499969482422,2.9103636741638184,181.97645568847656,86.01351854445477,2.3115879,48.8484716,SensorLogger (Pixel 4 XL),1.9580679937536607,4550.245216235195,2.8406666233528943,2.3729332889053016,1315.0
2024-01-21 15:42:59+00:00,1705851778780174800,1861.382174804688,45.0,1.5,2.641485452651977,18.43400001525879,2.743217706680298,180.8876953125,85.93757696018616,2.3115889,48.8484582,SensorLogger (Pixel 4 XL),1.837420995921214,4551.737023854046,2.7934088445896625,2.489870725751966,1316.0
2024-01-21 15:43:00+00:00,1705851779953018600,1862.5550185546876,45.0,1.5,2.230844736099243,18.614999771118164,2.6778581142425537,181.779052734375,85.94112088560931,2.3115867,48.8484356,SensorLogger (Pixel 4 XL),2.6876387939774147,4554.25527645387,2.7421269239883226,2.6288600445833477,1317.0
2024-01-21 15:43:01+00:00,1705851781008578300,1863.6105783691405,45.0,1.5,1.5467802286148071,18.551000595092773,2.649233102798462,182.61216735839844,85.46192576345305,2.3115834,48.8484074,SensorLogger (Pixel 4 XL),3.3694837581262793,4557.400259561695,2.6892225878271185,2.8250722405647117,1318.0
2024-01-21 15:43:02+00:00,1705851782064137500,1864.666137451172,45.0,1.5,1.591963291168213,18.725000381469727,2.6305527687072754,182.909423828125,85.50749086137715,2.3115808,48.848381,SensorLogger (Pixel 4 XL),3.6717458630486215,4560.344740051281,2.63661392220546,2.852117901721987,1319.0
2024-01-21 15:43:03+00:00,1705851783236981200,1865.838981201172,45.0,1.5,1.5190951824188232,19.8129997253418,2.605443000793457,182.572021484375,85.54293055178698,2.3115806,48.848348,SensorLogger (Pixel 4 XL),4.77540948995292,4564.014288650688,2.5879620817452134,3.0731166552301232,1320.0
2024-01-21 15:43:04+00:00,1705851783823402800,1866.4254028320315,45.0,1.5,1.508866548538208,19.76499938964844,2.5993494987487797,182.29054260253903,85.53381747434813,2.3115824,48.8483416,SensorLogger (Pixel 4 XL),1.234150865476477,4564.7380218695225,2.5504092188442593,3.0145518855333218,1321.0
2024-01-21 15:43:05+00:00,1705851784969865200,1867.571865234375,45.0,1.5,1.5061521530151367,19.4379997253418,2.5408921241760254,182.0886993408203,85.48622711844902,2.3115849,48.8483194,SensorLogger (Pixel 4 XL),2.2340421194280897,4567.223633696082,2.5326641324418837,2.9978311018722263,1322.0
2024-01-21 15:43:06+00:00,1705851786169089000,1868.771089111328,45.0,1.5,2.7115068435668945,19.20499992370605,2.511106491088867,182.14779663085935,85.44775000530109,2.3115867,48.848289,SensorLogger (Pixel 4 XL),3.14156042304384,4570.6135880388965,2.5344658027407405,2.9025997814552893,1323.0
2024-01-21 15:43:07+00:00,1705851787224647400,1869.8266474609372,45.0,1.5,3.005305051803589,19.136999130249023,2.504026174545288,182.6197509765625,85.44775000530109,2.3115847,48.8482641,SensorLogger (Pixel 4 XL),3.339964068183082,4573.3863496461345,2.5363955098579507,2.6068633793291776,1324.0
2024-01-21 15:43:08+00:00,1705851787776810200,1870.3788103027343,45.0,1.5,3.005305051803589,19.17200088500977,2.503394603729248,182.88998413085935,85.44775000530109,2.311583,48.8482551,SensorLogger (Pixel 4 XL),1.8263764987808802,4574.394805346455,2.5423703336068546,2.4003347150488263,1325.0
2024-01-21 15:43:09+00:00,1705851788817989600,1871.4199897460935,45.0,1.5,2.8453140258789062,18.96199989318848,2.52850341796875,182.6361389160156,85.50749086137715,2.3115839,48.8482293,SensorLogger (Pixel 4 XL),2.756089125421101,4577.264390222061,2.552571505550899,2.316389278999342,1326.0
2024-01-21 15:43:10+00:00,1705851789922185200,1872.5241853027344,45.0,1.5,2.909747838973999,19.02899932861328,2.580771446228028,182.2646331787109,85.48622711844902,2.3115859,48.8481979,SensorLogger (Pixel 4 XL),2.226390930309,4580.760838182142,2.5661547326394474,2.314892153778108,1327.0
2024-01-21 15:43:11+00:00,1705851791038536200,1873.6405361328125,45.0,1.5,2.6066434383392334,19.065000534057617,2.6251089572906494,182.05511474609372,85.48622711844902,2.3115884,48.8481663,SensorLogger (Pixel 4 XL),2.6333512278083484,4584.28095967368,2.5813611155721534,2.5510781698862908,1328.0
2024-01-21 15:43:12+00:00,1705851792138744600,1874.7407446289064,45.0,1.5,2.855280637741089,18.78899955749512,2.6357877254486084,181.8915252685547,85.46192576345305,2.3115896,48.8481363,SensorLogger (Pixel 4 XL),2.071057476571318,4587.618020163206,2.598550351820394,2.465307798764565,1329.0
2024-01-21 15:43:13+00:00,1705851793218188500,1875.8201884765624,45.0,1.5,3.669432878494263,18.225000381469727,2.6198830604553223,181.8860626220703,85.38395938779502,2.3115863,48.8481101,SensorLogger (Pixel 4 XL),1.9111829408601926,4590.547286358056,2.6092144424559445,2.4387580842892262,1330.0
2024-01-21 15:43:14+00:00,1705851793792564500,1876.394564453125,45.0,1.5,3.669432878494263,18.09000015258789,2.6135036945343018,181.7396240234375,85.38395938779502,2.3115846,48.8480939,SensorLogger (Pixel 4 XL),3.1436739530040847,4592.352934084813,2.6133191449609954,2.7363025170749617,1331.0
2024-01-21 15:43:15+00:00,1705851794848122000,1877.4501220703123,45.0,1.5,3.836592197418213,17.726999282836914,2.60106897354126,181.56077575683597,85.43154916795056,2.3115809,48.8480706,SensorLogger (Pixel 4 XL),3.0779011147029838,4594.958323521793,2.6123270979833957,3.0097330674742744,1332.0
2024-01-21 15:43:16+00:00,1705851795903685600,1878.505685546875,45.0,1.5,3.5430803298950195,17.649999618530273,2.593165636062622,181.00245666503903,85.5464745289996,2.3115765,48.8480472,SensorLogger (Pixel 4 XL),2.9132794085943576,4597.582028036811,2.604932074309488,3.0889454009626043,1333.0
2024-01-21 15:43:17+00:00,1705851797076527400,1879.67852734375,45.0,1.5,3.082791328430176,17.43199920654297,2.588794708251953,180.923828125,85.48116433039706,2.311574,48.8480186,SensorLogger (Pixel 4 XL),3.1284871142366244,4600.767645166324,2.59369308808272,3.189306341384473,1334.0
2024-01-21 15:43:18+00:00,1705851798132084700,1880.7340847167968,45.0,1.5,3.4354848861694336,17.40999984741211,2.57991886138916,181.325927734375,85.56099869690392,2.3115698,48.8479932,SensorLogger (Pixel 4 XL),3.2837303126983435,4603.608821951327,2.584100778070524,3.1965588301126697,1335.0
2024-01-21 15:43:19+00:00,1705851799187642000,1881.789642089844,45.0,1.5,3.713381767272949,17.506000518798828,2.573842287063598,181.81182861328125,85.53973531692012,2.3115651,48.8479666,SensorLogger (Pixel 4 XL),3.657734771054869,4606.589661837063,2.578642304666455,3.0964335688905633,1336.0
2024-01-21 15:43:20+00:00,1705851800243199200,1882.84519921875,45.0,1.5,3.799439907073975,17.54400062561035,2.5771501064300537,181.74514770507807,85.54861423907644,2.3115627,48.8479377,SensorLogger (Pixel 4 XL),4.183218670455118,4609.810822000344,2.5849827954132767,3.047385269255756,1337.0
2024-01-21 15:43:21+00:00,1705851800829620000,1883.4316198730469,45.0,1.5,3.799439907073975,17.56100082397461,2.5795068740844727,181.44065856933597,85.54861423907644,2.3115632,48.8479272,SensorLogger (Pixel 4 XL),1.9919474731951543,4610.978941829523,2.5910295605120215,2.7283256713705466,1338.0
2024-01-21 15:43:22+00:00,1705851801958378800,1884.560378662109,45.0,1.5,3.761906385421753,17.51799964904785,2.5705370903015137,181.12139892578125,85.51115040402563,2.3115614,48.8478981,SensorLogger (Pixel 4 XL),2.255676179637104,4614.217901827026,2.623342335170225,2.780422907616438,1339.0
2024-01-21 15:43:23+00:00,1705851803016958000,1885.6189580078128,45.0,1.5,3.255849123001098,17.652000427246094,2.5687618255615234,180.6397247314453,85.37029003238555,2.3115636,48.8478695,SensorLogger (Pixel 4 XL),2.1544489768334736,4617.405695263854,2.6509426880746005,2.5620688450480325,1340.0
2024-01-21 15:43:24+00:00,1705851804118953200,1886.720953125,45.0,1.5,3.728700876235962,17.524999618530273,2.5705299377441406,180.18130493164065,85.89504997099195,2.3115659,48.8478392,SensorLogger (Pixel 4 XL),2.200051991341798,4620.779220523718,2.603049568029564,2.3420125928846685,1341.0
2024-01-21 15:43:25+00:00,1705851805257109200,1887.8591091308597,45.0,1.5,2.3686389923095703,17.340999603271484,2.5682430267333984,180.466552734375,85.75582620545427,2.3115634,48.847809,SensorLogger (Pixel 4 XL),2.0106965248487776,4624.151551482805,2.504148240866178,2.2409730038246662,1342.0
2024-01-21 15:43:26+00:00,1705851805872836000,1888.4748361816405,45.0,1.5,2.359041213989258,17.19099998474121,2.5648303031921387,180.71041870117188,85.70823751689372,2.3115605,48.8477914,SensorLogger (Pixel 4 XL),3.197036486270499,4626.120053167387,2.362728658952337,2.083083215123489,1343.0
2024-01-21 15:43:27+00:00,1705851806971970000,1889.573969970703,45.0,1.5,2.10793685913086,17.132999420166016,2.4338841438293457,180.7886962890625,84.96477587641814,2.3115505,48.8477724,SensorLogger (Pixel 4 XL),1.697124410881195,4628.363061080313,2.2014689749722147,2.1345955325829498,1344.0
2024-01-21 15:43:28+00:00,1705851807514812700,1890.1168127441408,45.0,1.5,1.821436882019043,17.104999542236328,2.332350015640259,180.92007446289065,84.74607968715428,2.311545,48.8477552,SensorLogger (Pixel 4 XL),3.60037337082587,4630.317498562053,2.0425136359029334,2.4711493200367998,1345.0
2024-01-21 15:43:29+00:00,1705851808669357000,1891.2713571777344,45.0,1.5,1.2451214790344238,17.009000778198242,1.7971785068511963,181.2886199951172,83.0999984741211,2.3115355,48.8477563,SensorLogger (Pixel 4 XL),0.6113443827976845,4631.023322551146,1.8943553311792536,2.589816587586254,1346.0
2024-01-21 15:43:36+00:00,1705851816076545000,1898.678544921875,45.0,1.5,2.701371908187866,13.614999771118164,1.2729253768920898,188.94908142089844,85.01033829467269,2.3114696,48.847705,SensorLogger (Pixel 4 XL),2.8008482831967134,4640.709885169558,1.765076594870564,2.6650443686008045,1353.0
2024-01-21 15:43:37+00:00,1705851817249384700,1899.851384765625,45.0,1.5,3.2546546459198,14.89799976348877,1.414521098136902,188.88137817382807,85.13690185613653,2.3114629,48.8476761,SensorLogger (Pixel 4 XL),3.0667459721917076,4643.962756558384,1.6616307538019677,2.744781511776092,1354.0
2024-01-21 15:43:38+00:00,1705851817835804700,1900.4378046875,45.0,1.5,3.2546546459198,15.06999969482422,1.4958298206329346,188.8255615234375,85.13690185613653,2.3114595,48.8476634,SensorLogger (Pixel 4 XL),2.4452154669142585,4645.396679812492,1.596402939951806,2.774948603903869,1355.0
2024-01-21 15:43:39+00:00,1705851818974695000,1901.5766948242187,45.0,1.5,2.5628058910369877,16.584999084472656,1.6621299982070925,188.68316650390625,83.0999984741211,2.3114478,48.8476255,SensorLogger (Pixel 4 XL),3.89441342618389,4649.697567146222,1.5792966554607288,2.6994454214618875,1356.0
2024-01-21 15:43:40+00:00,1705851820064200000,1902.666199951172,45.0,1.5,3.2604663372039795,16.68199920654297,1.781682014465332,188.49154663085935,85.21689100422445,2.3114365,48.8475873,SensorLogger (Pixel 4 XL),3.4652515206830077,4654.025603042227,1.6186986169124706,2.8816801602867335,1357.0
2024-01-21 15:43:41+00:00,1705851820650620000,1903.2526198730468,45.0,1.5,3.2604663372039795,16.791000366210938,1.816598892211914,188.29489135742188,85.21689100422445,2.3114334,48.8475757,SensorLogger (Pixel 4 XL),2.233306043531946,4655.335258372275,1.7063511793430126,2.8020793942080813,1358.0
2024-01-21 15:43:42+00:00,1705851821818731500,1904.4207314453124,45.0,1.5,3.9412779808044434,16.843000411987305,1.8635982275009155,188.1685028076172,85.19613425383528,2.3114278,48.8475511,SensorLogger (Pixel 4 XL),2.3678529636509293,4658.101175833352,1.8398205723697882,2.965192660874641,1359.0
2024-01-21 15:43:43+00:00,1705851822918148900,1905.5201489257813,45.0,1.5,4.219495296478272,16.981000900268555,1.9131184816360476,187.9933624267578,85.21537221588301,2.3114217,48.8475235,SensorLogger (Pixel 4 XL),2.8208311363721523,4661.202445538808,1.9556741702610656,2.795859740037808,1360.0
2024-01-21 15:43:44+00:00,1705851823967617500,1906.5696174316408,45.0,1.5,3.8691890239715576,17.118000030517578,2.001520872116089,187.63658142089844,85.30346239079444,2.3114176,48.8474891,SensorLogger (Pixel 4 XL),2.495344366101447,4665.040305328005,2.017917827783138,2.7821357526088284,1361.0
2024-01-21 15:43:45+00:00,1705851825059288300,1907.6612883300784,45.0,1.5,3.7266459465026855,17.134000778198242,2.077436208724976,187.5303649902344,85.42699268803966,2.3114112,48.847456,SensorLogger (Pixel 4 XL),2.76998930058186,4668.750533938742,2.0758744843944816,2.8214689734196323,1362.0
2024-01-21 15:43:46+00:00,1705851826162966000,1908.764966064453,45.0,1.5,3.744781017303467,16.899999618530273,2.1430106163024902,187.2766876220703,85.44471234593308,2.3114039,48.8474182,SensorLogger (Pixel 4 XL),3.6133691386601394,4672.98751526716,2.1266635768553903,2.8688503274219164,1363.0
2024-01-21 15:43:47+00:00,1705851827218521600,1909.820521484375,45.0,1.5,3.900313138961792,16.80500030517578,2.202935218811035,186.84844970703125,85.38294684219176,2.3114029,48.8473947,SensorLogger (Pixel 4 XL),2.4303444357423984,4675.601670505015,2.178881163726577,3.0481706048773036,1364.0
2024-01-21 15:43:48+00:00,1705851827804941600,1910.4069416503903,45.0,1.5,3.88559365272522,16.735000610351562,2.2304165363311768,186.6281280517578,85.3247256739948,2.311401,48.8473766,SensorLogger (Pixel 4 XL),3.4402381838400435,4677.619094980782,2.233768039914829,3.1988530057247373,1365.0
2024-01-21 15:43:49+00:00,1705851828860497400,1911.4624973144528,45.0,1.5,4.250253200531006,16.878000259399414,2.2766692638397217,186.2261962890625,85.31966298266764,2.3113996,48.84735,SensorLogger (Pixel 4 XL),3.2831304835763087,4680.579030902768,2.28577796938194,3.3962381307211142,1366.0
2024-01-21 15:43:50+00:00,1705851829974590000,1912.57658984375,45.0,1.5,3.815122127532959,16.909000396728516,2.3249378204345703,186.0223388671875,85.19410920774507,2.3113972,48.8473199,SensorLogger (Pixel 4 XL),3.397388689510333,4683.930607548287,2.333671037751637,3.446390801487289,1367.0
2024-01-21 15:43:51+00:00,1705851831088893200,1913.6908930664065,45.0,1.5,2.8314692974090576,17.143999099731445,2.368702888488769,185.99464416503903,85.00453363032796,2.3113932,48.8472845,SensorLogger (Pixel 4 XL),3.634036274909113,4687.877933835932,2.3727891078362227,3.5157577873561783,1368.0
2024-01-21 15:43:52+00:00,1705851832261733400,1914.8637333984373,45.0,1.5,2.392258644104004,17.155000686645508,2.417322397232056,185.73814392089844,84.34024909793726,2.3113903,48.8472533,SensorLogger (Pixel 4 XL),3.776291392149047,4691.353704794029,2.4109201618988716,3.4765498743063468,1369.0
2024-01-21 15:43:53+00:00,1705851832848153300,1915.4501533203124,45.0,1.5,2.4528398513793945,17.14299964904785,2.4428296089172363,185.61798095703125,84.11091709883917,2.3113886,48.8472369,SensorLogger (Pixel 4 XL),3.116937797501004,4693.1815394572395,2.4492236061873074,3.4189915298056253,1370.0
2024-01-21 15:43:54+00:00,1705851833967060700,1916.5690607910155,45.0,1.5,2.373763084411621,16.972000122070312,2.494570732116699,185.14358520507807,83.0999984741211,2.3113882,48.8472026,SensorLogger (Pixel 4 XL),3.446540626395659,4696.9961047811175,2.487572723276488,3.325899432758944,1371.0
2024-01-21 15:43:55+00:00,1705851835076549600,1917.6785495605468,45.0,1.5,2.691514015197754,17.006999969482422,2.539967536926269,184.92877197265625,83.0999984741211,2.3113868,48.8471636,SensorLogger (Pixel 4 XL),4.134311299749083,4701.334000156948,2.5274734447444858,3.2813070429603135,1372.0
2024-01-21 15:43:56+00:00,1705851835679316200,1918.2813161621093,45.0,1.5,2.691514015197754,17.148000717163086,2.559309482574463,184.8578948974609,83.0999984741211,2.311387,48.8471509,SensorLogger (Pixel 4 XL),2.3429513256592887,4702.74625155571,2.5644753274874588,3.246767307549659,1373.0
2024-01-21 15:43:57+00:00,1705851836757741300,1919.3597412109373,45.0,1.5,2.0607800483703613,17.101999282836914,2.5768697261810303,184.8172149658203,83.0999984741211,2.3113841,48.8471213,SensorLogger (Pixel 4 XL),3.0583522134533023,4706.044455041503,2.6005011858444007,3.1500543535972083,1374.0
2024-01-21 15:43:58+00:00,1705851837891366100,1920.4933662109372,45.0,1.5,2.0380568504333496,17.163999557495117,2.6359965801239014,184.8183441162109,83.0999984741211,2.3113824,48.8470832,SensorLogger (Pixel 4 XL),2.7691043144616785,4710.282868901537,2.63624744631048,3.053794385962848,1375.0
2024-01-21 15:43:59+00:00,1705851838998485000,1921.600485107422,45.0,1.5,2.0644664764404297,17.4950008392334,2.67285418510437,184.48440551757807,83.0999984741211,2.3113817,48.8470497,SensorLogger (Pixel 4 XL),2.9272792868129276,4714.008759846119,2.6705989183883463,2.875214776577576,1376.0
2024-01-21 15:44:00+00:00,1705851840079692800,1922.6816928710937,45.0,1.5,2.3165547847747803,17.3799991607666,2.703166961669922,184.54627990722656,83.0999984741211,2.3113819,48.8470152,SensorLogger (Pixel 4 XL),2.7682027235730917,4717.845155659547,2.7047543499804334,2.8257623869947888,1377.0
2024-01-21 15:44:01+00:00,1705851841175319000,1923.777319091797,45.0,1.5,2.396239280700684,17.23900032043457,2.7369112968444824,184.45787048339844,83.0999984741211,2.3113801,48.8469755,SensorLogger (Pixel 4 XL),4.0795044125596185,4722.261682493667,2.736448777746845,2.7045059958978634,1378.0
2024-01-21 15:44:02+00:00,1705851841761739300,1924.3637392578123,45.0,1.5,2.396239280700684,17.31800079345703,2.757596969604492,184.31832885742188,83.0999984741211,2.3113802,48.8469637,SensorLogger (Pixel 4 XL),2.2375098700858134,4723.5738030316825,2.7672204447008513,2.722878429528367,1379.0
2024-01-21 15:44:03+00:00,1705851842934579500,1925.536579345703,45.0,1.5,1.5910462141036987,17.215999603271484,2.7840912342071533,183.97439575195312,81.0,2.3113821,48.8469303,SensorLogger (Pixel 4 XL),2.357725823354778,4727.291800682522,2.7898465402525625,2.913305603346332,1380.0
2024-01-21 15:44:04+00:00,1705851844078074400,1926.6800744628904,45.0,1.5,1.6111866235733032,17.014999389648438,2.801082134246826,184.1554412841797,81.0,2.311381,48.846897,SensorLogger (Pixel 4 XL),2.437450997078287,4730.9959569072935,2.80143151369571,2.8735954204026752,1381.0
2024-01-21 15:44:05+00:00,1705851845278953700,1927.8809536132808,45.0,1.5,2.465450525283813,17.099000930786133,2.8057398796081543,184.6237030029297,83.0999984741211,2.3113775,48.8468635,SensorLogger (Pixel 4 XL),2.1962804355780414,4734.729969062303,2.7977525191069876,2.8947656549027734,1382.0
2024-01-21 15:44:06+00:00,1705851845866680300,1928.4686804199216,45.0,1.5,2.544295072555542,17.138999938964844,2.8066117763519287,184.7520446777344,83.0999984741211,2.3113751,48.8468456,SensorLogger (Pixel 4 XL),3.3997507067215067,4736.7280909461615,2.7818512538979103,2.6332573842630005,1383.0
2024-01-21 15:44:07+00:00,1705851846968321000,1929.570321044922,45.0,1.5,2.7679784297943115,17.17099952697754,2.78680157661438,184.4436187744141,83.0999984741211,2.3113725,48.8468198,SensorLogger (Pixel 4 XL),2.8373346352718953,4739.603473813129,2.7511397741499137,2.4835049534879925,1384.0
2024-01-21 15:44:08+00:00,1705851848095077000,1930.6970771484373,45.0,1.5,2.8010756969451904,17.302000045776367,2.734074831008911,183.68507385253903,83.0999984741211,2.311373,48.8467874,SensorLogger (Pixel 4 XL),3.2654360335537262,4743.209567167852,2.7095436995925013,2.2575492607051673,1385.0
2024-01-21 15:44:09+00:00,1705851849267917600,1931.8699174804688,45.0,1.5,2.922515869140625,17.440000534057617,2.64750337600708,183.19851684570312,83.0999984741211,2.3113744,48.8467676,SensorLogger (Pixel 4 XL),2.396719005131825,4745.421413767738,2.6595944549163684,2.168702292014286,1386.0
2024-01-21 15:44:10+00:00,1705851849837173000,1932.4391730957032,45.0,1.5,2.922515869140625,17.510000228881836,2.597712993621826,183.03587341308597,83.0999984741211,2.3113741,48.8467605,SensorLogger (Pixel 4 XL),1.3874083211580182,4746.211202891599,2.60591907242306,1.9363382974330254,1387.0
2024-01-21 15:44:11+00:00,1705851850971475200,1933.573475097656,45.0,1.5,3.5732853412628174,17.764999389648438,2.526207447052002,182.22862243652344,83.0999984741211,2.3113792,48.8467418,SensorLogger (Pixel 4 XL),1.2559028558932193,4748.326705524466,2.550148964144,1.5787825596101341,1388.0
2024-01-21 15:44:12+00:00,1705851852078214400,1934.6802143554687,45.0,1.5,4.466641426086426,18.02899932861328,2.465117216110229,181.64747619628903,83.0999984741211,2.311383,48.8467236,SensorLogger (Pixel 4 XL),0.20920954597907698,4750.445333400465,2.4935531739196217,1.3366622844469835,1389.0
2024-01-21 15:44:13+00:00,1705851853255575000,1935.857574951172,45.0,1.5,4.121722221374512,18.22900009155273,2.4149422645568848,181.6353759765625,83.0999984741211,2.3113843,48.8466987,SensorLogger (Pixel 4 XL),2.105668032121777,4753.215745455095,2.436632108472604,1.1496880856179719,1390.0
2024-01-21 15:44:14+00:00,1705851853841995000,1936.443995117188,45.0,1.5,4.121722221374512,18.26300048828125,2.39469575881958,181.4875640869141,83.0999984741211,2.3113855,48.8466939,SensorLogger (Pixel 4 XL),0.9223945303807481,4753.7566560556015,2.38706230620994,1.1079466308600119,1391.0
2024-01-21 15:44:15+00:00,1705851854969636900,1937.5716369628904,45.0,1.5,4.205024242401123,18.295000076293945,2.3576319217681885,181.59230041503903,83.0999984741211,2.3113853,48.8466744,SensorLogger (Pixel 4 XL),1.0509387271506812,4755.926921661716,2.344358286706583,1.1401803665636678,1392.0
2024-01-21 15:44:16+00:00,1705851856070397700,1938.672397705078,45.0,1.5,3.34558653831482,18.106000900268555,2.3292453289031982,181.9233245849609,83.0999984741211,2.3113841,48.8466534,SensorLogger (Pixel 4 XL),1.2325706217331553,4758.264060119989,2.3038166015935824,1.3801190545509454,1393.0
2024-01-21 15:44:17+00:00,1705851857257909500,1939.859909423828,45.0,1.5,2.8654263019561768,17.79599952697754,2.267110586166382,182.02801513671875,83.0999984741211,2.3113826,48.8466341,SensorLogger (Pixel 4 XL),1.0049267085332758,4760.4143464646,2.2617280722743365,1.6149620181673274,1394.0
2024-01-21 15:44:18+00:00,1705851857829658000,1940.431658203125,45.0,1.5,2.8654263019561768,17.711999893188477,2.2162859439849854,182.1322479248047,83.0999984741211,2.3113812,48.8466211,SensorLogger (Pixel 4 XL),2.5346124871510236,4761.863506084904,2.219848086715296,1.7178806827482849,1395.0
2024-01-21 15:44:19+00:00,1705851858885214200,1941.487214111328,45.0,1.5,2.6887223720550537,17.618000030517578,2.178242921829224,182.2366485595703,82.9000662944922,2.3113779,48.8466066,SensorLogger (Pixel 4 XL),2.1397548229748287,4763.497485588919,2.1793245565837442,1.8742550629832706,1396.0
2024-01-21 15:44:20+00:00,1705851859476444200,1942.0784440917969,45.0,1.5,2.6887223720550537,17.542999267578125,2.168527603149414,182.4713592529297,82.9000662944922,2.3113746,48.8465978,SensorLogger (Pixel 4 XL),1.7047016377427107,4764.505356338202,2.14452924685242,1.8238745884106098,1397.0
2024-01-21 15:44:21+00:00,1705851861113610200,1943.7156103515624,45.0,1.5,2.7199552059173584,17.190000534057617,2.1194660663604736,181.3871154785156,82.77504266653074,2.3113743,48.8465683,SensorLogger (Pixel 4 XL),2.2399469976211823,4767.817562087253,2.1195281432225266,1.8648510473759738,1398.0
2024-01-21 15:44:22+00:00,1705851862286450200,1944.8884501953123,45.0,1.5,2.7144432067871094,17.052000045776367,2.078472852706909,178.9500732421875,82.69051356903037,2.3113837,48.8465511,SensorLogger (Pixel 4 XL),2.141355123388542,4769.856571511103,2.107589499011849,1.8981742598364035,1399.0
2024-01-21 15:44:23+00:00,1705851862796990200,1945.398990234375,45.0,1.5,2.7144432067871094,17.097000122070312,2.0718913078308105,177.875732421875,82.69051356903037,2.3113892,48.846545,SensorLogger (Pixel 4 XL),1.5448399831079571,4770.645274116078,2.1089707793153902,1.872786592087087,1400.0
2024-01-21 15:44:24+00:00,1705851863938085600,1946.5400856933595,45.0,1.5,2.627023696899414,16.863000869750977,2.079336881637573,176.9555206298828,83.0999984741211,2.3113972,48.8465249,SensorLogger (Pixel 4 XL),1.4778948206750717,4772.95633180297,2.122363830152152,1.909544506501353,1401.0
2024-01-21 15:44:25+00:00,1705851865038536000,1947.640535888672,45.0,1.5,1.8714185953140257,16.9689998626709,2.130821228027344,176.77789306640625,81.0,2.3114006,48.8464993,SensorLogger (Pixel 4 XL),2.1500307253616766,4775.814000655039,2.141189861297619,1.904511463090937,1402.0
2024-01-21 15:44:26+00:00,1705851866137920000,1948.739919921875,45.0,1.5,1.7871394157409668,17.108999252319336,2.1849350929260254,176.48980712890625,81.0,2.3114039,48.846472,SensorLogger (Pixel 4 XL),1.495819831869537,4778.859354396693,2.162840802421409,2.1864024185078113,1403.0
2024-01-21 15:44:27+00:00,1705851867212376600,1949.814376464844,45.0,1.5,1.8217350244522093,17.281999588012695,2.2245757579803467,176.42201232910156,81.0,2.3114072,48.846444,SensorLogger (Pixel 4 XL),1.9464941109705445,4781.983624238607,2.187273060250617,2.4097294579734188,1404.0
2024-01-21 15:44:28+00:00,1705851867798796300,1950.4007963867184,45.0,1.5,1.8217350244522093,17.381000518798828,2.2382397651672363,176.416015625,81.0,2.3114084,48.8464274,SensorLogger (Pixel 4 XL),3.151199488966836,4783.831547491728,2.211228732501771,2.5419750421878575,1405.0
2024-01-21 15:44:29+00:00,1705851868971635500,1951.5736354980468,45.0,1.5,1.8594985008239744,17.525999069213867,2.251856803894043,176.6448211669922,81.0,2.3114081,48.846404,SensorLogger (Pixel 4 XL),2.5653821752096957,4786.433923432309,2.227771487818596,2.6576709995888237,1406.0
2024-01-21 15:44:30+00:00,1705851870027190500,1952.6291904296877,45.0,1.5,1.881877064704895,17.381000518798828,2.240776777267456,176.69032287597656,81.0,2.311409,48.8463756,SensorLogger (Pixel 4 XL),3.3643739063928404,4789.593179105042,2.2378825049594635,2.7874957001201484,1407.0
2024-01-21 15:44:31+00:00,1705851871200029700,1953.8020297851565,45.0,1.5,1.8985425233840945,17.256000518798828,2.2339389324188232,176.8919677734375,81.0,2.3114079,48.8463502,SensorLogger (Pixel 4 XL),3.1506331971509876,4792.418727295665,2.243114099027896,2.716158416183675,1408.0
2024-01-21 15:44:32+00:00,1705851872255584500,1954.8575844726563,45.0,1.5,1.8922593593597408,17.01799964904785,2.2324514389038086,177.30734252929688,81.0,2.3114058,48.8463251,SensorLogger (Pixel 4 XL),3.329737247430932,4795.215061154263,2.2417595490071687,2.683208670333559,1409.0
2024-01-21 15:44:33+00:00,1705851872837119000,1955.4391188964844,45.0,1.5,1.8922593593597408,16.993000030517578,2.233365058898926,177.46983337402344,81.0,2.3114048,48.8463149,SensorLogger (Pixel 4 XL),1.954390280271096,4796.351607505901,2.2383149289437667,2.6241001515559335,1410.0
2024-01-21 15:44:34+00:00,1705851873958631000,1956.560630859375,45.0,1.5,1.9173020124435425,16.937999725341797,2.209786891937256,176.81834411621094,81.0,2.3114077,48.84629,SensorLogger (Pixel 4 XL),1.9211796209442502,4799.129685659284,2.2364208117869224,2.3461470325487777,1411.0
2024-01-21 15:44:35+00:00,1705851875058382300,1957.6603823242187,45.0,1.5,2.7336864471435547,17.045000076293945,2.224632978439331,177.22262573242188,81.0,2.3114063,48.8462649,SensorLogger (Pixel 4 XL),1.8862073457509139,4801.925532574099,2.2367747721089617,2.124859630191424,1412.0
2024-01-21 15:44:36+00:00,1705851876177174500,1958.7791745605468,45.0,1.5,2.833094596862793,17.14699935913086,2.258305072784424,177.87954711914062,81.0,2.3114017,48.846238,SensorLogger (Pixel 4 XL),2.2234278957662243,4804.95150507872,2.2398783316979163,2.2200607749072088,1413.0
2024-01-21 15:44:37+00:00,1705851877277255400,1959.8792553710937,45.0,1.5,2.448471069335937,17.28499984741211,2.261306047439575,178.80825805664062,81.0,2.3113954,48.8462123,SensorLogger (Pixel 4 XL),1.723769454161662,4807.851195064013,2.245466335650495,2.050195012547171,1414.0
2024-01-21 15:44:38+00:00,1705851877885208800,1960.4872087402343,45.0,1.5,1.9882264137268064,17.395000457763672,2.249844551086426,179.34353637695312,81.0,2.3113919,48.8461973,SensorLogger (Pixel 4 XL),2.775663285571275,4809.538667885466,2.250861028308794,2.08651004896137,1415.0
2024-01-21 15:44:39+00:00,1705851879058046700,1961.6600466308596,45.0,1.5,3.960225343704224,17.26300048828125,2.249912738800049,180.10964965820312,83.0999984741211,2.3113832,48.8461714,SensorLogger (Pixel 4 XL),1.752777027216797,4812.49503018459,2.2557193119601546,2.2299506650217342,1416.0
2024-01-21 15:44:40+00:00,1705851880238116900,1962.8401169433596,45.0,1.5,3.8007988929748535,17.198999404907227,2.258026361465454,180.4495086669922,81.0,2.311376,48.8461449,SensorLogger (Pixel 4 XL),2.010876644697381,4815.489509035011,2.2599430582642137,2.446967787966109,1417.0
2024-01-21 15:44:41+00:00,1705851880817303000,1963.419302978516,45.0,1.5,3.8007988929748535,17.218000411987305,2.2607204914093018,180.7624053955078,81.0,2.3113727,48.8461278,SensorLogger (Pixel 4 XL),3.3093093905954922,4817.406214703712,2.2634326969336724,2.5849032653458655,1418.0
2024-01-21 15:44:42+00:00,1705851881872856600,1964.4748566894527,45.0,1.5,3.5219199657440186,17.273000717163086,2.270049571990967,180.9844665527344,81.0,2.3113658,48.8461026,SensorLogger (Pixel 4 XL),3.258899503138195,4820.255043985255,2.2622872104472282,2.5429967269011535,1419.0
2024-01-21 15:44:43+00:00,1705851882970123800,1965.5721237792968,45.0,1.5,3.632438898086548,17.368999481201172,2.26257586479187,181.30642700195312,81.0,2.3113569,48.8460796,SensorLogger (Pixel 4 XL),1.223339692152626,4822.914661171754,2.260346643525563,2.606850282964043,1420.0
2024-01-21 15:44:44+00:00,1705851884101246700,1966.703246826172,45.0,1.5,3.349043369293213,17.533000946044922,2.261598587036133,181.47007751464844,81.0,2.31135,48.8460489,SensorLogger (Pixel 4 XL),3.362566041298736,4826.366816221453,2.2601512384630555,2.643782243341378,1421.0
2024-01-21 15:44:45+00:00,1705851885274083300,1967.876083251953,45.0,1.5,3.17445969581604,17.68400001525879,2.261016607284546,181.20811462402344,81.0,2.3113459,48.8460239,SensorLogger (Pixel 4 XL),2.9335989020452473,4829.165867148307,2.2620985167059007,2.5737867469859173,1422.0
2024-01-21 15:44:46+00:00,1705851885860501500,1968.462501464844,45.0,1.5,2.957918405532837,17.701000213623047,2.25980806350708,180.8673248291016,81.0,2.3113457,48.8460116,SensorLogger (Pixel 4 XL),2.332420842146835,4830.533643046138,2.263201532104987,2.585401625876255,1423.0
2024-01-21 15:44:47+00:00,1705851886969653000,1969.571653076172,45.0,1.5,2.9539458751678467,17.648000717163086,2.2594311237335205,180.29466247558597,81.0,2.3113461,48.8459889,SensorLogger (Pixel 4 XL),2.298424698575816,4833.058345344228,2.2630271162922146,2.393349339103775,1424.0
2024-01-21 15:44:48+00:00,1705851888088890000,1970.6908901367187,45.0,1.5,3.067554235458374,17.676000595092773,2.259922981262207,179.84519958496094,81.0,2.3113467,48.8459601,SensorLogger (Pixel 4 XL),1.6497166483274543,4836.2613738052105,2.26310890227962,2.14739052764341,1425.0
2024-01-21 15:44:49+00:00,1705851889261726000,1971.8637258300785,45.0,1.5,2.234692096710205,17.746999740600586,2.2655842304229736,179.65011596679688,81.0,2.3113466,48.8459337,SensorLogger (Pixel 4 XL),3.1539531397381175,4839.197374875419,2.260513250428639,2.085423074711105,1426.0
2024-01-21 15:44:50+00:00,1705851889816304400,1972.4183044433596,45.0,1.5,2.234692096710205,17.763999938964844,2.267834186553955,179.5033416748047,81.0,2.3113469,48.8459244,SensorLogger (Pixel 4 XL),1.8651042859415856,4840.231720680108,2.260464437838605,2.0794804523937342,1427.0
2024-01-21 15:44:51+00:00,1705851890903696000,1973.5056958007813,45.0,1.5,2.2379698753356934,18.01499938964844,2.281925201416016,178.64810180664062,81.0,2.311347,48.8458976,SensorLogger (Pixel 4 XL),1.915783840404181,4843.2122558407755,2.263369034426257,2.041395693364624,1428.0
2024-01-21 15:44:52+00:00,1705851892018705700,1974.6207055664063,45.0,1.5,2.130756378173828,18.21299934387207,2.2731199264526367,176.67648315429688,81.0,2.3113533,48.8458737,SensorLogger (Pixel 4 XL),1.8707318452363324,4845.910569346823,2.2721787109634035,2.2267448804553096,1429.0
2024-01-21 15:44:53+00:00,1705851893136978700,1975.7389787597656,45.0,1.5,2.1565046310424805,18.302000045776367,2.271165370941162,175.6992645263672,81.0,2.3113569,48.8458479,SensorLogger (Pixel 4 XL),1.6555553214293168,4848.802363610728,2.2852548573351674,2.3792613773913796,1430.0
2024-01-21 15:44:54+00:00,1705851894187634000,1976.7896340332031,45.0,1.5,1.1840636730194092,18.42200088500977,2.282329797744751,175.8237762451172,81.0,2.3113564,48.8458204,SensorLogger (Pixel 4 XL),2.360189139695728,4851.860442977541,2.3070229659792645,2.511370368805493,1431.0
2024-01-21 15:44:55+00:00,1705851894774051300,1977.3760512695312,45.0,1.5,1.182046890258789,18.413000106811523,2.294193744659424,175.84913635253906,81.0,2.3113567,48.8458042,SensorLogger (Pixel 4 XL),3.0720316322451025,4853.661934551228,2.335158557374026,2.741129087923258,1432.0
2024-01-21 15:44:56+00:00,1705851895946886000,1978.548885986328,45.0,1.5,1.1879425048828125,18.23600006103516,2.351559400558472,176.04417419433594,81.0,2.3113552,48.8457741,SensorLogger (Pixel 4 XL),3.2508986898077232,4857.011046937271,2.36219158064727,2.8576297098535255,1433.0
2024-01-21 15:44:57+00:00,1705851897119720400,1979.7217204589845,45.0,1.5,1.2113312482833862,18.371999740600582,2.3940329551696777,175.71734619140625,81.0,2.3113583,48.8457369,SensorLogger (Pixel 4 XL),4.024787320550577,4861.154354743323,2.3914950951192306,3.108623781420955,1434.0
2024-01-21 15:44:58+00:00,1705851898175271200,1980.7772712402343,45.0,1.5,1.2248263359069824,18.319000244140625,2.4317023754119877,174.7745819091797,81.0,2.3113647,48.8457038,SensorLogger (Pixel 4 XL),2.7512219534529345,4864.864707162815,2.41561236316803,3.164808596086279,1435.0
2024-01-21 15:44:59+00:00,1705851898737311700,1981.3393117675785,45.0,1.5,1.2248263359069824,18.378999710083008,2.447650909423828,174.17501831054688,81.0,2.3113681,48.8456905,SensorLogger (Pixel 4 XL),2.668265560740651,4866.3643818068385,2.464805422649138,3.2341072183759154,1436.0
2024-01-21 15:45:00+00:00,1705851899934522000,1982.5365222167968,45.0,1.5,1.2403048276901243,18.042999267578125,2.478131055831909,172.8188018798828,81.0,2.3113807,48.845652,SensorLogger (Pixel 4 XL),3.2443384102873756,4870.745339449897,2.4955656274951012,3.1558000535371686,1437.0
2024-01-21 15:45:01+00:00,1705851901107355600,1983.7093557128903,45.0,1.5,1.2286098003387451,17.979000091552734,2.445600748062134,170.28787231445312,81.0,2.3113967,48.8456189,SensorLogger (Pixel 4 XL),3.4081988663957548,4874.610851735882,2.469145932672263,2.885976313863884,1438.0
2024-01-21 15:45:02+00:00,1705851902280189400,1984.882189453125,45.0,1.5,1.2257418632507324,17.62700080871582,2.391371011734009,166.53744506835938,81.0,2.3114175,48.8455935,SensorLogger (Pixel 4 XL),2.453713039902269,4877.819369206312,2.3988362285346594,2.626270712780455,1439.0
2024-01-21 15:45:03+00:00,1705851902818556400,1985.4205563964845,45.0,1.5,1.2257418632507324,17.586999893188477,2.37524938583374,164.40011596679688,81.0,2.311428,48.8455847,SensorLogger (Pixel 4 XL),2.310934823857266,4879.063497943693,2.2848778206838323,2.346932703630057,1440.0
2024-01-21 15:45:04+00:00,1705851903922156000,1986.5241560058596,45.0,1.5,2.044983148574829,17.334999084472656,2.291668653488159,159.94375610351562,81.0,2.3114538,48.8455629,SensorLogger (Pixel 4 XL),2.0356105040338472,4882.165254118119,2.1401757063369518,2.0600521309329127,1441.0
2024-01-21 15:45:05+00:00,1705851905060244500,1987.6622443847657,45.0,1.5,2.116201877593994,17.832000732421875,2.228766918182373,156.8858642578125,81.0,2.3114739,48.8455392,SensorLogger (Pixel 4 XL),2.2716871090216313,4885.185847792614,1.9680921114947565,1.872789250262501,1442.0
2024-01-21 15:45:06+00:00,1705851906138498000,1988.740498046875,45.0,1.5,1.7214351892471311,17.965999603271484,1.7070692777633667,148.10772705078125,81.0,2.311491,48.8455301,SensorLogger (Pixel 4 XL),1.1253164482465727,4887.579679181105,1.7840385640368837,1.5854688283059906,1443.0
2024-01-21 15:45:07+00:00,1705851907206088400,1989.8080883789064,45.0,1.5,1.481342077255249,18.275999069213867,1.342448353767395,136.93038940429688,81.0,2.3115082,48.8455241,SensorLogger (Pixel 4 XL),1.1158184292203979,4889.0479143787115,1.5889131527680702,1.3090401166607382,1444.0
2024-01-21 15:45:08+00:00,1705851907792504800,1990.3945048828125,45.0,1.5,1.4794206619262695,18.51799964904785,1.3004350662231443,134.16673278808594,81.0,2.311518,48.8455201,SensorLogger (Pixel 4 XL),1.4390159310803035,4889.891776344952,1.4002358820643435,1.1615290028387386,1445.0
2024-01-21 15:45:09+00:00,1705851908965337600,1991.5673376464845,45.0,1.5,1.4533181190490725,18.62800025939941,1.1780575513839722,128.43870544433594,81.0,2.3115289,48.8455211,SensorLogger (Pixel 4 XL),0.8415928080778785,4890.717584885607,1.2251335302089739,1.0853431431344118,1446.0
2024-01-21 15:45:10+00:00,1705851910020886800,1992.62288671875,45.0,1.5,1.417954444885254,18.426000595092773,1.0882713794708252,121.0915069580078,81.0,2.3115421,48.8455231,SensorLogger (Pixel 4 XL),0.9775548989480428,4891.709731419918,1.071537375504081,1.0214482581860578,1447.0
2024-01-21 15:45:11+00:00,1705851911193719300,1993.7957192382808,45.0,1.5,1.42207670211792,18.13999938964844,0.9845979809761048,112.88386535644533,81.0,2.3115516,48.8455302,SensorLogger (Pixel 4 XL),0.9805117506081568,4892.793937820916,0.952813416854294,0.9555501491161946,1448.0
2024-01-21 15:45:12+00:00,1705851911778822700,1994.3808227539064,45.0,1.5,1.42207670211792,18.03899955749512,0.9348064064979552,108.3159408569336,81.0,2.3115543,48.8455357,SensorLogger (Pixel 4 XL),1.0984286134424168,4893.436632796355,0.8776883007714159,1.0199410873831238,1449.0
2024-01-21 15:45:13+00:00,1705851912897412600,1995.499412597656,45.0,1.5,1.402973175048828,17.902000427246094,0.8373051285743713,100.27245330810548,81.0,2.3115594,48.8455461,SensorLogger (Pixel 4 XL),1.2615976587183002,4894.688072830235,0.8595896793167023,1.1746824983346769,1450.0
2024-01-21 15:45:14+00:00,1705851913998715400,1996.6007153320315,45.0,1.5,1.381871461868286,17.63599967956543,0.8313538432121277,89.68498992919922,81.0,2.3115679,48.8455573,SensorLogger (Pixel 4 XL),1.3116996383095088,4896.118509983034,0.844561573606815,1.2760621356449513,1451.0
2024-01-21 15:45:15+00:00,1705851915098229000,1997.7002290039063,45.0,1.5,1.343794345855713,17.624000549316406,0.8225371241569519,79.41069793701172,81.0,2.3115773,48.8455683,SensorLogger (Pixel 4 XL),1.1248073436072004,4897.5480052689845,0.8311247873090556,1.4245807541054796,1452.0
2024-01-21 15:45:16+00:00,1705851916236904000,1998.8389040527345,45.0,1.5,1.405762791633606,17.639999389648438,0.8222461342811584,67.09558868408203,81.0,2.3115875,48.8455829,SensorLogger (Pixel 4 XL),1.5911829447860726,4899.342165923138,0.8414077276557864,1.6425110087828427,1453.0
2024-01-21 15:45:17+00:00,1705851916823319800,1999.4253198242188,45.0,1.5,1.405762791633606,17.83300018310547,0.8435945510864258,60.53998947143555,81.0,2.3115883,48.845591,SensorLogger (Pixel 4 XL),1.539145225057674,4900.2447453094355,0.8663097627562143,1.7675312989779215,1454.0
2024-01-21 15:45:18+00:00,1705851917878868700,2000.480868652344,45.0,1.5,1.3920416831970217,17.660999298095703,0.91715806722641,50.11859130859375,81.0,2.3115951,48.8456115,SensorLogger (Pixel 4 XL),2.4312455353297944,4902.579447011617,0.9065714287002751,1.8877541504788007,1455.0
2024-01-21 15:45:19+00:00,1705851918970214000,2001.5722138671877,45.0,1.5,1.389517307281494,17.746000289916992,0.9769378304481506,42.66591644287109,81.0,2.3116027,48.8456292,SensorLogger (Pixel 4 XL),1.8942886162786858,4904.626059797887,0.9568784755279627,1.9456888673761847,1456.0
2024-01-21 15:45:20+00:00,1705851920107249400,2002.7092495117188,45.0,1.5,1.369847059249878,17.95800018310547,1.0327248573303225,35.85554504394531,81.0,2.3116112,48.8456497,SensorLogger (Pixel 4 XL),2.1633392927240136,4906.988900098636,1.0203640999837216,1.9482257301624748,1457.0
2024-01-21 15:45:21+00:00,1705851921280081200,2003.8820810546877,45.0,1.5,1.2639000415802002,17.988000869750977,1.099440097808838,30.44253158569336,81.0,2.3116166,48.8456713,SensorLogger (Pixel 4 XL),2.25618003069327,4909.423271602783,1.0821477153182628,1.999859861938992,1458.0
2024-01-21 15:45:22+00:00,1705851921798047000,2004.400046875,45.0,1.5,1.2639000415802002,17.993999481201172,1.1356407403945925,28.218902587890625,81.0,2.311617,48.8456806,SensorLogger (Pixel 4 XL),1.9972874367142452,4910.457798587227,1.145845508467564,1.9862966051503825,1459.0
2024-01-21 15:45:23+00:00,1705851922897749200,2005.4997492675784,45.0,1.5,1.2878141403198242,18.108999252319336,1.2018879652023315,23.530296325683597,81.0,2.3116186,48.8457005,SensorLogger (Pixel 4 XL),1.7043838785899605,4912.684581960963,1.2092211074419217,2.0089633869967556,1460.0
2024-01-21 15:45:24+00:00,1705851924017547500,2006.619547607422,45.0,1.5,1.1845217943191528,18.231000900268555,1.2753593921661377,20.71429443359375,81.0,2.3116211,48.8457236,SensorLogger (Pixel 4 XL),1.9003108265383044,4915.262814934194,1.2697632003693629,2.0230734290688606,1461.0
2024-01-21 15:45:25+00:00,1705851925138123500,2007.7401235351565,45.0,1.5,1.1910204887390137,18.132999420166016,1.3427693843841553,18.3928165435791,81.0,2.3116231,48.8457461,SensorLogger (Pixel 4 XL),1.7647532028585937,4917.7790386469605,1.3293177566377357,2.1408054682841366,1462.0
2024-01-21 15:45:26+00:00,1705851926205974300,2008.8079743652345,45.0,1.5,1.204994797706604,18.100000381469727,1.4040807485580444,15.807622909545898,81.0,2.3116226,48.8457696,SensorLogger (Pixel 4 XL),2.082218263548272,4920.39930638457,1.3891302993394743,2.3475489497492767,1463.0
2024-01-21 15:45:27+00:00,1705851926792390100,2009.3943901367188,45.0,1.5,1.204994797706604,18.145000457763672,1.432183861732483,14.48405647277832,81.0,2.3116218,48.8457838,SensorLogger (Pixel 4 XL),2.6944230686273674,4921.979359182782,1.4484051443333077,2.494387673656265,1464.0
2024-01-21 15:45:28+00:00,1705851927965222000,2010.567221923828,45.0,1.5,1.224549651145935,18.145000457763672,1.492890238761902,12.907614707946776,81.0,2.3116204,48.8458066,SensorLogger (Pixel 4 XL),2.412469584325196,4924.519508195602,1.5076234311539745,2.6161363913427778,1465.0
2024-01-21 15:45:29+00:00,1705851929020770300,2011.622770263672,45.0,1.5,1.1995316743850708,18.201000213623047,1.5625170469284058,12.023411750793455,81.0,2.3116227,48.8458352,SensorLogger (Pixel 4 XL),3.2661415277905848,4927.704230506057,1.5678508721865225,2.7225247402911865,1466.0
2024-01-21 15:45:30+00:00,1705851930193601800,2012.795601806641,45.0,1.5,1.2168450355529783,18.30299949645996,1.6256927251815796,11.827590942382812,81.0,2.3116257,48.8458609,SensorLogger (Pixel 4 XL),2.836495449607324,4930.574094334957,1.6246132326341949,2.7085446207077877,1467.0
2024-01-21 15:45:31+00:00,1705851931249150000,2013.851149902344,45.0,1.5,1.312311768531799,18.187000274658203,1.690468430519104,11.87037754058838,81.0,2.311632,48.8458881,SensorLogger (Pixel 4 XL),3.5104662840602723,4933.633565880516,1.6776802657416594,2.694502776090179,1468.0
2024-01-21 15:45:32+00:00,1705851931835565800,2014.4375659179689,45.0,1.5,2.020036458969116,18.0049991607666,1.7222334146499634,11.739713668823242,81.0,2.3116355,48.8459007,SensorLogger (Pixel 4 XL),2.428775668347341,4935.057838792845,1.7281394167723252,2.6100581845646618,1469.0
2024-01-21 15:45:33+00:00,1705851932938383000,2015.5403830566408,45.0,1.5,2.020036458969116,18.065000534057617,1.7771999835968018,10.963665008544922,81.0,2.3116384,48.8459249,SensorLogger (Pixel 4 XL),2.2018523879701464,4937.757171147104,1.7748437526538994,2.448113560310667,1470.0
2024-01-21 15:45:34+00:00,1705851934037038600,2016.6390385742188,45.0,1.5,1.6373542547225952,18.12700080871582,1.829726219177246,9.106892585754396,81.0,2.3116369,48.8459512,SensorLogger (Pixel 4 XL),1.9504272283252426,4940.683883929188,1.8180803892299697,2.3286298688613782,1471.0
2024-01-21 15:45:35+00:00,1705851935158588200,2017.7605881347656,45.0,1.5,1.2360224723815918,18.21299934387207,1.8662590980529783,8.150771141052246,81.0,2.3116359,48.8459767,SensorLogger (Pixel 4 XL),2.0215510412464504,4943.523900995359,1.8552066617422072,2.3926139429879054,1472.0
2024-01-21 15:45:36+00:00,1705851936175041800,2018.777041748047,45.0,1.5,1.4681966304779053,18.17200088500977,1.8910362720489504,8.301403999328613,81.0,2.3116375,48.8460003,SensorLogger (Pixel 4 XL),1.9544645876600464,4946.158075747627,1.8870936392659075,2.3883133918257906,1473.0
2024-01-21 15:45:37+00:00,1705851936761457400,2019.3634575195315,45.0,1.5,1.451796293258667,18.676000595092773,1.905829668045044,8.771486282348633,81.0,2.3116411,48.8460146,SensorLogger (Pixel 4 XL),2.748499624368517,4947.76983715485,1.9143915878701634,2.4081373687682395,1474.0
2024-01-21 15:45:38+00:00,1705851937934288600,2020.5362885742188,45.0,1.5,1.410993218421936,18.50200080871582,1.9331129789352417,8.992340087890625,81.0,2.3116431,48.8460345,SensorLogger (Pixel 4 XL),2.189726100167964,4949.988423474457,1.9389070925130127,2.4048723768335485,1475.0
2024-01-21 15:45:39+00:00,1705851939107120000,2021.7091201171877,45.0,1.5,1.4078333377838137,18.38400077819824,1.955347776412964,8.990280151367188,81.0,2.3116495,48.8460601,SensorLogger (Pixel 4 XL),2.705166591472631,4952.876575059034,1.9635957320890922,2.3914498811070066,1476.0
2024-01-21 15:45:40+00:00,1705851940162668000,2022.76466796875,45.0,1.5,1.4065109491348269,18.332000732421875,1.986788272857666,8.585821151733398,81.0,2.3116542,48.8460846,SensorLogger (Pixel 4 XL),3.251752745178172,4955.6234306911065,1.9834953412750833,2.3935781703678516,1477.0
2024-01-21 15:45:41+00:00,1705851941218216200,2023.8202163085937,45.0,1.5,1.386376142501831,18.35099983215332,2.0146806240081787,8.3157320022583,81.0,2.3116597,48.8461087,SensorLogger (Pixel 4 XL),3.1920920799489783,4958.335738703699,2.000615670778104,2.3876759205152474,1478.0
2024-01-21 15:45:42+00:00,1705851941804631800,2024.4066318359376,45.0,1.5,1.386376142501831,18.315000534057617,2.022362232208252,8.108203887939453,81.0,2.3116617,48.8461182,SensorLogger (Pixel 4 XL),1.8185752887586861,4959.402180350231,2.0186617552425097,2.3551180222606796,1479.0
2024-01-21 15:45:43+00:00,1705851942977778400,2025.5797783203125,45.0,1.5,1.3672192096710205,18.558000564575195,2.040400743484497,8.104696273803711,81.0,2.3116658,48.8461419,SensorLogger (Pixel 4 XL),1.6378822471868313,4962.054675162311,2.0406833010022023,2.4093709933901777,1480.0
2024-01-21 15:45:44+00:00,1705851944118761200,2026.7207612304687,45.0,1.5,1.3195501565933228,18.46999931335449,2.0722475051879883,8.319223403930664,81.0,2.3116752,48.8461693,SensorLogger (Pixel 4 XL),2.030086127150567,4965.179121310212,2.0696503767600536,2.5881180173961194,1481.0
2024-01-21 15:45:45+00:00,1705851945217902800,2027.8199028320312,45.0,1.5,1.356687307357788,18.208999633789062,2.09806752204895,8.682381629943848,81.0,2.3116836,48.8461957,SensorLogger (Pixel 4 XL),1.9302963868082081,4968.178547890573,2.1020255144904754,2.7868597983464154,1482.0
2024-01-21 15:45:46+00:00,1705851945792257500,2028.3942575683595,45.0,1.5,1.356687307357788,18.013999938964844,2.1101672649383545,8.933684349060059,81.0,2.311689,48.846213,SensorLogger (Pixel 4 XL),3.4192043766282136,4970.142385020312,2.13870967890883,2.9305918582000676,1483.0
2024-01-21 15:45:47+00:00,1705851946847806000,2029.4498059082032,45.0,1.5,1.3730130195617676,18.00200080871582,2.147923707962036,9.317166328430176,81.0,2.3116967,48.8462374,SensorLogger (Pixel 4 XL),3.191505570529695,4972.913459631926,2.1804642075327303,3.0670044264963137,1484.0
2024-01-21 15:45:48+00:00,1705851947966831600,2030.5688315429688,45.0,1.5,1.367770075798035,17.704999923706055,2.214991331100464,8.772239685058594,81.0,2.3117026,48.8462707,SensorLogger (Pixel 4 XL),3.6177203513556537,4976.641401252898,2.228399166694066,3.255089991380271,1485.0
2024-01-21 15:45:49+00:00,1705851949076185900,2031.678185791016,45.0,1.5,1.3600538969039917,17.510000228881836,2.2859976291656494,8.162446022033691,81.0,2.3117094,48.8463119,SensorLogger (Pixel 4 XL),4.269834377510477,4981.249665966136,2.2773104147673853,3.342840827468014,1486.0
2024-01-21 15:45:50+00:00,1705851950249017600,2032.851017578125,45.0,1.5,1.2900692224502563,17.55900001525879,2.3427131175994877,7.944755554199219,81.0,2.3117154,48.8463478,SensorLogger (Pixel 4 XL),4.0351161491197045,4985.266870184787,2.3216250395882847,3.3152875425614985,1487.0
2024-01-21 15:45:51+00:00,1705851950819572700,2033.4215727539065,45.0,1.5,1.2900692224502563,17.55299949645996,2.3628714084625244,8.010231971740723,81.0,2.3117183,48.8463609,SensorLogger (Pixel 4 XL),2.5799963723482886,4986.738900015012,2.3586022540994485,3.1566893243818175,1488.0
2024-01-21 15:45:52+00:00,1705851951937721000,2034.5397211914064,45.0,1.5,1.3123865127563477,17.690000534057617,2.396275758743286,8.932409286499023,81.0,2.3117282,48.8463949,SensorLogger (Pixel 4 XL),2.7505499916839673,4990.588504278783,2.3859651742477888,2.947763092354281,1489.0
2024-01-21 15:45:53+00:00,1705851953078501000,2035.680501220703,45.0,1.5,1.1754978895187378,17.80500030517578,2.424882173538208,8.89126968383789,80.61614884797076,2.3117352,48.8464274,SensorLogger (Pixel 4 XL),2.2573072513578483,4994.238591244228,2.3992240847505726,2.7223233602467856,1490.0
2024-01-21 15:45:54+00:00,1705851954197555500,2036.799555419922,45.0,1.5,1.1804324388504028,17.91900062561035,2.423492908477783,8.781881332397461,80.63841774398036,2.3117418,48.8464579,SensorLogger (Pixel 4 XL),2.1753466825707415,4997.664251463756,2.3961861623358534,2.5218751296096653,1491.0
2024-01-21 15:45:55+00:00,1705851955292195000,2037.8941950683595,45.0,1.5,1.2034369707107544,17.989999771118164,2.384460210800171,8.105155944824219,80.59843499530903,2.311745,48.8464854,SensorLogger (Pixel 4 XL),1.8034858602555888,5000.743596212706,2.3800379930038926,2.3769694155396897,1492.0
2024-01-21 15:45:56+00:00,1705851955878611000,2038.480610839844,45.0,1.5,1.198904514312744,18.097000122070312,2.3539092540740967,7.542316913604736,80.50784187205812,2.3117452,48.8464999,SensorLogger (Pixel 4 XL),2.749571729680572,5002.355989068138,2.354302655086271,2.1828495394195464,1493.0
2024-01-21 15:45:57+00:00,1705851956974666000,2039.576666015625,45.0,1.5,1.2058026790618896,18.06399917602539,2.316616535186768,6.404801845550537,80.38992043415148,2.311746,48.846521,SensorLogger (Pixel 4 XL),2.2396099699280687,5004.703097834924,2.3222935188949503,2.0045521496163397,1494.0
2024-01-21 15:45:58+00:00,1705851958106991600,2040.7089916992188,45.0,1.5,1.1988426446914673,18.145000457763672,2.27226996421814,5.156618118286133,80.38992043415148,2.3117457,48.8465463,SensorLogger (Pixel 4 XL),2.4273968400141763,5007.516498762966,2.2863184544835278,2.029655807483963,1495.0
2024-01-21 15:45:59+00:00,1705851959279823600,2041.8818237304688,45.0,1.5,1.2195802927017212,18.177000045776367,2.232241630554199,4.31999397277832,80.38789604614571,2.3117427,48.8465662,SensorLogger (Pixel 4 XL),2.5010545336935337,5009.742589537611,2.2485424020171827,1.9568858367631408,1496.0
2024-01-21 15:46:00+00:00,1705851959837537500,2042.439537597656,45.0,1.5,1.2195802927017212,18.18600082397461,2.2156169414520264,3.972198247909546,80.38789604614571,2.3117407,48.8465737,SensorLogger (Pixel 4 XL),1.5181721291349863,5010.5892953884395,2.2136521971603442,2.022772703267349,1497.0
2024-01-21 15:46:01+00:00,1705851960978937000,2043.5809370117188,45.0,1.5,1.3191667795181274,18.23500061035156,2.196915626525879,3.717761993408203,80.42838389836263,2.3117401,48.846595,SensorLogger (Pixel 4 XL),2.0753994388185926,5012.958154232508,2.187331727619097,1.979495969023958,1498.0
2024-01-21 15:46:02+00:00,1705851962097595000,2044.6995949707032,45.0,1.5,2.03153657913208,18.243000030517575,2.165928363800049,2.813957452774048,80.45166450119686,2.3117379,48.8466142,SensorLogger (Pixel 4 XL),0.9723509200842733,5015.110369667849,2.1703065136439235,2.029624631256339,1499.0
2024-01-21 15:46:03+00:00,1705851963196599600,2045.798599609375,45.0,1.5,1.998940348625183,18.246000289916992,2.146726369857788,1.6472599506378174,80.45166450119686,2.3117337,48.8466343,SensorLogger (Pixel 4 XL),1.640974270754648,5017.366460126922,2.160353385916674,2.0165247412502394,1500.0
2024-01-21 15:46:04+00:00,1705851963736585000,2046.3385849609372,45.0,1.5,1.998940348625183,18.28199958801269,2.143087387084961,1.2446469068527222,80.45166450119686,2.3117321,48.8466495,SensorLogger (Pixel 4 XL),3.13751311832121,5019.060673285632,2.1582318118255177,2.189214119684924,1501.0
2024-01-21 15:46:05+00:00,1705851964909417200,2047.511417236328,45.0,1.5,1.4547863006591797,18.481000900268555,2.161819696426392,1.7291417121887207,80.45166450119686,2.3117323,48.8466701,SensorLogger (Pixel 4 XL),2.4483152079322403,5021.35203680305,2.164826547614062,2.4279455274484003,1502.0
2024-01-21 15:46:06+00:00,1705851966082249200,2048.6842492675783,45.0,1.5,1.4790892601013184,18.368000030517575,2.173911094665528,2.5840330123901367,80.40560945762925,2.3117321,48.8466992,SensorLogger (Pixel 4 XL),2.9483657509747148,5024.589085658993,2.1767907531013435,2.72634017820342,1503.0
2024-01-21 15:46:07+00:00,1705851967255081500,2049.857081542969,45.0,1.5,1.428552508354187,18.316999435424805,2.200823307037353,2.880852460861206,80.40560945762925,2.3117311,48.8467283,SensorLogger (Pixel 4 XL),2.320826275614141,5027.8449523576965,2.19343814806702,3.07105408625357,1504.0
2024-01-21 15:46:08+00:00,1705851967841497600,2050.4434975585937,45.0,1.5,1.4291998147964478,18.28499984741211,2.2208571434021,2.6329376697540283,80.31754886409828,2.311729,48.8467468,SensorLogger (Pixel 4 XL),3.517697555257791,5029.907790004958,2.215681569932285,3.139914447440904,1505.0
2024-01-21 15:46:09+00:00,1705851968897046500,2051.4990466308595,45.0,1.5,1.4235823154449463,18.05500030517578,2.244701623916626,2.408780097961426,80.29275035674777,2.3117264,48.8467733,SensorLogger (Pixel 4 XL),3.166564574945812,5032.8610448810405,2.2434791621040016,3.384431510480903,1506.0
2024-01-21 15:46:10+00:00,1705851970069879000,2052.671879150391,45.0,1.5,1.386961579322815,17.582000732421875,2.270715475082397,2.78030014038086,80.336780409678,2.3117291,48.8468082,SensorLogger (Pixel 4 XL),3.922246715573246,5036.746833017917,2.27001676278957,3.4328906260244865,1507.0
2024-01-21 15:46:11+00:00,1705851971242711300,2053.844711181641,45.0,1.5,1.3672560453414917,17.19300079345703,2.3046720027923584,3.173344373703003,80.33171947238898,2.311733,48.8468408,SensorLogger (Pixel 4 XL),3.8328024755070893,5040.3830285359645,2.2976627414582667,3.3821052754080885,1508.0
2024-01-21 15:46:12+00:00,1705851971829127700,2054.431127685547,45.0,1.5,1.3442564010620115,17.03700065612793,2.3224573135375977,3.3878250122070312,80.33171947238898,2.3117363,48.8468579,SensorLogger (Pixel 4 XL),3.2685021674696775,5042.299733771506,2.3255059684563673,3.421579783583713,1509.0
2024-01-21 15:46:13+00:00,1705851972916341000,2055.518341064453,45.0,1.5,1.3442564010620115,16.94099998474121,2.354313850402832,3.4220540523529053,80.33171947238898,2.3117379,48.8468887,SensorLogger (Pixel 4 XL),2.9983752210772314,5045.726666586338,2.3550563911507156,3.2576891611500622,1510.0
2024-01-21 15:46:14+00:00,1705851974037965800,2056.6399658203127,45.0,1.5,1.3599085807800293,16.753999710083008,2.381834983825684,3.514265298843384,80.45672551029666,2.3117424,48.8469215,SensorLogger (Pixel 4 XL),2.5410437961039793,5049.388697429381,2.3831599013298472,3.2199986557215716,1511.0
2024-01-21 15:46:15+00:00,1705851975230342000,2057.832341796875,45.0,1.5,1.3869613409042358,16.643999099731445,2.411126613616944,3.4865493774414062,80.49569538185963,2.3117489,48.8469633,SensorLogger (Pixel 4 XL),4.201339180015128,5054.061680696619,2.4113163829389332,3.0183872640082345,1512.0
2024-01-21 15:46:16+00:00,1705851975816764000,2058.4187639160155,45.0,1.5,1.378532886505127,16.52899932861328,2.4240522384643555,3.4261467456817627,80.51290291479204,2.3117519,48.8469779,SensorLogger (Pixel 4 XL),2.793586671504344,5055.699901379696,2.4378662616419167,2.937334018645915,1513.0
2024-01-21 15:46:17+00:00,1705851976977367800,2059.579367919922,45.0,1.5,1.378532886505127,16.606000900268555,2.474738836288452,3.586963891983032,80.51290291479204,2.3117549,48.8470093,SensorLogger (Pixel 4 XL),2.4852088238127084,5059.198415270622,2.463146477263451,2.9203377648639135,1514.0
2024-01-21 15:46:18+00:00,1705851978138880300,2060.7408803710937,45.0,1.5,1.3729262351989746,16.714000701904297,2.4943413734436035,3.598721981048584,80.51644564650785,2.3117596,48.8470445,SensorLogger (Pixel 4 XL),2.72941229179963,5063.137636209344,2.486814633753518,3.1365534036826523,1515.0
2024-01-21 15:46:19+00:00,1705851979217979000,2061.819978759765,45.0,1.5,1.285831332206726,16.600000381469727,2.513198137283325,3.8989782333374015,80.47998281524536,2.3117656,48.8470766,SensorLogger (Pixel 4 XL),2.6511340051968224,5066.734055059338,2.5077903093795566,3.2938490996199676,1516.0
2024-01-21 15:46:20+00:00,1705851979804395300,2062.406395263672,45.0,1.5,1.285831332206726,16.503000259399414,2.521728515625,4.067680358886719,80.47998281524536,2.3117689,48.8470969,SensorLogger (Pixel 4 XL),3.8712047253217308,5069.004191449542,2.5250856054314794,3.386186033610448,1517.0
2024-01-21 15:46:21+00:00,1705851980977228000,2063.579228027344,45.0,1.5,1.189663052558899,16.820999145507812,2.541987657546997,4.244894027709961,80.57464788012686,2.3117761,48.8471256,SensorLogger (Pixel 4 XL),3.0832239110538406,5072.239007601491,2.5398477647099695,3.3618389204896557,1518.0
2024-01-21 15:46:22+00:00,1705851982032777500,2064.6347775878908,45.0,1.5,1.181125521659851,16.979999542236328,2.5539870262146,4.428306579589844,80.61716106924396,2.311783,48.8471584,SensorLogger (Pixel 4 XL),3.899333915723029,5075.921020426676,2.552708277119784,3.2683257357551554,1519.0
2024-01-21 15:46:23+00:00,1705851983088327000,2065.690326904297,45.0,1.5,1.1754560470581057,17.06100082397461,2.5681424140930176,4.207651138305664,80.61716106924396,2.3117875,48.847188,SensorLogger (Pixel 4 XL),4.242921199239337,5079.2298893697225,2.5649713309102604,3.231872179217518,1520.0
2024-01-21 15:46:24+00:00,1705851984261160000,2066.863159912109,45.0,1.5,1.2087739706039429,17.30699920654297,2.573349714279175,4.109097003936768,80.55693411442988,2.3117921,48.8472183,SensorLogger (Pixel 4 XL),3.7387043807760567,5082.615868033843,2.573875164446262,3.1282430879601453,1521.0
2024-01-21 15:46:25+00:00,1705851984838036200,2067.440036132813,45.0,1.5,1.2087739706039429,17.32200050354004,2.573462963104248,4.087062835693359,80.55693411442988,2.3117939,48.8472292,SensorLogger (Pixel 4 XL),2.1133839073091654,5083.835028488756,2.584112623913809,2.9185161798924923,1522.0
2024-01-21 15:46:26+00:00,1705851985956893200,2068.558893066406,45.0,1.5,1.2155768871307373,17.535999298095703,2.590770483016968,3.815085649490357,80.48860993730375,2.311797,48.8472599,SensorLogger (Pixel 4 XL),2.3645646528339603,5087.256290458773,2.594310096378254,2.796673359639243,1523.0
2024-01-21 15:46:27+00:00,1705851987057137200,2069.659137207031,45.0,1.5,1.225625991821289,17.621000289916992,2.602965831756592,3.669642448425293,80.39852408858212,2.311802,48.8472903,SensorLogger (Pixel 4 XL),2.113598383022938,5090.656752820017,2.6052637602948634,2.709399176003001,1524.0
2024-01-21 15:46:28+00:00,1705851988198071600,2070.800071533203,45.0,1.5,1.2018779516220093,17.607999801635742,2.6193747520446777,3.6957733631134033,80.34589010443497,2.3118075,48.8473227,SensorLogger (Pixel 4 XL),2.536593766342929,5094.282805649027,2.6145926395692576,2.745920840464321,1525.0
2024-01-21 15:46:29+00:00,1705851989277526500,2071.879526611328,45.0,1.5,1.3168103694915771,17.555999755859375,2.630760431289673,4.076049327850342,80.3843533683033,2.3118137,48.847353,SensorLogger (Pixel 4 XL),2.125400677473629,5097.685498506081,2.62422230038709,2.7313592442671464,1526.0
2024-01-21 15:46:30+00:00,1705851989890758100,2072.4927580566405,45.0,1.5,1.3170697689056396,17.510000228881836,2.6326398849487305,4.359534740447998,80.29477472196832,2.3118186,48.8473709,SensorLogger (Pixel 4 XL),3.297984461895952,5099.707924815634,2.634358917426214,2.7810361743859255,1527.0
2024-01-21 15:46:31+00:00,1705851990946308000,2073.5483081054685,45.0,1.5,2.0346593856811523,17.461999893188477,2.6431148052215576,4.324299812316895,80.29477472196832,2.3118249,48.847398,SensorLogger (Pixel 4 XL),3.0522094295039963,5102.756385098566,2.6453122302957395,2.9081292204694975,1528.0
2024-01-21 15:46:32+00:00,1705851992119141400,2074.721141357422,45.0,1.5,1.6552523374557495,17.507999420166016,2.655592918395996,4.280386924743652,80.25934840060947,2.3118284,48.8474343,SensorLogger (Pixel 4 XL),3.8912119825951064,5106.801014392293,2.655794781689205,2.916304056607066,1529.0
2024-01-21 15:46:33+00:00,1705851993291974700,2075.893974609375,45.0,1.5,1.241843819618225,17.56399917602539,2.664106845855713,4.018301963806152,80.23100745041668,2.3118308,48.8474651,SensorLogger (Pixel 4 XL),3.3960063049898346,5110.230510375656,2.664114963954405,2.8497890176387983,1530.0
2024-01-21 15:46:34+00:00,1705851993878391300,2076.480391357422,45.0,1.5,1.4612393379211426,17.584999084472656,2.665148973464966,3.848073482513428,80.23100745041668,2.311832,48.8474793,SensorLogger (Pixel 4 XL),2.6967334385078447,5111.811918011732,2.671188105069688,2.8394720509704823,1531.0
2024-01-21 15:46:35+00:00,1705851994966712000,2077.568712158203,45.0,1.5,1.4856668710708618,17.631999969482422,2.67931866645813,3.7435731887817374,80.22948918790937,2.3118332,48.8475067,SensorLogger (Pixel 4 XL),2.526678501882987,5114.859924074453,2.677762167701908,2.7371674292230224,1532.0
2024-01-21 15:46:36+00:00,1705851996040036600,2078.6420366210937,45.0,1.5,1.453208327293396,17.562000274658203,2.6908390522003174,3.7151172161102295,80.20823354143789,2.3118351,48.8475348,SensorLogger (Pixel 4 XL),2.077213006414997,5117.98760488094,2.684202366393091,2.693290338876935,1533.0
2024-01-21 15:46:37+00:00,1705851997158811000,2079.7608107910155,45.0,1.5,1.4430181980133057,17.47599983215332,2.694710493087769,3.5428524017333984,80.16622849248893,2.3118366,48.8475641,SensorLogger (Pixel 4 XL),2.079631568726582,5121.247698388574,2.6902517092174136,2.7130125916187278,1534.0
2024-01-21 15:46:38+00:00,1705851998217875000,2080.819875,45.0,1.5,1.421605944633484,17.468000411987305,2.6956419944763184,3.3134498596191406,80.16066157395443,2.3118382,48.8475925,SensorLogger (Pixel 4 XL),1.9888379912325542,5124.407885684702,2.694957894976876,2.7749718792618956,1535.0
2024-01-21 15:46:39+00:00,1705851998804291800,2081.406291748047,45.0,1.5,1.421605944633484,17.510000228881836,2.695420980453491,3.148311853408813,80.16066157395443,2.3118393,48.8476112,SensorLogger (Pixel 4 XL),3.5485029081012534,5126.488788114561,2.6993696728443273,2.789719645578873,1536.0
2024-01-21 15:46:40+00:00,1705851999859842000,2082.461842041016,45.0,1.5,1.3868968486785889,17.590999603271484,2.69831657409668,3.0152463912963867,80.10094395119069,2.3118415,48.8476358,SensorLogger (Pixel 4 XL),3.3217505543701655,5129.229019055059,2.7039278807143967,2.914625145313412,1537.0
2024-01-21 15:46:41+00:00,1705852000968685800,2083.5706857910154,45.0,1.5,1.3594902753829956,17.673999786376953,2.7088584899902344,2.667134046554565,80.0776643142269,2.3118407,48.8476637,SensorLogger (Pixel 4 XL),2.9858235354066958,5132.332747854858,2.708580168987306,2.9771018924189687,1538.0
2024-01-21 15:46:42+00:00,1705852002088225800,2084.690225830078,45.0,1.5,1.3476526737213137,17.941999435424805,2.710415363311768,2.335028886795044,80.28566508229636,2.311841,48.8476988,SensorLogger (Pixel 4 XL),3.6030782609803182,5136.23590747296,2.712019074556529,2.8734673924264427,1539.0
2024-01-21 15:46:43+00:00,1705852003261059300,2085.863059326172,45.0,1.5,1.4086415767669678,17.976999282836914,2.7145111560821533,2.254883289337158,80.30692092346874,2.3118421,48.8477277,SensorLogger (Pixel 4 XL),3.5726943618192566,5139.450731964672,2.718662503833699,2.8272385736808068,1540.0
2024-01-21 15:46:44+00:00,1705852003818123300,2086.4201232910154,45.0,1.5,1.4086415767669678,18.006999969482422,2.719913482666016,2.3000035285949707,80.30692092346874,2.3118427,48.8477381,SensorLogger (Pixel 4 XL),2.0774279908454423,5140.607992310964,2.723896329111658,2.662724477812104,1541.0
2024-01-21 15:46:45+00:00,1705852004968185900,2087.570185791016,45.0,1.5,1.3936058282852173,17.91699981689453,2.724872350692749,2.0372021198272705,80.4724146577629,2.3118429,48.8477678,SensorLogger (Pixel 4 XL),2.1644498190736052,5143.910517256888,2.7275760657107813,2.5507168689158135,1542.0
2024-01-21 15:46:46+00:00,1705852006036702500,2088.638702392578,45.0,1.5,1.39055597782135,17.996000289916992,2.7265849113464355,1.8809250593185425,80.51492733273363,2.3118427,48.8477948,SensorLogger (Pixel 4 XL),2.0929783528900305,5146.912873772645,2.7286611093115627,2.3632777021752114,1543.0
2024-01-21 15:46:47+00:00,1705852007116682200,2089.718682128906,45.0,1.5,1.390295147895813,18.174999237060547,2.726999044418335,2.0941340923309326,80.3666400013609,2.3118444,48.8478221,SensorLogger (Pixel 4 XL),1.7378757002966965,5149.952710201773,2.723436337250944,2.482970552377405,1544.0
2024-01-21 15:46:48+00:00,1705852008186961000,2090.7889609375,45.0,1.5,1.2988117933273315,18.266000747680664,2.723620653152466,2.4751951694488525,80.2066894691591,2.3118477,48.8478494,SensorLogger (Pixel 4 XL),1.9520046264879929,5153.000519780351,2.7135680269871507,2.523001492203557,1545.0
2024-01-21 15:46:49+00:00,1705852008773377800,2091.375377685547,45.0,1.5,1.2958827018737793,18.417999267578125,2.721416473388672,2.6981937885284424,80.18593977969277,2.3118506,48.8478659,SensorLogger (Pixel 4 XL),3.149545564463755,5154.8474668416275,2.6981535523186047,2.5313600916210754,1546.0
2024-01-21 15:46:50+00:00,1705852009946211600,2092.548211669922,45.0,1.5,1.1997435092926023,18.625,2.674044370651245,2.1971194744110107,80.21734309766664,2.3118524,48.8478888,SensorLogger (Pixel 4 XL),2.639729086406443,5157.397529774747,2.6782307639920475,2.5421449217817806,1547.0
2024-01-21 15:46:51+00:00,1705852011001762300,2093.603762207031,45.0,1.5,1.1916786432266235,18.832000732421875,2.655593156814575,1.622370719909668,80.21734309766664,2.3118524,48.8479166,SensorLogger (Pixel 4 XL),3.402577115392802,5160.489624856403,2.65291788524094,2.4752544438810533,1548.0
2024-01-21 15:46:52+00:00,1705852012174596000,2094.776596191406,45.0,1.5,1.183551788330078,18.60099983215332,2.622039556503296,1.158413052558899,80.19608748173614,2.3118503,48.847939,SensorLogger (Pixel 4 XL),2.7636739961595307,5162.986024449299,2.6214975984927356,2.4281223890836143,1549.0
2024-01-21 15:46:53+00:00,1705852013230146600,2095.832146484375,45.0,1.5,1.2150578498840332,18.474000930786133,2.578237295150757,1.2914420366287231,80.25428750967725,2.3118508,48.8479606,SensorLogger (Pixel 4 XL),3.054685185756605,5165.393844758532,2.588158209183651,2.2277731947596973,1550.0
2024-01-21 15:46:54+00:00,1705852013816851200,2096.4188513183594,45.0,1.5,1.2150578498840332,18.465999603271484,2.558635234832764,1.5350784063339231,80.25428750967725,2.3118518,48.847967,SensorLogger (Pixel 4 XL),1.2193534068951173,5166.109244279772,2.555200975081514,2.0277760149490884,1551.0
2024-01-21 15:46:55+00:00,1705852014938418200,2097.5404182128905,45.0,1.5,1.2219245433807373,18.163000106811523,2.52001690864563,2.4612009525299072,80.28060417560911,2.311859,48.8479894,SensorLogger (Pixel 4 XL),1.393020700445787,5168.665713795163,2.5239476911622605,1.811002996074026,1552.0
2024-01-21 15:46:56+00:00,1705852015972897500,2098.5748974609373,45.0,1.5,1.2328211069107056,17.905000686645508,2.497694492340088,2.412273645401001,80.50278083235435,2.311862,48.848009,SensorLogger (Pixel 4 XL),0.8689151790114868,5170.856162886185,2.495137205382831,1.7153229949245854,1553.0
2024-01-21 15:46:57+00:00,1705852017100499000,2099.7024990234377,45.0,1.5,1.2055743932724,17.799999237060547,2.458789587020874,2.069990396499634,80.50278083235435,2.3118627,48.8480323,SensorLogger (Pixel 4 XL),1.175893360468647,5173.448300088595,2.4716219710009266,1.7178401748453767,1554.0
2024-01-21 15:46:58+00:00,1705852018273333000,2100.8753330078125,45.0,1.5,1.3257471323013306,17.889999389648438,2.4337048530578613,2.129741907119751,80.47950008874423,2.3118649,48.84806,SensorLogger (Pixel 4 XL),2.5471383089401876,5176.533168464513,2.4491589185878833,1.7041484322195166,1555.0
2024-01-21 15:46:59+00:00,1705852018859750100,2101.4617502441406,45.0,1.5,1.3222719430923462,17.792999267578125,2.437164068222046,2.1863903999328613,80.45824381361787,2.3118657,48.8480657,SensorLogger (Pixel 4 XL),1.085419771549033,5177.169677070686,2.4309009685775402,1.818739796811447,1556.0
2024-01-21 15:47:00+00:00,1705852019968718600,2102.5707185058595,45.0,1.5,2.038604021072388,17.993000030517578,2.425189733505249,2.51847243309021,80.45824381361787,2.3118675,48.8480872,SensorLogger (Pixel 4 XL),2.4618333527397387,5179.567800029053,2.4156881328082322,1.9035536452180402,1557.0
2024-01-21 15:47:01+00:00,1705852021088135200,2103.690135253906,45.0,1.5,1.6580820083618164,18.149999618530277,2.405921697616577,3.0120184421539307,80.42129851022614,2.3118717,48.8481153,SensorLogger (Pixel 4 XL),2.7208165635560126,5182.707839491238,2.401771375820121,1.9768018604518716,1558.0
2024-01-21 15:47:02+00:00,1705852022260969500,2104.8629694824217,45.0,1.5,1.2453997135162354,18.21199989318848,2.3896117210388184,3.587179660797119,80.52555553488291,2.3118761,48.848139,SensorLogger (Pixel 4 XL),2.765898561853397,5185.362758312246,2.3919578338640437,1.969894282971521,1559.0
2024-01-21 15:47:03+00:00,1705852022776569300,2105.3785693359373,45.0,1.5,1.2453997135162354,18.257999420166016,2.3833658695220947,3.95163893699646,80.52555553488291,2.3118784,48.848146,SensorLogger (Pixel 4 XL),1.5445134718591491,5186.159109458336,2.383415163911858,1.9458717114200215,1560.0
2024-01-21 15:47:04+00:00,1705852023917864400,2106.519864501953,45.0,1.5,1.4818181991577148,18.38500022888184,2.3733818531036377,4.47932767868042,80.52555553488291,2.3118825,48.84817,SensorLogger (Pixel 4 XL),1.6602134660738221,5188.844927361584,2.3789154833798083,1.886832067992001,1561.0
2024-01-21 15:47:05+00:00,1705852025017950500,2107.619950439453,45.0,1.5,1.4520024061203003,18.631999969482425,2.367809772491455,4.595572471618652,80.56250129393527,2.3118878,48.8481926,SensorLogger (Pixel 4 XL),1.5012910339010253,5191.389210615515,2.3739055568816023,1.9373308128060105,1562.0
2024-01-21 15:47:06+00:00,1705852026131322600,2108.733322509765,45.0,1.5,1.4459468126296997,18.590999603271484,2.3626537322998047,4.812154293060303,80.56047686459931,2.3118918,48.8482156,SensorLogger (Pixel 4 XL),1.2947139728278403,5193.966830076391,2.3675096636983732,2.0708419162137885,1563.0
2024-01-21 15:47:07+00:00,1705852027186873600,2109.788873535156,45.0,1.5,1.426371455192566,18.55299949645996,2.359163999557495,5.15376091003418,80.56047686459931,2.3118967,48.8482372,SensorLogger (Pixel 4 XL),1.3828550810109372,5196.39694621062,2.3612221640159765,2.001510859841681,1564.0
2024-01-21 15:47:08+00:00,1705852027773290800,2110.3752907714843,45.0,1.5,1.425002098083496,18.593000411987305,2.3584325313568115,5.217633724212647,80.64550331410427,2.3118999,48.8482512,SensorLogger (Pixel 4 XL),2.684506405153901,5197.971186403211,2.353467725520772,1.9836184963544468,1565.0
2024-01-21 15:47:09+00:00,1705852028946125000,2111.548125,45.0,1.5,1.4046969413757324,18.29199981689453,2.350762128829956,5.216720104217529,80.65916835897204,2.3119033,48.8482728,SensorLogger (Pixel 4 XL),2.3658132223178794,5200.385945914972,2.3432557395141176,2.0533236472188507,1566.0
2024-01-21 15:47:10+00:00,1705852030118959600,2112.720959716797,45.0,1.5,1.3537708520889282,18.183000564575195,2.3463423252105717,5.331393241882324,80.63993607993558,2.3119096,48.8483009,SensorLogger (Pixel 4 XL),2.876611133032725,5203.54453889448,2.3283614214728985,1.9835616446246078,1567.0
2024-01-21 15:47:11+00:00,1705852031174510600,2113.7765104980467,45.0,1.5,1.3540263175964355,18.222999572753903,2.3154990673065186,5.232142925262451,80.49569538185963,2.3119133,48.8483231,SensorLogger (Pixel 4 XL),2.7402493165204,5206.028971671685,2.310511744184204,1.895624455845892,1568.0
2024-01-21 15:47:12+00:00,1705852031759877600,2114.361877685547,45.0,1.5,1.3540263175964355,18.224000930786133,2.288870334625244,5.178616523742676,80.49569538185963,2.3119136,48.84833,SensorLogger (Pixel 4 XL),1.3112417486017747,5206.796530631581,2.2890306177182556,1.8405100455912886,1569.0
2024-01-21 15:47:13+00:00,1705852032877931000,2115.479930908203,45.0,1.5,1.4148457050323486,18.25900077819824,2.260527849197388,4.957125663757324,80.43040829606375,2.3119173,48.8483485,SensorLogger (Pixel 4 XL),1.2493930300240217,5208.871460292986,2.265073744959434,1.7403691749434222,1570.0
2024-01-21 15:47:14+00:00,1705852033977125600,2116.5791257324217,45.0,1.5,1.4085441827774048,18.33799934387207,2.237835168838501,4.599404335021973,80.46026821846986,2.3119192,48.848367,SensorLogger (Pixel 4 XL),1.1055955870499807,5210.933303332499,2.2396932949307935,1.6296681311038164,1571.0
2024-01-21 15:47:15+00:00,1705852035118094300,2117.720094238281,45.0,1.5,1.3993560075759888,18.208999633789062,2.214247465133667,4.660826206207275,80.49367096852352,2.311922,48.8483889,SensorLogger (Pixel 4 XL),1.380239365435798,5213.377181127472,2.2142362495353436,1.6111690052449281,1572.0
2024-01-21 15:47:16+00:00,1705852036198159000,2118.8001591796874,45.0,1.5,1.3888933658599854,18.011999130249023,2.183236122131348,4.798032760620117,80.55541579338268,2.3119235,48.8484082,SensorLogger (Pixel 4 XL),0.6769715727089729,5215.53763634234,2.1867290462304143,1.6421649018647646,1573.0
2024-01-21 15:47:17+00:00,1705852036804122600,2119.406122558594,45.0,1.5,1.3888933658599854,17.84000015258789,2.1697487831115723,4.76602840423584,80.55541579338268,2.3119235,48.8484224,SensorLogger (Pixel 4 XL),2.6057124810097765,5217.116604300183,2.158585473099457,1.7086501590570167,1574.0
2024-01-21 15:47:18+00:00,1705852037859673900,2120.461673828125,45.0,1.5,1.2968693971633911,17.54800033569336,2.151073455810547,5.381026744842529,80.50630041866125,2.3119265,48.8484393,SensorLogger (Pixel 4 XL),2.250369933627475,5219.008643052215,2.140181144222426,1.9074285675393403,1575.0
2024-01-21 15:47:19+00:00,1705852038966850300,2121.568850341797,45.0,1.5,1.2039332389831543,17.55699920654297,2.1404619216918945,5.376662731170654,80.5766723128554,2.3119284,48.8484589,SensorLogger (Pixel 4 XL),2.1887213536817547,5221.194681236732,2.1350006071151224,2.0447189533447294,1576.0
2024-01-21 15:47:20+00:00,1705852040088059400,2122.690059326172,45.0,1.5,1.1975053548812866,17.37299919128418,2.132190227508545,5.282923221588135,80.65916835897204,2.3119299,48.8484863,SensorLogger (Pixel 4 XL),2.6754696322041016,5224.243401365626,2.1416369552526113,2.218163283274145,1577.0
2024-01-21 15:47:21+00:00,1705852041260894000,2123.862894042969,45.0,1.5,1.19073486328125,17.283000946044922,2.126725196838379,5.240899562835693,80.63993607993558,2.3119295,48.8485086,SensorLogger (Pixel 4 XL),2.745150563466752,5226.723491696536,2.158724016517547,2.394450155127736,1578.0
2024-01-21 15:47:22+00:00,1705852041817921300,2124.4199213867187,45.0,1.5,1.19073486328125,17.347999572753906,2.125481128692627,5.132577896118164,80.63993607993558,2.3119288,48.8485167,SensorLogger (Pixel 4 XL),1.6195519243251235,5227.625625846287,2.1839821927687817,2.490909468949078,1579.0
2024-01-21 15:47:23+00:00,1705852042969643800,2125.571643798828,45.0,1.5,1.2114869356155396,17.437000274658203,2.183013916015625,4.891122817993164,80.6419605282999,2.3119282,48.8485449,SensorLogger (Pixel 4 XL),2.4514135328313125,5230.76310649498,2.215425835691438,2.6858748579767076,1580.0
2024-01-21 15:47:24+00:00,1705852044075697000,2126.677696777344,45.0,1.5,1.2195600271224976,17.59600067138672,2.284013271331787,4.262819766998291,80.45672551029666,2.3119255,48.848576,SensorLogger (Pixel 4 XL),2.3846590581400586,5234.230202665615,2.2502582364492407,2.6745098429179537,1581.0
2024-01-21 15:47:25+00:00,1705852045197746000,2127.7997458496093,45.0,1.5,1.237363576889038,17.729000091552734,2.342697858810425,4.066109657287598,80.43546929243718,2.3119243,48.8486063,SensorLogger (Pixel 4 XL),2.200557351365551,5237.601496037999,2.2867832496694973,2.775560897870957,1582.0
2024-01-21 15:47:26+00:00,1705852045717665000,2128.3196650390623,45.0,1.5,1.237363576889038,17.937999725341797,2.352832317352295,4.017598628997803,80.43546929243718,2.3119248,48.8486245,SensorLogger (Pixel 4 XL),3.893064773821555,5239.625574382139,2.3214226291190565,2.8174074377017346,1583.0
2024-01-21 15:47:27+00:00,1705852046890499600,2129.492499511719,45.0,1.5,1.2272531986236572,17.93000030517578,2.3664662837982178,4.565374374389648,80.2067152830206,2.3119282,48.8486493,SensorLogger (Pixel 4 XL),3.0152336397716537,5242.395951058419,2.3563039242412294,2.7860978303053154,1584.0
2024-01-21 15:47:28+00:00,1705852047946050300,2130.5480502929686,45.0,1.5,1.3225722312927246,18.07200050354004,2.3736495971679688,5.1679534912109375,80.10600475031777,2.3119306,48.8486749,SensorLogger (Pixel 4 XL),2.8544740675249756,5245.248849923531,2.388681378947137,2.787052097920532,1585.0
2024-01-21 15:47:29+00:00,1705852049118884600,2131.7208845214845,45.0,1.5,2.042675733566284,18.01300048828125,2.3893613815307617,5.241897106170654,80.02351410233496,2.3119347,48.8487058,SensorLogger (Pixel 4 XL),3.2843026162061597,5248.698070953851,2.412462289516755,2.6676058642858314,1586.0
2024-01-21 15:47:30+00:00,1705852050174435600,2132.776435546875,45.0,1.5,1.661589741706848,17.878999710083008,2.405308723449707,4.700554370880127,80.12523581463483,2.3119365,48.8487326,SensorLogger (Pixel 4 XL),2.004235072271327,5251.685090536259,2.425386898981513,2.4621353249839713,1587.0
2024-01-21 15:47:31+00:00,1705852050779442700,2133.381442626953,45.0,1.5,1.661589741706848,17.89900016784668,2.414472818374634,4.425292015075684,80.12523581463483,2.311936,48.8487439,SensorLogger (Pixel 4 XL),2.077720089280525,5252.942125734315,2.4265532286458553,2.2597939273354397,1588.0
2024-01-21 15:47:32+00:00,1705852051877599200,2134.479599121093,45.0,1.5,1.2484084367752075,17.80299949645996,2.431386947631836,4.318795204162598,80.3565180940582,2.3119373,48.8487714,SensorLogger (Pixel 4 XL),2.013272850318513,5256.001556432105,2.4269489415630625,2.089551568839041,1589.0
2024-01-21 15:47:33+00:00,1705852052989238000,2135.591238037109,45.0,1.5,1.4788191318511963,17.93899917602539,2.4585680961608887,5.357893466949463,80.39852408858212,2.3119443,48.8487993,SensorLogger (Pixel 4 XL),1.76834355188031,5259.1483957756955,2.4235707882842457,1.8852887736089392,1590.0
2024-01-21 15:47:34+00:00,1705852054137602300,2136.739602294922,45.0,1.5,1.4586337804794312,17.940000534057617,2.440182685852051,5.972109794616699,80.42129851022614,2.3119521,48.8488273,SensorLogger (Pixel 4 XL),1.781768174912926,5262.314494888476,2.411051815127908,2.044891450010917,1591.0
2024-01-21 15:47:35+00:00,1705852055217623000,2137.819623046875,45.0,1.5,1.4275147914886477,17.9060001373291,2.398977756500244,5.787845134735107,80.54478755369152,2.3119569,48.8488514,SensorLogger (Pixel 4 XL),1.383248308085412,5265.018693829222,2.3922483351435724,2.104930930957447,1592.0
2024-01-21 15:47:36+00:00,1705852055804040200,2138.4060402832038,45.0,1.5,1.4275147914886477,17.753999710083008,2.367814302444458,5.371944427490234,80.54478755369152,2.3119575,48.848865,SensorLogger (Pixel 4 XL),2.5798845407012623,5266.531581981926,2.3678438346310564,2.190953083755306,1593.0
2024-01-21 15:47:37+00:00,1705852056976874500,2139.578874511719,45.0,1.5,1.4296693801879885,17.750999450683594,2.3108150959014893,3.842337131500244,80.66827840115545,2.3119535,48.8488844,SensorLogger (Pixel 4 XL),2.183738428800951,5268.709445011189,2.33813325765447,2.296861875438979,1594.0
2024-01-21 15:47:38+00:00,1705852058032425200,2140.634425292969,45.0,1.5,1.4121525287628174,17.437999725341797,2.302123069763184,2.70682430267334,80.68599240017419,2.3119487,48.8489114,SensorLogger (Pixel 4 XL),2.828670999311836,5271.732209990314,2.3035815959602584,2.168960317996188,1595.0
2024-01-21 15:47:39+00:00,1705852059205259300,2141.807259277344,45.0,1.5,1.3588836193084717,17.417999267578125,2.254725694656372,2.355986833572388,80.7335673241167,2.3119464,48.8489336,SensorLogger (Pixel 4 XL),2.6721547402853925,5274.22756472919,2.2664051437809576,2.1398216255432088,1596.0
2024-01-21 15:47:40+00:00,1705852060260810000,2142.862810058594,45.0,1.5,1.353804349899292,17.448999404907227,2.222167491912842,2.280533790588379,80.7335673241167,2.3119459,48.8489551,SensorLogger (Pixel 4 XL),2.9706081286285735,5276.627802468065,2.229923843798067,2.100288329893768,1597.0
2024-01-21 15:47:41+00:00,1705852060837413600,2143.439413574218,45.0,1.5,1.353804349899292,17.49799919128418,2.210982322692871,2.070765972137451,80.7335673241167,2.3119436,48.8489618,SensorLogger (Pixel 4 XL),1.3246145473961093,5277.391580514552,2.198460297994496,1.9937177327728388,1598.0
2024-01-21 15:47:42+00:00,1705852061978504400,2144.580504394531,45.0,1.5,1.3901022672653198,17.69499969482422,2.183372735977173,1.563450813293457,80.7472325113428,2.3119421,48.8489839,SensorLogger (Pixel 4 XL),1.5760558167063694,5279.852118994914,2.170624816903173,1.8890128417040268,1599.0
2024-01-21 15:47:43+00:00,1705852063078545200,2145.680545166016,45.0,1.5,1.4082826375961304,17.760000228881836,2.143462657928467,2.1722524166107178,80.8393465719385,2.3119433,48.8490022,SensorLogger (Pixel 4 XL),1.037706111107452,5281.8896920243415,2.145401420852189,1.9244151181381728,1600.0
2024-01-21 15:47:44+00:00,1705852064216666400,2146.818666259765,45.0,1.5,1.406802535057068,17.941999435424805,2.1141462326049805,2.5663466453552246,80.85301193016323,2.3119464,48.8490224,SensorLogger (Pixel 4 XL),1.3048766959523044,5284.150860400769,2.123860962250665,2.0327607006226938,1601.0
2024-01-21 15:47:45+00:00,1705852064717580000,2147.319580078125,45.0,1.5,1.406802535057068,17.999000549316406,2.10090708732605,2.575652599334717,80.85301193016323,2.3119476,48.8490347,SensorLogger (Pixel 4 XL),2.7360250218267206,5285.521373638552,2.10376679109773,2.058033375829552,1602.0
2024-01-21 15:47:46+00:00,1705852065890414300,2148.4924143066405,45.0,1.5,1.2996550798416138,18.121999740600582,2.0845947265625,2.901695489883423,80.79529333815978,2.3119473,48.8490525,SensorLogger (Pixel 4 XL),2.1622156473917458,5287.501018799,2.087666069220645,2.1822519654554275,1603.0
2024-01-21 15:47:47+00:00,1705852066945965300,2149.5479653320317,45.0,1.5,1.2982314825057983,17.982999801635742,2.0718705654144287,3.2487123012542725,80.81452614227945,2.3119503,48.8490734,SensorLogger (Pixel 4 XL),2.3723304369848774,5289.836259339419,2.072806412709795,2.342639229630105,1604.0
2024-01-21 15:47:48+00:00,1705852068118799600,2150.7207995605468,45.0,1.5,1.2066991329193115,18.131000518798828,2.068169355392456,3.16691517829895,80.9572742794301,2.3119534,48.8491019,SensorLogger (Pixel 4 XL),3.1248928794589848,5293.013424785645,2.063884061278272,2.479449188049049,1605.0
2024-01-21 15:47:49+00:00,1705852069174350600,2151.776350585937,45.0,1.5,1.195955514907837,18.261999130249023,2.0674028396606445,3.886373281478882,81.06457473885828,2.3119577,48.8491289,SensorLogger (Pixel 4 XL),3.722292747553079,5296.036354874214,2.06290651446555,2.5319199204264655,1606.0
2024-01-21 15:47:50+00:00,1705852069779765500,2152.381765625,45.0,1.5,1.195955514907837,18.18400001525879,2.0656449794769287,3.250357151031494,81.06457473885828,2.3119577,48.8491392,SensorLogger (Pixel 4 XL),1.8917729907282335,5297.181662619396,2.0683049016408903,2.549294926437013,1607.0
2024-01-21 15:47:51+00:00,1705852070916631800,2153.5186318359374,45.0,1.5,1.1898993253707886,18.33099937438965,2.069838047027588,2.863400936126709,81.09797987688324,2.3119596,48.8491671,SensorLogger (Pixel 4 XL),1.9331985097954834,5300.288354192248,2.0778388668509202,2.496292858828182,1608.0
2024-01-21 15:47:52+00:00,1705852072037847300,2154.639847412109,45.0,1.5,1.2136095762252808,18.40999984741211,2.067308187484741,3.817015647888184,81.14555711953892,2.3119667,48.8491952,SensorLogger (Pixel 4 XL),2.3339023455524637,5303.455960812771,2.090222821947687,2.3847580672416173,1609.0
2024-01-21 15:47:53+00:00,1705852073137500400,2155.739500488281,45.0,1.5,1.2219974994659424,18.429000854492188,2.0974292755126958,4.082133293151856,81.12126232387511,2.3119721,48.849223,SensorLogger (Pixel 4 XL),2.183252726896837,5306.57480880454,2.105271047057081,2.5337991641836997,1610.0
2024-01-21 15:47:54+00:00,1705852074217538600,2156.8195385742188,45.0,1.5,1.2395148277282717,18.246999740600582,2.137468099594116,3.7038185596466064,81.14555711953892,2.311974,48.8492495,SensorLogger (Pixel 4 XL),1.907892637095978,5309.524871906001,2.121084488570971,2.5473110942496113,1611.0
2024-01-21 15:47:55+00:00,1705852074803955700,2157.405955810547,45.0,1.5,1.2395148277282717,18.43199920654297,2.1480419635772705,3.522775888442993,81.14555711953892,2.3119747,48.8492656,SensorLogger (Pixel 4 XL),3.054090997986259,5311.3158427867675,2.135885945488436,2.5380334816127452,1612.0
2024-01-21 15:47:56+00:00,1705852075976790300,2158.578790283203,45.0,1.5,1.2298153638839722,18.167999267578125,2.1604647636413574,3.752102851867676,81.0964614586548,2.3119769,48.8492909,SensorLogger (Pixel 4 XL),2.625361000795291,5314.133964281547,2.1496304945708515,2.578834234355515,1613.0
2024-01-21 15:47:57+00:00,1705852077032341200,2159.634341308594,45.0,1.5,1.3273833990097046,18.29700088500977,2.170562744140625,3.7785701751708975,81.16175368877212,2.3119812,48.8493194,SensorLogger (Pixel 4 XL),3.059217312281113,5317.319117670491,2.162129079594343,2.6019262879854175,1614.0
2024-01-21 15:47:58+00:00,1705852078205175800,2160.80717578125,45.0,1.5,2.046525239944458,18.14900016784668,2.1730754375457764,4.418222904205322,81.16327211872877,2.3119886,48.8493445,SensorLogger (Pixel 4 XL),2.912478407829468,5320.17190745702,2.172119333949036,2.562436215462404,1615.0
2024-01-21 15:47:59+00:00,1705852079260727000,2161.8627270507814,45.0,1.5,2.0211386680603027,17.833999633789062,2.174824953079224,5.410350799560547,81.17896257758521,2.3119989,48.849368,SensorLogger (Pixel 4 XL),3.278909110594056,5322.902205468102,2.1789798322306617,2.5120519372272905,1616.0
2024-01-21 15:48:00+00:00,1705852079837410600,2162.439410644531,45.0,1.5,2.0211386680603027,17.881999969482422,2.1764557361602783,5.849277973175049,81.17896257758521,2.3120027,48.8493768,SensorLogger (Pixel 4 XL),1.7639725054389648,5323.919458424456,2.181671451119827,2.4579360485979365,1617.0
2024-01-21 15:48:01+00:00,1705852080937083000,2163.539082763672,45.0,1.5,1.6672556400299072,17.95599937438965,2.1781139373779297,6.811412811279297,81.16327211872877,2.3120141,48.8494019,SensorLogger (Pixel 4 XL),1.9717790066019862,5326.834749970999,2.183415194766026,2.406563911494554,1618.0
2024-01-21 15:48:02+00:00,1705852082079425500,2164.6814255371096,45.0,1.5,1.48003351688385,17.99799919128418,2.1859073638916016,7.159506320953369,81.24425544493573,2.3120235,48.8494274,SensorLogger (Pixel 4 XL),1.7926273449086145,5329.7528063769205,2.1871194813586046,2.3713204442995766,1619.0
2024-01-21 15:48:03+00:00,1705852083177588700,2165.779588623047,45.0,1.5,1.4609849452972412,17.913999557495117,2.1926748752593994,7.138969898223877,81.27259979239861,2.3120311,48.8494518,SensorLogger (Pixel 4 XL),1.749305400817398,5332.522852477552,2.191249863378614,2.434783391554607,1620.0
2024-01-21 15:48:04+00:00,1705852083717499000,2166.3194987792967,45.0,1.5,1.4609849452972412,18.04199981689453,2.1948633193969727,7.161592483520508,81.27259979239861,2.312036,48.8494671,SensorLogger (Pixel 4 XL),3.220262232998054,5334.26150425977,2.195292815903205,2.3999602024499027,1621.0
2024-01-21 15:48:05+00:00,1705852084890334200,2167.492334228516,45.0,1.5,1.4289125204086304,18.202999114990234,2.198016881942749,7.071818828582764,81.2164173390446,2.3120405,48.849489,SensorLogger (Pixel 4 XL),2.6176356284198925,5336.720256156886,2.1998288946453917,2.4145712648789455,1622.0
2024-01-21 15:48:06+00:00,1705852085945886000,2168.5478859863283,45.0,1.5,1.4327141046524048,18.207000732421875,2.206018209457397,6.2841644287109375,81.23008330684486,2.3120423,48.8495114,SensorLogger (Pixel 4 XL),2.5220330192551526,5339.214828385196,2.2046798831197587,2.418823385288479,1623.0
2024-01-21 15:48:07+00:00,1705852087118721300,2169.720721191406,45.0,1.5,1.4057425260543823,18.4950008392334,2.2098195552825928,5.5996294021606445,81.23008330684486,2.3120439,48.8495401,SensorLogger (Pixel 4 XL),2.902113586697934,5342.408484671731,2.209237707793994,2.408806920831031,1624.0
2024-01-21 15:48:08+00:00,1705852088291556600,2170.893556640625,45.0,1.5,1.377526044845581,18.683000564575195,2.2149879932403564,5.598081111907959,81.25488456409713,2.3120458,48.8495643,SensorLogger (Pixel 4 XL),2.7868654923658793,5345.1081381402955,2.2128696074852696,2.301311726586502,1625.0
2024-01-21 15:48:09+00:00,1705852088816887600,2171.418887451172,45.0,1.5,1.377526044845581,18.51499938964844,2.217268466949463,5.783418655395508,81.25488456409713,2.3120478,48.8495732,SensorLogger (Pixel 4 XL),1.9043162053854181,5346.108534476787,2.2145961131445544,2.118239093090305,1626.0
2024-01-21 15:48:10+00:00,1705852089916401400,2172.5184013671874,45.0,1.5,1.3630729913711548,18.527000427246094,2.213951110839844,6.495535373687744,81.27411824226571,2.3120538,48.849595,SensorLogger (Pixel 4 XL),1.5274412298893336,5348.57433038752,2.2147719212786763,1.9913793261476251,1627.0
2024-01-21 15:48:11+00:00,1705852091057572400,2173.659572265625,45.0,1.5,1.4203126430511477,18.413000106811523,2.2200629711151123,6.793167591094971,81.24071240818567,2.3120592,48.8496198,SensorLogger (Pixel 4 XL),1.7874698626479502,5351.3614939536765,2.214326063863844,1.7144213736849512,1628.0
2024-01-21 15:48:12+00:00,1705852092157037600,2174.759037597656,45.0,1.5,1.414706826210022,18.246000289916992,2.2235710620880127,6.525735378265381,81.17035812879962,2.3120629,48.8496437,SensorLogger (Pixel 4 XL),1.5919983114873175,5354.033162616562,2.2338686878325293,2.1081389981166065,1629.0
2024-01-21 15:48:13+00:00,1705852093217463800,2175.819463867188,45.0,1.5,1.406085729598999,17.899999618530273,2.2210118770599365,5.864316463470459,81.24071240818567,2.3120637,48.8496656,SensorLogger (Pixel 4 XL),1.522058271483659,5356.47064199689,2.2383453397189985,2.252120153801121,1630.0
2024-01-21 15:48:14+00:00,1705852093803881200,2176.405881103516,45.0,1.5,1.3995071649551392,18.10099983215332,2.2193796634674072,5.569444179534912,81.2569091597378,2.3120636,48.8496787,SensorLogger (Pixel 4 XL),2.484020613272952,5357.927313912864,2.232802874362319,2.4000287297446268,1631.0
2024-01-21 15:48:15+00:00,1705852094976716300,2177.578716308594,45.0,1.5,1.3026355504989624,18.197999954223636,2.220879316329956,4.609694004058838,81.19362376563124,2.3120602,48.8497005,SensorLogger (Pixel 4 XL),2.313628792751361,5360.364175426519,2.222109396748965,2.6150028373868706,1632.0
2024-01-21 15:48:16+00:00,1705852096032274400,2178.6342744140625,45.0,1.5,1.3016587495803833,18.108999252319336,2.2336232662200928,3.819882392883301,81.19362376563124,2.3120574,48.8497299,SensorLogger (Pixel 4 XL),3.5212186956421423,5363.640227790827,2.2107963169322415,2.714822985554588,1633.0
2024-01-21 15:48:17+00:00,1705852097205109800,2179.8071098632813,45.0,1.5,1.208359718322754,18.042999267578125,2.260108470916748,3.819467067718506,81.27259979239861,2.3120572,48.8497585,SensorLogger (Pixel 4 XL),3.265057913685164,5366.839709690284,2.204877048164483,2.8968458516954074,1634.0
2024-01-21 15:48:18+00:00,1705852097968081400,2180.570081298828,23.014698028564453,1.0346497297286987,1.1933704614639282,17.21299934387207,2.2948672771453857,5.872973442077637,81.27259979239861,2.3120642,48.8497789,SensorLogger (Pixel 4 XL),5.590729444200223,5369.171469449235,2.1955401008485245,2.996650944290977,1635.0
2024-01-21 15:48:19+00:00,1705852098838154000,2181.440154052734,45.0,1.5,1.1933704614639282,17.285999298095703,2.055494546890259,9.727872848510742,81.27259979239861,2.3120707,48.8497898,SensorLogger (Pixel 4 XL),0.9611653830451853,5370.490533573505,2.1849403185003062,3.056074817160265,1636.0
2024-01-21 15:48:20+00:00,1705852099978320000,2182.580319824219,45.0,1.5,1.1931450366973877,16.988000869750977,2.1044256687164307,9.81125259399414,81.24628003803117,2.3120796,48.849821,SensorLogger (Pixel 4 XL),2.5558637697897795,5374.0205728531455,2.1763305741737446,3.0956351184354083,1637.0
2024-01-21 15:48:21+00:00,1705852101077922600,2183.6799226074218,45.0,1.5,1.2163203954696655,17.02400016784668,2.153449058532715,8.915011405944824,81.24425544493573,2.3120844,48.8498533,SensorLogger (Pixel 4 XL),2.51337210775568,5377.630411203733,2.1673153998085932,3.0974013487788543,1638.0
2024-01-21 15:48:22+00:00,1705852102177386500,2184.779386474609,45.0,1.5,1.225620150566101,17.143999099731445,2.186840295791626,8.38536262512207,81.2569091597378,2.3120883,48.8498852,SensorLogger (Pixel 4 XL),2.377822133607635,5381.189005243565,2.155932482982664,3.0776557223261967,1639.0
2024-01-21 15:48:23+00:00,1705852102707665700,2185.309665771485,45.0,1.5,1.225620150566101,17.273000717163086,2.1974263191223145,8.32947826385498,81.2569091597378,2.3120915,48.8499049,SensorLogger (Pixel 4 XL),4.154451153343118,5383.392023446709,2.1407790548661287,2.9984534903472584,1640.0
2024-01-21 15:48:24+00:00,1705852103880503300,2186.482503417969,45.0,1.5,1.2123920917510986,17.913000106811523,2.1345574855804443,9.43342113494873,81.19667764678141,2.3121031,48.8499307,SensorLogger (Pixel 4 XL),3.0522532723177083,5386.3842438967185,2.125601536547987,2.9920452434397404,1641.0
2024-01-21 15:48:25+00:00,1705852104967439600,2187.569439697266,45.0,1.5,1.233737587928772,18.03400039672852,2.1378836631774902,11.190027236938477,81.13847113025741,2.3121186,48.8499577,SensorLogger (Pixel 4 XL),3.215663141486199,5389.595907435865,2.1171114237599893,2.960267621893994,1642.0
2024-01-21 15:48:26+00:00,1705852106108896300,2188.7108962402344,45.0,1.5,1.3322546482086182,18.198999404907227,2.138939380645752,11.676342964172363,81.13138514691573,2.3121367,48.8499908,SensorLogger (Pixel 4 XL),3.614005805558164,5393.51194413352,2.1249622185305883,3.188153017508986,1643.0
2024-01-21 15:48:27+00:00,1705852107281735700,2189.883735595703,45.0,1.5,2.051621437072754,18.077999114990234,2.10609769821167,10.110555648803713,81.06811770178528,2.3121463,48.8500197,SensorLogger (Pixel 4 XL),3.227078706906222,5396.809030623685,2.115243548181813,3.0780860862799795,1644.0
2024-01-21 15:48:28+00:00,1705852107868156000,2190.4701560058597,45.0,1.5,2.013843059539795,17.886999130249023,2.082145929336548,9.00216293334961,81.07874659947441,2.3121482,48.8500332,SensorLogger (Pixel 4 XL),2.5707775093424923,5398.316585970714,2.114266199871437,3.15499690902508,1645.0
2024-01-21 15:48:29+00:00,1705852108967043600,2191.569043701172,45.0,1.5,1.6651815176010132,17.760000228881836,2.0801239013671875,7.598548412322998,81.07874659947441,2.3121553,48.8500599,SensorLogger (Pixel 4 XL),2.87516775534733,5401.331276932136,2.1248047707846913,3.1387376077631197,1646.0
2024-01-21 15:48:30+00:00,1705852110018301400,2192.620301513672,45.0,1.5,1.462004780769348,17.56599998474121,2.118457317352295,6.677188396453857,81.10506583222262,2.3121621,48.8500895,SensorLogger (Pixel 4 XL),2.6634520164431468,5404.660425741441,2.1479839965768646,2.933474034424874,1647.0
2024-01-21 15:48:31+00:00,1705852111137338600,2193.739338623047,45.0,1.5,1.4851845502853394,17.385000228881836,2.1772046089172363,6.526210308074951,81.21996036561168,2.3121699,48.8501228,SensorLogger (Pixel 4 XL),2.8688901477669533,5408.408346126815,2.18402141618514,3.1327509471395008,1648.0
2024-01-21 15:48:32+00:00,1705852112217403100,2194.819403076172,45.0,1.5,1.469044804573059,17.04400062561035,2.24380111694336,6.927090644836426,81.2569091597378,2.3121782,48.8501578,SensorLogger (Pixel 4 XL),3.0360852757869083,5412.352853817686,2.2215758843659397,3.173947771630915,1649.0
2024-01-21 15:48:33+00:00,1705852112794091300,2195.396091308594,45.0,1.5,1.469044804573059,16.975000381469727,2.281461000442505,6.903921604156494,81.2569091597378,2.312182,48.8501793,SensorLogger (Pixel 4 XL),4.173496470525717,5414.759659150281,2.2643652978526103,3.213920803007745,1650.0
2024-01-21 15:48:34+00:00,1705852113966935000,2196.568935058593,45.0,1.5,1.4364631175994873,16.718000411987305,2.3331503868103027,7.379520416259766,81.2569091597378,2.3121917,48.8502146,SensorLogger (Pixel 4 XL),3.645746687450323,5418.748525776402,2.3106530664193805,3.181764166218673,1651.0
2024-01-21 15:48:35+00:00,1705852115139779300,2197.741779296875,45.0,1.5,1.4240025281906128,16.86400032043457,2.3615610599517822,7.6328630447387695,81.2569091597378,2.3121977,48.8502509,SensorLogger (Pixel 4 XL),2.587484902622447,5422.809542168247,2.354481626743657,3.253756455232948,1652.0
2024-01-21 15:48:36+00:00,1705852116195339800,2198.79733984375,45.0,1.5,1.414690017700195,16.961000442504883,2.392246961593628,7.683169364929199,81.27968589411378,2.3122023,48.8502832,SensorLogger (Pixel 4 XL),2.798323906531419,5426.41731426862,2.391436815477617,3.1985655156238337,1653.0
2024-01-21 15:48:37+00:00,1705852117250901000,2199.8529008789064,45.0,1.5,1.3882454633712769,17.08799934387207,2.4223644733428955,7.594767570495605,81.2569091597378,2.3122059,48.8503162,SensorLogger (Pixel 4 XL),4.309616045259862,5430.096191123551,2.419882544564998,3.0918107115099,1654.0
2024-01-21 15:48:38+00:00,1705852117837324000,2200.4393239746096,45.0,1.5,1.3882454633712769,17.08799934387207,2.435537576675415,7.464305877685547,81.2569091597378,2.3122064,48.850328,SensorLogger (Pixel 4 XL),2.2383332039687014,5431.408801196022,2.4419414056372446,2.9244490529745315,1655.0
2024-01-21 15:48:39+00:00,1705852118936699000,2201.5386989746094,45.0,1.5,1.3731558322906494,17.39900016784668,2.457610607147217,7.014116287231445,81.14910011640737,2.3122056,48.8503577,SensorLogger (Pixel 4 XL),2.452913973391922,5434.7130280584925,2.4599808964794168,2.6063791584501503,1656.0
2024-01-21 15:48:40+00:00,1705852120058258000,2202.6602578125,45.0,1.5,1.4300971031188965,17.358999252319336,2.4762136936187744,6.513556480407715,81.25488456409713,2.3122056,48.8503886,SensorLogger (Pixel 4 XL),2.1512625544014017,5438.149086146391,2.4819421755242805,2.3906638328098238,1657.0
2024-01-21 15:48:41+00:00,1705852121238581200,2203.840581298828,45.0,1.5,1.426845669746399,17.26300048828125,2.4926750659942627,6.289338111877441,81.33941184460076,2.3122071,48.8504245,SensorLogger (Pixel 4 XL),3.318477791643336,5442.142990978846,2.4989257736982937,2.4309925308861535,1658.0
2024-01-21 15:48:42+00:00,1705852121825005600,2204.4270056152345,45.0,1.5,1.426845669746399,17.30699920654297,2.4985368251800537,6.225381374359131,81.33941184460076,2.3122068,48.850435,SensorLogger (Pixel 4 XL),1.991308448179067,5443.310744035569,2.509327714583466,2.3802667777138953,1659.0
2024-01-21 15:48:43+00:00,1705852122968230400,2205.57023046875,45.0,1.5,1.4099082946777344,17.211999893188477,2.508115530014038,5.832361698150635,81.27766129301742,2.312202,48.8504632,SensorLogger (Pixel 4 XL),1.9232193987736697,5446.468339752548,2.5107365200422604,2.2793858462248022,1660.0
2024-01-21 15:48:44+00:00,1705852124137185000,2206.7391850585936,45.0,1.5,1.3098517656326294,17.003999710083008,2.515456438064575,5.790162086486816,81.2022283148801,2.3122007,48.8504932,SensorLogger (Pixel 4 XL),2.054780427547469,5449.806292197855,2.5047290046830115,2.3009032179485387,1661.0
2024-01-21 15:48:45+00:00,1705852125226270500,2207.8282705078127,45.0,1.5,1.3114426136016846,17.05900001525879,2.521188497543335,5.906870365142822,81.20425291597647,2.3122002,48.8505213,SensorLogger (Pixel 4 XL),1.8264505211055626,5452.935112113524,2.493161310437591,2.4828408147561123,1662.0
2024-01-21 15:48:46+00:00,1705852125812696300,2208.4146962890627,45.0,1.5,1.3114426136016846,17.058000564575195,2.5241620540618896,6.042989253997803,81.20425291597647,2.3122011,48.8505391,SensorLogger (Pixel 4 XL),3.3770072855543614,5454.915476987962,2.474349816352547,2.4604292665857357,1663.0
2024-01-21 15:48:47+00:00,1705852126868263000,2209.4702629394533,45.0,1.5,1.1969192028045654,16.90399932861328,2.4448976516723637,7.508436679840088,81.27968589411378,2.3122054,48.8505604,SensorLogger (Pixel 4 XL),2.890805933526803,5457.305323242004,2.4513909734751973,2.4340534734981847,1664.0
2024-01-21 15:48:48+00:00,1705852127967515600,2210.569515625,45.0,1.5,1.202576756477356,17.141000747680664,2.396986484527588,8.896031379699707,81.17896257758521,2.3122124,48.8505785,SensorLogger (Pixel 4 XL),1.8423422384222046,5459.384974241956,2.426178061800318,2.331902404798863,1665.0
2024-01-21 15:48:49+00:00,1705852129096683300,2211.6986833496094,45.0,1.5,1.203295111656189,17.256000518798828,2.3746497631073,9.058486938476562,81.32017801786972,2.3122189,48.8506056,SensorLogger (Pixel 4 XL),2.829222005171723,5462.455021653683,2.40055451285247,2.2702849991238825,1666.0
2024-01-21 15:48:50+00:00,1705852130269537300,2212.871537353516,45.0,1.5,1.218438744544983,17.445999145507812,2.3637168407440186,8.252036094665527,81.36421342261505,2.3122188,48.8506292,SensorLogger (Pixel 4 XL),2.7422294993652003,5465.0798059108,2.3769730462208183,2.225979429360578,1667.0
2024-01-21 15:48:51+00:00,1705852130818855000,2213.420854980469,45.0,1.5,1.218438744544983,17.53499984741211,2.35143780708313,7.720602512359619,81.36421342261505,2.3122169,48.8506369,SensorLogger (Pixel 4 XL),1.5790742476798627,5465.947219818388,2.355455327141891,2.086431612821846,1668.0
2024-01-21 15:48:52+00:00,1705852131911533600,2214.5135334472657,45.0,1.5,1.2367877960205078,17.55299949645996,2.334679365158081,7.251415252685547,81.41381679694543,2.3122168,48.8506609,SensorLogger (Pixel 4 XL),1.6687893032407206,5468.6160233146375,2.3371361665596373,2.0177766731645392,1669.0
2024-01-21 15:48:53+00:00,1705852133038846000,2215.640845947265,45.0,1.5,1.2177587747573853,17.67300033569336,2.3326220512390137,6.685409069061279,81.30600575249156,2.3122164,48.8506856,SensorLogger (Pixel 4 XL),1.7767093455600773,5471.368467806509,2.32581516067368,1.9387433451493392,1670.0
2024-01-21 15:48:54+00:00,1705852134157537500,2216.759537597656,45.0,1.5,1.2396377325057983,17.74799919128418,2.328038454055786,6.058475494384766,81.25488456409713,2.3122148,48.8507111,SensorLogger (Pixel 4 XL),1.7009863947171942,5474.208484014834,2.3233979749463924,2.1933155110512343,1671.0
2024-01-21 15:48:55+00:00,1705852135195529000,2217.7975290527343,45.0,1.5,1.3366405963897705,17.886999130249023,2.3232555389404297,5.696802616119385,81.25488456409713,2.3122141,48.8507359,SensorLogger (Pixel 4 XL),1.859895190931989,5476.966603720827,2.3217404594248903,2.3718448768818545,1672.0
2024-01-21 15:48:56+00:00,1705852135781957000,2218.38395703125,45.0,1.5,1.3366405963897705,17.808000564575195,2.3210549354553223,5.543859481811523,81.25488456409713,2.3122155,48.8507525,SensorLogger (Pixel 4 XL),3.152434732495212,5478.815279716135,2.315447141034583,2.4160385475539967,1673.0
2024-01-21 15:48:57+00:00,1705852136954814000,2219.556813964844,45.0,1.5,2.0180938243865967,17.917999267578125,2.2990307807922363,5.459958076477051,81.22350339366415,2.3122186,48.8507727,SensorLogger (Pixel 4 XL),2.267555262690647,5481.072844241206,2.3064252091748805,2.538499915069755,1674.0
2024-01-21 15:48:58+00:00,1705852138010385200,2220.6123852539063,45.0,1.5,1.671612024307251,17.69300079345703,2.29402756690979,5.056614398956299,81.17896257758521,2.3122181,48.8508,SensorLogger (Pixel 4 XL),3.2845401162191603,5484.110922650498,2.296900834648869,2.6108942103482744,1675.0
2024-01-21 15:48:59+00:00,1705852139183242500,2221.7852424316407,45.0,1.5,1.4718395471572876,17.472999572753906,2.3004050254821777,5.019562244415283,81.17896257758521,2.312219,48.8508253,SensorLogger (Pixel 4 XL),3.077436873021669,5486.928446614006,2.2864144741679873,2.4551398963158912,1676.0
2024-01-21 15:49:00+00:00,1705852140238814500,2222.840814453125,45.0,1.5,1.4971168041229248,17.17099952697754,2.290560483932495,5.169023990631104,81.17390113606223,2.3122223,48.8508495,SensorLogger (Pixel 4 XL),3.1119900973232406,5489.63017721141,2.273993534631871,2.322906362063603,1677.0
2024-01-21 15:49:01+00:00,1705852140817762600,2223.419762451172,45.0,1.5,1.4971168041229248,17.14299964904785,2.273921489715576,5.102692127227783,81.17390113606223,2.3122236,48.8508568,SensorLogger (Pixel 4 XL),1.411656447390382,5490.447454299971,2.2640108250924484,2.169673264629351,1678.0
2024-01-21 15:49:02+00:00,1705852141938254300,2224.540254394531,45.0,1.5,1.47373366355896,16.886999130249023,2.230287313461304,4.867710113525391,81.32372108792592,2.3122248,48.8508797,SensorLogger (Pixel 4 XL),1.6274460667729105,5492.995375229876,2.2572111757632416,1.9996102860582352,1679.0
2024-01-21 15:49:03+00:00,1705852142968345900,2225.5703459472657,45.0,1.5,1.4426358938217163,16.89299964904785,2.2339320182800293,5.07205867767334,81.35358416598456,2.3122275,48.8509006,SensorLogger (Pixel 4 XL),1.4681104207674047,5495.327853853725,2.251315283235933,1.862460806535327,1680.0
2024-01-21 15:49:04+00:00,1705852144109247500,2226.7112475585936,45.0,1.5,1.446725845336914,16.87700080871582,2.2390639781951904,5.221505641937256,81.3712996011275,2.3122313,48.8509245,SensorLogger (Pixel 4 XL),1.1759307887959616,5498.002678710531,2.247053144851973,1.9065829008281079,1681.0
2024-01-21 15:49:05+00:00,1705852145282107100,2227.884107177734,45.0,1.5,1.420893669128418,17.191999435424805,2.2358672618865967,5.384407997131348,81.40673058279242,2.3122365,48.8509472,SensorLogger (Pixel 4 XL),1.4753265979191719,5500.555923336681,2.2415357311386988,1.869390458407874,1682.0
2024-01-21 15:49:06+00:00,1705852145868537000,2228.470537109375,45.0,1.5,1.4068866968154907,17.437999725341797,2.239345073699951,5.393870830535889,81.40673058279242,2.3122397,48.8509605,SensorLogger (Pixel 4 XL),2.553266959736633,5502.053235679879,2.2356426564816556,1.930974127336371,1683.0
2024-01-21 15:49:07+00:00,1705852146967501600,2229.569501464844,45.0,1.5,1.3805134296417236,17.509000778198242,2.253722906112671,5.429637908935547,81.47151904760352,2.3122441,48.8509818,SensorLogger (Pixel 4 XL),2.316610375431761,5504.4434783346,2.230686805906351,1.9752007590824987,1684.0
2024-01-21 15:49:08+00:00,1705852148096971500,2230.698971435547,45.0,1.5,1.4136488437652588,17.457000732421875,2.243079423904419,5.526838779449463,81.41533527218013,2.3122501,48.8510074,SensorLogger (Pixel 4 XL),2.522024516375785,5507.324393174405,2.2249861799214337,1.9953310786610547,1685.0
2024-01-21 15:49:09+00:00,1705852149269831700,2231.8718317871094,45.0,1.5,1.4373916387557983,17.57699966430664,2.216196298599243,5.4095611572265625,81.41533527218013,2.3122541,48.8510278,SensorLogger (Pixel 4 XL),2.513875008895921,5509.613439858073,2.2177688538219176,1.9543976103267084,1686.0
2024-01-21 15:49:10+00:00,1705852149856262000,2232.4582619628904,45.0,1.5,1.432403564453125,17.700000762939453,2.205294609069824,5.36676549911499,81.41533527218013,2.3122557,48.8510387,SensorLogger (Pixel 4 XL),2.076403728074126,5510.831105296328,2.2060155320491304,1.9025276965488929,1687.0
2024-01-21 15:49:11+00:00,1705852150968696000,2233.570696044922,45.0,1.5,1.4276231527328491,17.732999801635742,2.1891584396362305,5.287657260894775,81.41179216372427,2.3122587,48.8510566,SensorLogger (Pixel 4 XL),1.4652473152433083,5512.833698183383,2.193188427368452,1.8264342031938088,1688.0
2024-01-21 15:49:12+00:00,1705852152038255400,2234.6402553710936,45.0,1.5,1.417411208152771,17.715999603271484,2.1743438243865967,4.822585105895996,81.39407664372177,2.3122601,48.8510752,SensorLogger (Pixel 4 XL),1.1744518283406278,5514.9076868176835,2.180255344874191,1.84341752167835,1689.0
2024-01-21 15:49:13+00:00,1705852153138359000,2235.74035913086,45.0,1.5,1.3332395553588867,17.72800064086914,2.161018848419189,4.237742424011231,81.33635918558696,2.3122595,48.8510941,SensorLogger (Pixel 4 XL),1.0726369562096099,5517.0138445233115,2.166973035475799,1.7986322903670133,1690.0
2024-01-21 15:49:14+00:00,1705852154195845000,2236.797845214844,45.0,1.5,1.307609796524048,17.841999053955078,2.1508474349975586,3.924136161804199,81.35559322076945,2.3122606,48.8511143,SensorLogger (Pixel 4 XL),1.378494270395174,5519.263045994782,2.1550468336942625,1.8663688496978272,1691.0
2024-01-21 15:49:15+00:00,1705852154782275300,2237.384275390625,45.0,1.5,1.2146300077438354,17.73200035095215,2.148210287094116,3.843301057815552,81.58287538167849,2.3122621,48.8511278,SensorLogger (Pixel 4 XL),2.5666120940214596,5520.768184325079,2.1473487810851335,1.8587578973290415,1692.0
2024-01-21 15:49:16+00:00,1705852155955142400,2238.5571423339843,45.0,1.5,1.2002543210983276,17.547000885009766,2.1494295597076416,4.323112964630127,81.55452999383016,2.3122662,48.8511472,SensorLogger (Pixel 4 XL),2.120953989036581,5522.946422693229,2.1431500117703375,1.921447086486234,1693.0
2024-01-21 15:49:17+00:00,1705852157128002800,2239.7300029296875,45.0,1.5,1.20466411113739,17.735000610351562,2.141603946685791,4.831920623779297,81.617801079554,2.3122704,48.8511721,SensorLogger (Pixel 4 XL),2.5693188294521994,5525.732620485486,2.1412937949685604,1.959086299203781,1694.0
2024-01-21 15:49:18+00:00,1705852158183577300,2240.785577392578,45.0,1.5,1.20098614692688,17.89299964904785,2.139358758926392,5.253146171569824,81.47860531606781,2.3122741,48.8511941,SensorLogger (Pixel 4 XL),2.987952573349196,5528.196578137698,2.142552218501935,2.046485653160243,1695.0
2024-01-21 15:49:19+00:00,1705852158777363700,2241.379363769531,45.0,1.5,1.20098614692688,17.850000381469727,2.139790773391724,5.475894927978516,81.47860531606781,2.3122749,48.8512023,SensorLogger (Pixel 4 XL),1.538725720420387,5529.11025346705,2.1471640964439125,2.0485338824591643,1696.0
2024-01-21 15:49:20+00:00,1705852159896501500,2242.498501464844,45.0,1.5,1.227964997291565,17.913999557495117,2.145409107208252,5.644169330596924,81.57933220299924,2.3122792,48.8512257,SensorLogger (Pixel 4 XL),1.7225979881447862,5531.731192034109,2.1545824219198906,2.0378136964639664,1697.0
2024-01-21 15:49:21+00:00,1705852160969209900,2243.5712099609377,45.0,1.5,1.2485246658325195,17.983999252319336,2.153886556625366,5.595895290374756,81.57933220299924,2.3122801,48.851249,SensorLogger (Pixel 4 XL),1.3974815666321774,5534.324468711579,2.1619126199057854,2.1768635046345093,1698.0
2024-01-21 15:49:22+00:00,1705852162156952800,2244.7589528808594,45.0,1.5,1.2227983474731443,17.937999725341797,2.1655092239379883,5.11383056640625,81.62134427435674,2.3122802,48.851277,SensorLogger (Pixel 4 XL),2.0272612449250267,5537.443565213169,2.1710123506606553,2.2662833384024093,1699.0
2024-01-21 15:49:23+00:00,1705852163226877200,2245.8288771972657,45.0,1.5,1.248029351234436,17.849000930786133,2.174687147140503,4.29243803024292,81.68664055874021,2.3122784,48.8513035,SensorLogger (Pixel 4 XL),1.875936916845859,5540.393248450986,2.1729781174551963,2.4200013301824197,1700.0
2024-01-21 15:49:24+00:00,1705852163813307400,2246.4153073730467,45.0,1.5,1.3383454084396362,17.861000061035156,2.175756454467773,3.662064552307129,81.70435669187775,2.3122772,48.8513182,SensorLogger (Pixel 4 XL),2.7913337952195567,5542.030170328517,2.1708118064371282,2.4188370987789645,1701.0
2024-01-21 15:49:25+00:00,1705852164986167800,2247.5881677246093,45.0,1.5,2.0568654537200928,17.788000106811523,2.177599668502808,1.8320101499557493,81.72915934064616,2.3122708,48.8513433,SensorLogger (Pixel 4 XL),2.641571104332691,5544.860217790535,2.1612279342849985,2.3843675722200213,1702.0
2024-01-21 15:49:26+00:00,1705852166159028000,2248.761028076172,45.0,1.5,2.027622938156128,17.746999740600586,2.160632610321045,359.6776123046875,81.72915934064616,2.3122642,48.8513752,SensorLogger (Pixel 4 XL),3.4280892080287297,5548.442011662169,2.144521317546735,2.515418404719679,1703.0
2024-01-21 15:49:27+00:00,1705852167214602200,2249.8166022949217,45.0,1.5,1.6801133155822754,17.459999084472656,2.1258342266082764,356.6061706542969,81.73624582509024,2.3122551,48.8514028,SensorLogger (Pixel 4 XL),3.7317231541281553,5551.584802630764,2.116845562878788,2.4575298206048677,1704.0
2024-01-21 15:49:28+00:00,1705852167801032400,2250.4030324707032,45.0,1.5,1.6801133155822754,17.277000427246094,2.0934786796569824,354.3209533691406,81.73624582509024,2.3122483,48.8514111,SensorLogger (Pixel 4 XL),1.7879117513660214,5552.633289507029,2.0778146255070378,2.339694942968783,1705.0
2024-01-21 15:49:29+00:00,1705852168973892600,2251.575892578125,45.0,1.5,1.4927114248275757,17.264999389648438,2.005727529525757,348.207763671875,82.00553663606081,2.3122311,48.8514296,SensorLogger (Pixel 4 XL),1.4099476717570871,5555.100892118739,2.0272752234299367,2.2166865082994116,1706.0
2024-01-21 15:49:30+00:00,1705852170117680000,2252.7196801757814,45.0,1.5,1.4750856161117554,17.12700080871582,1.9833368062973025,342.6968688964844,82.02679680229355,2.3122099,48.851449,SensorLogger (Pixel 4 XL),1.0752237229912074,5557.800330960231,1.9726585469094982,2.0730853989373466,1707.0
2024-01-21 15:49:31+00:00,1705852171202326800,2253.804326904297,45.0,1.5,1.4757245779037476,16.944000244140625,1.9230562448501587,338.0267639160156,82.00907999338597,2.3121872,48.851466,SensorLogger (Pixel 4 XL),1.6526155238206313,5560.378388699634,1.9195186776812903,1.8473633291120035,1708.0
2024-01-21 15:49:32+00:00,1705852171788757000,2254.390757080078,45.0,1.5,1.4757245779037476,16.812999725341797,1.863810658454895,335.2424621582031,82.00907999338597,2.3121718,48.851474,SensorLogger (Pixel 4 XL),2.448038312032917,5561.81399180696,1.8689736495730123,1.7208099485793655,1709.0
2024-01-21 15:49:33+00:00,1705852172961617000,2255.563616943359,45.0,1.5,1.4516147375106812,17.349000930786133,1.782457709312439,329.08905029296875,81.98832606446251,2.3121519,48.8514783,SensorLogger (Pixel 4 XL),1.57994407008325,5563.351482311801,1.8138233126558427,1.5596366931755843,1710.0
2024-01-21 15:49:34+00:00,1705852174134476800,2256.7364768066404,45.0,1.5,1.4272704124450684,17.1560001373291,1.7262204885482788,322.8697204589844,81.99136322161031,2.3121254,48.851483,SensorLogger (Pixel 4 XL),1.8178232702246422,5565.361463836729,1.7554177125654702,1.558234269332929,1711.0
2024-01-21 15:49:35+00:00,1705852175190050800,2257.79205078125,45.0,1.5,1.402740716934204,17.07200050354004,1.6849883794784546,316.7181701660156,82.05514377378027,2.3120981,48.8514845,SensorLogger (Pixel 4 XL),2.2311475342745055,5567.4089256098105,1.6932948962595757,1.7272568055291004,1712.0
2024-01-21 15:49:36+00:00,1705852175776353000,2258.378353027344,45.0,1.5,1.402740716934204,17.03700065612793,1.6763203144073486,313.8589172363281,82.05514377378027,2.3120871,48.8514838,SensorLogger (Pixel 4 XL),1.379152582289578,5568.217525527112,1.6314087741515304,1.8054390851842008,1713.0
2024-01-21 15:49:37+00:00,1705852176937338400,2259.5393383789065,45.0,1.5,1.3877726793289185,17.172000885009766,1.6295896768569946,307.5611877441406,82.16093956034806,2.3120595,48.8514825,SensorLogger (Pixel 4 XL),1.4891725676762988,5570.3255747951325,1.5655048805124703,1.8147390845047675,1714.0
2024-01-21 15:49:38+00:00,1705852178058729500,2260.660729492188,45.0,1.5,1.447259783744812,16.933000564575195,1.5343307256698608,299.978271484375,82.28394780943941,2.3120347,48.8514738,SensorLogger (Pixel 4 XL),1.7190092754993525,5572.5038584551885,1.5040423815067077,1.8095377409741966,1715.0
2024-01-21 15:49:39+00:00,1705852179177774300,2261.7797744140626,45.0,1.5,1.4431004524230957,16.974000930786133,1.4066543579101562,290.3424377441406,82.28394780943941,2.3120131,48.8514609,SensorLogger (Pixel 4 XL),1.5686022205170589,5574.696108086549,1.4456190371405562,1.8208325850514542,1716.0
2024-01-21 15:49:40+00:00,1705852179764204000,2262.3662041015623,45.0,1.5,1.4431004524230957,16.989999771118164,1.3593634366989136,285.1245422363281,82.28394780943941,2.3120004,48.8514535,SensorLogger (Pixel 4 XL),2.1165092912471644,5575.937292630216,1.3936103169195326,1.9452283028111714,1717.0
2024-01-21 15:49:41+00:00,1705852180937064000,2263.5390639648435,45.0,1.5,1.427714705467224,17.156999588012695,1.3172521591186523,275.6212158203125,82.37557240095995,2.3119833,48.8514356,SensorLogger (Pixel 4 XL),2.197245561754513,5578.29895899821,1.3460240549631322,1.975063067972648,1718.0
2024-01-21 15:49:42+00:00,1705852181992637400,2264.594637451172,45.0,1.5,1.4203473329544067,16.91699981689453,1.2980279922485352,267.0997619628906,82.34773056921773,2.3119673,48.8514191,SensorLogger (Pixel 4 XL),2.1715514021061684,5580.477248460466,1.30774737310626,1.930631526577194,1719.0
2024-01-21 15:49:43+00:00,1705852183165497000,2265.7674970703124,45.0,1.5,1.314448356628418,17.07900047302246,1.281766057014465,258.0891418457031,82.24243100079316,2.3119517,48.8514014,SensorLogger (Pixel 4 XL),1.9059357994965083,5582.754379369398,1.2803756105414412,2.0240421696739297,1720.0
2024-01-21 15:49:44+00:00,1705852184221070300,2266.8230703125,45.0,1.5,1.2214094400405884,17.086999893188477,1.2744332551956177,249.14471435546875,82.31432049217041,2.3119435,48.8513827,SensorLogger (Pixel 4 XL),2.2611382847077124,5584.950456268131,1.2701720408185104,1.991602109314535,1721.0
2024-01-21 15:49:45+00:00,1705852184807500000,2267.4095,45.0,1.5,1.2214094400405884,17.104000091552734,1.277798056602478,244.8495941162109,82.31432049217041,2.3119415,48.8513733,SensorLogger (Pixel 4 XL),1.7997481851817134,5586.005882596368,1.2761864701007894,1.9208921690810468,1722.0
2024-01-21 15:49:46+00:00,1705852185997733000,2268.5997331542967,45.0,1.5,1.2133842706680298,17.024999618530273,1.2988650798797607,237.41696166992188,82.32292610545034,2.3119324,48.8513525,SensorLogger (Pixel 4 XL),1.8299944995932562,5588.425860405324,1.2953432240637248,1.8073654788628999,1723.0
2024-01-21 15:49:47+00:00,1705852187153218600,2269.7552185058594,45.0,1.5,1.2042760848999023,17.214000701904297,1.3164622783660889,230.96310424804688,82.42011952248478,2.3119248,48.8513326,SensorLogger (Pixel 4 XL),1.4808771196773276,5590.733937851677,1.3161140122564738,1.697642450246823,1724.0
2024-01-21 15:49:48+00:00,1705852188196579000,2270.7985791015626,45.0,1.5,1.231284260749817,17.132999420166016,1.3490437269210815,225.33457946777344,82.51528915949606,2.3119263,48.8513179,SensorLogger (Pixel 4 XL),1.363717816314943,5592.375866780032,1.3444967306577313,1.6174867169739329,1725.0
2024-01-21 15:49:49+00:00,1705852188795221000,2271.397220947266,45.0,1.5,1.231284260749817,17.174999237060547,1.3703266382217407,222.81979370117188,82.51528915949606,2.3119217,48.8513064,SensorLogger (Pixel 4 XL),2.2088226078700472,5593.698160763653,1.3779731386926992,1.5919865106201556,1726.0
2024-01-21 15:49:50+00:00,1705852189968080000,2272.5700798339844,45.0,1.5,1.2570427656173706,17.06999969482422,1.4104595184326172,217.9758453369141,82.72284367997764,2.3119175,48.8512888,SensorLogger (Pixel 4 XL),1.3844019913418473,5595.6921267413,1.418166023142205,1.7285149266406097,1727.0
2024-01-21 15:49:51+00:00,1705852191140938500,2273.7429384765624,45.0,1.5,1.2316036224365234,16.93600082397461,1.459877371788025,214.19813537597656,82.73701832093334,2.3119131,48.8512679,SensorLogger (Pixel 4 XL),1.526930478954938,5598.038676960796,1.460576193796571,1.7964882460698353,1728.0
2024-01-21 15:49:52+00:00,1705852192196511200,2274.7985112304686,45.0,1.5,1.2569948434829712,16.878000259399414,1.5150266885757446,211.5484161376953,82.81649799799789,2.3119045,48.8512485,SensorLogger (Pixel 4 XL),1.614634755865087,5600.286084900236,1.504130347282107,1.9251705057073867,1729.0
2024-01-21 15:49:53+00:00,1705852192782940400,2275.3849404296875,45.0,1.5,1.3467113971710205,16.83799934387207,1.5413403511047363,210.35926818847656,82.83573522961254,2.3118982,48.8512378,SensorLogger (Pixel 4 XL),2.1758127224587103,5601.562044579255,1.5476084999369364,2.035801817798275,1730.0
2024-01-21 15:49:54+00:00,1705852193955798800,2276.557798828125,45.0,1.5,2.0545456409454346,16.861000061035156,1.6001912355422974,206.9351043701172,82.73701832093334,2.311897,48.8512171,SensorLogger (Pixel 4 XL),2.0326985813485328,5603.866123529847,1.5908121139215754,1.9831430985731253,1731.0
2024-01-21 15:49:55+00:00,1705852195128657000,2277.730656982422,45.0,1.5,2.032800912857056,16.98699951171875,1.64076030254364,203.9125213623047,82.49757132675694,2.3118913,48.851193,SensorLogger (Pixel 4 XL),2.5526381919667362,5606.578247300308,1.632354131003859,1.9414483040885167,1732.0
2024-01-21 15:49:56+00:00,1705852196184229000,2278.786229003906,45.0,1.5,1.685907006263733,17.083999633789062,1.6846246719360352,201.59629821777344,82.33507522146724,2.3118865,48.8511705,SensorLogger (Pixel 4 XL),2.771649389359902,5609.116486325436,1.6734034740007928,1.9021217671985953,1733.0
2024-01-21 15:49:57+00:00,1705852196770658000,2279.3726579589843,45.0,1.5,1.685907006263733,17.007999420166016,1.7049801349639893,200.6353759765625,82.33507522146724,2.3118848,48.8511628,SensorLogger (Pixel 4 XL),1.4753515550192016,5609.981675262495,1.712478793368629,2.0641548731429076,1734.0
2024-01-21 15:49:58+00:00,1705852197897137200,2280.4991372070317,45.0,1.5,1.4968805313110352,17.277000427246094,1.743799090385437,198.4534912109375,82.2930596028001,2.3118828,48.8511403,SensorLogger (Pixel 4 XL),1.7931515104918545,5612.496304025885,1.7491626497847017,2.10597521363214,1735.0
2024-01-21 15:49:59+00:00,1705852198967963100,2281.5699631347657,45.0,1.5,1.4851405620574951,17.145999908447266,1.7777924537658691,196.53665161132807,82.20497934505985,2.3118801,48.8511197,SensorLogger (Pixel 4 XL),1.5621062881165213,5614.802772747132,1.783886204154253,2.104483456149024,1736.0
2024-01-21 15:50:00+00:00,1705852199968883700,2282.5708837890625,45.0,1.5,1.483957290649414,17.058000564575195,1.8111546039581297,194.8186187744141,82.17865668753282,2.3118788,48.8510998,SensorLogger (Pixel 4 XL),1.0540498501395403,5617.029006232455,1.8175384538745545,2.071758563089915,1737.0
2024-01-21 15:50:01+00:00,1705852201110231000,2283.712230957032,45.0,1.5,1.477684497833252,17.07900047302246,1.8489882946014404,193.80685424804688,82.120443409079,2.3118752,48.8510739,SensorLogger (Pixel 4 XL),2.731353052358744,5619.92152661616,1.8478579192140083,1.959319662302558,1738.0
2024-01-21 15:50:02+00:00,1705852202165802500,2284.7678024902343,45.0,1.5,1.4485329389572144,17.26799964904785,1.885772466659546,193.0219268798828,82.120443409079,2.3118709,48.8510513,SensorLogger (Pixel 4 XL),2.722237812847527,5622.458342749289,1.8769055768914988,1.8885062103517445,1739.0
2024-01-21 15:50:03+00:00,1705852203221373700,2285.823373779297,45.0,1.5,1.4389054775238037,17.211000442504883,1.914690375328064,192.2087554931641,82.06374912321837,2.3118663,48.8510296,SensorLogger (Pixel 4 XL),2.786285964619948,5624.894633683758,1.9034285571240834,1.9735941785235394,1740.0
2024-01-21 15:50:04+00:00,1705852203807802000,2286.4098020019533,45.0,1.5,1.4389054775238037,17.115999221801758,1.9290467500686648,191.85205078125,82.06374912321837,2.3118644,48.8510208,SensorLogger (Pixel 4 XL),1.6853585776792963,5625.88297514375,1.928981567723729,2.0720352493826475,1741.0
2024-01-21 15:50:05+00:00,1705852204978133500,2287.580133544922,45.0,1.5,1.4122741222381592,17.351999282836914,1.9489295482635496,191.3500518798828,82.00199328022046,2.3118601,48.8509974,SensorLogger (Pixel 4 XL),1.6863295160070464,5628.503948120162,1.9510280852943627,2.0879358854125742,1742.0
2024-01-21 15:50:06+00:00,1705852206079227000,2288.681226806641,45.0,1.5,1.3942159414291382,17.264999389648438,1.9695898294448853,190.86740112304688,81.92302744972474,2.3118542,48.8509765,SensorLogger (Pixel 4 XL),1.6640949960465226,5630.868056740169,1.971874513669262,2.231790480320469,1743.0
2024-01-21 15:50:07+00:00,1705852207197063000,2289.799062988281,45.0,1.5,1.4607460498809814,17.474000930786133,1.9909335374832156,190.44140625,81.88405099760223,2.3118488,48.8509543,SensorLogger (Pixel 4 XL),1.4612841263103997,5633.3692916350565,1.9906217974235676,2.2898424419479637,1744.0
2024-01-21 15:50:08+00:00,1705852207795514000,2290.3975141601563,45.0,1.5,1.4607460498809814,17.204999923706055,2.0002899169921875,190.1967010498047,81.88405099760223,2.3118453,48.8509395,SensorLogger (Pixel 4 XL),2.7830033858488012,5635.0347827943215,2.007653200572443,2.2130094957238318,1745.0
2024-01-21 15:50:09+00:00,1705852208851084800,2291.453084716797,45.0,1.5,1.453205108642578,17.266000747680664,2.019730567932129,189.8003845214844,81.83140776313546,2.311841,48.850919,SensorLogger (Pixel 4 XL),2.736884098505465,5637.335968292232,2.0239687554976626,2.2568606091513885,1746.0
2024-01-21 15:50:10+00:00,1705852209969407000,2292.5714069824216,45.0,1.5,1.4451552629470823,17.163999557495117,2.042552947998047,189.5721435546875,81.75345588347017,2.3118333,48.8508981,SensorLogger (Pixel 4 XL),2.100225239851341,5639.731197024804,2.040725990010613,2.1643236568816597,1747.0
2024-01-21 15:50:11+00:00,1705852211079510800,2293.681510742188,45.0,1.5,1.336974859237671,17.163000106811523,2.059255599975586,189.3389434814453,81.7154802123375,2.311824,48.8508699,SensorLogger (Pixel 4 XL),2.8384898358258037,5642.940835501841,2.056710670113035,2.2358044121158316,1748.0
2024-01-21 15:50:12+00:00,1705852212252366300,2294.854366455078,45.0,1.5,1.3299691677093506,17.208999633789062,2.075986623764038,189.1148834228516,81.66435609140153,2.3118163,48.8508453,SensorLogger (Pixel 4 XL),2.8747974720356204,5645.734167422516,2.07028614460614,2.32445881296736,1749.0
2024-01-21 15:50:13+00:00,1705852212858491000,2295.460490966797,45.0,1.5,1.3299691677093506,17.22800064086914,2.084355592727661,188.99563598632807,81.66435609140153,2.3118128,48.8508363,SensorLogger (Pixel 4 XL),1.7042709129257425,5646.7671686296135,2.082897649415489,2.188759407559764,1750.0
2024-01-21 15:50:14+00:00,1705852213977397000,2296.5793969726565,45.0,1.5,1.2406848669052124,17.488000869750977,2.097707509994507,189.2214508056641,81.74839409795621,2.3118026,48.8508133,SensorLogger (Pixel 4 XL),1.6768473387789715,5649.432329122158,2.0957500405980563,2.1108815995191335,1751.0
2024-01-21 15:50:15+00:00,1705852215067219000,2297.6692189941405,45.0,1.5,1.233176350593567,17.670000076293945,2.108901262283325,189.5545196533203,81.73422111464234,2.3117921,48.8507906,SensorLogger (Pixel 4 XL),1.5381497539702875,5652.073796378443,2.1092184230752773,2.060276502322017,1752.0
2024-01-21 15:50:16+00:00,1705852216199496200,2298.80149609375,45.0,1.5,1.229727268218994,17.67799949645996,2.119368553161621,189.36534118652344,81.75345588347017,2.3117859,48.8507683,SensorLogger (Pixel 4 XL),1.381615824438811,5654.5949369555865,2.1205352151016417,2.0896897449917855,1753.0
2024-01-21 15:50:17+00:00,1705852216709220400,2299.3112204589843,45.0,1.5,1.229727268218994,17.67799949645996,2.1231579780578613,189.078369140625,81.75345588347017,2.3117828,48.8507538,SensorLogger (Pixel 4 XL),3.194283749479645,5656.223140045507,2.1311118831462026,2.15147254129807,1754.0
2024-01-21 15:50:18+00:00,1705852217882075000,2300.484074951172,45.0,1.5,1.268641710281372,17.49799919128418,2.137298107147217,188.86087036132807,81.82786448028338,2.3117757,48.850732,SensorLogger (Pixel 4 XL),2.568382591539535,5658.703037922782,2.142266030117409,2.1459369414224474,1755.0
2024-01-21 15:50:19+00:00,1705852218969361200,2301.5713610839844,45.0,1.5,1.2916306257247925,17.340999603271484,2.158923625946045,188.9357452392578,81.85216130680783,2.3117697,48.8507081,SensorLogger (Pixel 4 XL),1.2253210391091447,5661.399164540747,2.1550163141742664,2.1260671193656417,1756.0
2024-01-21 15:50:20+00:00,1705852220110498000,2302.712498046875,45.0,1.5,1.262552261352539,17.055999755859375,2.176041841506958,188.71969604492188,82.00553663606081,2.3117624,48.8506764,SensorLogger (Pixel 4 XL),3.174304140812726,5664.965019470166,2.168730170047133,2.260305351206525,1757.0
2024-01-21 15:50:21+00:00,1705852221283351800,2303.8853518066408,45.0,1.5,1.286583423614502,16.893999099731445,2.184077262878418,188.1411895751953,82.00553663606081,2.3117569,48.8506512,SensorLogger (Pixel 4 XL),2.764473789046536,5667.795923852752,2.182703296307537,2.31416675391152,1758.0
2024-01-21 15:50:22+00:00,1705852221839339000,2304.441339111328,45.0,1.5,1.286583423614502,16.92099952697754,2.188232898712158,187.8278045654297,82.00553663606081,2.311755,48.8506419,SensorLogger (Pixel 4 XL),1.876690678091186,5668.839339472792,2.197258930292616,2.455146771290734,1759.0
2024-01-21 15:50:23+00:00,1705852222970014700,2305.5720146484373,45.0,1.5,2.0634286403656006,17.05699920654297,2.207306146621704,187.3394775390625,82.08349084032386,2.311751,48.8506142,SensorLogger (Pixel 4 XL),2.130196998398744,5671.933313815816,2.2121949325319985,2.4231956703318875,1760.0
2024-01-21 15:50:24+00:00,1705852224078587000,2306.6805869140626,45.0,1.5,2.0385124683380127,17.243999481201172,2.2269599437713623,186.5915679931641,82.06931729517004,2.3117472,48.8505874,SensorLogger (Pixel 4 XL),1.97399297863708,5674.926582108305,2.2265429429878596,2.3612258446711714,1761.0
2024-01-21 15:50:25+00:00,1705852225198722800,2307.8007229003906,45.0,1.5,1.6957893371582031,17.41699981689453,2.2456040382385254,185.87257385253903,82.0480570219965,2.3117454,48.8505614,SensorLogger (Pixel 4 XL),1.9749337448320137,5677.824265063866,2.239217405189768,2.411976508011823,1762.0
2024-01-21 15:50:26+00:00,1705852225740194800,2308.342194824219,45.0,1.5,1.6957893371582031,17.60700035095215,2.251652479171753,185.59591674804688,82.0480570219965,2.3117451,48.8505452,SensorLogger (Pixel 4 XL),3.3270262328619395,5679.625756612226,2.2505346595971414,2.454294350895699,1763.0
2024-01-21 15:50:27+00:00,1705852226913047600,2309.515047607422,45.0,1.5,1.535647988319397,17.64299964904785,2.263927698135376,185.7645568847656,81.99693134588149,2.3117427,48.8505202,SensorLogger (Pixel 4 XL),2.8632634313895875,5682.411386351627,2.2617432100201205,2.4766941291338505,1764.0
2024-01-21 15:50:28+00:00,1705852228085900000,2310.6879001464845,45.0,1.5,1.5199410915374756,17.639999389648438,2.273573637008667,186.14285278320312,81.88759430400525,2.3117359,48.8504913,SensorLogger (Pixel 4 XL),2.9445822565833843,5685.663220618596,2.2729244381054614,2.599536093252994,1765.0
2024-01-21 15:50:29+00:00,1705852229258752500,2311.8607524414065,45.0,1.5,1.518536925315857,17.43899917602539,2.281477928161621,186.4216766357422,81.89822423212655,2.3117295,48.8504655,SensorLogger (Pixel 4 XL),1.6889600280451895,5688.570418135577,2.282264279240409,2.698036678556361,1766.0
2024-01-21 15:50:30+00:00,1705852229845178400,2312.4471784667967,45.0,1.5,1.5047520399093628,17.165000915527344,2.28489089012146,186.443603515625,81.80103681545455,2.3117255,48.8504517,SensorLogger (Pixel 4 XL),2.663856636087254,5690.132570263394,2.288318391083604,2.65900568614302,1767.0
2024-01-21 15:50:31+00:00,1705852230968485400,2313.570485351562,45.0,1.5,1.508814573287964,17.010000228881836,2.292079448699951,186.24952697753903,81.70941845102176,2.3117226,48.8504299,SensorLogger (Pixel 4 XL),2.2388904519595423,5692.571397153634,2.2923461113580337,2.472263637338965,1768.0
2024-01-21 15:50:32+00:00,1705852232073596700,2314.675596679688,45.0,1.5,1.500969409942627,16.972999572753906,2.296382188796997,185.9791259765625,81.63399855363423,2.3117201,48.8504011,SensorLogger (Pixel 4 XL),2.985408855111821,5695.779672254064,2.2964383118832394,2.3316213374519763,1769.0
2024-01-21 15:50:33+00:00,1705852233246448000,2315.848448242188,45.0,1.5,1.486374855041504,17.003000259399414,2.302079439163208,185.5840759277344,81.65829482294819,2.3117188,48.8503753,SensorLogger (Pixel 4 XL),3.152453678947764,5698.650254984001,2.2985642206615036,2.292014664109168,1770.0
2024-01-21 15:50:34+00:00,1705852233818138600,2316.420138671875,45.0,1.5,1.486374855041504,17.101999282836914,2.3027210235595703,185.32589721679688,81.65829482294819,2.3117196,48.8503673,SensorLogger (Pixel 4 XL),1.5593795097052536,5699.541738215284,2.2976719849789426,2.1546562349733747,1771.0
2024-01-21 15:50:35+00:00,1705852234937294600,2317.5392946777342,45.0,1.5,1.4543631076812744,17.32699966430664,2.2963435649871826,184.50531005859372,81.65525778546443,2.3117198,48.850342,SensorLogger (Pixel 4 XL),1.8526385637838672,5702.359518285076,2.2956975882948916,2.037094697087233,1772.0
2024-01-21 15:50:36+00:00,1705852236079287300,2318.6812873535155,45.0,1.5,1.5070072412490845,17.503000259399414,2.2927534580230717,183.5926971435547,81.66538124798488,2.3117226,48.8503165,SensorLogger (Pixel 4 XL),1.612207849439486,5705.204109272356,2.293741273880017,2.0567811965810554,1773.0
2024-01-21 15:50:37+00:00,1705852237178084600,2319.780084716797,45.0,1.5,1.50790536403656,17.35099983215332,2.292356014251709,183.25282287597656,81.70587521930315,2.3117227,48.8502929,SensorLogger (Pixel 4 XL),1.5602576103177477,5707.83549056573,2.29175210711105,2.100576271279831,1774.0
2024-01-21 15:50:38+00:00,1705852237703280600,2320.3052807617187,45.0,1.5,1.50790536403656,17.27400016784668,2.293643951416016,183.3444366455078,81.70587521930315,2.3117201,48.8502787,SensorLogger (Pixel 4 XL),3.0281783499133477,5709.42587772239,2.2914779669558967,2.2089735896957494,1775.0
2024-01-21 15:50:39+00:00,1705852238876130600,2321.4781306152345,45.0,1.5,1.5258562564849854,17.14699935913086,2.274959087371826,183.8175811767578,81.73270258212568,2.3117149,48.8502582,SensorLogger (Pixel 4 XL),2.486875936712859,5711.7372018660635,2.291980900915512,2.215952578739699,1776.0
2024-01-21 15:50:40+00:00,1705852239966942000,2322.5689418945312,45.0,1.5,1.5169503688812256,17.29400062561035,2.2778408527374268,183.8206329345703,81.70587521930315,2.3117107,48.8502383,SensorLogger (Pixel 4 XL),0.7391273109544128,5713.971569148285,2.291084652464866,2.2986207867966253,1777.0
2024-01-21 15:50:41+00:00,1705852241104545000,2323.706544921875,45.0,1.5,1.3800382614135742,17.7549991607666,2.287482023239136,184.0228576660156,81.61475080426013,2.3117066,48.8502108,SensorLogger (Pixel 4 XL),2.9366831184630517,5717.044255867174,2.288062583051668,2.3175030730472352,1778.0
2024-01-21 15:50:42+00:00,1705852242160109300,2324.762109375,45.0,1.5,1.266189694404602,18.37800025939941,2.29240345954895,183.9884490966797,81.61425788623632,2.3117033,48.8501863,SensorLogger (Pixel 4 XL),3.3702637853745148,5719.782110527204,2.2832731583539303,2.2408704541706888,1779.0
2024-01-21 15:50:43+00:00,1705852243215673600,2325.8176735839843,45.0,1.5,1.2624284029006958,18.900999069213867,2.2894651889801025,183.27532958984372,81.56313483366554,2.3117035,48.8501636,SensorLogger (Pixel 4 XL),3.115130462209171,5722.307322064885,2.275868060038652,2.24633964443548,1780.0
2024-01-21 15:50:44+00:00,1705852243802098000,2326.4040979003908,45.0,1.5,1.2624284029006958,18.89699935913086,2.2882444858551025,182.8871612548828,81.56313483366554,2.3117041,48.8501549,SensorLogger (Pixel 4 XL),1.6513504092780589,5723.275713577295,2.2660546440884115,2.1495249216063215,1781.0
2024-01-21 15:50:45+00:00,1705852244974946600,2327.576946533203,45.0,1.5,1.2560625076293943,19.05599975585937,2.2590112686157227,182.61837768554688,81.57578902580609,2.3117082,48.8501334,SensorLogger (Pixel 4 XL),1.379170399530037,5725.690523382421,2.254298590966491,2.0204884245119357,1782.0
2024-01-21 15:50:46+00:00,1705852246096986000,2328.6989860839844,45.0,1.5,1.2679729461669922,18.83099937438965,2.2289624214172363,182.4681396484375,81.57578902580609,2.3117147,48.8501123,SensorLogger (Pixel 4 XL),1.5534562013091742,5728.10900465777,2.24062390025386,2.18119146430527,1783.0
2024-01-21 15:50:47+00:00,1705852247203359000,2329.8053588867188,45.0,1.5,1.2777718305587769,18.464000701904297,2.2101941108703613,182.4919891357422,81.57933220299924,2.3117201,48.8500895,SensorLogger (Pixel 4 XL),1.3634678328169758,5730.678222430559,2.223063573578376,2.2780389173328444,1784.0
2024-01-21 15:50:48+00:00,1705852247789783300,2330.391783203125,45.0,1.5,1.2777718305587769,18.3129997253418,2.2015957832336426,182.5458831787109,81.57933220299924,2.3117216,48.850075,SensorLogger (Pixel 4 XL),2.7557837693551877,5732.294280171719,2.2098498773790713,2.068894969720028,1785.0
2024-01-21 15:50:49+00:00,1705852248845347000,2331.447347167969,45.0,1.5,1.2825582027435305,18.65800094604492,2.1880953311920166,182.7470245361328,81.58996174349137,2.3117237,48.8500548,SensorLogger (Pixel 4 XL),2.695292997592283,5734.547329025524,2.193324089266068,2.1084726622046075,1786.0
2024-01-21 15:50:50+00:00,1705852249966835500,2332.5688354492186,45.0,1.5,1.292166829109192,18.60300064086914,2.175175905227661,182.10140991210935,81.57376435379034,2.3117287,48.8500347,SensorLogger (Pixel 4 XL),2.083084385408485,5736.814766082977,2.175518446054945,2.16057071096869,1787.0
2024-01-21 15:50:51+00:00,1705852251073760000,2333.675760009766,45.0,1.5,1.389808177947998,18.628999710083008,2.1617660522460938,181.88101196289065,81.54390049789114,2.3117333,48.8500077,SensorLogger (Pixel 4 XL),2.6999272274187653,5739.838190864607,2.156455817373641,2.2798914060959565,1788.0
2024-01-21 15:50:52+00:00,1705852252246609000,2334.848608886719,45.0,1.5,2.085024356842041,18.642000198364254,2.1484687328338623,182.28402709960935,81.54592516275412,2.3117337,48.8499849,SensorLogger (Pixel 4 XL),2.9164183399223327,5742.377058830283,2.14064871434174,2.186755628172068,1789.0
2024-01-21 15:50:53+00:00,1705852252796304000,2335.398303955078,45.0,1.5,2.085024356842041,18.649999618530277,2.143416404724121,182.40737915039065,81.54592516275412,2.3117336,48.8499773,SensorLogger (Pixel 4 XL),1.5374218771353774,5743.222171949035,2.126663984324609,2.1553877117917897,1790.0
2024-01-21 15:50:54+00:00,1705852253888597200,2336.4905971679686,45.0,1.5,2.051176786422729,18.32200050354004,2.142692804336548,181.97830200195312,81.54592516275412,2.3117351,48.849955,SensorLogger (Pixel 4 XL),1.5031479111140473,5745.705278801935,2.1160444011515738,2.0891747900285593,1791.0
2024-01-21 15:50:55+00:00,1705852255061445400,2337.6634453125,45.0,1.5,1.5195919275283811,17.985000610351562,2.0659444332122803,180.66688537597656,81.66740594194393,2.311738,48.8499322,SensorLogger (Pixel 4 XL),2.1053208120728626,5748.253667270282,2.106727277747118,1.873948342789075,1792.0
2024-01-21 15:50:56+00:00,1705852255647869400,2338.2498693847656,45.0,1.5,1.5195919275283811,17.940000534057617,2.067094087600708,180.54656982421875,81.66740594194393,2.3117387,48.8499253,SensorLogger (Pixel 4 XL),1.3112572246144343,5749.0226199769695,2.0971854596116537,1.838447430247058,1793.0
2024-01-21 15:50:57+00:00,1705852256838740700,2339.4407407226563,45.0,1.5,1.5474568605422974,17.825000762939453,2.06882643699646,180.7757568359375,81.49125938167215,2.3117381,48.8499043,SensorLogger (Pixel 4 XL),1.9611730929208164,5751.358126100482,2.08646205906416,1.7770997371313846,1794.0
2024-01-21 15:50:58+00:00,1705852257993565000,2340.5955649414063,45.0,1.5,1.5270627737045288,17.520999908447266,2.089879274368286,181.0256500244141,81.47000056227722,2.3117373,48.8498799,SensorLogger (Pixel 4 XL),1.7076771156074138,5754.0720915026295,2.0751563527465517,1.7215102513490645,1795.0
2024-01-21 15:50:59+00:00,1705852259166412300,2341.7684123535155,45.0,1.5,1.5065714120864868,17.59600067138672,2.0933797359466557,180.37380981445312,81.3556087852642,2.3117407,48.8498505,SensorLogger (Pixel 4 XL),2.7368710514836483,5757.350763365892,2.064347277076007,1.8604194419606475,1796.0
2024-01-21 15:51:00+00:00,1705852260178444300,2342.7804443359373,45.0,1.5,1.5153205394744873,17.399999618530273,2.0894103050231934,180.28062438964844,81.3556087852642,2.3117423,48.8498345,SensorLogger (Pixel 4 XL),1.6615489832397083,5759.134135159795,2.054516826172231,2.0739943475334126,1797.0
2024-01-21 15:51:01+00:00,1705852261277537000,2343.879537109375,45.0,1.5,1.504575490951538,17.315000534057617,2.0518031120300293,180.1634826660156,81.37990425445022,2.3117415,48.8498122,SensorLogger (Pixel 4 XL),1.498791600008758,5761.614536937816,2.047862089597273,2.142539321391237,1798.0
2024-01-21 15:51:02+00:00,1705852261863960300,2344.4659602050783,45.0,1.5,1.498978853225708,17.38599967956543,2.0232033729553223,179.96401977539062,81.35358416598456,2.3117419,48.8498003,SensorLogger (Pixel 4 XL),2.2569770892868055,5762.938080213447,2.04553805023298,2.134342381295106,1799.0
2024-01-21 15:51:03+00:00,1705852262967848700,2345.5698486328124,45.0,1.5,1.4833917617797852,17.458999633789062,2.0146141052246094,179.94613647460938,81.28474739897587,2.3117429,48.8497814,SensorLogger (Pixel 4 XL),1.8935675615383507,5765.047871494621,2.043345923876881,2.161350967169147,1800.0
2024-01-21 15:51:04+00:00,1705852264092368600,2346.694368652344,45.0,1.5,1.4667692184448242,17.351999282836914,2.017410516738892,180.2109832763672,81.17896257758521,2.3117423,48.8497552,SensorLogger (Pixel 4 XL),2.692569889455529,5767.962178198572,2.0478194200075697,2.0461475524629713,1801.0
2024-01-21 15:51:05+00:00,1705852265265214700,2347.8672145996093,45.0,1.5,1.5309114456176758,17.37299919128418,2.024447202682495,180.7360992431641,81.07368521795559,2.3117403,48.8497321,SensorLogger (Pixel 4 XL),2.6720755067482935,5770.535286466433,2.038106294994451,1.8753838802896632,1802.0
2024-01-21 15:51:06+00:00,1705852265817417700,2348.419417724609,45.0,1.5,1.5309114456176758,17.336000442504883,2.028904676437378,181.05523681640625,81.07368521795559,2.3117387,48.8497237,SensorLogger (Pixel 4 XL),1.704709564420067,5771.476632202034,2.0208733778733583,1.682682393918743,1803.0
2024-01-21 15:51:07+00:00,1705852266897424000,2349.499423828125,45.0,1.5,1.5201191902160645,17.44300079345703,2.03518009185791,181.4424591064453,80.97296435593178,2.3117342,48.849702,SensorLogger (Pixel 4 XL),1.4402224922811957,5773.915696441122,1.9999874658714158,1.6746379975091945,1804.0
2024-01-21 15:51:08+00:00,1705852268038891800,2350.640891845703,45.0,1.5,1.5268404483795166,17.486000061035156,2.03427529335022,181.79139709472656,80.93449841374753,2.3117283,48.8496806,SensorLogger (Pixel 4 XL),1.3015860875965326,5776.356434746574,1.9793459698085978,1.6638742758589542,1805.0
2024-01-21 15:51:09+00:00,1705852269135605200,2351.737605224609,45.0,1.5,1.533905029296875,17.569000244140625,2.033763647079468,182.37591552734372,80.9375351922927,2.3117213,48.8496599,SensorLogger (Pixel 4 XL),1.4042339805307034,5778.717508342446,1.9587747129380002,1.7717829062081436,1806.0
2024-01-21 15:51:10+00:00,1705852270181378600,2352.783378662109,45.0,1.5,1.3859870433807373,17.75200080871582,1.9563868045806885,179.94387817382812,80.91170308482756,2.3117192,48.8496411,SensorLogger (Pixel 4 XL),1.2478002498251088,5780.831761525513,1.9384101122213269,1.8997018714774574,1807.0
2024-01-21 15:51:11+00:00,1705852270767801000,2353.36980102539,45.0,1.5,1.4041757583618164,17.908000946044922,1.805097579956055,178.08668518066406,80.99268472364797,2.3117197,48.8496337,SensorLogger (Pixel 4 XL),1.4045437947837471,5781.655416906738,1.9209926595515359,2.011301377867592,1808.0
2024-01-21 15:51:12+00:00,1705852271940646000,2354.5426459960936,45.0,1.5,1.2647383213043213,17.93000030517578,1.839582443237305,178.5048828125,81.01345501048695,2.3117152,48.8496103,SensorLogger (Pixel 4 XL),2.54137466926649,5784.281134732222,1.9092423619188437,2.1637358382339213,1809.0
2024-01-21 15:51:13+00:00,1705852273113490400,2355.715490478516,45.0,1.5,1.274158239364624,17.808000564575195,1.881732940673828,179.41697692871094,80.94462101314201,2.3117056,48.8495803,SensorLogger (Pixel 4 XL),3.0734514123784833,5787.691037743088,1.9049496228878415,2.3541438871968072,1810.0
2024-01-21 15:51:14+00:00,1705852274169050000,2356.7710500488283,45.0,1.5,1.259757161140442,17.638999938964844,1.9221320152282717,179.531982421875,80.89198362865892,2.3116995,48.8495533,SensorLogger (Pixel 4 XL),3.2875794643304963,5790.737055777648,1.9102344082491531,2.3650478218007702,1811.0
2024-01-21 15:51:15+00:00,1705852275224609800,2357.826609863281,45.0,1.5,1.2807157039642334,17.55900001525879,1.9568312168121336,179.505615234375,80.84238331630146,2.3116966,48.849528,SensorLogger (Pixel 4 XL),3.1530159153407533,5793.558278711347,1.9235125756371718,2.344818796170691,1812.0
2024-01-21 15:51:16+00:00,1705852275818352600,2358.4203525390626,45.0,1.5,1.2807157039642334,17.56800079345703,1.974561333656311,179.68463134765625,80.84238331630146,2.311695,48.8495188,SensorLogger (Pixel 4 XL),1.7342024028012188,5794.587949248594,1.9456838602394102,2.262241952757102,1813.0
2024-01-21 15:51:17+00:00,1705852276937333500,2359.5393334960936,45.0,1.5,1.2902506589889526,17.645999908447266,1.9988175630569456,180.0059356689453,80.7350856771618,2.3116905,48.8494935,SensorLogger (Pixel 4 XL),1.9686435461052594,5797.4204165283845,1.9795801824034713,2.2030499251896254,1814.0
2024-01-21 15:51:18+00:00,1705852277968079400,2360.570079345703,45.0,1.5,1.2950369119644165,17.951000213623047,2.022451400756836,179.9236602783203,80.79328941617166,2.3116857,48.8494708,SensorLogger (Pixel 4 XL),1.5091195281098957,5799.990467254087,2.019008191894093,2.2802633576877827,1815.0
2024-01-21 15:51:19+00:00,1705852279094999600,2361.696999511719,45.0,1.5,1.3049792051315308,18.274999618530277,2.043346405029297,180.4986572265625,80.66473560580654,2.3116784,48.8494445,SensorLogger (Pixel 4 XL),1.7780295115908362,5802.971910355326,2.045639638231901,2.2475842454871677,1816.0
2024-01-21 15:51:20+00:00,1705852280267842800,2362.869842773437,45.0,1.5,1.398795247077942,18.554000854492188,2.066649913787842,181.0768280029297,80.75077534126754,2.3116716,48.8494201,SensorLogger (Pixel 4 XL),1.6240887149752656,5805.732512344583,2.0736503313030163,2.20677257115971,1817.0
2024-01-21 15:51:21+00:00,1705852280854264600,2363.4562646484374,45.0,1.5,2.080800771713257,18.72900009155273,2.07862401008606,181.06558227539065,80.73862850199485,2.3116687,48.8494062,SensorLogger (Pixel 4 XL),2.6603882082611143,5807.292619858059,2.1056233159017888,2.4017460145260268,1818.0
2024-01-21 15:51:22+00:00,1705852281966931700,2364.568931640625,45.0,1.5,2.0556628704071045,18.82999992370605,2.1260313987731934,180.6792907714844,80.86009768016214,2.3116649,48.8493806,SensorLogger (Pixel 4 XL),2.917246313269925,5810.153507337102,2.1437529433367057,2.5664596354401903,1819.0
2024-01-21 15:51:23+00:00,1705852283082666000,2365.684666015625,45.0,1.5,1.7156082391738892,18.791000366210938,2.186578750610352,180.55685424804688,80.76140383994849,2.311662,48.8493445,SensorLogger (Pixel 4 XL),3.666478251201984,5814.173415094634,2.1852749184785503,2.8131410785695046,1820.0
2024-01-21 15:51:24+00:00,1705852284255508700,2366.857508789062,45.0,1.5,1.536181092262268,18.711000442504883,2.245600938796997,180.7677154541016,80.83580370489351,2.311658,48.8493098,SensorLogger (Pixel 4 XL),3.9583727626269747,5818.043225751285,2.2279744338126326,2.9756893105776117,1821.0
2024-01-21 15:51:25+00:00,1705852284837044200,2367.439044189453,45.0,1.5,1.536181092262268,18.66900062561035,2.2706897258758545,180.92034912109372,80.83580370489351,2.3116561,48.8492984,SensorLogger (Pixel 4 XL),2.1928569179817154,5819.318448799083,2.272692726532271,3.14439273402846,1822.0
2024-01-21 15:51:26+00:00,1705852285978186800,2368.580186767578,45.0,1.5,1.5631197690963743,18.49399948120117,2.3198745250701904,181.44354248046875,80.74065297399461,2.3116472,48.8492644,SensorLogger (Pixel 4 XL),2.561682529854597,5823.160310999105,2.3175734168264244,3.220474123128843,1823.0
2024-01-21 15:51:27+00:00,1705852287070329900,2369.6723298339843,45.0,1.5,1.5500417947769165,18.367000579833984,2.3684639930725098,181.8472137451172,80.71737157526738,2.3116394,48.8492221,SensorLogger (Pixel 4 XL),3.7683912197641654,5827.900827774978,2.360392904713156,3.3517824721444947,1824.0
2024-01-21 15:51:28+00:00,1705852288216730600,2370.8187307128906,45.0,1.5,1.5213009119033811,18.52400016784668,2.407570600509644,181.8110198974609,80.66271115198779,2.3116357,48.8491952,SensorLogger (Pixel 4 XL),2.4294445702242675,5830.9044743953355,2.3991673262410704,3.360206748774625,1825.0
2024-01-21 15:51:29+00:00,1705852288829592600,2371.4315925292967,45.0,1.5,1.5213009119033811,18.742000579833984,2.422871828079224,181.6484222412109,80.66271115198779,2.3116342,48.8491757,SensorLogger (Pixel 4 XL),3.542527850853866,5833.075551556538,2.430682672094988,3.3397126646264894,1826.0
2024-01-21 15:51:30+00:00,1705852289885150000,2372.487149902344,45.0,1.5,1.5163795948028564,18.8700008392334,2.4555139541625977,181.0103912353516,80.50278083235435,2.3116336,48.8491448,SensorLogger (Pixel 4 XL),3.6252265645210096,5836.513527801863,2.4567389257353485,3.2204468702012683,1827.0
2024-01-21 15:51:31+00:00,1705852290940707000,2373.54270703125,45.0,1.5,1.5153586864471436,18.70400047302246,2.4870645999908447,180.4977264404297,80.50278083235435,2.3116354,48.8491139,SensorLogger (Pixel 4 XL),3.4315076919388976,5839.953485236549,2.4789021123049078,3.131786746255982,1828.0
2024-01-21 15:51:32+00:00,1705852292113548000,2374.715548095703,45.0,1.5,1.5041152238845823,18.920000076293945,2.501178741455078,180.43136596679688,80.40054847913228,2.3116333,48.8490785,SensorLogger (Pixel 4 XL),3.433510559554288,5843.892987123504,2.4984048310448275,3.0254029132418987,1829.0
2024-01-21 15:51:33+00:00,1705852293286388700,2375.888388671875,45.0,1.5,1.4855369329452517,18.82099914550781,2.512860059738159,180.57118225097656,80.3666400013609,2.3116314,48.8490475,SensorLogger (Pixel 4 XL),3.5131646516203374,5847.342996055973,2.5112450168143705,2.8175810503717584,1830.0
2024-01-21 15:51:34+00:00,1705852293838685200,2376.4406853027344,45.0,1.5,1.4855369329452517,18.80699920654297,2.521754026412964,180.75498962402344,80.3666400013609,2.3116298,48.8490361,SensorLogger (Pixel 4 XL),2.304954229358631,5848.6160130570315,2.5207583090838397,2.538147933892328,1831.0
2024-01-21 15:51:35+00:00,1705852294938118100,2377.5401181640623,45.0,1.5,1.551204800605774,18.643999099731445,2.5307860374450684,180.9078826904297,80.21531875098972,2.311626,48.8490091,SensorLogger (Pixel 4 XL),1.8198174128837235,5851.631334982964,2.5288683714370515,2.479833905773153,1832.0
2024-01-21 15:51:36+00:00,1705852296058139000,2378.6601389160155,45.0,1.5,1.538784384727478,19.12299919128418,2.5347139835357666,180.8827972412109,80.12877838388624,2.3116254,48.8489818,SensorLogger (Pixel 4 XL),1.6986106613835763,5854.667302239911,2.5366927453295816,2.332488753667191,1833.0
2024-01-21 15:51:37+00:00,1705852297156761000,2379.758760986328,45.0,1.5,1.5537588596343994,19.08699989318848,2.5394632816314697,180.7976837158203,80.04628751366899,2.3116235,48.8489539,SensorLogger (Pixel 4 XL),2.041290446966894,5857.776922518629,2.542739914121684,2.482682856955519,1834.0
2024-01-21 15:51:38+00:00,1705852298212316700,2380.8143166503905,45.0,1.5,1.4190200567245483,18.98200035095215,2.5449483394622803,181.0979156494141,80.13434528142284,2.3116186,48.8489267,SensorLogger (Pixel 4 XL),2.205714990988556,5860.8261654529715,2.5484660398906307,2.58948836976934,1835.0
2024-01-21 15:51:39+00:00,1705852298798736400,2381.400736328125,45.0,1.5,1.371290922164917,18.905000686645508,2.54752779006958,181.41461181640625,80.17989276261488,2.3116158,48.8489098,SensorLogger (Pixel 4 XL),3.2235139823747008,5862.7164952990015,2.5567282542923593,2.721343193998863,1836.0
2024-01-21 15:51:40+00:00,1705852299971576000,2382.573576171875,45.0,1.5,1.3805567026138306,18.815000534057617,2.560765266418457,181.88031005859372,80.2259465764527,2.3116129,48.8488843,SensorLogger (Pixel 4 XL),2.745109646895873,5865.559948209276,2.566510207620695,2.846778607964665,1837.0
2024-01-21 15:51:41+00:00,1705852301027131400,2383.6291313476563,45.0,1.5,1.290006399154663,18.440000534057617,2.573676109313965,182.08935546875,80.45520720724855,2.3116091,48.848851,SensorLogger (Pixel 4 XL),3.8023349818805134,5869.273488996169,2.5757734087258037,2.8655476559183377,1838.0
2024-01-21 15:51:42+00:00,1705852302199970800,2384.801970703125,45.0,1.5,1.291859745979309,18.225000381469727,2.5853359699249268,182.19386291503903,80.51290291479204,2.3116055,48.8488199,SensorLogger (Pixel 4 XL),3.5682318496513186,5872.741759075731,2.583772652828869,2.9267159999999404,1839.0
2024-01-21 15:51:43+00:00,1705852303255526100,2385.8575261230467,45.0,1.5,1.2771575450897217,18.017000198364254,2.592690944671631,182.3795928955078,80.54124481009637,2.3116023,48.8487918,SensorLogger (Pixel 4 XL),3.695381643510177,5875.87537030551,2.5936508748326506,2.950900543005562,1840.0
2024-01-21 15:51:44+00:00,1705852303858456000,2386.460456054688,45.0,1.5,1.2771575450897217,17.965999603271484,2.59542179107666,182.4647216796875,80.54124481009637,2.3116015,48.8487819,SensorLogger (Pixel 4 XL),1.8283798372524873,5876.977755360785,2.598806466667914,2.854313918481954,1841.0
2024-01-21 15:51:45+00:00,1705852304959220700,2387.561220703125,45.0,1.5,1.2967195510864258,17.908000946044922,2.606755256652832,182.4987945556641,80.41623752233608,2.3115985,48.8487514,SensorLogger (Pixel 4 XL),2.2648911291187592,5880.376533434685,2.597417525036856,2.734716199505983,1842.0
2024-01-21 15:51:46+00:00,1705852306070339800,2388.67233984375,45.0,1.5,1.3091155290603638,17.606000900268555,2.5983660221099854,182.395263671875,80.40206677236365,2.311599,48.8487211,SensorLogger (Pixel 4 XL),1.8633041195005702,5883.7517127284,2.5885113599613376,2.6749229813650035,1843.0
2024-01-21 15:51:47+00:00,1705852307196683300,2389.7986833496093,45.0,1.5,1.331763505935669,17.62299919128418,2.578173875808716,182.25277709960935,80.41623752233608,2.3115985,48.848693,SensorLogger (Pixel 4 XL),1.9200819594380412,5886.881755053447,2.572987587743229,2.6565384593437096,1844.0
2024-01-21 15:51:48+00:00,1705852307712314000,2390.3143142089843,45.0,1.5,1.331763505935669,17.64699935913086,2.566372871398926,182.04266357421875,80.41623752233608,2.3115998,48.8486754,SensorLogger (Pixel 4 XL),3.7998900879725452,5888.841096179398,2.5541139647971582,2.5546464590977775,1845.0
2024-01-21 15:51:49+00:00,1705852308885152800,2391.487152832032,45.0,1.5,1.3192780017852783,17.78700065612793,2.5526857376098637,182.50033569335935,80.55693411442988,2.3115976,48.8486508,SensorLogger (Pixel 4 XL),2.8890775091302308,5891.581462951228,2.532977985580596,2.546662852201227,1846.0
2024-01-21 15:51:50+00:00,1705852309940707300,2392.5427072753905,45.0,1.5,1.406403660774231,17.589000701904297,2.486170053482056,182.5883636474609,80.58375783122382,2.3115987,48.8486297,SensorLogger (Pixel 4 XL),2.4087857792005103,5893.929674511212,2.508565163720261,2.5236178430120297,1847.0
2024-01-21 15:51:51+00:00,1705852311113545700,2393.715545654297,45.0,1.5,2.066436529159546,17.812999725341797,2.4536125659942627,182.53271484375,80.55693411442988,2.3115992,48.8486013,SensorLogger (Pixel 4 XL),2.8255391163023837,5897.08782717618,2.4790228671078363,2.455689703073422,1848.0
2024-01-21 15:51:52+00:00,1705852312286384000,2394.8883840332032,45.0,1.5,1.727601170539856,17.766000747680664,2.431345701217652,183.54693603515625,80.43901199170242,2.3115945,48.848577,SensorLogger (Pixel 4 XL),2.9069907712859675,5899.820949800529,2.447662973403944,2.2794332370335635,1849.0
2024-01-21 15:51:53+00:00,1705852312816464000,2395.418463867188,45.0,1.5,1.727601170539856,17.861000061035156,2.4213192462921143,184.23692321777344,80.43901199170242,2.3115906,48.848569,SensorLogger (Pixel 4 XL),1.762398452524275,5900.755161972243,2.415597643571754,2.1755843589619066,1850.0
2024-01-21 15:51:54+00:00,1705852313938243000,2396.5402431640623,45.0,1.5,1.5512326955795288,18.03300094604492,2.404331922531128,185.52865600585935,80.26491538413418,2.311582,48.8485444,SensorLogger (Pixel 4 XL),1.666706607305126,5903.567985781237,2.3822117583244764,1.9871303385897514,1851.0
2024-01-21 15:51:55+00:00,1705852315037585000,2397.6395849609376,45.0,1.5,1.5822659730911257,18.351999282836918,2.366462230682373,185.5185546875,80.27706154273085,2.3115791,48.8485214,SensorLogger (Pixel 4 XL),1.492032369180297,5906.134420549882,2.347058109784031,1.7835470438379684,1852.0
2024-01-21 15:51:56+00:00,1705852316117675000,2398.7196750488283,45.0,1.5,1.5625523328781128,18.295000076293945,2.3137714862823486,184.99459838867188,80.26491538413418,2.3115783,48.8484993,SensorLogger (Pixel 4 XL),1.3488540444977855,5908.601827254765,2.3119148666502785,1.929190393091762,1853.0
2024-01-21 15:51:57+00:00,1705852317212303400,2399.814303466797,45.0,1.5,1.5551679134368896,18.393999099731445,2.2680699825286865,184.46017456054688,80.26491538413418,2.3115796,48.8484762,SensorLogger (Pixel 4 XL),1.4098642306769607,5911.174418703237,2.279890683118047,1.9930558833444592,1854.0
2024-01-21 15:51:58+00:00,1705852317798722000,2400.4007221679685,45.0,1.5,1.5551679134368896,18.476999282836918,2.248112678527832,184.35430908203125,80.26491538413418,2.3115801,48.8484619,SensorLogger (Pixel 4 XL),2.7122386844482853,5912.764927000333,2.246335965368015,2.0006179671717685,1855.0
2024-01-21 15:51:59+00:00,1705852318854275800,2401.456275878906,45.0,1.5,1.5350182056427002,18.37700080871582,2.204225778579712,184.4146423339844,80.09740139360433,2.3115805,48.8484433,SensorLogger (Pixel 4 XL),2.502401525512364,5914.833484669786,2.212114293974461,2.038410027740048,1856.0
2024-01-21 15:52:00+00:00,1705852319968966400,2402.5709663085936,45.0,1.5,1.5430482625961304,18.27899932861328,2.1720378398895264,184.83335876464844,79.98100389865998,2.3115787,48.8484241,SensorLogger (Pixel 4 XL),2.1671948754751806,5916.974118419209,2.179089083822616,2.13671148927238,1857.0
2024-01-21 15:52:01+00:00,1705852321082667000,2403.6846669921874,45.0,1.5,1.524274468421936,18.34000015258789,2.1455578804016118,185.3573303222656,79.9880889177598,2.3115739,48.8483983,SensorLogger (Pixel 4 XL),2.5223066548406607,5919.864374773997,2.150490483978766,2.0557878458806935,1858.0
2024-01-21 15:52:02+00:00,1705852322255504100,2404.8575041503905,45.0,1.5,1.5021344423294067,18.29599952697754,2.1267857551574707,185.1527099609375,79.94557889223138,2.3115704,48.8483765,SensorLogger (Pixel 4 XL),2.663102027886915,5922.3033298119335,2.126715805951298,2.0109467581934193,1859.0
2024-01-21 15:52:03+00:00,1705852322799883800,2405.4018837890626,45.0,1.5,1.5021344423294067,18.312000274658203,2.119687080383301,184.87548828125,79.94557889223138,2.3115695,48.8483701,SensorLogger (Pixel 4 XL),1.3128478448945526,5923.018017921737,2.1060728882233053,1.8681594324882669,1860.0
2024-01-21 15:52:04+00:00,1705852323897475800,2406.499475830078,45.0,1.5,1.571516990661621,18.2450008392334,2.103944063186645,184.60890197753903,79.9880889177598,2.3115677,48.8483483,SensorLogger (Pixel 4 XL),1.4226189944683258,5925.446139807205,2.0900940174430853,1.78853012388767,1861.0
2024-01-21 15:52:05+00:00,1705852325058161700,2407.6601616210937,45.0,1.5,1.5595030784606934,18.06399917602539,2.0796778202056885,183.1041259765625,79.95620637857232,2.3115677,48.848326,SensorLogger (Pixel 4 XL),1.4337606278747608,5927.926565572704,2.0807007891020737,1.730451442473037,1862.0
2024-01-21 15:52:06+00:00,1705852326157506800,2408.7595068359374,45.0,1.5,1.5741175413131714,17.92300033569336,2.0746119022369385,182.1330718994141,79.94406068098749,2.3115704,48.8483033,SensorLogger (Pixel 4 XL),1.652498429627605,5930.466889791623,2.0820119544931237,1.9576552610510078,1863.0
2024-01-21 15:52:07+00:00,1705852327181417700,2409.783417724609,45.0,1.5,1.4357582330703735,17.986000061035156,2.075746536254883,181.67620849609372,79.88738098966554,2.3115725,48.8482823,SensorLogger (Pixel 4 XL),1.5460095794605382,5932.818649159313,2.0892238176786093,2.1469983182742336,1864.0
2024-01-21 15:52:08+00:00,1705852327767836000,2410.3698359375,45.0,1.5,1.4357582330703735,18.11400032043457,2.0804009437561035,181.6048126220703,79.88738098966554,2.3115716,48.8482687,SensorLogger (Pixel 4 XL),2.581237694713776,5934.332333405772,2.1034052777614103,2.3441669914773953,1865.0
2024-01-21 15:52:09+00:00,1705852328940672000,2411.5426721191407,45.0,1.5,1.3936188220977783,18.222000122070312,2.1043148040771484,181.6604461669922,79.83981082777711,2.3115685,48.8482471,SensorLogger (Pixel 4 XL),2.413595294230657,5936.7460701627515,2.123793605873499,2.563453528697156,1866.0
2024-01-21 15:52:10+00:00,1705852329996224300,2412.5982243652343,45.0,1.5,1.3016659021377563,18.36899948120117,2.156363248825073,181.8131256103516,79.80843491006425,2.3115617,48.8482163,SensorLogger (Pixel 4 XL),3.6408061713326316,5940.20884847692,2.150001626856198,2.79784985772588,1867.0
2024-01-21 15:52:11+00:00,1705852331169060000,2413.771060058594,45.0,1.5,1.30371356010437,18.40699958801269,2.1982014179229736,182.25099182128903,79.78718032229571,2.3115533,48.8481875,SensorLogger (Pixel 4 XL),3.384057852898033,5943.470428266076,2.182240552384401,2.753455855737801,1868.0
2024-01-21 15:52:12+00:00,1705852332224612000,2414.8266120605467,45.0,1.5,1.2903589010238647,18.36899948120117,2.230908155441284,182.43890380859372,79.84335327741618,2.3115469,48.8481598,SensorLogger (Pixel 4 XL),3.471802761439032,5946.587541858093,2.216220037106487,2.8443383671912894,1869.0
2024-01-21 15:52:13+00:00,1705852332798194400,2415.4001943359376,45.0,1.5,1.2903589010238647,18.354999542236328,2.2480335235595703,182.45985412597656,79.84335327741618,2.3115444,48.8481489,SensorLogger (Pixel 4 XL),2.13701254544997,5947.813293787937,2.2483714047600363,2.777554468189967,1870.0
2024-01-21 15:52:14+00:00,1705852333898267600,2416.500267578125,45.0,1.5,1.3098772764205933,17.926000595092773,2.283559560775757,182.3212890625,79.79072274987954,2.3115397,48.8481192,SensorLogger (Pixel 4 XL),2.4564018970027397,5951.133653774729,2.2780121684613928,2.6262011011442645,1871.0
2024-01-21 15:52:15+00:00,1705852334969413600,2417.5714135742187,45.0,1.5,1.322081208229065,17.895000457763672,2.308680534362793,182.16815185546875,79.73100774044697,2.3115368,48.8480925,SensorLogger (Pixel 4 XL),1.9938865259663479,5954.111559564206,2.3046523791093216,2.467958255128794,1872.0
2024-01-21 15:52:16+00:00,1705852336094975000,2418.6969750976564,45.0,1.5,1.3471691608428955,17.858999252319336,2.3314898014068604,181.9795379638672,79.58475835496856,2.311534,48.8480633,SensorLogger (Pixel 4 XL),1.9381624053487239,5957.364910955859,2.3260644955872536,2.2988186418832335,1873.0
2024-01-21 15:52:17+00:00,1705852337258933800,2419.8609338378906,45.0,1.5,1.3325310945510864,18.013999938964844,2.347536325454712,181.8179168701172,79.43851149968367,2.3115319,48.8480355,SensorLogger (Pixel 4 XL),1.924092470931165,5960.460769488694,2.3431327140169573,2.094192479075426,1874.0
2024-01-21 15:52:18+00:00,1705852337854227500,2420.456227539062,45.0,1.5,1.3325310945510864,18.058000564575195,2.3525664806365967,181.8935394287109,79.43851149968367,2.3115307,48.8480175,SensorLogger (Pixel 4 XL),3.3654527559401615,5962.464203321588,2.3596840433405664,2.175128719153906,1875.0
2024-01-21 15:52:19+00:00,1705852338969424000,2421.571423828125,45.0,1.5,1.420472264289856,17.89699935913086,2.369575023651123,182.4296417236328,79.3838593450594,2.3115288,48.8479921,SensorLogger (Pixel 4 XL),1.6292094678326596,5965.294312088007,2.3761816885676446,2.29188226368267,1876.0
2024-01-21 15:52:20+00:00,1705852340082613800,2422.684613769531,45.0,1.5,2.108466625213623,17.586000442504883,2.387582778930664,183.069580078125,79.3641239316129,2.3115236,48.8479602,SensorLogger (Pixel 4 XL),2.259123869574141,5968.862836074804,2.3922670053680686,2.3943944768542003,1877.0
2024-01-21 15:52:21+00:00,1705852341255462000,2423.8574619140627,45.0,1.5,2.07741641998291,17.434999465942383,2.407428503036499,183.6788482666016,79.36614807446107,2.3115161,48.8479261,SensorLogger (Pixel 4 XL),2.7712903560922295,5972.695214319814,2.405844849806578,2.4562993143267597,1878.0
2024-01-21 15:52:22+00:00,1705852341857629700,2424.459629638672,45.0,1.5,2.07741641998291,17.475000381469727,2.4179203510284424,183.77096557617188,79.36614807446107,2.3115129,48.8479149,SensorLogger (Pixel 4 XL),2.104403466770329,5973.962418746592,2.4196405982539795,2.5873841717804744,1879.0
2024-01-21 15:52:23+00:00,1705852342979489300,2425.5814892578123,45.0,1.5,1.5747194290161133,17.260000228881836,2.4341840744018555,183.500732421875,79.42080011457844,2.3115104,48.8478855,SensorLogger (Pixel 4 XL),2.9185887556816543,5977.236663809453,2.432452773832101,2.6091655448281297,1880.0
2024-01-21 15:52:24+00:00,1705852344070250500,2426.6722504882814,45.0,1.5,1.5862760543823242,17.374000549316406,2.4504566192626958,182.9319610595703,79.31301448531626,2.3115048,48.8478472,SensorLogger (Pixel 4 XL),3.4566844967985637,5981.5161595968075,2.44563458839694,2.782145437068723,1881.0
2024-01-21 15:52:25+00:00,1705852345196643000,2427.7986430664064,45.0,1.5,1.590137958526611,17.395000457763672,2.461963891983032,182.481201171875,79.27607418681345,2.3114999,48.8478247,SensorLogger (Pixel 4 XL),2.405120847360906,5984.045080003326,2.46492099179403,2.87972239364373,1882.0
2024-01-21 15:52:26+00:00,1705852346276633600,2428.8786335449217,45.0,1.5,1.5641378164291382,17.45400047302246,2.468812942504883,181.93019104003903,79.18094101056106,2.3114944,48.8477949,SensorLogger (Pixel 4 XL),2.30808248214414,5987.388459560643,2.560481661369372,3.0432344433479903,1883.0
2024-01-21 15:52:27+00:00,1705852346885052000,2429.487052001953,45.0,1.5,1.5881527662277222,17.378000259399414,2.474951982498169,181.86964416503903,79.2411581626564,2.3114906,48.8477765,SensorLogger (Pixel 4 XL),3.393710895494794,5989.453254356258,2.5620356479921087,3.071396594725244,1884.0
2024-01-21 15:52:28+00:00,1705852347940602000,2430.542602050781,45.0,1.5,1.5672794580459597,17.413000106811523,2.4862728118896484,182.0283203125,79.19004945981348,2.311484,48.8477486,SensorLogger (Pixel 4 XL),3.200756267125418,5992.593310445873,2.498376934776492,3.106187814647291,1885.0
2024-01-21 15:52:29+00:00,1705852348537470500,2431.1394704589843,45.0,1.5,1.5672794580459597,17.378999710083008,2.4918863773345947,182.2761993408203,79.19004945981348,2.3114773,48.8477326,SensorLogger (Pixel 4 XL),3.0918542164960705,5994.438742380218,2.4022276657199555,3.066500228870633,1886.0
2024-01-21 15:52:30+00:00,1705852350168985600,2432.770985595703,45.0,1.5,1.563686490058899,17.215999603271484,2.5069596767425537,182.70790100097656,79.27253197489094,2.3114644,48.8476847,SensorLogger (Pixel 4 XL),4.09865568081613,5999.850542150051,2.2821066579128404,3.0292346209855316,1887.0
2024-01-21 15:52:31+00:00,1705852350669357000,2433.2713571777344,45.0,1.5,1.563686490058899,17.225000381469727,2.5115559101104736,182.93251037597656,79.27253197489094,2.3114594,48.8476741,SensorLogger (Pixel 4 XL),2.4664585910972017,6001.084686501737,2.160739668138438,3.0106380357381477,1888.0
2024-01-21 15:52:32+00:00,1705852351810965800,2434.4129658203124,45.0,1.5,1.5845468044281006,17.309999465942383,2.424907684326172,183.0658416748047,78.99421996368702,2.3114511,48.8476497,SensorLogger (Pixel 4 XL),2.4354236228468773,6003.864988028392,2.050946693614608,3.038279357028284,1889.0
2024-01-21 15:52:38+00:00,1705852358078140000,2440.680139892578,45.0,1.5,1.3259634971618652,14.567999839782717,1.244774341583252,176.21034240722656,79.12477245703812,2.311438,48.8476061,SensorLogger (Pixel 4 XL),3.148056892221127,6017.864210586208,1.963213251834552,2.8592570523565137,1895.0
2024-01-21 15:52:39+00:00,1705852359139664600,2441.741664550781,45.0,1.5,1.3160948753356934,15.664999961853027,1.5125682353973389,179.8497314453125,81.0999984741211,2.311424,48.8475802,SensorLogger (Pixel 4 XL),2.5782548293938055,6020.923438435237,1.9007064304740284,2.6327371921839537,1896.0
2024-01-21 15:52:40+00:00,1705852360238053000,2442.840053222656,45.0,1.5,1.321967601776123,16.84000015258789,1.7581285238265991,181.2741851806641,81.0999984741211,2.3114138,48.8475529,SensorLogger (Pixel 4 XL),2.2993696026925305,6024.050287249337,1.8679134797186974,2.515983641106706,1897.0
2024-01-21 15:52:41+00:00,1705852360841762000,2443.4437619628907,45.0,1.5,1.321967601776123,17.72800064086914,1.877860426902771,181.26568603515625,81.0999984741211,2.3114102,48.8475353,SensorLogger (Pixel 4 XL),3.2709138735132957,6026.024967393002,1.8702668540618101,2.403647580429797,1898.0
2024-01-21 15:52:42+00:00,1705852361968116200,2444.5701162109376,45.0,1.5,1.3662450313568115,17.687999725341797,2.06066370010376,181.07847595214844,81.0999984741211,2.3114031,48.8475064,SensorLogger (Pixel 4 XL),2.202862493762833,6029.28116239356,1.9100511856208662,2.391933108358828,1899.0
2024-01-21 15:52:43+00:00,1705852363070143000,2445.672143066406,45.0,1.5,1.3980677127838137,17.704999923706055,2.164503335952759,181.22982788085935,81.0999984741211,2.3113988,48.8474765,SensorLogger (Pixel 4 XL),2.1289918624075668,6032.621318818336,1.9924245632611894,2.611955437733707,1900.0
2024-01-21 15:52:44+00:00,1705852364242974700,2446.844974609375,45.0,1.5,1.39219331741333,17.783000946044922,2.236802101135254,181.3027801513672,81.0999984741211,2.3113967,48.8474497,SensorLogger (Pixel 4 XL),1.9360731634576531,6035.605339465249,2.1186045697372,2.696439307083323,1901.0
2024-01-21 15:52:45+00:00,1705852364829390800,2447.4313908691406,45.0,1.5,1.3985120058059692,17.746999740600586,2.2637650966644287,181.40133666992188,81.0999984741211,2.3113955,48.8474353,SensorLogger (Pixel 4 XL),2.7345993126224837,6037.20895225576,2.279259087381332,2.6959753074431214,1902.0
2024-01-21 15:52:46+00:00,1705852365884939500,2448.486939453125,45.0,1.5,1.4220070838928225,17.76799964904785,2.2991244792938232,181.8800506591797,81.0999984741211,2.3113894,48.8474121,SensorLogger (Pixel 4 XL),2.8650647368281494,6039.82706750001,2.3182480008354136,2.7074450513926616,1903.0
2024-01-21 15:52:47+00:00,1705852367057771300,2449.6597712402345,45.0,1.5,1.512263298034668,17.868000030517578,2.331861734390259,182.3174743652344,81.0999984741211,2.3113842,48.8473839,SensorLogger (Pixel 4 XL),3.048205207437042,6042.987283316977,2.346246235726658,2.667227236041363,1904.0
2024-01-21 15:52:48+00:00,1705852368113320000,2450.7153198242186,45.0,1.5,2.222614049911499,17.999000549316406,2.353529453277588,182.85153198242188,81.0999984741211,2.3113771,48.8473593,SensorLogger (Pixel 4 XL),3.4800631453833994,6045.772191762231,2.371653893630442,2.481348083264826,1905.0
2024-01-21 15:52:49+00:00,1705852369286152000,2451.8881518554685,45.0,1.5,1.8675215244293213,18.106000900268555,2.3803746700286865,183.16818237304688,81.0999984741211,2.3113707,48.8473355,SensorLogger (Pixel 4 XL),2.9078082027237437,6048.466021113204,2.3871596748473003,2.480417334312024,1906.0
2024-01-21 15:52:50+00:00,1705852369817130000,2452.4191298828123,45.0,1.5,1.8675215244293213,18.114999771118164,2.3982093334198,183.23594665527344,81.0999984741211,2.3113684,48.8473259,SensorLogger (Pixel 4 XL),2.0352200964770284,6049.546678209591,2.4040112385383146,2.4133723132161977,1907.0
2024-01-21 15:52:51+00:00,1705852370896865800,2453.4988657226563,45.0,1.5,1.468686580657959,18.465999603271484,2.423828363418579,183.32061767578125,81.0999984741211,2.3113669,48.8473013,SensorLogger (Pixel 4 XL),1.5827953601854619,6052.284422566354,2.4217415639178377,2.3476985412687457,1908.0
2024-01-21 15:52:52+00:00,1705852371983664600,2454.585664550781,45.0,1.5,1.6782498359680176,18.364999771118164,2.4429731369018555,183.65419006347656,81.0999984741211,2.3113627,48.8472753,SensorLogger (Pixel 4 XL),1.6632577629818537,6055.192134410167,2.4417502800264104,2.1232032606914966,1909.0
2024-01-21 15:52:53+00:00,1705852373097996300,2455.6999963378908,45.0,1.5,1.672142505645752,18.316999435424805,2.4619665145874023,183.8594207763672,81.0999984741211,2.3113582,48.8472487,SensorLogger (Pixel 4 XL),1.97648650739045,6058.16860863302,2.460137877313273,2.0387862476388117,1910.0
2024-01-21 15:52:54+00:00,1705852374198032600,2456.800032714844,45.0,1.5,1.698542594909668,18.35400009155273,2.480699062347412,183.92190551757807,81.0999984741211,2.3113545,48.8472228,SensorLogger (Pixel 4 XL),1.8120779280717607,6061.061463911241,2.477737682653242,2.0618438593345383,1911.0
2024-01-21 15:52:55+00:00,1705852374798460700,2457.4004606933595,45.0,1.5,1.698542594909668,18.46999931335449,2.4882049560546875,184.0787506103516,81.0999984741211,2.311352,48.847207,SensorLogger (Pixel 4 XL),2.9418651385866,6062.827842112672,2.4956662549152764,2.1355584985226277,1912.0
2024-01-21 15:52:56+00:00,1705852375971292200,2458.573292236328,45.0,1.5,1.6984069347381592,18.15900039672852,2.502203702926636,184.2499542236328,81.0999984741211,2.3113473,48.84718,SensorLogger (Pixel 4 XL),2.5765836627916285,6065.849739306488,2.512991025976479,2.340860180199268,1913.0
2024-01-21 15:52:57+00:00,1705852377058958000,2459.6609580078125,45.0,1.5,1.72244131565094,17.923999786376953,2.529120683670044,184.33387756347656,81.0999984741211,2.3113426,48.8471514,SensorLogger (Pixel 4 XL),2.4392398041764105,6069.0490418737945,2.52976953778333,2.5986315251503767,1914.0
2024-01-21 15:52:58+00:00,1705852378178132000,2460.780132080078,45.0,1.5,1.7068238258361816,17.76799964904785,2.549359083175659,184.3484344482422,81.0999984741211,2.3113392,48.8471221,SensorLogger (Pixel 4 XL),2.1066361698677216,6072.319658233415,2.5443118844097152,2.9695949866810016,1915.0
2024-01-21 15:52:59+00:00,1705852378786088000,2461.388087890625,45.0,1.5,1.7068238258361816,17.781999588012695,2.557866096496582,184.2535400390625,81.0999984741211,2.3113383,48.8471034,SensorLogger (Pixel 4 XL),3.4219380484243938,6074.400046001583,2.557243959720332,3.1485601918853194,1916.0
2024-01-21 15:53:00+00:00,1705852379841636000,2462.443635986328,45.0,1.5,1.7236323356628418,17.413999557495117,2.5692241191864014,184.6355133056641,81.0999984741211,2.3113313,48.8470769,SensorLogger (Pixel 4 XL),3.3363027312352758,6077.390909924478,2.5676581242505376,3.181968823121292,1917.0
2024-01-21 15:53:01+00:00,1705852380968958700,2463.5709587402343,45.0,1.5,1.764499545097351,17.322999954223633,2.582932233810425,184.7072906494141,81.0999984741211,2.3113287,48.8470498,SensorLogger (Pixel 4 XL),3.0104560366223954,6080.410470617063,2.5756757971388318,3.157542055316418,1918.0
2024-01-21 15:53:02+00:00,1705852382070015700,2464.672015625,45.0,1.5,1.785630702972412,17.322999954223633,2.5864737033843994,184.6743927001953,81.0999984741211,2.311325,48.8470182,SensorLogger (Pixel 4 XL),3.3863429162293093,6083.934686849889,2.5812036611375904,2.911718136107145,1919.0
2024-01-21 15:53:03+00:00,1705852383125564200,2465.7275642089844,45.0,1.5,1.806397080421448,17.347000122070312,2.583754062652588,184.76705932617188,81.0999984741211,2.3113205,48.8469932,SensorLogger (Pixel 4 XL),3.5977654382734974,6086.734552017466,2.5830190440648417,2.7767230532379434,1920.0
2024-01-21 15:53:04+00:00,1705852384181112300,2466.783112304688,45.0,1.5,1.809426069259644,17.297000885009766,2.579078435897827,185.06858825683597,81.0999984741211,2.311314,48.8469689,SensorLogger (Pixel 4 XL),3.563860330436031,6089.478928863568,2.5820109173183665,2.7171352787063507,1921.0
2024-01-21 15:53:05+00:00,1705852384767528000,2467.369527832031,45.0,1.5,1.809426069259644,17.305999755859375,2.5765106678009038,185.06260681152344,81.0999984741211,2.3113117,48.8469616,SensorLogger (Pixel 4 XL),1.4136499662484958,6090.307915822176,2.5809185215790484,2.6869765613983523,1922.0
2024-01-21 15:53:06+00:00,1705852385958674200,2468.5606740722656,45.0,1.5,1.689490795135498,17.53499984741211,2.5721659660339355,184.5621032714844,81.0999984741211,2.3113088,48.8469369,SensorLogger (Pixel 4 XL),1.5842879826223457,6093.0628035187265,2.5787095516515675,2.4938172970657675,1923.0
2024-01-21 15:53:07+00:00,1705852387037841000,2469.6398408203127,45.0,1.5,1.6264914274215698,17.83300018310547,2.569418430328369,183.79345703125,81.0999984741211,2.3113102,48.8469123,SensorLogger (Pixel 4 XL),1.87114065356944,6095.801145711051,2.5745398987472465,2.283134856514204,1924.0
2024-01-21 15:53:08+00:00,1705852388179662800,2470.781662841797,45.0,1.5,1.618202567100525,18.121000289916992,2.564209461212158,183.1944122314453,81.0999984741211,2.3113106,48.846887,SensorLogger (Pixel 4 XL),1.698392729601986,6098.617554703517,2.566753011807071,2.2378191209541427,1925.0
2024-01-21 15:53:09+00:00,1705852388755155200,2471.357155273437,45.0,1.5,1.618202567100525,18.29599952697754,2.5599570274353027,182.80978393554688,81.0999984741211,2.3113119,48.8468711,SensorLogger (Pixel 4 XL),3.0765964100245573,6100.388111324715,2.5574094990260057,2.115564273336502,1926.0
2024-01-21 15:53:10+00:00,1705852389810703600,2472.4127036132813,45.0,1.5,1.6293622255325315,18.85700035095215,2.5547661781311035,181.9826202392578,81.0999984741211,2.3113163,48.846847,SensorLogger (Pixel 4 XL),3.2918730026285994,6103.092316271841,2.5453990014969627,2.051176813054166,1927.0
2024-01-21 15:53:11+00:00,1705852390983535600,2473.585535644532,45.0,1.5,1.6662904024124146,18.823999404907227,2.543410062789917,181.40939331054688,81.0999984741211,2.311323,48.8468271,SensorLogger (Pixel 4 XL),2.3247776212687343,6105.364162551655,2.53033282832324,2.053007582743726,1928.0
2024-01-21 15:53:12+00:00,1705852392156367400,2474.7583674316406,45.0,1.5,1.715101957321167,18.83300018310547,2.515845775604248,181.52044677734372,81.0999984741211,2.3113257,48.8468032,SensorLogger (Pixel 4 XL),1.207300432705088,6108.03148293294,2.511535601162816,2.0338620695496634,1929.0
2024-01-21 15:53:13+00:00,1705852393211916300,2475.813916259766,45.0,1.5,1.694599986076355,18.826000213623047,2.490885019302368,181.6475830078125,81.0999984741211,2.3113281,48.8467835,SensorLogger (Pixel 4 XL),1.384281990159853,6110.230310925198,2.490837016040936,1.9301942055075476,1930.0
2024-01-21 15:53:14+00:00,1705852394267465000,2476.86946484375,45.0,1.5,1.7217580080032349,18.702999114990234,2.457826852798462,181.61485290527344,81.0999984741211,2.3113306,48.8467634,SensorLogger (Pixel 4 XL),2.6757370701945864,6112.472807642727,2.468426195636607,1.8529691965013937,1931.0
2024-01-21 15:53:15+00:00,1705852394837901300,2477.4399013671878,45.0,1.5,1.7217580080032349,18.756000518798828,2.443047523498535,181.4548797607422,81.0999984741211,2.3113324,48.8467572,SensorLogger (Pixel 4 XL),1.2304238424084184,6113.174685697695,2.4451970076668985,1.7835570074930511,1932.0
2024-01-21 15:53:16+00:00,1705852395971294700,2478.5732946777343,45.0,1.5,1.8132436275482176,18.597999572753903,2.4165728092193604,180.9778289794922,81.0999984741211,2.3113353,48.8467363,SensorLogger (Pixel 4 XL),1.544511064731463,6115.510048712427,2.422087549839637,1.760856689811571,1933.0
2024-01-21 15:53:17+00:00,1705852397066659600,2479.6686596679688,45.0,1.5,2.4630820751190186,18.61599922180176,2.394938468933105,180.7857666015625,81.0999984741211,2.3113361,48.8467157,SensorLogger (Pixel 4 XL),1.5019514194091697,6117.805442744936,2.398562584959017,1.8554164105990658,1934.0
2024-01-21 15:53:18+00:00,1705852398196639000,2480.7986389160155,45.0,1.5,2.532127618789673,18.584999084472656,2.373687982559204,181.0167236328125,81.0999984741211,2.3113356,48.8466943,SensorLogger (Pixel 4 XL),1.5805806166383858,6120.186930091193,2.3757841438190015,1.9841946417999847,1935.0
2024-01-21 15:53:19+00:00,1705852398724232000,2481.3262319335936,45.0,1.5,2.532127618789673,18.488000869750977,2.3620519638061523,181.14830017089844,81.0999984741211,2.3113358,48.8466803,SensorLogger (Pixel 4 XL),2.950755153551098,6121.7437278549205,2.3556783969585835,2.081465800098779,1936.0
2024-01-21 15:53:20+00:00,1705852399897063400,2482.4990634765627,45.0,1.5,1.9479868412017824,18.332000732421875,2.340769529342652,181.5894012451172,81.0999984741211,2.3113356,48.8466608,SensorLogger (Pixel 4 XL),2.433429175446192,6123.912473435741,2.33621932651124,2.0345767460482342,1937.0
2024-01-21 15:53:21+00:00,1705852400952611600,2483.554611572265,45.0,1.5,1.980916976928711,18.23900032043457,2.320612668991089,182.8168029785156,81.0999984741211,2.3113299,48.846642,SensorLogger (Pixel 4 XL),2.200849760932909,6126.044513949819,2.317338364803965,1.951320901162037,1938.0
2024-01-21 15:53:22+00:00,1705852402125442600,2484.727442626953,45.0,1.5,1.977209210395813,17.884000778198242,2.299616813659668,183.4811248779297,81.0999984741211,2.3113256,48.8466194,SensorLogger (Pixel 4 XL),2.3215499390260237,6128.581307973167,2.2978211139661817,1.9106889093184858,1939.0
2024-01-21 15:53:23+00:00,1705852403180990500,2485.782990478516,45.0,1.5,1.987977743148804,17.451000213623047,2.2722628116607666,184.1990966796875,81.0999984741211,2.3113196,48.8466014,SensorLogger (Pixel 4 XL),1.323788938695077,6130.63103158841,2.2801993976351485,1.7920055005730566,1940.0
2024-01-21 15:53:24+00:00,1705852403757687000,2486.359687011719,45.0,1.5,1.987977743148804,17.469999313354492,2.260486125946045,184.5954742431641,81.0999984741211,2.3113166,48.846595,SensorLogger (Pixel 4 XL),1.291383571265775,6131.375768619809,2.2644228861882256,1.7449914017818378,1941.0
2024-01-21 15:53:25+00:00,1705852404857922600,2487.459922607422,45.0,1.5,1.9953864812850952,17.274999618530273,2.253387689590454,184.5054931640625,81.0999984741211,2.3113121,48.8465729,SensorLogger (Pixel 4 XL),1.677183920852272,6133.855796452051,2.2450196143189287,1.7189678314852475,1942.0
2024-01-21 15:53:26+00:00,1705852405998681900,2488.600681884765,45.0,1.5,2.015310049057007,17.302000045776367,2.2337300777435303,184.7179412841797,81.0999984741211,2.3113073,48.8465519,SensorLogger (Pixel 4 XL),1.4597986169676955,6136.218184165185,2.225900890384876,1.599318651195844,1943.0
2024-01-21 15:53:27+00:00,1705852407118070800,2489.7200708007813,45.0,1.5,2.0110533237457275,17.374000549316406,2.220863103866577,184.49606323242188,81.0999984741211,2.3113063,48.8465308,SensorLogger (Pixel 4 XL),1.515324098168629,6138.565548593001,2.2142314610977634,1.7509908318723393,1944.0
2024-01-21 15:53:28+00:00,1705852408216788500,2490.8187885742186,45.0,1.5,1.8862385749816892,17.697999954223633,2.2130165100097656,184.12893676757807,81.0999984741211,2.3113065,48.8465095,SensorLogger (Pixel 4 XL),1.5223091006689928,6140.938192561153,2.2084476615508875,2.038392794049223,1945.0
2024-01-21 15:53:29+00:00,1705852408810576100,2491.412576171875,45.0,1.5,1.8862385749816892,17.788000106811523,2.210569143295288,183.8665313720703,81.0999984741211,2.3113075,48.8464948,SensorLogger (Pixel 4 XL),2.7555378001021618,6142.574395084863,2.210826849829569,2.1520489399673,1946.0
2024-01-21 15:53:30+00:00,1705852409866123000,2492.468123046875,45.0,1.5,2.0703248977661133,17.6299991607666,2.2056686878204346,183.5848693847656,81.0999984741211,2.3113068,48.8464738,SensorLogger (Pixel 4 XL),2.7474062220111914,6144.910962068837,2.223721842744244,2.360857873801082,1947.0
2024-01-21 15:53:31+00:00,1705852410970634800,2493.572634765625,45.0,1.5,2.092341423034668,17.57699966430664,2.1900506019592285,182.4814453125,81.0999984741211,2.3113087,48.8464538,SensorLogger (Pixel 4 XL),2.4773346625602177,6147.139365838455,2.2456974348870995,2.4281730990177697,1948.0
2024-01-21 15:53:32+00:00,1705852412094499300,2494.696499267578,45.0,1.5,2.11472225189209,17.538999557495117,2.250014066696167,181.6194305419922,81.0999984741211,2.3113122,48.8464238,SensorLogger (Pixel 4 XL),2.148365942855644,6150.490699449908,2.271568128965571,2.3679225054310282,1949.0
2024-01-21 15:53:33+00:00,1705852413267328800,2495.869328857422,45.0,1.5,2.117443084716797,17.600000381469727,2.3107552528381348,180.84036254882807,81.0999984741211,2.3113177,48.8463957,SensorLogger (Pixel 4 XL),3.240729958119317,6153.641146790267,2.3002106828387627,2.3636754949057623,1950.0
2024-01-21 15:53:34+00:00,1705852413853743400,2496.455743408203,45.0,1.5,2.0984692573547363,17.700000762939453,2.334895133972168,180.34629821777344,81.0999984741211,2.3113209,48.8463821,SensorLogger (Pixel 4 XL),2.609543096259366,6155.171419395517,2.327587506566125,2.2864873111788704,1951.0
2024-01-21 15:53:35+00:00,1705852414968181000,2497.570180908203,45.0,1.5,1.9723615646362305,18.016000747680664,2.377769708633423,179.85643005371094,81.0999984741211,2.3113268,48.8463564,SensorLogger (Pixel 4 XL),0.951142294829767,6158.069407483759,2.350152983169223,2.286007653501466,1952.0
2024-01-21 15:53:36+00:00,1705852416019438600,2498.6214384765626,45.0,1.5,2.0002074241638184,18.417999267578125,2.4066076278686523,179.49819946289062,81.0999984741211,2.3113321,48.8463293,SensorLogger (Pixel 4 XL),2.3335122638425134,6161.111162209625,2.3662027244654302,2.0750856109185687,1953.0
2024-01-21 15:53:37+00:00,1705852417137664500,2499.739664550781,45.0,1.5,1.9224611520767207,18.496999740600582,2.3977904319763184,179.53282165527344,81.0999984741211,2.3113351,48.8463017,SensorLogger (Pixel 4 XL),1.6880166766284614,6164.194360352387,2.371062679420242,2.1227294692759786,1954.0
2024-01-21 15:53:38+00:00,1705852418193210400,2500.7952104492188,45.0,1.5,1.933385133743286,18.67099952697754,2.3555808067321777,179.28390502929688,81.0999984741211,2.3113363,48.8462765,SensorLogger (Pixel 4 XL),1.7777197472319048,6167.005174579773,2.364302929062662,2.1513103875866992,1955.0
2024-01-21 15:53:39+00:00,1705852418779638300,2501.3816381835936,45.0,1.5,1.934978008270264,18.722999572753903,2.339818000793457,178.87930297851562,81.0999984741211,2.3113386,48.8462627,SensorLogger (Pixel 4 XL),2.6323643662317786,6168.548866750333,2.342682423526897,2.1363622899612533,1956.0
2024-01-21 15:53:40+00:00,1705852419952453000,2502.554453125,45.0,1.5,1.9696202278137207,18.53700065612793,2.312493324279785,177.63418579101562,81.0999984741211,2.3113414,48.8462415,SensorLogger (Pixel 4 XL),2.3254631078064127,6170.915469863333,2.3147098379437328,2.047385010786844,1957.0
2024-01-21 15:53:41+00:00,1705852421125294800,2503.727294921875,45.0,1.5,2.021888732910156,18.371999740600582,2.2770557403564453,178.1293182373047,81.0999984741211,2.3113413,48.8462115,SensorLogger (Pixel 4 XL),2.654859165498935,6174.25153263306,2.284172070188233,2.0612376716465493,1958.0
2024-01-21 15:53:42+00:00,1705852422180826600,2504.7828266601564,45.0,1.5,2.013915061950684,18.25300025939941,2.2466371059417725,178.86038208007812,81.0999984741211,2.3113395,48.846198,SensorLogger (Pixel 4 XL),1.3540325757028353,6175.758469895652,2.2507580448599542,1.9868904107049605,1959.0
2024-01-21 15:53:43+00:00,1705852423236371700,2505.838371826172,45.0,1.5,2.025198221206665,18.190000534057617,2.2052865028381348,179.30055236816406,81.0999984741211,2.3113363,48.846179,SensorLogger (Pixel 4 XL),2.8492366967283247,6177.884721704153,2.2202109121089726,1.8258992440593116,1960.0
2024-01-21 15:53:44+00:00,1705852423822785800,2506.424785888672,45.0,1.5,2.025198221206665,18.200000762939453,2.1944284439086914,179.37216186523438,81.0999984741211,2.3113347,48.8461718,SensorLogger (Pixel 4 XL),1.3797746392276562,6178.693840869441,2.195764484880209,1.7994853496145284,1961.0
2024-01-21 15:53:45+00:00,1705852424937741300,2507.5397412109373,45.0,1.5,2.1150963306427,18.11199951171875,2.1741247177124023,179.8618621826172,81.0999984741211,2.311328,48.8461526,SensorLogger (Pixel 4 XL),1.3576443327926124,6180.890409205267,2.1761392023768473,1.713823115219335,1962.0
2024-01-21 15:53:46+00:00,1705852425968841200,2508.5708413085936,45.0,1.5,2.757154941558838,18.041000366210938,2.158522129058838,180.79116821289065,81.0999984741211,2.3113172,48.846133,SensorLogger (Pixel 4 XL),1.3173880553642994,6183.246959188574,2.1584166334765107,1.70562982211147,1963.0
2024-01-21 15:53:47+00:00,1705852427106703400,2509.7087033691405,45.0,1.5,2.742126703262329,18.274999618530277,2.144658327102661,181.65628051757807,81.0999984741211,2.3113062,48.8461106,SensorLogger (Pixel 4 XL),1.4440073649789857,6185.88527686198,2.145992409158088,1.9502760454968067,1964.0
2024-01-21 15:53:48+00:00,1705852428297992200,2510.8999921875,45.0,1.5,2.071516752243042,18.48200035095215,2.1365060806274414,182.53564453125,81.0999984741211,2.3112947,48.8460866,SensorLogger (Pixel 4 XL),1.7488569197586166,6188.68500221263,2.1375876551839674,2.1160964651481846,1965.0
2024-01-21 15:53:49+00:00,1705852428865944600,2511.467944580078,45.0,1.5,2.0833864212036133,18.711000442504883,2.133871793746948,182.9310302734375,81.0999984741211,2.3112896,48.8460721,SensorLogger (Pixel 4 XL),2.9138918753724314,6190.339955844924,2.133739487617815,2.318691806188096,1966.0
2024-01-21 15:53:50+00:00,1705852429921489200,2512.5234892578123,45.0,1.5,2.2813942432403564,18.944000244140625,2.133075714111328,183.26052856445312,81.0999984741211,2.31128,48.8460519,SensorLogger (Pixel 4 XL),2.516260019432519,6192.69498691567,2.13383176272812,2.3709751746668624,1967.0
2024-01-21 15:53:51+00:00,1705852431094316300,2513.69631640625,45.0,1.5,2.251509666442871,19.274999618530277,2.130764961242676,183.40994262695312,81.0999984741211,2.3112718,48.8460263,SensorLogger (Pixel 4 XL),2.7716396986720393,6195.604133165296,2.1344104915722575,2.470467690498528,1968.0
2024-01-21 15:53:52+00:00,1705852432149860900,2514.751860839844,45.0,1.5,2.289442777633667,19.45199966430664,2.1335906982421875,183.9703063964844,81.0999984741211,2.3112637,48.8460038,SensorLogger (Pixel 4 XL),3.3137350265664844,6198.178831003753,2.137427712134118,2.4823688991824135,1969.0
2024-01-21 15:53:53+00:00,1705852433205405200,2515.8074052734373,45.0,1.5,2.291792631149292,19.437000274658203,2.140371084213257,184.36656188964844,81.0999984741211,2.3112553,48.8459809,SensorLogger (Pixel 4 XL),3.053273892025352,6200.798346207535,2.1432293399966253,2.575164986782267,1970.0
2024-01-21 15:53:54+00:00,1705852433791818500,2516.393818603516,45.0,1.5,2.291792631149292,19.47599983215332,2.144447565078736,184.41329956054688,81.0999984741211,2.3112515,48.8459735,SensorLogger (Pixel 4 XL),1.4811355146496568,6201.666903328088,2.155803404890046,2.5493421833182204,1971.0
2024-01-21 15:53:55+00:00,1705852434964645400,2517.566645263672,45.0,1.5,2.3248469829559326,19.2810001373291,2.157773017883301,184.8347930908203,81.0999984741211,2.3112441,48.8459475,SensorLogger (Pixel 4 XL),1.7868678583327204,6204.609135389007,2.164147120687229,2.377913716538549,1972.0
2024-01-21 15:53:56+00:00,1705852436118694100,2518.7206940917968,45.0,1.5,2.314061164855957,19.298999786376957,2.1539506912231445,184.8712921142578,81.0999984741211,2.3112372,48.8459237,SensorLogger (Pixel 4 XL),1.7709716378458862,6207.310337857284,2.218847411466412,2.0323504078623422,1973.0
2024-01-21 15:53:57+00:00,1705852437193016300,2519.795016357422,45.0,1.5,2.1828930377960205,19.222000122070312,2.1467347145080566,183.9757080078125,81.0999984741211,2.3112364,48.8459008,SensorLogger (Pixel 4 XL),1.6224897226871506,6209.867534883107,2.207066489776347,1.7747997498657846,1974.0
2024-01-21 15:53:58+00:00,1705852437779429600,2520.3814296875,45.0,1.5,2.1828930377960205,19.07900047302246,2.143627643585205,183.6035003662109,81.0999984741211,2.3112372,48.8458864,SensorLogger (Pixel 4 XL),2.7323302679031567,6211.4698116048285,2.138864917884596,1.510766133002087,1975.0
2024-01-21 15:53:59+00:00,1705852438952256300,2521.554256347656,45.0,1.5,2.373739242553711,19.0,2.137836217880249,183.50108337402344,81.0999984741211,2.3112364,48.845864,SensorLogger (Pixel 4 XL),2.456375828056474,6213.961633293375,2.030136207110213,1.3650247700276206,1976.0
2024-01-21 15:54:00+00:00,1705852440125083000,2522.727082763672,45.0,1.5,1.5100678205490112,19.56599998474121,2.099862575531006,182.3802947998047,81.0999984741211,2.311237,48.8458483,SensorLogger (Pixel 4 XL),0.8162197615849455,6215.708087411737,1.896337974449099,1.352840966256666,1977.0
2024-01-21 15:54:01+00:00,1705852441180626700,2523.7826267089845,45.0,1.5,1.530686616897583,19.347000122070312,1.9680981636047363,180.76028442382807,81.0999984741211,2.3112392,48.8458388,SensorLogger (Pixel 4 XL),0.4380151054963057,6217.144056095092,1.7553023583209446,1.4043487444798184,1978.0
2024-01-21 15:54:02+00:00,1705852441767040000,2524.3690400390624,45.0,1.5,1.2729092836380005,18.89699935913086,1.878331542015076,180.5184326171875,81.4000015258789,2.3112411,48.845841,SensorLogger (Pixel 4 XL),0.4798297781338734,6217.425434514777,1.6108473228653177,1.357749008156922,1979.0
2024-01-21 15:54:03+00:00,1705852442939866400,2525.541866455078,45.0,1.5,1.2727049589157104,17.402000427246094,1.017620086669922,181.1153106689453,81.4000015258789,2.3112303,48.8458228,SensorLogger (Pixel 4 XL),1.5609815582010858,6219.599752970845,1.479278252351346,1.401841606607785,1980.0
2024-01-21 15:54:04+00:00,1705852444112692700,2526.714692626953,45.0,1.5,1.281803011894226,16.545000076293945,1.0742686986923218,182.4774627685547,81.4000015258789,2.3112323,48.8458055,SensorLogger (Pixel 4 XL),1.9724441172431149,6221.624641548934,1.3756691350117063,1.5916359219914544,1981.0
2024-01-21 15:54:05+00:00,1705852445168249900,2527.77024975586,45.0,1.5,1.2653247117996216,15.972000122070312,1.179781794548035,181.90711975097656,81.4000015258789,2.3112385,48.8457875,SensorLogger (Pixel 4 XL),2.2939248501564675,6223.719309830383,1.3096420970977234,1.911182512309094,1982.0
2024-01-21 15:54:06+00:00,1705852446178308000,2528.780308105469,45.0,1.5,1.2728378772735596,16.128000259399414,1.2800723314285278,181.5463409423828,81.4000015258789,2.3112404,48.8457707,SensorLogger (Pixel 4 XL),2.0839462529727966,6225.592845872185,1.2878836704055718,2.370382769643247,1983.0
2024-01-21 15:54:07+00:00,1705852447279337200,2529.881337158203,45.0,1.5,1.2832118272781372,16.882999420166016,1.374729871749878,180.19384765625,81.4000015258789,2.3112455,48.845744,SensorLogger (Pixel 4 XL),2.3519336491622616,6228.5891686816185,1.3107356640008851,2.8099871615822822,1984.0
2024-01-21 15:54:08+00:00,1705852447865750300,2530.4677502441405,45.0,1.5,1.2900259494781494,18.152999877929688,1.415546417236328,179.25999450683594,81.4000015258789,2.3112492,48.8457287,SensorLogger (Pixel 4 XL),2.937677252327163,6230.311860812188,1.3755053509414539,2.987003035038538,1985.0
2024-01-21 15:54:09+00:00,1705852448971172000,2531.5731721191405,45.0,1.5,1.3068482875823977,19.18199920654297,1.5356638431549072,179.3931121826172,81.4000015258789,2.3112499,48.8456969,SensorLogger (Pixel 4 XL),3.5702610486580646,6233.850568449321,1.4643081510768297,2.988915726801583,1986.0
2024-01-21 15:54:10+00:00,1705852450094119700,2532.696119628906,45.0,1.5,1.329353094100952,19.774999618530277,1.6403969526290894,179.2255401611328,81.4000015258789,2.3112485,48.8456577,SensorLogger (Pixel 4 XL),4.0404414847986985,6238.210661308786,1.5749970799657635,2.9903932897042727,1987.0
2024-01-21 15:54:11+00:00,1705852451266945800,2533.868945800781,45.0,1.5,1.3314504623413086,20.08300018310547,1.6777939796447754,177.20542907714844,81.4000015258789,2.3112494,48.8456247,SensorLogger (Pixel 4 XL),3.557585826303133,6241.881759138978,1.6029197565570759,2.9885293634364154,1988.0
2024-01-21 15:54:12+00:00,1705852451816615200,2534.418615234375,45.0,1.5,1.3314504623413086,20.125,1.665549874305725,175.48204040527344,81.4000015258789,2.311252,48.8456133,SensorLogger (Pixel 4 XL),2.3319864410852706,6243.163579794063,1.613400953064146,3.077098259408114,1989.0
2024-01-21 15:54:13+00:00,1705852452908902100,2535.510902099609,45.0,1.5,1.3469014167785645,20.145000457763672,1.6096184253692627,171.47210693359375,81.4000015258789,2.3112584,48.845586,SensorLogger (Pixel 4 XL),2.022172100404569,6246.246564406601,1.6098859816115452,2.9956300448874895,1990.0
2024-01-21 15:54:14+00:00,1705852454096440000,2536.698440185547,45.0,1.5,1.3828039169311523,19.825000762939453,1.5552741289138794,166.8247833251953,81.4000015258789,2.3112705,48.8455575,SensorLogger (Pixel 4 XL),2.1104045240238043,6249.537006426033,1.5905659354110733,2.9268956708957,1991.0
2024-01-21 15:54:15+00:00,1705852455198302700,2537.800302734375,45.0,1.5,1.5983558893203735,19.44499969482422,1.4928147792816162,161.5800018310547,81.4000015258789,2.311287,48.8455312,SensorLogger (Pixel 4 XL),2.8289522631754935,6252.700941017159,1.5580159025494413,2.741208129900208,1992.0
2024-01-21 15:54:16+00:00,1705852455723690200,2538.325690185547,45.0,1.5,1.5983558893203735,19.101999282836918,1.4810025691986084,158.72085571289062,81.4000015258789,2.3112995,48.8455161,SensorLogger (Pixel 4 XL),3.6392861442658315,6254.612974646636,1.5125963443005328,2.5211116418327744,1993.0
2024-01-21 15:54:17+00:00,1705852456896516000,2539.4985161132813,45.0,1.5,1.4918270111083984,18.74799919128418,1.5063799619674685,153.00245666503906,81.4000015258789,2.3113208,48.8454933,SensorLogger (Pixel 4 XL),2.804129517692558,6257.593501783954,1.471957440397866,2.373056525513271,1994.0
2024-01-21 15:54:18+00:00,1705852457952059100,2540.5540590820315,45.0,1.5,1.4328323602676392,18.465999603271484,1.4878681898117063,147.89532470703125,81.4000015258789,2.3113472,48.8454718,SensorLogger (Pixel 4 XL),2.9880300916158555,6260.671683001166,1.444577868707587,2.482248750284405,1995.0
2024-01-21 15:54:19+00:00,1705852459124885000,2541.7268850097657,45.0,1.5,1.4459856748580933,18.5310001373291,1.437664031982422,143.12936401367188,81.4000015258789,2.311371,48.8454522,SensorLogger (Pixel 4 XL),1.5632816436176686,6263.463349009855,1.4316301724490077,2.602498337885262,1996.0
2024-01-21 15:54:20+00:00,1705852460180428000,2542.7824279785154,45.0,1.5,1.4532171487808228,18.613000869750977,1.3941082954406738,139.71267700195312,81.4000015258789,2.3113928,48.8454364,SensorLogger (Pixel 4 XL),2.730164469152549,6265.836468434927,1.433922981137072,2.543985211284322,1997.0
2024-01-21 15:54:21+00:00,1705852460777578500,2543.3795786132814,45.0,1.5,1.4532171487808228,18.61199951171875,1.3980311155319214,138.93234252929688,81.4000015258789,2.311402,48.84543,SensorLogger (Pixel 4 XL),1.6405048884109572,6266.816097569546,1.44433543228996,2.4683499846759407,1998.0
2024-01-21 15:54:22+00:00,1705852461939666400,2544.541666503906,45.0,1.5,1.470111608505249,18.575000762939453,1.4395064115524292,137.27761840820312,81.4000015258789,2.3114296,48.8454129,SensorLogger (Pixel 4 XL),2.132825956525339,6269.590202614931,1.4637632426093685,2.3416126418752294,1999.0
2024-01-21 15:54:23+00:00,1705852463112492000,2545.7144919433595,45.0,1.5,1.4844741821289062,18.674999237060547,1.49285626411438,135.8742218017578,81.4000015258789,2.3114636,48.8453953,SensorLogger (Pixel 4 XL),2.8382181578679604,6272.755935655049,1.4865472581052213,2.27589670772932,2000.0
2024-01-21 15:54:24+00:00,1705852464168035000,2546.77003515625,45.0,1.5,1.4947322607040403,18.40699958801269,1.5323467254638672,136.3477020263672,81.4000015258789,2.3114925,48.8453786,SensorLogger (Pixel 4 XL),3.381670917429793,6275.573807874236,1.5172125117271815,2.4267463349050358,2001.0
2024-01-21 15:54:25+00:00,1705852465177089000,2547.779089111328,45.0,1.5,1.4773330688476562,18.12299919128418,1.5754400491714478,136.6949920654297,81.4000015258789,2.3115153,48.845365,SensorLogger (Pixel 4 XL),2.137794609958741,6277.826072510838,1.5565074658501823,2.4898036622289546,2002.0
2024-01-21 15:54:26+00:00,1705852466279121000,2548.881120849609,45.0,1.5,1.5100431442260742,18.003999710083008,1.6203086376190186,135.36497497558594,81.4000015258789,2.3115455,48.8453488,SensorLogger (Pixel 4 XL),2.012183455020893,6280.684070003891,1.6003305120166158,2.6124916268330534,2003.0
2024-01-21 15:54:27+00:00,1705852466865533400,2549.467533447266,45.0,1.5,1.5173726081848145,18.04800033569336,1.642820119857788,134.21429443359375,81.4000015258789,2.3115635,48.8453406,SensorLogger (Pixel 4 XL),2.731833936450134,6282.286050206233,1.6461354884626727,2.5984842107378885,2004.0
2024-01-21 15:54:28+00:00,1705852467972640000,2550.574639892578,45.0,1.5,1.5336284637451172,17.790000915527344,1.6933026313781738,131.61056518554688,81.4000015258789,2.3115989,48.8453298,SensorLogger (Pixel 4 XL),2.420171474182306,6285.141343593626,1.6898724230166564,2.5661027596784045,2005.0
2024-01-21 15:54:29+00:00,1705852469093901800,2551.695901855469,45.0,1.5,1.542289972305298,17.56999969482422,1.7182409763336182,130.81668090820312,81.4000015258789,2.3116356,48.8453161,SensorLogger (Pixel 4 XL),2.7220772024692783,6288.230783066418,1.729772505501286,2.489571269285932,2006.0
2024-01-21 15:54:30+00:00,1705852470266727400,2552.8687275390625,45.0,1.5,1.5562198162078855,17.60700035095215,1.7582645416259766,131.43411254882812,81.4000015258789,2.3116668,48.8453015,SensorLogger (Pixel 4 XL),2.968667327280564,6291.0386521700075,1.7692172201510563,2.4314737004330955,2007.0
2024-01-21 15:54:31+00:00,1705852470838965200,2553.4409653320317,45.0,1.5,1.5562198162078855,17.524999618530273,1.77792489528656,132.0396728515625,81.4000015258789,2.3116792,48.8452944,SensorLogger (Pixel 4 XL),2.1018623261424523,6292.241417663795,1.8055621180599188,2.4167809822535533,2008.0
2024-01-21 15:54:32+00:00,1705852471968920000,2554.570920166016,45.0,1.5,1.578544855117798,17.386999130249023,1.829410195350647,134.0925750732422,81.4000015258789,2.3117084,48.8452736,SensorLogger (Pixel 4 XL),2.4619072365652133,6295.390235856515,1.8357403219015989,2.5041816073168444,2009.0
2024-01-21 15:54:33+00:00,1705852473099458300,2555.701458251953,45.0,1.5,1.5724570751190186,17.18600082397461,1.885403633117676,137.0410919189453,81.4000015258789,2.311733,48.8452491,SensorLogger (Pixel 4 XL),2.3194168937203554,6298.695514570379,1.8571764068905683,2.5911349771394803,2010.0
2024-01-21 15:54:34+00:00,1705852474198682000,2556.8006821289064,45.0,1.5,1.5809028148651123,17.145999908447266,1.900375843048096,141.3690643310547,81.4000015258789,2.3117456,48.845224,SensorLogger (Pixel 4 XL),1.928322048608003,6301.656937121322,1.8727136494347514,2.5784532034662204,2011.0
2024-01-21 15:54:35+00:00,1705852474723466000,2557.325466064453,45.0,1.5,1.5809028148651123,17.14699935913086,1.89256489276886,143.4930419921875,81.4000015258789,2.3117528,48.8452099,SensorLogger (Pixel 4 XL),3.151789341704032,6303.310945739218,1.8720995195311216,2.6430005830125345,2012.0
2024-01-21 15:54:36+00:00,1705852475896292400,2558.4982922363283,45.0,1.5,1.5777055025100708,17.39699935913086,1.889647364616394,147.53224182128906,81.4000015258789,2.3117554,48.845187,SensorLogger (Pixel 4 XL),2.5584810814523893,6305.867725487584,1.8653557937069816,2.4532267529407616,2013.0
2024-01-21 15:54:37+00:00,1705852477069118500,2559.6711184082037,45.0,1.5,1.5895206928253174,17.510000228881836,1.8504250049591064,151.53224182128906,81.4000015258789,2.3117598,48.8451629,SensorLogger (Pixel 4 XL),2.445755032813654,6308.579232688125,1.851751370020052,2.382393336355707,2014.0
2024-01-21 15:54:38+00:00,1705852478124662500,2560.7266625976563,45.0,1.5,1.6103397607803345,17.601999282836914,1.821442484855652,155.3909912109375,81.4000015258789,2.3117606,48.8451413,SensorLogger (Pixel 4 XL),2.7220974763418253,6310.983548935915,1.8332896841057922,2.2566880128327322,2015.0
2024-01-21 15:54:39+00:00,1705852479180206300,2561.782206298828,45.0,1.5,1.6273459196090698,17.62299919128418,1.7900253534317017,159.46322631835938,81.4000015258789,2.3117583,48.8451199,SensorLogger (Pixel 4 XL),2.808232051905523,6313.382247884561,1.8095326133443315,2.0831280746433976,2016.0
2024-01-21 15:54:40+00:00,1705852479766620000,2562.368619873047,45.0,1.5,1.6273459196090698,17.70400047302246,1.7768876552581787,161.48074340820312,81.4000015258789,2.311754,48.8451124,SensorLogger (Pixel 4 XL),1.5200006384676807,6314.273597538968,1.7853103178119323,1.9035905301418385,2017.0
2024-01-21 15:54:41+00:00,1705852480957709800,2563.559709716797,45.0,1.5,1.6298828125,17.888999938964844,1.7299293279647827,166.63616943359375,81.4000015258789,2.3117442,48.8450943,SensorLogger (Pixel 4 XL),1.47493647511142,6316.453217902854,1.766825781688441,1.7797566960768254,2018.0
2024-01-21 15:54:42+00:00,1705852482037009400,2564.639009521484,45.0,1.5,1.647818088531494,17.94099998474121,1.768297553062439,168.51931762695312,81.4000015258789,2.3117427,48.8450745,SensorLogger (Pixel 4 XL),0.4870749197116803,6318.692696010454,1.7547627569863256,1.6860104492502983,2019.0
2024-01-21 15:54:43+00:00,1705852483167817700,2565.769817626953,45.0,1.5,1.8740733861923216,18.089000701904297,1.7620081901550293,170.1002960205078,81.4000015258789,2.3117451,48.8450504,SensorLogger (Pixel 4 XL),2.2031111869985924,6321.378338283815,1.7483266538084994,1.7387093349943585,2020.0
2024-01-21 15:54:44+00:00,1705852484223362000,2566.825362060547,45.0,1.5,1.8693790435791016,18.14900016784668,1.7496552467346191,172.05320739746094,81.4000015258789,2.3117434,48.8450379,SensorLogger (Pixel 4 XL),1.212999734700197,6322.774445594476,1.7487801145104895,1.7268576832540705,2021.0
2024-01-21 15:54:45+00:00,1705852484809775600,2567.411775634765,45.0,1.5,1.8758556842803955,18.107999801635746,1.746584415435791,172.89610290527344,81.4000015258789,2.3117424,48.8450268,SensorLogger (Pixel 4 XL),2.1084610018156127,6324.010876644395,1.7519956569326502,1.658002642832228,2022.0
2024-01-21 15:54:46+00:00,1705852485982603000,2568.584603027344,45.0,1.5,1.782341241836548,17.788999557495117,1.746806025505066,174.18360900878906,81.4000015258789,2.311742,48.8450092,SensorLogger (Pixel 4 XL),1.9289524666082216,6325.968147638631,1.7573693778180521,1.779498809939347,2023.0
2024-01-21 15:54:47+00:00,1705852487038147600,2569.640147705078,45.0,1.5,1.731887936592102,17.649999618530273,1.764133095741272,174.17428588867188,81.4000015258789,2.3117486,48.8449881,SensorLogger (Pixel 4 XL),2.578796823797285,6328.363606355959,1.76340764949765,1.9493297032441135,2024.0
2024-01-21 15:54:48+00:00,1705852488210975200,2570.812975341797,45.0,1.5,1.7409549951553345,17.631999969482422,1.7769620418548584,174.85003662109375,81.4000015258789,2.3117521,48.8449687,SensorLogger (Pixel 4 XL),2.325141827668774,6330.543938459464,1.770261390176843,2.0097869657926455,2025.0
2024-01-21 15:54:49+00:00,1705852488758216000,2571.3602158203125,45.0,1.5,1.7409549951553345,17.673999786376953,1.7797179222106934,175.34030151367188,81.4000015258789,2.3117524,48.844961,SensorLogger (Pixel 4 XL),1.5650916715972263,6331.40042079092,1.77216653856218,1.9950781165128322,2026.0
2024-01-21 15:54:50+00:00,1705852489863457500,2572.465457519532,45.0,1.5,1.7486491203308103,17.71299934387207,1.7815556526184082,176.5799560546875,81.4000015258789,2.3117501,48.8449428,SensorLogger (Pixel 4 XL),1.2633664929003683,6333.434338212272,1.7777279679052524,1.7136604247983187,2027.0
2024-01-21 15:54:51+00:00,1705852491002995000,2573.604994873047,45.0,1.5,1.7593625783920288,18.007999420166016,1.7835930585861206,177.7874755859375,81.4000015258789,2.3117473,48.8449228,SensorLogger (Pixel 4 XL),1.5154675041584285,6335.669691655835,1.782569359546343,1.6259110200134912,2028.0
2024-01-21 15:54:52+00:00,1705852492198589400,2574.8005893554687,45.0,1.5,1.7825732231140137,18.183000564575195,1.7856402397155762,178.53675842285156,81.4000015258789,2.3117462,48.8448981,SensorLogger (Pixel 4 XL),2.4089668621871168,6338.417402433702,1.7873907498105175,1.5303559746911513,2029.0
2024-01-21 15:54:53+00:00,1705852492785003500,2575.387003417969,45.0,1.5,1.7825732231140137,18.073999404907227,1.788888931274414,178.74754333496094,81.4000015258789,2.311745,48.8448912,SensorLogger (Pixel 4 XL),1.3169089176443798,6339.189656259733,1.7910873811169543,1.4888517565127843,2030.0
2024-01-21 15:54:54+00:00,1705852493957831700,2576.559831787109,45.0,1.5,1.7926477193832395,17.9689998626709,1.7879512310028076,178.96084594726562,81.4000015258789,2.311741,48.8448728,SensorLogger (Pixel 4 XL),1.2594616280172815,6341.2659481385745,1.8062532054892588,1.4628030490728674,2031.0
2024-01-21 15:54:55+00:00,1705852495076932400,2577.678932373047,45.0,1.5,1.8027435541152956,17.72599983215332,1.7898868322372437,178.9281768798828,81.4000015258789,2.3117393,48.8448566,SensorLogger (Pixel 4 XL),0.9664885537867153,6343.0723254614795,1.814888249263514,1.6173016706889427,2032.0
2024-01-21 15:54:56+00:00,1705852496198378000,2578.800377929688,45.0,1.5,1.814977765083313,17.554000854492188,1.7947016954421997,178.42283630371094,81.4000015258789,2.3117402,48.8448386,SensorLogger (Pixel 4 XL),1.1780034939003101,6345.0785259997065,1.8186701849035642,1.7846405581274194,2033.0
2024-01-21 15:54:57+00:00,1705852496772619300,2579.374619384765,45.0,1.5,1.814977765083313,17.530000686645508,1.796158790588379,178.0000457763672,81.4000015258789,2.3117421,48.844826,SensorLogger (Pixel 4 XL),2.451824259735439,6346.4864640144415,1.8101170178452324,1.9216133266182207,2034.0
2024-01-21 15:54:58+00:00,1705852497828164900,2580.430164794922,45.0,1.5,1.8351906538009644,17.777999877929688,1.806737780570984,178.48374938964844,81.4000015258789,2.311741,48.8448077,SensorLogger (Pixel 4 XL),2.5305051064145436,6348.522976168773,1.7715782290670221,1.9072443433912514,2035.0
2024-01-21 15:54:59+00:00,1705852498966648000,2581.5686479492188,45.0,1.5,1.8486756086349487,18.854999542236328,1.7938957214355469,180.4474334716797,81.4000015258789,2.3117315,48.8447946,SensorLogger (Pixel 4 XL),1.8389030442217542,6350.137151880828,1.712979444982788,1.9353841666316902,2036.0
2024-01-21 15:55:00+00:00,1705852499470124800,2582.0721247558595,45.0,1.5,1.8486756086349487,19.48200035095215,1.7850137948989868,181.9247589111328,81.4000015258789,2.3117245,48.8447854,SensorLogger (Pixel 4 XL),2.2723481948522775,6351.281226932928,1.6532262696400033,1.9820228845842816,2037.0
2024-01-21 15:55:01+00:00,1705852501229367800,2583.831367919922,45.0,1.5,1.3033936023712158,19.30599975585937,1.5877559185028076,181.90921020507807,82.5,2.3116993,48.8447622,SensorLogger (Pixel 4 XL),2.400749169499356,6354.492631814761,1.5872373792380854,2.0091070858722406,2038.0
2024-01-21 15:55:02+00:00,1705852501798639400,2584.4006394042967,45.0,1.5,1.3033936023712158,18.61000061035156,1.509983777999878,181.6942138671875,82.5,2.3116891,48.8447566,SensorLogger (Pixel 4 XL),1.707528339336693,6355.464678180024,1.5222988997109956,1.936689946420333,2039.0
2024-01-21 15:55:03+00:00,1705852502937436000,2585.5394357910154,45.0,1.5,1.3172332048416138,17.051000595092773,1.3740843534469604,181.0357360839844,82.5,2.311672,48.8447396,SensorLogger (Pixel 4 XL),1.6879017808036973,6357.732721689986,1.4637752264333606,1.8200503882258279,2040.0
2024-01-21 15:55:04+00:00,1705852503965995300,2586.567995361328,45.0,1.5,1.3103262186050415,14.819000244140623,1.2577351331710815,180.2005157470703,82.5,2.3116621,48.8447244,SensorLogger (Pixel 4 XL),1.1059788064846383,6359.573482215354,1.4178752973608377,1.724988870259586,2041.0
2024-01-21 15:55:05+00:00,1705852505099702000,2587.701701904297,45.0,1.5,1.3222832679748535,12.022000312805176,1.3473304510116575,179.9972381591797,82.5,2.3116576,48.8447027,SensorLogger (Pixel 4 XL),1.9054012119234394,6362.010209226842,1.3829041825160795,1.8146501530058192,2042.0
2024-01-21 15:55:06+00:00,1705852506272530400,2588.874530517578,45.0,1.5,1.3385599851608276,11.361000061035156,1.4402906894683838,179.75123596191406,82.5,2.3116576,48.8446799,SensorLogger (Pixel 4 XL),1.4412016312583393,6364.548454100201,1.367584010270933,1.8641356861457872,2043.0
2024-01-21 15:55:07+00:00,1705852506858944500,2589.460944580078,45.0,1.5,1.3479728698730469,10.963000297546388,1.400797724723816,179.41921997070312,82.5,2.3116594,48.8446674,SensorLogger (Pixel 4 XL),2.3808503271180674,6365.944618063927,1.3767054521120585,1.8635740339292375,2044.0
2024-01-21 15:55:08+00:00,1705852507976027400,2590.57802734375,45.0,1.5,1.1866854429244995,11.746000289916992,1.4489802122116089,178.63818359375,83.5,2.3116645,48.8446474,SensorLogger (Pixel 4 XL),1.7310890443911349,6368.200342679701,1.4144009262188604,1.9470434833220729,2045.0
2024-01-21 15:55:09+00:00,1705852509087318300,2591.689318359375,45.0,1.5,1.1945812702178955,13.668999671936035,1.478761911392212,177.13009643554688,83.5,2.3116723,48.8446255,SensorLogger (Pixel 4 XL),2.5154101654146364,6370.701557967342,1.459395906720234,2.036904219545651,2046.0
2024-01-21 15:55:10+00:00,1705852510260146400,2592.862146484375,45.0,1.5,1.2083992958068848,15.508999824523926,1.5055583715438845,175.04122924804688,83.5,2.311686,48.844604,SensorLogger (Pixel 4 XL),2.5925184419438185,6373.293972568671,1.5117419468331743,2.1568671953321616,2047.0
2024-01-21 15:55:11+00:00,1705852510846560500,2593.448560546875,45.0,1.5,1.229196548461914,16.395999908447266,1.5141220092773438,173.69862365722656,83.5,2.3116959,48.8445937,SensorLogger (Pixel 4 XL),2.3109985174817482,6374.649174453301,1.560802002622,2.2782491226526447,2048.0
2024-01-21 15:55:12+00:00,1705852511967832800,2594.569832763672,45.0,1.5,1.3809325695037842,17.58099937438965,1.5889464616775513,172.537353515625,83.5,2.3117127,48.844572,SensorLogger (Pixel 4 XL),1.5894466306913484,6377.381109036754,1.5964232426423377,2.301689721711348,2049.0
2024-01-21 15:55:13+00:00,1705852513038230500,2595.64023046875,45.0,1.5,1.3812912702560425,19.04400062561035,1.6580137014389038,171.6178436279297,83.5,2.3117287,48.8445467,SensorLogger (Pixel 4 XL),2.3512336245436556,6380.4283180556,1.6402189265549,2.5053786584146884,2050.0
2024-01-21 15:55:14+00:00,1705852514137928200,2596.739928222656,45.0,1.5,1.315529704093933,18.66699981689453,1.7089219093322754,170.31887817382812,83.5,2.311746,48.844519,SensorLogger (Pixel 4 XL),2.57305208384717,6383.76280502535,1.692703950027544,2.7452219565648743,2051.0
2024-01-21 15:55:15+00:00,1705852515186027000,2597.7880270996093,45.0,1.5,1.257602572441101,18.47599983215332,1.7565516233444214,168.55917358398438,83.5,2.3117662,48.8444916,SensorLogger (Pixel 4 XL),2.5564148489416474,6387.160550977107,1.7395331283500386,2.8571679658994023,2052.0
2024-01-21 15:55:16+00:00,1705852515772447500,2598.3744475097656,45.0,1.5,1.257602572441101,18.302000045776367,1.7769702672958374,167.4490203857422,83.5,2.3117786,48.8444756,SensorLogger (Pixel 4 XL),3.4056771466439897,6389.157711575119,1.7882776265770157,2.984043977967839,2053.0
2024-01-21 15:55:17+00:00,1705852516945276400,2599.547276367188,45.0,1.5,1.2940267324447632,17.920000076293945,1.836738467216492,166.05899047851562,83.5,2.3117991,48.8444488,SensorLogger (Pixel 4 XL),3.118615428318126,6392.49448316536,1.8375267328719849,3.115298495345524,2054.0
2024-01-21 15:55:18+00:00,1705852517499848400,2600.101848388672,45.0,1.5,1.2940267324447632,17.851999282836914,1.8739761114120483,165.45143127441406,83.5,2.3118102,48.8444333,SensorLogger (Pixel 4 XL),3.435693386977988,6394.399822518363,1.8838284973645205,3.250944867574219,2055.0
2024-01-21 15:55:19+00:00,1705852519173652000,2601.775651855469,45.0,1.5,1.3149125576019287,17.7549991607666,1.9344382286071775,163.7030029296875,83.5,2.3118446,48.8443892,SensorLogger (Pixel 4 XL),4.119344377776433,6399.913857244396,1.925152007702799,3.3038918135655355,2056.0
2024-01-21 15:55:20+00:00,1705852519760066600,2602.3620666503907,45.0,1.5,1.322454571723938,17.812999725341797,1.952186226844788,162.72805786132812,83.5,2.3118585,48.8443745,SensorLogger (Pixel 4 XL),3.2830236736953977,6401.839071572006,1.9653976860089646,3.18316257574382,2057.0
2024-01-21 15:55:21+00:00,1705852520932895500,2603.5348955078125,45.0,1.5,1.3289368152618408,17.83099937438965,1.994909405708313,161.8489990234375,83.5,2.3118826,48.8443491,SensorLogger (Pixel 4 XL),1.7972937748550488,6405.179301672346,2.002225075264333,3.0194700467506275,2058.0
2024-01-21 15:55:22+00:00,1705852522105725000,2604.707724853516,45.0,1.5,1.3172527551651,17.92799949645996,2.0404038429260254,161.42234802246094,83.5,2.3119067,48.8443166,SensorLogger (Pixel 4 XL),3.4687462792132746,6409.205073589818,2.034551362106714,2.726162453537955,2059.0
2024-01-21 15:55:23+00:00,1705852523278553900,2605.880553955078,45.0,1.5,1.337185621261597,18.145000457763672,2.0743887424468994,161.2353057861328,83.5,2.3119242,48.8442898,SensorLogger (Pixel 4 XL),2.370323740101832,6412.448657152748,2.060220516860766,2.4613306728663584,2060.0
2024-01-21 15:55:24+00:00,1705852523796835000,2606.3988349609376,45.0,1.5,1.337185621261597,18.10400009155273,2.0910913944244385,161.18133544921875,83.5,2.3119314,48.8442793,SensorLogger (Pixel 4 XL),2.4714893911580775,6413.729583145887,2.081036297336434,2.280160378402699,2061.0
2024-01-21 15:55:25+00:00,1705852524899164000,2607.50116381836,45.0,1.5,1.3515443801879885,18.020999908447266,2.1170337200164795,160.2899932861328,83.5,2.3119486,48.8442544,SensorLogger (Pixel 4 XL),2.0423011857690576,6416.772031104586,2.0997633199346666,2.250926517373204,2062.0
2024-01-21 15:55:26+00:00,1705852526038082300,2608.640082275391,45.0,1.5,1.3667508363723757,18.05299949645996,2.108299016952514,158.65145874023438,83.5,2.3119681,48.8442325,SensorLogger (Pixel 4 XL),1.8754454002296301,6419.603322073019,2.1104590604747697,2.141888161700465,2063.0
2024-01-21 15:55:27+00:00,1705852527117208300,2609.719208251953,45.0,1.5,1.3836109638214111,18.113000869750977,2.097940444946289,157.22572326660156,83.5,2.3119875,48.8442125,SensorLogger (Pixel 4 XL),1.7589970481167325,6422.242037559707,2.1174675994329437,2.3079851432432084,2064.0
2024-01-21 15:55:28+00:00,1705852528204434200,2610.806434082031,45.0,1.5,1.396254062652588,17.909000396728516,2.1061761379241943,155.9105682373047,83.5,2.3120091,48.8441906,SensorLogger (Pixel 4 XL),1.872902289304051,6425.154221404173,2.121484769415543,2.456577953465567,2065.0
2024-01-21 15:55:29+00:00,1705852528790848300,2611.3928481445314,45.0,1.5,1.396254062652588,17.941999435424805,2.1110050678253174,155.16217041015625,83.5,2.3120234,48.8441775,SensorLogger (Pixel 4 XL),3.0585415614201517,6426.947792995372,2.121574531529295,2.410196434794827,2066.0
2024-01-21 15:55:30+00:00,1705852529963676700,2612.5656767578125,45.0,1.5,1.4103147983551023,18.069000244140625,2.141991138458252,154.42999267578125,83.5,2.3120429,48.8441551,SensorLogger (Pixel 4 XL),2.827902564899653,6429.818962294723,2.1189291595873363,2.5368846322452963,2067.0
2024-01-21 15:55:31+00:00,1705852531019222000,2613.621221923828,45.0,1.5,1.4202945232391355,17.945999145507812,2.120225191116333,154.52687072753906,83.5,2.3120618,48.844129,SensorLogger (Pixel 4 XL),3.24139003723287,6433.040065356233,2.113590941709642,2.4087361220491377,2068.0
2024-01-21 15:55:32+00:00,1705852531617701400,2614.219701416016,45.0,1.5,1.4202945232391355,17.934999465942383,2.091176986694336,154.85789489746094,83.5,2.3120664,48.8441204,SensorLogger (Pixel 4 XL),1.6939507494312493,6434.053859306801,2.104353959959568,2.2024033514887806,2069.0
2024-01-21 15:55:33+00:00,1705852533247595500,2615.8495954589844,45.0,1.5,1.4368592500686646,17.857999801635742,2.0990381240844727,154.81338500976562,83.5,2.3120891,48.8440868,SensorLogger (Pixel 4 XL),3.0332571979585867,6438.142796757569,2.095161756239337,2.038365369359248,2070.0
2024-01-21 15:55:34+00:00,1705852533797219600,2616.399219482422,45.0,1.5,1.4368592500686646,17.785999298095703,2.105423927307129,154.7144317626953,83.5,2.312094,48.844079,SensorLogger (Pixel 4 XL),1.7075681611339333,6439.081317200565,2.0821997015724465,1.8653934150486071,2071.0
2024-01-21 15:55:35+00:00,1705852534889554700,2617.4915546875,45.0,1.5,1.4498025178909302,17.704999923706055,2.0605223178863525,154.27304077148438,83.5,2.3121081,48.8440619,SensorLogger (Pixel 4 XL),1.2379803593096916,6441.2456684002145,2.0653061441706426,1.6507256326070263,2072.0
2024-01-21 15:55:36+00:00,1705852536018877700,2618.620877685547,45.0,1.5,1.4706965684890747,17.766000747680664,2.037872552871704,154.23330688476562,83.5,2.3121205,48.8440467,SensorLogger (Pixel 4 XL),1.0152157949294789,6443.165756676394,2.0456929779700133,1.4331361195605108,2073.0
2024-01-21 15:55:37+00:00,1705852537117915000,2619.719914794922,45.0,1.5,1.4792520999908447,17.816999435424805,2.017561435699463,154.00839233398438,83.5,2.3121314,48.8440317,SensorLogger (Pixel 4 XL),0.22891191011703235,6445.03621153076,2.023790928249456,1.4393353266164688,2074.0
2024-01-21 15:55:38+00:00,1705852538173472800,2620.77547265625,45.0,1.5,1.4931390285491943,17.809999465942383,2.00121808052063,153.3554229736328,83.5,2.3121458,48.844016,SensorLogger (Pixel 4 XL),1.337867086451965,6447.103877618692,2.006459305728733,1.4605754579832921,2075.0
2024-01-21 15:55:39+00:00,1705852538759886600,2621.361886474609,45.0,1.5,1.4975136518478394,17.972999572753906,1.9944026470184328,152.7881317138672,83.5,2.3121571,48.8440055,SensorLogger (Pixel 4 XL),2.439778072746291,6448.534597637444,1.9889244680491074,1.5398086814312153,2076.0
2024-01-21 15:55:40+00:00,1705852539932714500,2622.5347145996093,45.0,1.5,1.5093971490859983,17.816999435424805,1.9717472791671755,151.58914184570312,83.5,2.3121727,48.8439925,SensorLogger (Pixel 4 XL),1.9554630594353182,6450.378208421167,1.97065701279706,1.5679673237913927,2077.0
2024-01-21 15:55:41+00:00,1705852540988259600,2623.5902595214843,45.0,1.5,1.5325828790664673,17.95599937438965,1.9568991661071775,150.75938415527344,83.5,2.3121889,48.8439801,SensorLogger (Pixel 4 XL),1.8442285663039493,6452.196676054506,1.95878019473133,1.7953043670015356,2078.0
2024-01-21 15:55:42+00:00,1705852542161087700,2624.763087646485,45.0,1.5,1.667595386505127,17.7549991607666,1.9378902912139893,150.7805633544922,83.5,2.3122054,48.8439627,SensorLogger (Pixel 4 XL),2.0326041446824594,6454.479072939842,1.9522253110937506,1.8348996842727128,2079.0
2024-01-21 15:55:43+00:00,1705852542669357000,2625.2713571777344,45.0,1.5,1.674770712852478,17.69700050354004,1.9304676055908203,150.9149169921875,83.5,2.312213,48.8439542,SensorLogger (Pixel 4 XL),2.1576104027143255,6455.575719421619,1.9402383903572566,1.8312830884346014,2080.0
2024-01-21 15:55:44+00:00,1705852543798376200,2626.400376220703,45.0,1.5,1.674770712852478,17.56599998474121,1.9335689544677732,150.1794891357422,83.5,2.3122266,48.8439436,SensorLogger (Pixel 4 XL),1.366354353153295,6457.118359447062,1.9264532967390622,1.7742282027829537,2081.0
2024-01-21 15:55:45+00:00,1705852544936692000,2627.5386918945314,45.0,1.5,1.5553017854690552,17.64699935913086,1.9211784601211548,148.65704345703125,83.5,2.3122461,48.8439297,SensorLogger (Pixel 4 XL),1.3504361628566974,6459.230365104211,1.9111343916724812,1.580456844031743,2082.0
2024-01-21 15:55:46+00:00,1705852545970269000,2628.572269042969,45.0,1.5,1.5864384174346924,17.695999145507812,1.9191291332244875,148.3959197998047,83.5,2.3122618,48.8439149,SensorLogger (Pixel 4 XL),1.9418523232992848,6461.23741900297,1.8960456813622484,1.5373016536703195,2083.0
2024-01-21 15:55:47+00:00,1705852547086966300,2629.688966308593,45.0,1.5,1.5980844497680664,18.160999298095703,1.913177490234375,147.7330322265625,83.5,2.312282,48.8438979,SensorLogger (Pixel 4 XL),1.3648214856452758,6463.640871404553,1.8807541409229362,1.5820778686579762,2084.0
2024-01-21 15:55:48+00:00,1705852548259794700,2630.8617946777345,45.0,1.5,1.6085339784622192,18.5629997253418,1.8678789138793943,147.42306518554688,83.5,2.3122983,48.8438834,SensorLogger (Pixel 4 XL),0.904439184476499,6465.649357534942,1.8659164138509237,1.6041650884854697,2085.0
2024-01-21 15:55:49+00:00,1705852548846208800,2631.4482087402343,45.0,1.5,1.6154918670654297,18.76799964904785,1.8284646272659304,147.47169494628906,83.5,2.3123063,48.8438754,SensorLogger (Pixel 4 XL),1.8159789606106014,6466.71427302115,1.8574177351472705,1.676449318101768,2086.0
2024-01-21 15:55:50+00:00,1705852549966499000,2632.5684990234377,45.0,1.5,1.6256142854690552,18.90699958801269,1.8445454835891724,148.37368774414062,83.5,2.3123164,48.8438592,SensorLogger (Pixel 4 XL),1.9471692909974438,6468.661602720993,1.8557440724308232,1.797233563349483,2087.0
2024-01-21 15:55:51+00:00,1705852551074583000,2633.6765830078125,45.0,1.5,1.6103111505508425,18.917999267578125,1.852771520614624,149.7340087890625,83.5,2.3123291,48.8438376,SensorLogger (Pixel 4 XL),2.2910827228259105,6471.237027352364,1.8655540843894678,1.9793249340867578,2088.0
2024-01-21 15:55:52+00:00,1705852552247412000,2634.8494118652343,45.0,1.5,1.6342182159423828,18.93199920654297,1.871701717376709,150.55630493164062,83.5,2.3123408,48.8438172,SensorLogger (Pixel 4 XL),2.6622829788156954,6473.668045495061,1.8940957070475892,2.240707955209989,2089.0
2024-01-21 15:55:53+00:00,1705852552778013000,2635.380012939453,45.0,1.5,1.6342182159423828,19.042999267578125,1.890796899795532,150.70631408691406,83.5,2.3123462,48.8438085,SensorLogger (Pixel 4 XL),1.969452268922554,6474.713038838404,1.930696573840018,2.5217368645702147,2090.0
2024-01-21 15:55:54+00:00,1705852553889373000,2636.491373046875,45.0,1.5,1.644031643867493,19.27899932861328,1.9515185356140137,150.87979125976562,83.5,2.3123641,48.8437811,SensorLogger (Pixel 4 XL),2.4699854723909094,6478.029487900152,1.9726746957226682,2.8044342705740233,2091.0
2024-01-21 15:55:55+00:00,1705852555018486500,2637.6204865722657,45.0,1.5,1.6585981845855713,19.601999282836918,2.029197931289673,150.27272033691406,83.5,2.31239,48.8437506,SensorLogger (Pixel 4 XL),2.9631366868702522,6481.919101638338,2.018260370552281,3.015714379824083,2092.0
2024-01-21 15:55:56+00:00,1705852556117748000,2638.719748046875,45.0,1.5,1.678429365158081,19.597000122070312,2.084359645843506,148.62876892089844,83.5,2.3124213,48.8437209,SensorLogger (Pixel 4 XL),3.0348553748386875,6485.940409561648,2.0604629055946773,3.2117427437065817,2093.0
2024-01-21 15:55:57+00:00,1705852557173293800,2639.775293945313,45.0,1.5,1.68964421749115,19.63599967956543,2.146897315979004,146.87815856933594,83.5,2.3124567,48.8436914,SensorLogger (Pixel 4 XL),3.5276710629655574,6490.1220481566415,2.0956162040589734,3.3103693243768637,2094.0
2024-01-21 15:55:58+00:00,1705852557759708400,2640.361708496094,45.0,1.5,1.68964421749115,19.55699920654297,2.181222915649414,145.978515625,83.5,2.312478,48.8436744,SensorLogger (Pixel 4 XL),4.178067692102526,6492.572125544239,2.1211769775028255,3.1924352115336507,2095.0
2024-01-21 15:55:59+00:00,1705852558932537300,2641.534537353516,45.0,1.5,1.7036340236663818,19.15900039672852,2.127232789993286,144.25881958007812,83.5,2.312507,48.8436519,SensorLogger (Pixel 4 XL),3.2629465080542377,6495.852906449489,2.136741378835974,3.2129590670785646,2096.0
2024-01-21 15:56:00+00:00,1705852559988083000,2642.5900830078126,45.0,1.5,1.7148414850234983,19.051000595092773,2.120286464691162,142.48451232910156,83.5,2.3125377,48.8436334,SensorLogger (Pixel 4 XL),2.8297618057027543,6498.899673396341,2.1435515077944904,3.135297276803505,2097.0
2024-01-21 15:56:01+00:00,1705852561160911600,2643.7629116210937,45.0,1.5,1.712923526763916,18.70199966430664,2.12749981880188,141.9607696533203,83.5,2.3125667,48.8436077,SensorLogger (Pixel 4 XL),3.221079667412174,6502.464886424991,2.139895540125241,3.084431753633412,2098.0
2024-01-21 15:56:02+00:00,1705852562216457000,2644.81845703125,45.0,1.5,1.73204243183136,18.572999954223636,2.130380630493164,142.587890625,83.5,2.3125869,48.8435847,SensorLogger (Pixel 4 XL),3.136758929320855,6505.426152266068,2.1314747424147362,2.934986470687912,2099.0
2024-01-21 15:56:03+00:00,1705852562818415400,2645.420415283203,45.0,1.5,1.73204243183136,18.604999542236328,2.124316453933716,143.05067443847656,83.5,2.3125908,48.8435763,SensorLogger (Pixel 4 XL),1.6224836935737397,6506.4028193052845,2.1242712776046107,2.7891355979391563,2100.0
2024-01-21 15:56:04+00:00,1705852563959494700,2646.561494628906,45.0,1.5,1.742935299873352,18.7189998626709,2.0994670391082764,144.8397979736328,83.5,2.312603,48.8435513,SensorLogger (Pixel 4 XL),1.9723124230320113,6509.325927047578,2.120701094234702,2.52855523271577,2101.0
2024-01-21 15:56:05+00:00,1705852565148526600,2647.750526611328,45.0,1.5,1.7712851762771606,18.69499969482422,2.122967481613159,146.4220733642578,83.5,2.3126192,48.8435157,SensorLogger (Pixel 4 XL),3.672351844526126,6513.458339145349,2.126132532698008,2.5003635012942302,2102.0
2024-01-21 15:56:06+00:00,1705852566196614400,2648.798614501953,45.0,1.5,1.776137113571167,18.652999877929688,2.139145374298096,147.3754119873047,83.5,2.3126257,48.8434928,SensorLogger (Pixel 4 XL),2.299845355444121,6516.048856122514,2.1436476992266327,2.570551165430701,2103.0
2024-01-21 15:56:07+00:00,1705852566790485200,2649.3924853515623,45.0,1.5,1.776137113571167,18.69300079345703,2.1454741954803467,147.7029571533203,83.5,2.3126353,48.8434761,SensorLogger (Pixel 4 XL),3.343159022470248,6518.034257971188,2.157382022201757,2.4829060178588978,2104.0
2024-01-21 15:56:08+00:00,1705852567963313000,2650.565312988281,45.0,1.5,1.7923767566680908,18.50900077819824,2.1655659675598145,148.0986785888672,83.5,2.3126447,48.8434497,SensorLogger (Pixel 4 XL),1.8015756667720288,6521.05507597678,2.1701914575844445,2.485708108376,2105.0
2024-01-21 15:56:09+00:00,1705852569136140300,2651.7381403808595,45.0,1.5,1.8059710264205933,18.131000518798828,2.188994646072388,149.21066284179688,83.5,2.3126553,48.8434188,SensorLogger (Pixel 4 XL),2.2500294847824716,6524.59171946629,2.1799223330225996,2.479422271730618,2106.0
2024-01-21 15:56:10+00:00,1705852570191684900,2652.793684814453,45.0,1.5,1.94873309135437,18.13800048828125,2.211407423019409,149.93035888671875,83.5,2.3126665,48.8433919,SensorLogger (Pixel 4 XL),2.1772228457730294,6527.693292899634,2.196500363500961,2.5172473294336966,2107.0
2024-01-21 15:56:11+00:00,1705852571247229400,2653.8492294921875,45.0,1.5,1.9507611989974976,18.211000442504883,2.228307247161865,149.41233825683594,83.5,2.3126826,48.8433666,SensorLogger (Pixel 4 XL),3.45895104608298,6530.747606293919,2.2222463741561524,2.4322255097327528,2108.0
2024-01-21 15:56:12+00:00,1705852571833643000,2654.435643066406,45.0,1.5,1.9507611989974976,18.2810001373291,2.234458923339844,149.02392578125,83.5,2.3126889,48.8433575,SensorLogger (Pixel 4 XL),1.8961904181515539,6531.859558901789,2.2501775909872737,2.277445498661365,2109.0
2024-01-21 15:56:13+00:00,1705852572978841000,2655.580841064453,45.0,1.5,1.897849678993225,18.23600006103516,2.196429967880249,148.71197509765625,83.5,2.3127045,48.8433349,SensorLogger (Pixel 4 XL),1.7213660491532132,6534.620678627981,2.260447884361141,2.246013948045366,2110.0
2024-01-21 15:56:14+00:00,1705852574179297500,2656.781297607422,45.0,1.5,1.8737095594406128,18.423999786376957,2.204403877258301,149.66624450683594,83.5,2.3127234,48.8433067,SensorLogger (Pixel 4 XL),2.8776339821009005,6538.048466824656,2.239596247780928,2.127484922601342,2111.0
2024-01-21 15:56:15+00:00,1705852574765711000,2657.3677111816405,45.0,1.5,1.8737095594406128,18.3700008392334,2.21005654335022,150.49398803710938,83.5,2.3127269,48.8432978,SensorLogger (Pixel 4 XL),1.7432090701859724,6539.07070902834,2.189700796161853,2.0924706950020306,2112.0
2024-01-21 15:56:16+00:00,1705852575898300700,2658.50030078125,45.0,1.5,1.882276177406311,18.17799949645996,2.2612414360046387,152.24818420410156,83.5,2.3127401,48.8432702,SensorLogger (Pixel 4 XL),2.268143853005547,6542.2975051832445,2.120147510135886,1.943839134102921,2113.0
2024-01-21 15:56:17+00:00,1705852576977069300,2659.5790693359377,45.0,1.5,1.8953325748443604,18.04400062561035,2.202319383621216,151.9561767578125,83.5,2.3127585,48.8432537,SensorLogger (Pixel 4 XL),2.1096286735768293,6544.573305088182,2.0396765520130455,1.9204469186945432,2114.0
2024-01-21 15:56:18+00:00,1705852578157044000,2660.7590439453124,45.0,1.5,1.9097058773040767,18.13800048828125,2.0298643112182617,146.61940002441406,83.5,2.312789,48.8432479,SensorLogger (Pixel 4 XL),1.4096251401557434,6547.028647868311,1.963787241219406,1.8776795203686918,2115.0
2024-01-21 15:56:19+00:00,1705852579222460000,2661.824459960937,45.0,1.5,1.9212416410446167,18.083999633789062,1.7599400281906128,139.67123413085938,83.5,2.3128155,48.8432492,SensorLogger (Pixel 4 XL),1.512218868989565,6549.217546322301,1.8820648427462785,1.9851531518492709,2116.0
2024-01-21 15:56:20+00:00,1705852579808873500,2662.410873535156,45.0,1.5,1.9036602973937988,17.99799919128418,1.6261022090911863,135.65760803222656,83.5,2.3128317,48.8432492,SensorLogger (Pixel 4 XL),2.0216331814935486,6550.40305830116,1.7996080512914279,1.9642830089525698,2117.0
2024-01-21 15:56:21+00:00,1705852580981700400,2663.583700439453,45.0,1.5,1.9271169900894165,18.226999282836918,1.626205563545227,133.904052734375,83.5,2.3128521,48.8432396,SensorLogger (Pixel 4 XL),1.8215532741284053,6552.240985349694,1.719564386946053,1.9282592992502505,2118.0
2024-01-21 15:56:22+00:00,1705852582037244700,2664.6392446289065,45.0,1.5,1.935835838317871,18.14299964904785,1.6589661836624146,135.78814697265625,83.5,2.3128677,48.84322,SensorLogger (Pixel 4 XL),2.4924075162605748,6554.701332990793,1.6567866772008786,1.9732268365572503,2119.0
2024-01-21 15:56:23+00:00,1705852583210071800,2665.812071777344,45.0,1.5,1.943725347518921,18.128999710083008,1.6857141256332395,137.26856994628906,83.5,2.3128789,48.8431995,SensorLogger (Pixel 4 XL),2.642901100531564,6557.124421141413,1.6165923221079022,2.0076820082384907,2120.0
2024-01-21 15:56:24+00:00,1705852583777024300,2666.3790241699216,45.0,1.5,1.943725347518921,18.11199951171875,1.7017462253570557,138.3577880859375,83.5,2.3128799,48.84319,SensorLogger (Pixel 4 XL),1.8676776376134896,6558.183304713413,1.6119166335369215,2.076366915672586,2121.0
2024-01-21 15:56:25+00:00,1705852584918922800,2667.5209228515623,45.0,1.5,1.9573776721954343,17.85700035095215,1.5966227054595947,141.34312438964844,83.5,2.3128816,48.8431675,SensorLogger (Pixel 4 XL),1.8535054448318478,6560.703897559549,1.6372511828107619,2.2132663767818155,2122.0
2024-01-21 15:56:26+00:00,1705852585965462000,2668.5674619140623,45.0,1.5,1.981387734413147,17.70599937438965,1.6275163888931274,143.77841186523438,83.5,2.3128811,48.8431455,SensorLogger (Pixel 4 XL),2.0512778287301217,6563.260034041693,1.6778666835025515,2.3297433865316255,2123.0
2024-01-21 15:56:27+00:00,1705852587080401200,2669.682401123047,45.0,1.5,1.9933544397354128,17.56399917602539,1.6880754232406616,146.66297912597656,83.5,2.3128796,48.8431189,SensorLogger (Pixel 4 XL),2.219161672772169,6566.245581743295,1.71002204526065,2.3920737370978333,2124.0
2024-01-21 15:56:28+00:00,1705852588253228300,2670.8552282714845,45.0,1.5,2.0007212162017822,17.232999801635742,1.7515766620635986,149.08168029785156,83.5,2.3128775,48.8430914,SensorLogger (Pixel 4 XL),2.1233736823548117,6569.341285578758,1.7340364026807644,2.451322384427566,2125.0
2024-01-21 15:56:29+00:00,1705852588839641900,2671.441641845703,45.0,1.5,2.0007212162017822,17.08099937438965,1.7764242887496948,149.9491424560547,83.5,2.3128791,48.8430758,SensorLogger (Pixel 4 XL),2.964779277117512,6571.07987365377,1.7570795511228559,2.4624314732788832,2126.0
2024-01-21 15:56:30+00:00,1705852589970401000,2672.572401123047,45.0,1.5,2.0120370388031006,17.214000701904297,1.8078172206878664,151.62835693359375,83.5,2.312873,48.843052,SensorLogger (Pixel 4 XL),2.518871388878842,6573.766901560503,1.7822736854467012,2.4979540352739162,2127.0
2024-01-21 15:56:31+00:00,1705852591068013600,2673.670013671875,45.0,1.5,2.025266647338867,17.114999771118164,1.832463026046753,152.8372802734375,83.5,2.3128703,48.8430236,SensorLogger (Pixel 4 XL),3.075020270801215,6576.931041978669,1.8110141440214709,2.4468370492107274,2128.0
2024-01-21 15:56:32+00:00,1705852592240841000,2674.8428410644533,45.0,1.5,2.036030530929565,17.070999145507812,1.8470516204833984,153.49966430664062,83.5,2.3128678,48.8429987,SensorLogger (Pixel 4 XL),2.7451620072054284,6579.713596905435,1.8419039501863468,2.4280319094261325,2129.0
2024-01-21 15:56:33+00:00,1705852592778455600,2675.3804555664065,45.0,1.5,2.036030530929565,17.106000900268555,1.8505245447158811,153.86952209472656,83.5,2.3128663,48.8429888,SensorLogger (Pixel 4 XL),2.057775933856108,6580.81988605634,1.8579895072393384,2.3705845256895044,2130.0
2024-01-21 15:56:34+00:00,1705852593878408200,2676.480408203125,45.0,1.5,1.153496503829956,16.83799934387207,1.859649419784546,156.26226806640625,83.5,2.3128577,48.8429652,SensorLogger (Pixel 4 XL),2.0053501467367734,6583.529437309153,1.8689764868619854,2.29436190803053,2131.0
2024-01-21 15:56:35+00:00,1705852594998675200,2677.600675292969,45.0,1.5,1.159876585006714,16.652999877929688,1.8676401376724243,158.51429748535156,83.5,2.3128504,48.8429414,SensorLogger (Pixel 4 XL),2.012514818990179,6586.249255219863,1.8788849777765504,2.1974006210278434,2132.0
2024-01-21 15:56:36+00:00,1705852596118645000,2678.7206450195317,45.0,1.5,1.15279221534729,16.677000045776367,1.884816288948059,159.5667266845703,85.2073124877086,2.3128461,48.8429185,SensorLogger (Pixel 4 XL),1.7641784897590402,6588.816293232383,1.8905686856395079,2.2126010530264804,2133.0
2024-01-21 15:56:37+00:00,1705852597217868000,2679.8198679199218,45.0,1.5,1.15079927444458,16.860000610351562,1.905279517173767,159.93307495117188,85.3551783644163,2.3128454,48.8428955,SensorLogger (Pixel 4 XL),1.7725646609074748,6591.394597023021,1.9013005566273438,2.2516130030971846,2134.0
2024-01-21 15:56:38+00:00,1705852597753133300,2680.3551333007813,45.0,1.5,1.15079927444458,16.801000595092773,1.9137794971466064,160.1560821533203,85.3551783644163,2.3128466,48.8428807,SensorLogger (Pixel 4 XL),3.078897849042522,6593.042623280188,1.9120403301662012,2.2264653566894057,2135.0
2024-01-21 15:56:39+00:00,1705852598925962000,2681.5279619140624,45.0,1.5,1.161260724067688,17.05299949645996,1.925703525543213,160.90077209472656,85.50152761795889,2.3128452,48.8428608,SensorLogger (Pixel 4 XL),2.2291546459370006,6595.260938885373,1.9231688321445963,2.234756181059496,2136.0
2024-01-21 15:56:40+00:00,1705852599981507600,2682.5835075683594,45.0,1.5,1.2682108879089355,16.87700080871582,1.938320517539978,161.253662109375,85.72738645562926,2.3128458,48.8428398,SensorLogger (Pixel 4 XL),2.2686145710457475,6597.59858901603,1.9340843285910247,2.2140561086763926,2137.0
2024-01-21 15:56:41+00:00,1705852601154336000,2683.7563359375,45.0,1.5,1.2054483890533447,17.05500030517578,1.947487473487854,160.17498779296875,85.89855703837313,2.3128555,48.8428163,SensorLogger (Pixel 4 XL),2.4134586347649467,6600.309966574542,1.9444396707267346,2.0645952412070105,2138.0
2024-01-21 15:56:42+00:00,1705852602209881600,2684.811881591797,45.0,1.5,1.155286192893982,17.17099952697754,1.955390810966492,158.84901428222656,86.04846075053652,2.3128671,48.8427973,SensorLogger (Pixel 4 XL),2.810495968401733,6602.586913896869,1.9530653464848204,1.970150126449956,2139.0
2024-01-21 15:56:43+00:00,1705852602796296000,2685.398295898437,45.0,1.5,1.155286192893982,17.14699935913086,1.9601958990097048,158.22596740722656,86.04846075053652,2.312872,48.8427914,SensorLogger (Pixel 4 XL),1.274956706859812,6603.334566359165,1.960728014971886,1.864011734145599,2140.0
2024-01-21 15:56:44+00:00,1705852603917971700,2686.5199716796874,45.0,1.5,1.1696641445159912,16.98900032043457,1.966746807098389,156.83685302734375,86.18925111716163,2.3128831,48.8427732,SensorLogger (Pixel 4 XL),1.369574066053567,6605.515282221204,1.9686786086311274,1.7685478063000302,2141.0
2024-01-21 15:56:45+00:00,1705852604968901400,2687.570901367188,45.0,1.5,1.1642448902130127,16.950000762939453,1.9783308506011963,155.8495635986328,86.33561481155469,2.3128969,48.8427561,SensorLogger (Pixel 4 XL),1.2898695321257982,6607.668517833852,1.9797477133133938,1.7568811156300077,2142.0
2024-01-21 15:56:46+00:00,1705852606080216000,2688.6822160644533,45.0,1.5,1.1646569967269895,17.020000457763672,1.990748405456543,155.2794952392578,86.50831710121328,2.3129115,48.8427348,SensorLogger (Pixel 4 XL),1.4452663882162107,6610.2718328940555,1.997055337224082,1.890421472277899,2143.0
2024-01-21 15:56:47+00:00,1705852607253044700,2689.8550446777344,45.0,1.5,1.1662282943725586,16.69099998474121,2.007307767868042,155.07691955566406,86.59998749194088,2.312925,48.8427135,SensorLogger (Pixel 4 XL),1.6402635909009138,6612.838090996505,2.0157533677994506,1.9474113525961516,2144.0
2024-01-21 15:56:48+00:00,1705852607839459000,2690.441458984375,45.0,1.5,1.1652696132659912,16.636999130249023,2.016385555267334,154.98117065429688,86.6020133681568,2.3129331,48.8427011,SensorLogger (Pixel 4 XL),2.559342682822569,6614.33892537651,2.035402673294113,1.9885799673728175,2145.0
2024-01-21 15:56:49+00:00,1705852608966705700,2691.568705566406,45.0,1.5,1.1393444538116455,16.732999801635742,2.043921709060669,155.28250122070312,86.66380282596728,2.3129441,48.8426816,SensorLogger (Pixel 4 XL),2.2788980231928035,6616.659753817633,2.052974801149854,2.0126347216362483,2146.0
2024-01-21 15:56:50+00:00,1705852610067833900,2692.6698337402345,45.0,1.5,1.1554476022720337,17.006000518798828,2.0699985027313232,156.07318115234375,86.698749522556,2.3129552,48.8426557,SensorLogger (Pixel 4 XL),2.705248959078118,6619.652638853127,2.06620756533352,2.0432662576840337,2147.0
2024-01-21 15:56:51+00:00,1705852611240662800,2693.842662841797,45.0,1.5,1.1543099880218506,17.426000595092773,2.103185176849365,156.34410095214844,86.87196571661423,2.3129661,48.842634,SensorLogger (Pixel 4 XL),2.6415783701642144,6622.215321956408,2.0771492095015276,1.9733765386719666,2148.0
2024-01-21 15:56:52+00:00,1705852611797685200,2694.3996853027343,45.0,1.5,1.1543099880218506,17.617000579833984,2.1231493949890137,156.22198486328125,86.87196571661423,2.3129707,48.8426264,SensorLogger (Pixel 4 XL),1.6330790766493601,6623.124982929841,2.0832597954780376,1.8804421623576175,2149.0
2024-01-21 15:56:53+00:00,1705852612936431400,2695.538431396484,45.0,1.5,1.157243728637695,17.999000549316406,2.086387634277344,156.2241668701172,87.11660165088381,2.312981,48.8426083,SensorLogger (Pixel 4 XL),1.3568160018106143,6625.2741933674915,2.084674833910509,1.7717666061490207,2150.0
2024-01-21 15:56:54+00:00,1705852614058454500,2696.6604545898435,45.0,1.5,1.1501729488372805,18.316999435424805,2.0757198333740234,156.54672241210938,87.1783948702046,2.3129925,48.8425915,SensorLogger (Pixel 4 XL),1.2041228338985204,6627.323635476577,2.0813431782959926,1.750137779871062,2151.0
2024-01-21 15:56:55+00:00,1705852615196596000,2697.7985959472658,45.0,1.5,1.158843159675598,18.308000564575195,2.054607391357422,156.1420135498047,87.42000056341911,2.3130058,48.8425749,SensorLogger (Pixel 4 XL),1.10283852483322,6629.430526769521,2.0737281357001507,1.670846304803458,2152.0
2024-01-21 15:56:56+00:00,1705852616283828200,2698.885828125,45.0,1.5,1.1616069078445437,18.28199958801269,2.046553373336792,155.41197204589844,87.4640677552122,2.3130205,48.8425596,SensorLogger (Pixel 4 XL),1.316592963414756,6631.443597056644,2.062299557940464,1.674959994567317,2153.0
2024-01-21 15:56:57+00:00,1705852616870242800,2699.472242919922,45.0,1.5,1.1534510850906372,18.167999267578125,2.056437730789185,155.1327667236328,87.51877217496116,2.3130293,48.8425497,SensorLogger (Pixel 4 XL),2.174846824363131,6632.718959857153,2.050004079438993,1.6418129334798273,2154.0
2024-01-21 15:56:58+00:00,1705852617925789400,2700.527789550781,45.0,1.5,1.1548707485198977,17.93199920654297,2.035376787185669,154.44847106933594,87.53498095990959,2.3130464,48.8425362,SensorLogger (Pixel 4 XL),2.048003796654808,6634.673672503622,2.0373623571784356,1.599757886525216,2155.0
2024-01-21 15:56:59+00:00,1705852619098619000,2701.700618896484,45.0,1.5,1.1460959911346436,17.954999923706055,2.0284535884857178,154.1129150390625,87.6317277914499,2.3130659,48.8425166,SensorLogger (Pixel 4 XL),2.3236374338019394,6637.280785959073,2.0266388451891357,1.7492602900151457,2156.0
2024-01-21 15:57:00+00:00,1705852620271448600,2702.873448486328,45.0,1.5,1.1542692184448242,17.9689998626709,2.021214246749878,153.2263946533203,87.63729963222279,2.3130835,48.8425006,SensorLogger (Pixel 4 XL),2.3875607999825608,6639.478672501875,2.024041716006018,1.8407266205399164,2157.0
2024-01-21 15:57:01+00:00,1705852620838365700,2703.440365722656,45.0,1.5,1.1542692184448242,17.95599937438965,2.015014171600342,152.46902465820312,87.63729963222279,2.3130909,48.8424961,SensorLogger (Pixel 4 XL),1.3005786797103611,6640.21599266524,2.021137678569269,1.9902739844956612,2158.0
2024-01-21 15:57:02+00:00,1705852621976925200,2704.578925292969,45.0,1.5,1.1527221202850342,17.716999053955078,2.013242244720459,151.5133514404297,87.88752972202784,2.3131097,48.8424799,SensorLogger (Pixel 4 XL),1.4641183387492143,6642.483586242146,2.0141806533433844,1.996268781098157,2159.0
2024-01-21 15:57:03+00:00,1705852623098296300,2705.700296386719,45.0,1.5,1.1546114683151243,17.732999801635742,2.003596544265747,150.75611877441406,88.04810637370278,2.3131279,48.842462,SensorLogger (Pixel 4 XL),1.4168414869254322,6644.878639627559,2.002745460061477,1.9935727193541255,2160.0
2024-01-21 15:57:04+00:00,1705852624218103800,2706.820103759765,45.0,1.5,1.154814839363098,17.902000427246094,1.98950719833374,150.0345001220703,88.20868607570287,2.313146,48.8424432,SensorLogger (Pixel 4 XL),1.7108323634151243,6647.353596814954,1.9882230919410846,2.0056995600738423,2161.0
2024-01-21 15:57:05+00:00,1705852624728202500,2707.330202392578,45.0,1.5,1.154814839363098,18.167999267578125,1.985085129737854,149.83297729492188,88.20868607570287,2.3131565,48.8424309,SensorLogger (Pixel 4 XL),3.0754199536036246,6648.922365457866,1.9740738340093107,2.0530221162478868,2162.0
2024-01-21 15:57:06+00:00,1705852625901033000,2708.5030329589845,45.0,1.5,1.150906682014465,18.426000595092773,1.994237780570984,149.01974487304688,88.30898661707415,2.3131745,48.8424141,SensorLogger (Pixel 4 XL),2.313482916761541,6651.208738781248,1.957875482852653,2.089408027352708,2163.0
2024-01-21 15:57:07+00:00,1705852627073863400,2709.6758635253905,45.0,1.5,1.1657332181930542,18.88599967956543,1.9441834688186648,147.50352478027344,88.32317062806301,2.3132042,48.8423911,SensorLogger (Pixel 4 XL),2.4823463179463823,6654.577279914595,1.941573545296278,2.084188788881186,2164.0
2024-01-21 15:57:08+00:00,1705852628246694000,2710.848693847656,45.0,1.5,1.259048581123352,19.07900047302246,1.896342158317566,146.9312286376953,88.32317062806301,2.3132226,48.8423796,SensorLogger (Pixel 4 XL),1.5263042646696396,6656.446521151915,1.9264876748641795,2.2424933516954364,2165.0
2024-01-21 15:57:09+00:00,1705852628833109200,2711.4351091308595,45.0,1.5,1.2548069953918457,19.05500030517578,1.8957703113555908,147.1441192626953,88.36369650488825,2.313234,48.842369,SensorLogger (Pixel 4 XL),2.462487306124847,6657.8905606455355,1.9136572235849751,2.2337400151481637,2166.0
2024-01-21 15:57:10+00:00,1705852629973687000,2712.575687011719,45.0,1.5,1.2484363317489624,18.798999786376957,1.89299738407135,147.35784912109375,88.62813262102232,2.3132537,48.842351,SensorLogger (Pixel 4 XL),2.1809967930236596,6660.358579006499,1.9018696724559487,2.1635906011478534,2167.0
2024-01-21 15:57:11+00:00,1705852631037031200,2713.63903125,45.0,1.5,1.1977304220199585,18.34199905395508,1.893885850906372,146.9815673828125,88.79024314229922,2.3132743,48.8423329,SensorLogger (Pixel 4 XL),1.6780771562073677,6662.873419585139,1.8919598285968589,1.982405340401919,2168.0
2024-01-21 15:57:12+00:00,1705852632158461200,2714.7604611816405,45.0,1.5,1.153555154800415,18.05299949645996,1.893623232841492,146.48068237304688,88.90169592906292,2.3132934,48.8423135,SensorLogger (Pixel 4 XL),1.8263654869808688,6665.452863835121,1.8840578111588244,1.794192406504808,2169.0
2024-01-21 15:57:13+00:00,1705852633172583400,2715.774583496094,45.0,1.5,1.1625581979751587,17.74799919128418,1.8971000909805296,146.4785919189453,89.03037506508798,2.3133093,48.8422947,SensorLogger (Pixel 4 XL),1.7083962814339988,6667.846408856148,1.8831074983286202,1.7100251094320655,2170.0
2024-01-21 15:57:14+00:00,1705852634228131600,2716.830131591797,45.0,1.5,1.164972901344299,17.583999633789062,1.901567339897156,147.00051879882812,89.18742705857278,2.3133254,48.8422748,SensorLogger (Pixel 4 XL),2.622514061288679,6670.353458193649,1.8918682889161706,1.7125130734221155,2171.0
2024-01-21 15:57:15+00:00,1705852634797285000,2717.39928515625,45.0,1.5,1.164972901344299,17.56399917602539,1.9006253480911253,147.39295959472656,89.18742705857278,2.3133295,48.8422686,SensorLogger (Pixel 4 XL),1.3210347621658576,6671.10532909164,1.9050987912519048,1.7599663468410642,2172.0
2024-01-21 15:57:16+00:00,1705852635938840800,2718.5408408203125,45.0,1.5,1.1644222736358645,17.75200080871582,1.894591212272644,146.24557495117188,89.30901770264234,2.3133478,48.8422522,SensorLogger (Pixel 4 XL),1.3920273245235713,6673.36954083295,1.9192519021789516,1.7493989729171817,2173.0
2024-01-21 15:57:17+00:00,1705852636967184000,2719.5691838378907,45.0,1.5,1.163825750350952,17.895000457763672,1.918095588684082,144.987548828125,89.55575075977089,2.3133667,48.8422354,SensorLogger (Pixel 4 XL),1.4304534219325218,6675.694135770372,1.9372871651369086,1.9505038287239684,2174.0
2024-01-21 15:57:18+00:00,1705852638098480600,2720.7004807128906,45.0,1.5,1.1402597427368164,17.95800018310547,1.9474236965179443,145.06661987304688,89.86633053357602,2.3133895,48.8422128,SensorLogger (Pixel 4 XL),1.9570987476501316,6678.718909905205,1.958420864920821,2.128669062376476,2175.0
2024-01-21 15:57:19+00:00,1705852639271312000,2721.8733117675783,45.0,1.5,1.154867172241211,18.18400001525879,1.992319107055664,146.35916137695312,90.03910497203901,2.3134053,48.8421879,SensorLogger (Pixel 4 XL),2.0713721957381144,6681.745980723444,1.9816819510308972,2.2594772568274504,2176.0
2024-01-21 15:57:20+00:00,1705852639857727500,2722.4597275390624,45.0,1.5,1.1509573459625244,18.07099914550781,2.015399694442749,147.22764587402344,90.07305227092394,2.3134135,48.8421727,SensorLogger (Pixel 4 XL),3.058462511685532,6683.539512075697,2.0050226578345773,2.301861632561035,2177.0
2024-01-21 15:57:21+00:00,1705852640967184100,2723.569184082032,45.0,1.5,1.1508206129074097,17.895000457763672,2.0400705337524414,147.95431518554688,90.3659167194312,2.3134268,48.8421507,SensorLogger (Pixel 4 XL),2.384059425841116,6686.172414966666,2.0261498262440023,2.204052620682097,2178.0
2024-01-21 15:57:22+00:00,1705852642086107100,2724.6881071777343,45.0,1.5,1.1503713130950928,17.854999542236328,2.049504280090332,148.4268341064453,90.53160750171875,2.3134437,48.8421251,SensorLogger (Pixel 4 XL),2.735920305141426,6689.276296211523,2.0441018867277023,2.285226755549413,2179.0
2024-01-21 15:57:23+00:00,1705852643258938600,2725.860938720703,45.0,1.5,1.1536414623260498,17.783000946044922,2.0609686374664307,149.1299285888672,90.76064108626508,2.3134568,48.8421022,SensorLogger (Pixel 4 XL),2.8083905288593645,6691.998473861226,2.0573178472562184,2.213451427390753,2180.0
2024-01-21 15:57:24+00:00,1705852643796583200,2726.398583251953,45.0,1.5,1.1536414623260498,17.93899917602539,2.067143201828003,149.46234130859375,90.76064108626508,2.3134602,48.842094,SensorLogger (Pixel 4 XL),1.7579256303845292,6692.943612028848,2.061432912015279,2.1084053033146537,2181.0
2024-01-21 15:57:25+00:00,1705852644900902700,2727.5029025878907,45.0,1.5,1.161551594734192,17.746000289916992,2.063519239425659,150.05239868164062,90.88073418464644,2.3134698,48.8420714,SensorLogger (Pixel 4 XL),1.6230571417387902,6695.557659759629,2.0581443176010725,2.0633797387515287,2182.0
2024-01-21 15:57:26+00:00,1705852646079610400,2728.6816103515625,45.0,1.5,1.1525907516479492,18.11400032043457,2.052821159362793,150.64276123046875,91.02717913233022,2.3134796,48.8420524,SensorLogger (Pixel 4 XL),1.070945849126826,6697.790296827102,2.0505390480093397,2.020941001127621,2183.0
2024-01-21 15:57:27+00:00,1705852647217296100,2729.819296142578,45.0,1.5,1.156402349472046,18.163000106811523,2.0390665531158447,151.0023193359375,91.13511422988154,2.3134907,48.8420326,SensorLogger (Pixel 4 XL),1.4413679381808255,6700.143721830276,2.042795176096103,1.9416989386337207,2184.0
2024-01-21 15:57:28+00:00,1705852647832981500,2730.4349814453126,45.0,1.5,1.156402349472046,18.18899917602539,2.033008813858032,151.12689208984375,91.13511422988154,2.3134988,48.8420194,SensorLogger (Pixel 4 XL),2.5710365342498007,6701.7266730299025,2.03400354255919,1.8629362359010426,2185.0
2024-01-21 15:57:29+00:00,1705852648966424600,2731.568424560547,45.0,1.5,1.1513066291809082,17.881000518798828,2.0226101875305176,150.62644958496094,91.50707014723488,2.3135112,48.8420027,SensorLogger (Pixel 4 XL),2.065708849049414,6703.793506846055,2.0252589622773844,1.8509918003769013,2186.0
2024-01-21 15:57:30+00:00,1705852650061361700,2732.663361572266,45.0,1.5,1.152003049850464,17.875,2.0024936199188232,149.47683715820312,91.8020114050846,2.3135298,48.8419831,SensorLogger (Pixel 4 XL),2.3812335989287794,6706.368331493779,2.016955063030202,1.8286352600381266,2187.0
2024-01-21 15:57:31+00:00,1705852651234193400,2733.836193359375,45.0,1.5,1.1563040018081665,17.658000946044922,2.0009145736694336,148.50662231445312,91.799984282281,2.3135506,48.8419664,SensorLogger (Pixel 4 XL),2.609510760227373,6708.774896715808,2.0113387440124892,2.013351937719678,2188.0
2024-01-21 15:57:32+00:00,1705852651757060000,2734.359060058594,45.0,1.5,1.1563040018081665,17.667999267578125,2.0122807025909424,148.42840576171875,91.799984282281,2.3135577,48.8419606,SensorLogger (Pixel 4 XL),1.5839517424159455,6709.60309281151,2.009278481686288,1.9685860697586464,2189.0
2024-01-21 15:57:33+00:00,1705852652878585000,2735.480585205078,45.0,1.5,1.1582744121551514,17.365999221801758,2.0127923488616943,148.08956909179688,91.796436818545,2.3135764,48.8419437,SensorLogger (Pixel 4 XL),1.3608525219148428,6711.928290996172,2.008770911078658,2.0022999392202268,2190.0
2024-01-21 15:57:34+00:00,1705852653966177300,2736.568177246094,45.0,1.5,1.1537331342697144,17.253999710083008,2.0049619674682617,148.88743591308594,91.75792159380416,2.3135902,48.8419254,SensorLogger (Pixel 4 XL),1.255210232444974,6714.208873440589,2.006608617036062,1.931856375740717,2191.0
2024-01-21 15:57:35+00:00,1705852655104538400,2737.7065383300783,45.0,1.5,1.1564127206802368,17.250999450683594,2.00123929977417,149.9714813232422,91.90083423123404,2.313607,48.8418995,SensorLogger (Pixel 4 XL),2.4463957736711337,6717.341265015856,2.0033758357639333,1.8215252620659523,2192.0
2024-01-21 15:57:36+00:00,1705852656277370000,2738.879370117188,45.0,1.5,1.1551018953323364,17.26799964904785,2.0055549144744877,150.17794799804688,91.97482541122592,2.3136144,48.8418844,SensorLogger (Pixel 4 XL),1.611663025983562,6719.106521647286,2.000032444884885,1.9007876983121927,2193.0
2024-01-21 15:57:37+00:00,1705852656863786000,2739.465785888672,45.0,1.5,1.1593031883239746,17.31599998474121,2.0067026615142822,149.8218231201172,92.05033762567348,2.3136233,48.8418724,SensorLogger (Pixel 4 XL),2.532016486455264,6720.591336627207,1.9945130801308855,1.7966615202154408,2194.0
2024-01-21 15:57:38+00:00,1705852657966440400,2740.568440429688,45.0,1.5,1.2411563396453855,17.43600082397461,1.995664358139038,149.06700134277344,92.05033762567348,2.3136374,48.8418547,SensorLogger (Pixel 4 XL),1.0727168909401688,6722.816533148413,1.9848797338580761,1.6371264792380211,2195.0
2024-01-21 15:57:39+00:00,1705852659092166400,2741.694166503906,45.0,1.5,1.23788583278656,17.354000091552734,1.9707285165786743,147.6713104248047,92.11064652304952,2.3136593,48.8418329,SensorLogger (Pixel 4 XL),2.4843093293535823,6725.725326892396,1.9688361947892585,1.6061556472844678,2196.0
2024-01-21 15:57:40+00:00,1705852660264998400,2742.8669982910155,45.0,1.5,1.190634846687317,17.249000549316406,1.9492746591567995,146.23397827148438,92.1760238810185,2.3136786,48.8418178,SensorLogger (Pixel 4 XL),1.5831922347223255,6727.920713643697,1.9533468416913167,1.556950057445503,2197.0
2024-01-21 15:57:41+00:00,1705852660817291500,2743.419291503906,45.0,1.5,1.190634846687317,17.302000045776367,1.9499164819717407,145.72743225097656,92.1760238810185,2.3136856,48.8418122,SensorLogger (Pixel 4 XL),1.4599681473916613,6728.727043831725,1.9420672465233886,1.5040579051985126,2198.0
2024-01-21 15:57:42+00:00,1705852661906963000,2744.508962890625,45.0,1.5,1.1659375429153442,17.246999740600586,1.9398095607757568,144.54421997070312,92.29765752034557,2.3137078,48.8417952,SensorLogger (Pixel 4 XL),1.5366031688097208,6731.226323777755,1.9359403409569615,1.4370725146540229,2199.0
2024-01-21 15:57:43+00:00,1705852663058700500,2745.660700439453,45.0,1.5,1.1619397401809692,17.190000534057617,1.9209835529327397,143.64134216308594,92.50747966172034,2.3137254,48.8417796,SensorLogger (Pixel 4 XL),0.26920012515009595,6733.388396502917,1.9348464546160562,1.6892079203899426,2200.0
2024-01-21 15:57:44+00:00,1705852664176823800,2746.778823730469,45.0,1.5,1.1617920398712158,17.28499984741211,1.9133375883102417,143.6473846435547,92.877975435098,2.3137434,48.8417634,SensorLogger (Pixel 4 XL),1.2412732481468938,6735.62040990608,1.9393590005814323,1.8697120874235174,2201.0
2024-01-21 15:57:45+00:00,1705852664721759500,2747.3237595214846,45.0,1.5,1.1617920398712158,17.277999877929688,1.9107433557510376,143.9866485595703,92.877975435098,2.3137539,48.8417529,SensorLogger (Pixel 4 XL),2.5649240768499726,6737.018129372822,1.9489399022106775,2.1681926194002363,2202.0
2024-01-21 15:57:46+00:00,1705852665894591500,2748.4965915527346,45.0,1.5,1.1629482507705688,17.361000061035156,1.9669663906097408,145.29531860351562,93.4674570374436,2.313769,48.8417316,SensorLogger (Pixel 4 XL),2.6637305223108028,6739.631773821007,1.962592364652135,2.1873662486998247,2203.0
2024-01-21 15:57:47+00:00,1705852666967139800,2749.5691398925783,45.0,1.5,1.159397840499878,17.393999099731445,2.006814479827881,146.82293701171875,93.1729645293959,2.3137807,48.8417085,SensorLogger (Pixel 4 XL),2.690293325682403,6742.340511580021,1.978904857031371,2.261115624552263,2204.0
2024-01-21 15:57:48+00:00,1705852668122972400,2750.7249724121093,45.0,1.5,1.1545649766921997,17.392000198364258,2.023529052734375,148.74525451660156,92.9965780603739,2.313796,48.8416795,SensorLogger (Pixel 4 XL),2.9824005017503703,6745.755578615228,1.9957065005108348,2.3964518032120754,2205.0
2024-01-21 15:57:49+00:00,1705852669178521000,2751.780520996094,45.0,1.5,1.154287576675415,17.398000717163086,2.025709390640259,150.4713897705078,92.92055054502256,2.313804,48.8416555,SensorLogger (Pixel 4 XL),3.5107949108286864,6748.4897450473545,2.014029751536005,2.4834143850089014,2206.0
2024-01-21 15:57:50+00:00,1705852669764937200,2752.3669372558597,45.0,1.5,1.154287576675415,17.365999221801758,2.0295498371124268,151.35255432128906,92.92055054502256,2.3138054,48.8416451,SensorLogger (Pixel 4 XL),1.9797497311211112,6749.650701965679,2.031421062094065,2.5642932512275953,2207.0
2024-01-21 15:57:51+00:00,1705852670937769200,2753.5397692871093,45.0,1.5,1.1559542417526243,17.570999145507812,2.03751802444458,152.95729064941406,92.81309948944272,2.3138131,48.8416208,SensorLogger (Pixel 4 XL),1.7434800384845144,6752.41398412082,2.0477899578362138,2.5402942082253865,2208.0
2024-01-21 15:57:52+00:00,1705852672118321000,2754.7203208007813,45.0,1.5,1.1486262083053589,17.5,2.0546085834503174,154.30714416503906,92.9418381803968,2.3138211,48.8415935,SensorLogger (Pixel 4 XL),1.2170620723963854,6755.528369717396,2.0609243524560132,2.467423763826241,2209.0
2024-01-21 15:57:53+00:00,1705852673236926000,2755.8389260253907,45.0,1.5,1.1569480895996094,17.479000091552734,2.0733120441436768,155.0291748046875,93.04929087241248,2.31383,48.8415677,SensorLogger (Pixel 4 XL),2.1984107649464604,6758.476463833112,2.072408329415656,2.483353691460737,2210.0
2024-01-21 15:57:54+00:00,1705852673752566000,2756.354565917969,45.0,1.5,1.1565465927124023,17.458999633789062,2.082167148590088,155.46380615234375,93.15319689715922,2.3138362,48.8415521,SensorLogger (Pixel 4 XL),3.4772325001823594,6760.269463999506,2.0889477013462923,2.4859027499712463,2211.0
2024-01-21 15:57:55+00:00,1705852674925398000,2757.5273979492185,45.0,1.5,1.1523154973983765,17.42099952697754,2.0988571643829346,155.97540283203125,93.278899551325,2.3138461,48.8415284,SensorLogger (Pixel 4 XL),2.579901102063484,6763.004212586676,2.1156698278712045,2.5089862488518664,2212.0
2024-01-21 15:57:56+00:00,1705852676098229800,2758.7002297363283,45.0,1.5,1.156144618988037,17.261999130249023,2.120504379272461,156.81692504882812,93.34225845246851,2.3138577,48.8415007,SensorLogger (Pixel 4 XL),2.9091485003941844,6766.199204685156,2.14706424264348,2.3646104731056803,2213.0
2024-01-21 15:57:57+00:00,1705852677271061500,2759.8730615234376,45.0,1.5,1.1481168270111084,17.426000595092773,2.1553876399993896,158.2115936279297,93.09186684517832,2.3138663,48.8414747,SensorLogger (Pixel 4 XL),3.043627560439867,6769.164647497253,2.168766841305878,2.4393932140440002,2214.0
2024-01-21 15:57:58+00:00,1705852677818467000,2760.4204670410154,45.0,1.5,1.1481168270111084,17.43600082397461,2.1706349849700928,158.66140747070312,93.09186684517832,2.3138693,48.8414653,SensorLogger (Pixel 4 XL),1.9510947257657256,6770.232688456706,2.176232802706078,2.310427642233139,2215.0
2024-01-21 15:57:59+00:00,1705852678917841700,2761.5198415527343,45.0,1.5,1.147748589515686,17.509000778198242,2.203702688217163,159.42901611328125,93.08983941304172,2.313876,48.8414389,SensorLogger (Pixel 4 XL),1.9731583714988006,6773.209970417266,2.1725944184609784,2.1091383608257828,2216.0
2024-01-21 15:58:00+00:00,1705852680036968200,2762.6389682617187,45.0,1.5,1.1512640714645386,17.724000930786133,2.211456060409546,159.82582092285156,93.04929087241248,2.3138815,48.8414149,SensorLogger (Pixel 4 XL),1.5965743986869154,6775.912996029727,2.158883669797124,1.7444259595995812,2217.0
2024-01-21 15:58:01+00:00,1705852681141406500,2763.743406494141,45.0,1.5,1.150729417800903,17.91699981689453,2.2059905529022217,159.84010314941406,93.09541485258862,2.3138895,48.8413924,SensorLogger (Pixel 4 XL),1.2997672440363852,6778.482627104307,2.1327645811020632,1.3343151597176173,2218.0
2024-01-21 15:58:02+00:00,1705852682196955000,2764.798954833984,45.0,1.5,1.1552997827529907,17.836999893188477,2.1139285564422607,159.0869598388672,93.19932144428525,2.3138972,48.8413784,SensorLogger (Pixel 4 XL),0.3652663119869552,6780.1605794870775,2.0903819380842297,1.1383513917719925,2219.0
2024-01-21 15:58:03+00:00,1705852683252503300,2765.8545034179688,45.0,1.5,1.1573070287704468,17.875,1.990615963935852,157.70672607421875,93.23835010381131,2.3139075,48.8413652,SensorLogger (Pixel 4 XL),2.0399481309664282,6781.831999382424,2.038258433018346,0.9298086442991473,2220.0
2024-01-21 15:58:04+00:00,1705852683817542000,2766.4195419921875,45.0,1.5,1.1573070287704468,17.760000228881836,1.94400691986084,156.94351196289062,93.23835010381131,2.3139108,48.8413623,SensorLogger (Pixel 4 XL),0.7130015600482492,6782.234873070913,1.9830866093009951,0.8636180048700255,2221.0
2024-01-21 15:58:05+00:00,1705852684979586000,2767.5815859375,45.0,1.5,1.1571967601776123,17.582000732421875,1.932793974876404,155.4898681640625,93.23835010381131,2.313924,48.8413486,SensorLogger (Pixel 4 XL),0.9284179482300032,6784.046557635778,1.9328412100200842,1.0391888650909655,2222.0
2024-01-21 15:58:06+00:00,1705852686067299300,2768.669299316406,45.0,1.5,1.15176522731781,17.45199966430664,1.8906192779541016,153.3546142578125,93.4340029829963,2.3139392,48.8413361,SensorLogger (Pixel 4 XL),0.6914961505478688,6785.838673654635,1.8920248983132995,1.2890791758095834,2223.0
2024-01-21 15:58:07+00:00,1705852687219734300,2769.821734375,45.0,1.5,1.1593029499053955,17.38800048828125,1.8376610279083248,151.32032775878906,93.51155576604752,2.3139565,48.8413248,SensorLogger (Pixel 4 XL),0.8558902447000182,6787.647814265349,1.8683847231023551,1.5696869323571725,2224.0
2024-01-21 15:58:08+00:00,1705852687826547000,2770.428546875,45.0,1.5,1.1593029499053955,17.413000106811523,1.814285159111023,150.3487091064453,93.51155576604752,2.3139683,48.8413171,SensorLogger (Pixel 4 XL),2.0040139512650446,6788.863875983157,1.861020136311053,1.8492972703290367,2225.0
2024-01-21 15:58:09+00:00,1705852688969954600,2771.571954589844,45.0,1.5,1.221202373504639,17.52199935913086,1.8549227714538572,150.80809020996094,93.5946850294483,2.3139833,48.8413007,SensorLogger (Pixel 4 XL),2.131241155228871,6790.99295240674,1.8702801618101472,2.0472439136079985,2226.0
2024-01-21 15:58:10+00:00,1705852690054926800,2772.6569267578125,45.0,1.5,1.1856534481048584,17.545000076293945,1.8952471017837524,150.76458740234375,93.44616807838614,2.3140027,48.8412789,SensorLogger (Pixel 4 XL),2.7263452457756028,6793.803117951608,1.8875134887738567,2.0255182574664055,2227.0
2024-01-21 15:58:11+00:00,1705852691110475300,2773.712475341797,45.0,1.5,1.160949468612671,17.45199966430664,1.931409478187561,150.17103576660156,93.40764533637513,2.314022,48.8412587,SensorLogger (Pixel 4 XL),3.223195677166706,6796.458071471685,1.9034262636668104,2.205905432857051,2228.0
2024-01-21 15:58:12+00:00,1705852692283306800,2774.885306640625,45.0,1.5,1.1644197702407837,17.31100082397461,1.960388422012329,149.72189331054688,93.45326439211487,2.3140407,48.8412389,SensorLogger (Pixel 4 XL),2.6837631852090746,6799.050895339919,1.9227825644868632,2.2313885491012506,2229.0
2024-01-21 15:58:13+00:00,1705852692869722400,2775.4717224121096,45.0,1.5,1.1644197702407837,17.371000289916992,1.973468899726868,149.6149444580078,93.45326439211487,2.3140482,48.841231,SensorLogger (Pixel 4 XL),1.7663535237663393,6800.0867115415585,1.949333844896905,2.2356220286991784,2230.0
2024-01-21 15:58:14+00:00,1705852693999503400,2776.6015034179686,45.0,1.5,1.163580060005188,17.13800048828125,1.964270830154419,149.08877563476562,93.5379137366665,2.3140684,48.8412118,SensorLogger (Pixel 4 XL),1.744010547867874,6802.683851540648,1.9774842392805043,2.1985171949879696,2231.0
2024-01-21 15:58:15+00:00,1705852695098102000,2777.7001020507814,45.0,1.5,1.1609618663787842,17.197999954223633,1.9718234539031985,147.8162078857422,93.54146193129564,2.3140887,48.8411939,SensorLogger (Pixel 4 XL),1.4181081874016541,6805.174190217698,1.9983414708219607,2.28529963670904,2232.0
2024-01-21 15:58:16+00:00,1705852696258817000,2778.860817138672,45.0,1.5,1.1599738597869873,17.21500015258789,1.99394166469574,147.05723571777344,93.62307081881582,2.3141101,48.8411746,SensorLogger (Pixel 4 XL),1.7388760244375248,6807.832882138876,2.0106985499956056,2.4196712529203444,2233.0
2024-01-21 15:58:17+00:00,1705852696857355000,2779.459354980469,45.0,1.5,1.1367908716201782,17.065000534057617,2.011955738067627,147.32943725585938,93.6403050945785,2.3141216,48.841162,SensorLogger (Pixel 4 XL),2.7306480109209823,6809.467278738037,2.0185591622175783,2.4340839679351944,2234.0
2024-01-21 15:58:18+00:00,1705852697912903200,2780.514903076172,45.0,1.5,1.1505738496780396,16.924999237060547,2.0422070026397705,148.51809692382812,93.85421579475477,2.3141373,48.8411418,SensorLogger (Pixel 4 XL),2.6169572191711143,6811.990699852485,2.0210860909380095,2.473809065417062,2235.0
2024-01-21 15:58:19+00:00,1705852699085734700,2781.6877346191404,45.0,1.5,1.151079773902893,17.073999404907227,2.0593278408050537,151.12704467773438,93.9226480857372,2.3141503,48.8411142,SensorLogger (Pixel 4 XL),3.1001735646747846,6815.2039667990775,2.022720459791341,2.5848152949166767,2236.0
2024-01-21 15:58:20+00:00,1705852700141282800,2782.743282714844,45.0,1.5,1.1485280990600586,17.094999313354492,2.0495951175689697,154.72023010253906,93.91757900814768,2.3141537,48.8410871,SensorLogger (Pixel 4 XL),3.5980297682200715,6818.229395689751,2.0247653839275417,2.805452105723031,2237.0
2024-01-21 15:58:21+00:00,1705852701196831200,2783.798831298828,45.0,1.5,1.1529942750930786,17.170000076293945,2.023289918899536,158.6349334716797,93.71279081554154,2.3141519,48.8410583,SensorLogger (Pixel 4 XL),3.836777913495058,6821.437664415883,2.0318631877726667,2.9116907671545906,2238.0
2024-01-21 15:58:22+00:00,1705852701783246800,2784.385246826172,45.0,1.5,1.1529942750930786,17.11199951171875,2.018951177597046,160.34999084472656,93.71279081554154,2.3141481,48.8410474,SensorLogger (Pixel 4 XL),2.1205416271210016,6822.681183954693,2.0409528582344336,2.9872611356004217,2239.0
2024-01-21 15:58:23+00:00,1705852702956078300,2785.5580783691407,45.0,1.5,1.1554014682769775,17.363000869750977,2.0114028453826904,163.09324645996094,93.62661904918905,2.314147,48.8410199,SensorLogger (Pixel 4 XL),1.7605278279171586,6825.74929310097,2.049018327574935,3.0366410323174593,2240.0
2024-01-21 15:58:24+00:00,1705852704116734200,2786.7187341308595,45.0,1.5,1.158883571624756,17.32900047302246,2.0176942348480225,165.88038635253906,93.68795298101512,2.3141461,48.8409868,SensorLogger (Pixel 4 XL),2.5605981700129705,6829.432578948324,2.055915963919465,3.0070976928465387,2241.0
2024-01-21 15:58:25+00:00,1705852705184458000,2787.7864580078126,45.0,1.5,1.1562365293502808,17.284000396728516,2.059487581253052,167.87957763671875,93.85928483434834,2.3141448,48.8409535,SensorLogger (Pixel 4 XL),3.0570036532072558,6833.142801702846,2.0689969289356878,2.984248313167044,2242.0
2024-01-21 15:58:26+00:00,1705852705770873900,2788.3728737792967,45.0,1.5,1.1542860269546509,17.138999938964844,2.088104009628296,168.34762573242188,93.89274057189888,2.3141446,48.8409339,SensorLogger (Pixel 4 XL),3.716593185784805,6835.32227141248,2.084145332677343,2.8426074517352395,2243.0
2024-01-21 15:58:27+00:00,1705852706943705000,2789.545705078125,45.0,1.5,1.1473867893218994,17.35099983215332,2.1263673305511475,168.530517578125,93.89274057189888,2.3141468,48.8409048,SensorLogger (Pixel 4 XL),2.8488954552184005,6838.562137777444,2.089761738539832,2.621162370004915,2244.0
2024-01-21 15:58:28+00:00,1705852708116536600,2790.718536621094,45.0,1.5,1.1557741165161133,17.378999710083008,2.111055612564087,168.2437744140625,93.93532079300876,2.3141533,48.8408722,SensorLogger (Pixel 4 XL),3.0393406872479054,6842.220769359048,2.083956076117134,2.5044742070240487,2245.0
2024-01-21 15:58:29+00:00,1705852709289368000,2791.8913681640624,45.0,1.5,1.1582677364349363,17.555999755859375,2.0756232738494877,166.3658905029297,94.08333942080009,2.3141652,48.8408468,SensorLogger (Pixel 4 XL),2.9371129415536275,6845.177723531315,2.061772345417776,2.4766100596594134,2246.0
2024-01-21 15:58:30+00:00,1705852709836655400,2792.4386552734377,45.0,1.5,1.1582677364349363,17.62299919128418,2.0585858821868896,165.22296142578125,94.08333942080009,2.3141715,48.8408384,SensorLogger (Pixel 4 XL),1.9032646011915157,6846.219355505107,2.028291086805363,2.254594423762983,2247.0
2024-01-21 15:58:31+00:00,1705852710938764000,2793.540763916016,45.0,1.5,1.1596407890319824,17.658000946044922,2.051910877227783,162.92581176757812,94.143662824123,2.3141859,48.8408186,SensorLogger (Pixel 4 XL),1.5152800844854537,6848.662312437802,1.9873239715714366,1.9610410095916555,2248.0
2024-01-21 15:58:32+00:00,1705852712077254400,2794.679254394531,45.0,1.5,1.152166485786438,17.770000457763672,1.940461277961731,159.77145385742188,94.29726133237791,2.3142052,48.8408044,SensorLogger (Pixel 4 XL),1.1946204617860465,6850.834930712324,1.9415238513126736,1.886701153986261,2249.0
2024-01-21 15:58:33+00:00,1705852713196464600,2795.7984645996094,45.0,1.5,1.1546716690063477,17.920000076293945,1.8306479454040527,155.36712646484375,94.4665777733942,2.3142271,48.8407947,SensorLogger (Pixel 4 XL),1.3254904623081798,6852.810219635896,1.8963762257433685,1.8564259939920111,2250.0
2024-01-21 15:58:34+00:00,1705852713746127600,2796.348127685547,45.0,1.5,1.1546716690063477,17.97599983215332,1.810025095939636,153.0042266845703,94.4665777733942,2.3142403,48.8407877,SensorLogger (Pixel 4 XL),2.2569883643675497,6854.050802631219,1.8582718287118518,1.9330452947034247,2251.0
2024-01-21 15:58:35+00:00,1705852714918959000,2797.520958984375,45.0,1.5,1.1505155563354492,18.066999435424805,1.7920985221862793,149.00308227539062,94.5882443759189,2.3142645,48.8407788,SensorLogger (Pixel 4 XL),2.0709896023583565,6856.09113795694,1.8356035939169244,2.0149517907168075,2252.0
2024-01-21 15:58:36+00:00,1705852715974507300,2798.5765073242187,45.0,1.5,1.156386375427246,18.371000289916992,1.8182913064956665,146.92857360839844,94.65516175373004,2.3142879,48.8407663,SensorLogger (Pixel 4 XL),2.098093850870774,6858.297538392461,1.8250820602227218,2.0471872556443795,2253.0
2024-01-21 15:58:37+00:00,1705852717147338800,2799.749338867188,45.0,1.5,1.211506724357605,18.652000427246094,1.8417716026306152,148.4462432861328,94.8599727775725,2.3143083,48.8407419,SensorLogger (Pixel 4 XL),2.777776101967293,6861.395084027711,1.8258705660228913,2.2212141074471248,2254.0
2024-01-21 15:58:38+00:00,1705852718202887000,2800.8048869628906,45.0,1.5,1.181644082069397,18.791000366210938,1.8460781574249268,149.33270263671875,94.90965540745675,2.3143228,48.84072,SensorLogger (Pixel 4 XL),3.299765959588088,6864.052239493438,1.838406671981476,2.4025073738771447,2255.0
2024-01-21 15:58:39+00:00,1705852718789302500,2801.3913024902345,45.0,1.5,1.181644082069397,18.66699981689453,1.8580281734466555,149.50201416015625,94.90965540745675,2.3143285,48.8407105,SensorLogger (Pixel 4 XL),1.9367361950844446,6865.187972586014,1.8635924822604593,2.5104034546580536,2256.0
2024-01-21 15:58:40+00:00,1705852719962134000,2802.564134033203,45.0,1.5,1.1519039869308472,18.700000762939453,1.8999152183532717,149.35472106933594,95.05059343638592,2.3143464,48.8406858,SensorLogger (Pixel 4 XL),1.9980068565013676,6868.231285166875,1.8867153938000119,2.5080453248811563,2257.0
2024-01-21 15:58:41+00:00,1705852721076258800,2803.6782587890625,45.0,1.5,1.157198190689087,18.42200088500977,1.9263397455215452,149.28599548339844,95.14793330306196,2.3143637,48.8406595,SensorLogger (Pixel 4 XL),2.1612768504708146,6871.428512881511,1.902386661352625,2.406437691366209,2258.0
2024-01-21 15:58:42+00:00,1705852722198211600,2804.8002116699217,45.0,1.5,1.1605244874954224,18.18400001525879,1.9264501333236692,148.35935974121094,95.17226844486731,2.3143833,48.8406366,SensorLogger (Pixel 4 XL),1.7587610092379542,6874.369526615835,1.914595773748693,2.2754830955628425,2259.0
2024-01-21 15:58:43+00:00,1705852722776929300,2805.378929199219,45.0,1.5,1.1568793058395386,17.770999908447266,1.9305999279022217,147.53860473632812,95.3350115064944,2.3143982,48.8406236,SensorLogger (Pixel 4 XL),3.1288097835247237,6876.180222027327,1.9217049020447987,2.164858173239784,2260.0
2024-01-21 15:58:44+00:00,1705852723832477700,2806.434477783203,45.0,1.5,1.1590253114700315,17.85099983215332,1.9195377826690676,145.27029418945312,95.44807161486294,2.3144205,48.8406095,SensorLogger (Pixel 4 XL),2.7013896100208106,6878.443315614784,1.9243351776675506,2.0896906315151695,2261.0
2024-01-21 15:58:45+00:00,1705852724967614500,2807.5696145019533,45.0,1.5,1.159956455230713,17.910999298095703,1.913663983345032,143.22434997558594,95.53071291973524,2.3144435,48.8405976,SensorLogger (Pixel 4 XL),1.8732743432504018,6880.58615294857,1.9230339485056362,1.9463519789728596,2262.0
2024-01-21 15:58:46+00:00,1705852725977688800,2808.579688720703,45.0,1.5,1.159956455230713,18.43000030517578,1.9118863344192505,141.31312561035156,95.53071291973524,2.3144681,48.8405868,SensorLogger (Pixel 4 XL),1.6682754273678493,6882.754216732216,1.9180568555901059,2.0486499221502963,2263.0
2024-01-21 15:58:47+00:00,1705852727096950300,2809.6989501953126,45.0,1.5,1.1509943008422852,18.732999801635746,1.9228421449661253,140.88531494140625,95.5484580905636,2.3144914,48.8405707,SensorLogger (Pixel 4 XL),1.5276869016667822,6885.227190243376,1.9124045102305103,2.081393135292833,2264.0
2024-01-21 15:58:48+00:00,1705852728171954200,2810.7739541015626,45.0,1.5,1.1506025791168213,19.106000900268555,1.9189783334732056,140.5010223388672,95.71627854808548,2.3145116,48.8405544,SensorLogger (Pixel 4 XL),1.6306824245326763,6887.566098917756,1.9126562970795882,2.0909927611009946,2265.0
2024-01-21 15:58:49+00:00,1705852728758370000,2811.360370117188,45.0,1.5,1.1506025791168213,19.143999099731445,1.912917971611023,140.1199188232422,95.71627854808548,2.3145241,48.8405441,SensorLogger (Pixel 4 XL),2.4995978866961623,6889.031903112081,1.917558891632988,2.120208202548237,2266.0
2024-01-21 15:58:50+00:00,1705852729931201500,2812.533201416016,45.0,1.5,1.1450048685073853,19.42300033569336,1.8965007066726685,139.0032958984375,95.7953733327563,2.3145448,48.8405307,SensorLogger (Pixel 4 XL),2.172811233045471,6891.1580695837,1.9244726293227354,1.9117009173273618,2267.0
2024-01-21 15:58:51+00:00,1705852731104033000,2813.7060329589845,45.0,1.5,1.156317949295044,19.10700035095215,1.911418080329895,139.30609130859375,95.83948420719908,2.3145665,48.8405115,SensorLogger (Pixel 4 XL),1.5436081917397169,6893.821159971843,1.9331051127403671,1.9913777484379405,2268.0
2024-01-21 15:58:52+00:00,1705852732159581400,2814.7615815429685,45.0,1.5,1.1585527658462524,18.812000274658203,1.9408503770828247,139.17295837402344,95.7745855291952,2.3145891,48.8404913,SensorLogger (Pixel 4 XL),3.1546790548187094,6896.611344354695,1.9404147238753064,1.9850383738217188,2269.0
2024-01-21 15:58:53+00:00,1705852733215129900,2815.8171298828124,45.0,1.5,1.1555379629135132,18.35300064086914,1.9672261476516724,138.28280639648438,95.8962709591728,2.314612,48.8404743,SensorLogger (Pixel 4 XL),2.165147380833496,6899.137657531104,1.9473683001229232,1.8657431951265553,2270.0
2024-01-21 15:58:54+00:00,1705852733801545700,2816.403545654297,45.0,1.5,1.1555379629135132,18.364999771118164,1.980056643486023,137.68780517578125,95.8962709591728,2.3146216,48.8404684,SensorLogger (Pixel 4 XL),1.639192147028513,6900.098906033196,1.9519105296329238,1.8345951398888642,2271.0
2024-01-21 15:58:55+00:00,1705852734974377500,2817.5763774414063,45.0,1.5,1.1537212133407593,18.40699958801269,1.96658456325531,137.6282501220703,96.12544994174644,2.3146443,48.8404517,SensorLogger (Pixel 4 XL),1.4713807348796897,6902.590681642481,1.956139573684116,1.9089975793086853,2272.0
2024-01-21 15:58:56+00:00,1705852736098335200,2818.7003352050783,45.0,1.5,1.1467959880828855,18.179000854492188,1.9593123197555544,138.1696319580078,96.2278726463706,2.314663,48.8404326,SensorLogger (Pixel 4 XL),0.8629598676820238,6905.139955288422,1.9532268016047172,1.9221280369364746,2273.0
2024-01-21 15:58:57+00:00,1705852737202757600,2819.8047575683595,45.0,1.5,1.1596734523773191,18.152999877929688,1.952007532119751,138.94253540039062,96.4327217786422,2.3146883,48.8404081,SensorLogger (Pixel 4 XL),2.528778882526315,6908.434596545881,1.949873292068561,2.027356552514672,2274.0
2024-01-21 15:58:58+00:00,1705852737789173500,2820.3911735839843,45.0,1.5,1.1534440517425537,18.21500015258789,1.9465742111206052,139.5364990234375,96.4327217786422,2.3146928,48.8404017,SensorLogger (Pixel 4 XL),1.3371989736264058,6909.218751419198,1.9480093843796777,2.122053512043694,2275.0
2024-01-21 15:58:59+00:00,1705852738962005200,2821.564005126953,45.0,1.5,1.1520785093307495,18.21699905395508,1.951109528541565,142.61952209472656,96.60055979221669,2.3147025,48.8403796,SensorLogger (Pixel 4 XL),2.3222841912058887,6911.777155227441,1.9515268408874684,2.045211786749886,2276.0
2024-01-21 15:59:00+00:00,1705852740017554000,2822.619553955078,45.0,1.5,1.158971071243286,17.992000579833984,1.94180166721344,145.83717346191406,96.7486250964734,2.3147129,48.8403518,SensorLogger (Pixel 4 XL),3.4878545293387,6914.961010476979,1.9627325283456278,2.248343448515983,2277.0
2024-01-21 15:59:01+00:00,1705852741190385700,2823.7923857421874,45.0,1.5,1.1584160327911377,17.844999313354492,1.9514403343200684,149.08633422851562,96.7486250964734,2.3147161,48.8403238,SensorLogger (Pixel 4 XL),3.1442119860535924,6918.08459409888,1.9822816324449877,2.5064188698427525,2278.0
2024-01-21 15:59:02+00:00,1705852741777499600,2824.37949975586,45.0,1.5,1.1584160327911377,17.847000122070312,1.95881986618042,150.6422882080078,96.7486250964734,2.3147143,48.8403135,SensorLogger (Pixel 4 XL),1.9636026414517014,6919.237452700114,2.0091803768641374,2.6959494914572257,2279.0
2024-01-21 15:59:03+00:00,1705852742918540300,2825.520540283203,45.0,1.5,1.1583726406097412,17.92099952697754,2.046886682510376,152.836669921875,96.70450947772925,2.3147226,48.8402834,SensorLogger (Pixel 4 XL),2.297841992194939,6922.643345106314,2.039192884863782,2.8048745673497217,2280.0
2024-01-21 15:59:04+00:00,1705852743965879600,2826.567879638672,45.0,1.5,1.1521599292755127,18.05500030517578,2.100278854370117,154.99749755859375,96.604109272594,2.3147286,48.8402532,SensorLogger (Pixel 4 XL),2.2966054024407243,6926.046815087427,2.0682519529739762,2.7499348247346136,2281.0
2024-01-21 15:59:05+00:00,1705852745060730400,2827.66273046875,45.0,1.5,1.1591185331344604,18.106000900268555,2.12749981880188,157.61795043945312,96.70805900175483,2.3147322,48.8402205,SensorLogger (Pixel 4 XL),2.264203941189317,6929.717357335416,2.0956883138121634,2.620137095688759,2282.0
2024-01-21 15:59:06+00:00,1705852746116279000,2828.7182790527345,45.0,1.5,1.2014386653900146,18.11000061035156,2.14182448387146,160.2169952392578,96.83026495220771,2.3147319,48.8401909,SensorLogger (Pixel 4 XL),3.5624452271759597,6933.016055190623,2.119054776295289,2.474583143623808,2283.0
2024-01-21 15:59:07+00:00,1705852747289110500,2829.891110595703,45.0,1.5,1.1789700984954834,18.38500022888184,2.15051817893982,163.0976104736328,96.87793082259824,2.3147286,48.8401611,SensorLogger (Pixel 4 XL),3.243129666202984,6936.341138730765,2.1381752508258502,2.3004099133804834,2284.0
2024-01-21 15:59:08+00:00,1705852747817361000,2830.419360839844,45.0,1.5,1.1789700984954834,18.441999435424805,2.1537137031555176,164.5731658935547,96.87793082259824,2.3147245,48.8401508,SensorLogger (Pixel 4 XL),2.2412845124086718,6937.525099515729,2.15075885785652,2.350363135569891,2285.0
2024-01-21 15:59:09+00:00,1705852748931074800,2831.533074707031,45.0,1.5,1.1595308780670166,18.229999542236328,2.148943424224853,167.53672790527344,96.89872133961046,2.3147115,48.8401259,SensorLogger (Pixel 4 XL),1.9736370502167844,6940.495939440805,2.1582163346838743,2.5059127761884072,2286.0
2024-01-21 15:59:10+00:00,1705852750118910500,2832.7209104003905,45.0,1.5,1.1597175598144531,18.472999572753903,2.138685941696167,169.27133178710938,97.02600098531276,2.314708,48.8400988,SensorLogger (Pixel 4 XL),1.7734059703639045,6943.531141235184,2.1582658049208123,2.5359948045017218,2287.0
2024-01-21 15:59:11+00:00,1705852751237587000,2833.8395869140627,45.0,1.5,1.1595606803894043,18.343000411987305,2.153327226638794,170.90701293945312,97.11068611409712,2.3147031,48.8400743,SensorLogger (Pixel 4 XL),1.4958006668017139,6946.306163892523,2.1619044420406404,2.5502555622165866,2288.0
2024-01-21 15:59:12+00:00,1705852751745870600,2834.347870605469,45.0,1.5,1.1595606803894043,18.04199981689453,2.159597873687744,171.87538146972656,97.11068611409712,2.3147,48.8400585,SensorLogger (Pixel 4 XL),3.4851925646408897,6948.077631510048,2.173260756747227,2.520199970406041,2289.0
2024-01-21 15:59:13+00:00,1705852752918702000,2835.520702148437,45.0,1.5,1.163022756576538,17.80500030517578,2.176599502563477,173.72171020507812,97.23594052459408,2.3146929,48.8400355,SensorLogger (Pixel 4 XL),2.42442033077978,6950.688746872892,2.1853780457337098,2.5333309447829406,2290.0
2024-01-21 15:59:14+00:00,1705852754091533600,2836.693533447265,45.0,1.5,1.166521430015564,17.868000030517578,2.197282552719116,175.6948699951172,97.28005891683225,2.3146847,48.8400023,SensorLogger (Pixel 4 XL),3.510376507479427,6954.428878352914,2.197241899438585,2.613885612005397,2291.0
2024-01-21 15:59:15+00:00,1705852755264371000,2837.866370849609,45.0,1.5,1.1415177583694458,17.41699981689453,2.2159535884857178,177.65280151367188,97.32265620368412,2.314674,48.8399745,SensorLogger (Pixel 4 XL),3.2088631011994204,6957.622361394699,2.2072406725646263,2.779052004560536,2292.0
2024-01-21 15:59:16+00:00,1705852755777637600,2838.3796376953123,45.0,1.5,1.1415177583694458,17.405000686645508,2.225658893585205,178.51905822753906,97.32265620368412,2.3146684,48.8399636,SensorLogger (Pixel 4 XL),2.492738167834993,6958.901801635889,2.2200380003830005,2.8836954932763783,2293.0
2024-01-21 15:59:17+00:00,1705852756906334700,2839.508334716797,45.0,1.5,1.15508234500885,17.611000061035156,2.246703147888184,180.44561767578125,97.46769143282091,2.3146554,48.8399329,SensorLogger (Pixel 4 XL),2.4727928600271767,6962.45533671606,2.2328758686376493,3.016108181858099,2294.0
2024-01-21 15:59:18+00:00,1705852758000830500,2840.6028305664063,45.0,1.5,1.15508234500885,17.697999954223633,2.260647773742676,181.3183441162109,97.46769143282091,2.3146477,48.8399073,SensorLogger (Pixel 4 XL),2.6512980866470675,6965.357169215405,2.239586221254801,2.983040089123291,2295.0
2024-01-21 15:59:19+00:00,1705852759134714000,2841.736714111328,45.0,1.5,1.1529337167739868,17.69099998474121,2.2187721729278564,182.82620239257807,97.5397028556786,2.3146359,48.8398747,SensorLogger (Pixel 4 XL),3.023143386034822,6969.084710167872,2.2426864112664253,2.7740769641131635,2296.0
2024-01-21 15:59:20+00:00,1705852760190262300,2842.7922622070314,45.0,1.5,1.1588770151138306,17.785999298095703,2.219996213912964,183.97349548339844,97.51840363855172,2.3146258,48.8398539,SensorLogger (Pixel 4 XL),2.3574415852277144,6971.512849669754,2.2404993445625254,2.7923912460236386,2297.0
2024-01-21 15:59:21+00:00,1705852760776677600,2843.378677734375,45.0,1.5,1.1588690280914309,18.09199905395508,2.2257869243621826,184.56295776367188,97.60005092897882,2.3146197,48.8398371,SensorLogger (Pixel 4 XL),3.2752807366697736,6973.433526698229,2.2331819599030904,2.534558320198415,2298.0
2024-01-21 15:59:22+00:00,1705852761949508900,2844.5515087890626,45.0,1.5,1.1585869789123535,18.0,2.251941204071045,185.61643981933597,97.52398199975454,2.3146079,48.8398095,SensorLogger (Pixel 4 XL),2.94438532694669,6976.622000889656,2.22044029926284,2.46099846720316,2299.0
2024-01-21 15:59:23+00:00,1705852763122339800,2845.72433984375,45.0,1.5,1.1553668975830078,18.04199981689453,2.2217471599578857,185.87533569335935,97.60360082906078,2.3146008,48.8397808,SensorLogger (Pixel 4 XL),2.7438534829124546,6979.856007969812,2.2018687914939066,2.370666373133442,2300.0
2024-01-21 15:59:24+00:00,1705852764177887500,2846.779887451172,45.0,1.5,1.1586419343948364,17.929000854492188,2.1803174018859863,185.53463745117188,97.79073338678072,2.3145969,48.8397586,SensorLogger (Pixel 4 XL),1.512110198862513,6982.342287013452,2.1803770024312685,2.1921346437126212,2301.0
2024-01-21 15:59:25+00:00,1705852764737848300,2847.339848388672,45.0,1.5,1.1586419343948364,17.804000854492188,2.1670596599578857,185.3732452392578,97.79073338678072,2.3145966,48.8397497,SensorLogger (Pixel 4 XL),1.7677630462206788,6983.332165376577,2.1594611709474014,2.0706778673081594,2302.0
2024-01-21 15:59:26+00:00,1705852765937133800,2848.5391337890624,45.0,1.5,1.1559981107711792,17.47800064086914,2.140730857849121,185.0425567626953,97.9002763184088,2.3145988,48.839725,SensorLogger (Pixel 4 XL),2.07319221263355,6986.083821421169,2.1421247391679286,1.8885644538975745,2303.0
2024-01-21 15:59:27+00:00,1705852767109964500,2849.711964599609,45.0,1.5,1.1578575372695925,17.275999069213867,2.1121184825897217,185.1068572998047,97.96366986710176,2.3145981,48.839702,SensorLogger (Pixel 4 XL),1.066543183641304,6988.647162937514,2.1230301287379314,1.888614672070921,2304.0
2024-01-21 15:59:28+00:00,1705852768282795300,2850.8847951660155,45.0,1.5,1.1624205112457275,17.128000259399414,2.086936712265014,184.59104919433597,98.0940084967481,2.3146011,48.8396811,SensorLogger (Pixel 4 XL),2.463756924118056,6990.98539304223,2.1068880894604964,1.8781047864613014,2305.0
2024-01-21 15:59:29+00:00,1705852768869210400,2851.4712104492187,45.0,1.5,1.1570210456848145,17.05900001525879,2.076770305633545,184.3993225097656,98.12950963905006,2.3146037,48.8396714,SensorLogger (Pixel 4 XL),1.8676986627169312,6992.080639553526,2.096525601995488,1.9680717644500993,2306.0
2024-01-21 15:59:30+00:00,1705852769975574800,2852.577574707031,45.0,1.5,1.1550904512405396,17.0,2.0939652919769287,183.5048065185547,98.21978464392754,2.3146124,48.8396505,SensorLogger (Pixel 4 XL),2.0798628085404767,6994.504590259453,2.09648397303276,2.104027931862259,2307.0
2024-01-21 15:59:31+00:00,1705852771097588500,2853.6995883789064,45.0,1.5,1.1581192016601562,16.929000854492188,2.102480888366699,182.6176605224609,98.26035799384206,2.3146218,48.8396229,SensorLogger (Pixel 4 XL),2.549469459801514,6997.649791409603,2.102110742120193,2.4197143780616877,2308.0
2024-01-21 15:59:32+00:00,1705852772198236200,2854.8002360839846,45.0,1.5,1.1555967330932615,17.020000457763672,2.11702036857605,182.2003173828125,98.21775598154356,2.3146296,48.8396063,SensorLogger (Pixel 4 XL),2.0822925019176464,6999.5852703122955,2.1101278551024123,2.5344457072249624,2309.0
2024-01-21 15:59:33+00:00,1705852772739551200,2855.3415512695315,45.0,1.5,1.1555967330932615,16.875,2.1259260177612305,182.10997009277344,98.21775598154356,2.3146328,48.8395906,SensorLogger (Pixel 4 XL),3.2539254465530245,7001.346668965396,2.1223719534291514,2.6222647280460443,2310.0
2024-01-21 15:59:34+00:00,1705852773912382000,2856.514381835937,45.0,1.5,1.1568331718444824,17.106000900268555,2.140197277069092,181.91156005859372,98.3257829307698,2.3146388,48.8395683,SensorLogger (Pixel 4 XL),2.5857984371699296,7003.866702960519,2.1361830234527703,2.7167846646038596,2311.0
2024-01-21 15:59:35+00:00,1705852774967929300,2857.56992944336,45.0,1.5,1.189880609512329,16.981000900268555,2.1558055877685547,181.6943817138672,98.34860570231358,2.3146426,48.8395467,SensorLogger (Pixel 4 XL),2.3839194084227904,7006.284594351466,2.1495032398948957,2.4564454644936387,2312.0
2024-01-21 15:59:36+00:00,1705852776140759600,2858.7427595214845,45.0,1.5,1.172869086265564,17.159000396728516,2.1647372245788574,181.22227478027344,98.43330408203366,2.3146465,48.8395177,SensorLogger (Pixel 4 XL),2.877586229536883,7009.522092854951,2.16090750564818,2.3990705048352625,2313.0
2024-01-21 15:59:37+00:00,1705852777196307000,2859.7983068847657,45.0,1.5,1.160413384437561,17.047000885009766,2.1712605953216557,180.90904235839844,98.44040458355818,2.3146513,48.8394948,SensorLogger (Pixel 4 XL),3.101924654730587,7012.093508944598,2.170739200212309,2.3615495549203676,2314.0
2024-01-21 15:59:38+00:00,1705852777782722000,2860.384722167969,45.0,1.5,1.160413384437561,17.014999389648438,2.174928903579712,181.00914001464844,98.44040458355818,2.3146527,48.8394866,SensorLogger (Pixel 4 XL),1.5646548066644568,7013.011045993048,2.17990332124461,2.3261694199946716,2315.0
2024-01-21 15:59:39+00:00,1705852778955552000,2861.557552001953,45.0,1.5,1.1668540239334106,16.72100067138672,2.1834938526153564,181.6101531982422,98.45815586346262,2.3146543,48.8394614,SensorLogger (Pixel 4 XL),1.877883316514116,7015.815812556342,2.1864746691414787,2.239062413324903,2316.0
2024-01-21 15:59:40+00:00,1705852780096952300,2862.698952392578,45.0,1.5,1.1614948511123655,16.922000885009766,2.1892921924591064,182.7957000732422,98.67168132267136,2.3146504,48.8394367,SensorLogger (Pixel 4 XL),1.7130088168391189,7018.577132478913,2.191662546520331,2.1756658683314325,2317.0
2024-01-21 15:59:41+00:00,1705852781199146800,2863.8011467285155,45.0,1.5,1.1593868732452393,17.033000946044922,2.1971118450164795,183.593017578125,98.82333332108188,2.3146464,48.8394124,SensorLogger (Pixel 4 XL),1.2638917861155297,7021.294982687181,2.1950377699476675,2.2445881084329558,2318.0
2024-01-21 15:59:42+00:00,1705852781770344000,2864.3723439941405,45.0,1.5,1.1593868732452393,16.91200065612793,2.2045791149139404,183.79872131347656,98.82333332108188,2.3146436,48.8393954,SensorLogger (Pixel 4 XL),3.328778709906831,7023.1963710999435,2.1975752165954154,2.2475603328453766,2319.0
2024-01-21 15:59:43+00:00,1705852782825890800,2865.427890869141,45.0,1.5,1.1646592617034912,17.323999404907227,2.2067787647247314,183.9339141845703,98.88166173721392,2.3146425,48.8393741,SensorLogger (Pixel 4 XL),2.933943311372052,7025.566400106118,2.199546829284058,2.1827467110867538,2320.0
2024-01-21 15:59:44+00:00,1705852783964655400,2866.5666552734374,45.0,1.5,1.1388319730758667,17.55699920654297,2.1961045265197754,185.6970367431641,98.90499321635886,2.3146344,48.8393552,SensorLogger (Pixel 4 XL),2.1268348412800018,7027.765424318397,2.2003602332119607,2.0790440794454472,2321.0
2024-01-21 15:59:45+00:00,1705852784971253200,2867.573253173828,45.0,1.5,1.1532353162765503,17.757999420166016,2.190941572189331,187.76873779296875,99.14338375884712,2.3146217,48.8393371,SensorLogger (Pixel 4 XL),1.7736012668448595,7029.982806318294,2.1992249391737144,2.1522029288670965,2322.0
2024-01-21 15:59:46+00:00,1705852786109813500,2868.7118134765624,45.0,1.5,1.1566855907440186,17.792999267578125,2.1951637268066406,188.61534118652344,99.3919257379649,2.3146093,48.8393101,SensorLogger (Pixel 4 XL),2.592097249374924,7033.124584178119,2.1962511271912706,1.995312737377434,2323.0
2024-01-21 15:59:47+00:00,1705852787282643000,2869.884642822265,45.0,1.5,1.1564066410064695,17.599000930786133,2.1944355964660645,188.57373046875,99.40257770037384,2.3146005,48.8392904,SensorLogger (Pixel 4 XL),1.737455719211639,7035.411997581325,2.191866014230317,1.8165186030327476,2324.0
2024-01-21 15:59:48+00:00,1705852787869057500,2870.4710576171874,45.0,1.5,1.1564066410064695,17.466999053955078,2.192091703414917,188.51275634765625,99.40257770037384,2.3145961,48.839284,SensorLogger (Pixel 4 XL),1.332015457398498,7036.193110093759,2.186446837817933,1.64303438949802,2325.0
2024-01-21 15:59:49+00:00,1705852788968865800,2871.5708657226564,45.0,1.5,1.1519056558609009,17.316999435424805,2.184288501739502,189.19308471679688,99.7084469187188,2.3145872,48.8392658,SensorLogger (Pixel 4 XL),1.1097457469290883,7038.322839168494,2.180753415742083,1.521932021344842,2326.0
2024-01-21 15:59:50+00:00,1705852790097432800,2872.699432861328,45.0,1.5,1.1602247953414917,17.371000289916992,2.1758220195770264,189.89303588867188,99.85149403300288,2.314578,48.8392454,SensorLogger (Pixel 4 XL),1.1611338138099008,7040.692527356896,2.176750716041128,1.5753487650472686,2327.0
2024-01-21 15:59:51+00:00,1705852791270261800,2873.87226171875,45.0,1.5,1.1694577932357788,17.374000549316406,2.166951894760132,190.5805511474609,99.95396189365516,2.3145679,48.8392212,SensorLogger (Pixel 4 XL),2.1795545055148775,7043.483359554846,2.1798915213589334,1.7752386952816495,2328.0
2024-01-21 15:59:52+00:00,1705852791856676000,2874.4586760253906,45.0,1.5,1.1561511754989624,17.40399932861328,2.1643316745758057,191.0282440185547,99.99961629096214,2.3145646,48.8392155,SensorLogger (Pixel 4 XL),1.1566334488980679,7044.161625602148,2.183622022343988,1.8584946628214714,2329.0
2024-01-21 15:59:53+00:00,1705852792968006000,2875.570005859375,45.0,1.5,1.1584882736206057,17.617000579833984,2.159191608428955,191.737060546875,100.0351254371123,2.314557,48.8391979,SensorLogger (Pixel 4 XL),1.9243441316966559,7046.201190893962,2.1781124336147855,1.7635327369069194,2330.0
2024-01-21 15:59:54+00:00,1705852794085050600,2876.6870505371094,45.0,1.5,1.155311942100525,17.63800048828125,2.1582067012786865,191.80247497558597,100.16194503387342,2.3145496,48.8391738,SensorLogger (Pixel 4 XL),2.5870815422328244,7048.935341073436,2.1665256881066695,1.855790604249776,2331.0
2024-01-21 15:59:55+00:00,1705852795257879000,2877.8598791503905,45.0,1.5,1.1684226989746094,17.711999893188477,2.1569812297821045,191.5349884033203,100.3653676405511,2.3145444,48.8391512,SensorLogger (Pixel 4 XL),2.7739776959058076,7051.477119386457,2.142799878012552,1.8687513925773067,2332.0
2024-01-21 15:59:56+00:00,1705852795836849400,2878.4388493652345,45.0,1.5,1.1684226989746094,17.742000579833984,2.1574959754943848,191.2430419921875,100.3653676405511,2.3145431,48.8391428,SensorLogger (Pixel 4 XL),1.6216219439011015,7052.415989843317,2.108617145551287,1.863124748054712,2333.0
2024-01-21 15:59:57+00:00,1705852796936482300,2879.538482421875,45.0,1.5,1.176456332206726,17.875,2.142575263977051,191.0029144287109,100.52618149490785,2.3145398,48.8391223,SensorLogger (Pixel 4 XL),2.0845631829793425,7054.708244309906,2.066490927001481,1.8553445755480509,2334.0
2024-01-21 15:59:58+00:00,1705852798072666600,2880.6746665039063,45.0,1.5,1.1635228395462036,18.24099922180176,2.0408565998077397,188.6557159423828,100.52618149490785,2.3145426,48.8391066,SensorLogger (Pixel 4 XL),0.710100571432373,7056.549156006093,2.018808985727416,1.7929857277294126,2335.0
2024-01-21 15:59:59+00:00,1705852799197895200,2881.799895263672,45.0,1.5,1.1616473197937012,18.46699905395508,1.9323116540908811,186.2976531982422,100.56828783596612,2.3145477,48.8390935,SensorLogger (Pixel 4 XL),0.8381597110430933,7058.105701723185,1.973178228533656,1.8101324505449445,2336.0
2024-01-21 16:00:00+00:00,1705852799714625500,2882.3166254882813,45.0,1.5,1.1616473197937012,18.593000411987305,1.893018364906311,185.43096923828125,100.56828783596612,2.3145509,48.8390833,SensorLogger (Pixel 4 XL),2.241233646056001,7059.263816626345,1.9298714124239513,1.6506753634955154,2337.0
2024-01-21 16:00:01+00:00,1705852800887453200,2883.489453125,45.0,1.5,1.156765103340149,17.343000411987305,1.8227750062942505,183.78770446777344,100.59669705203945,2.3145614,48.8390721,SensorLogger (Pixel 4 XL),1.7151752945353214,7060.789539905738,1.8865196206451103,1.5340314662157117,2338.0
2024-01-21 16:00:02+00:00,1705852802060280600,2884.662280517578,45.0,1.5,1.1780880689620972,16.656999588012695,1.8129587173461916,183.3916931152344,100.59669705203945,2.3145643,48.8390526,SensorLogger (Pixel 4 XL),2.0764649724170425,7063.018606544652,1.845359413008894,1.414025703327713,2339.0
2024-01-21 16:00:03+00:00,1705852803233108000,2885.835107910156,45.0,1.5,1.213202953338623,16.719999313354492,1.814911127090454,183.6385955810547,100.63575988003376,2.3145628,48.8390364,SensorLogger (Pixel 4 XL),1.9409873886558853,7064.8270369733245,1.8095622047579762,1.4155213833826434,2340.0
2024-01-21 16:00:04+00:00,1705852803758317800,2886.3603178710937,45.0,1.5,1.213202953338623,16.94700050354004,1.8185279369354248,183.72463989257807,100.63575988003376,2.3145628,48.8390301,SensorLogger (Pixel 4 XL),1.3338055965350943,7065.5275650106805,1.783098365494578,1.3553137048495514,2341.0
2024-01-21 16:00:05+00:00,1705852804858234400,2887.460234375,45.0,1.5,1.2106146812438965,16.839000701904297,1.8298840522766116,184.13038635253903,100.74012586088617,2.3145604,48.8390132,SensorLogger (Pixel 4 XL),1.1798285036655909,7067.415327278932,1.768339434144733,1.4352363958162573,2342.0
2024-01-21 16:00:06+00:00,1705852805967008300,2888.569008300781,45.0,1.5,1.2123973369598389,17.722000122070312,1.7798134088516235,186.8147125244141,100.73809660973347,2.3145539,48.8389987,SensorLogger (Pixel 4 XL),0.9221562310511617,7069.178838804036,1.759236246428348,1.5217626809538731,2343.0
2024-01-21 16:00:07+00:00,1705852807103436500,2889.7054365234376,45.0,1.5,1.209672927856445,18.448999404907227,1.7310974597930908,190.99143981933597,100.7538233189099,2.3145391,48.8389846,SensorLogger (Pixel 4 XL),1.181223601189735,7071.102286638381,1.7494384911265404,1.5765601200684434,2344.0
2024-01-21 16:00:08+00:00,1705852808257467400,2890.8594672851564,45.0,1.5,1.2398604154586792,18.31100082397461,1.717179536819458,194.77230834960935,100.65148652408816,2.3145232,48.8389692,SensorLogger (Pixel 4 XL),1.106649221655924,7073.173475326515,1.7456135490900881,1.7788716720126958,2345.0
2024-01-21 16:00:09+00:00,1705852808862676700,2891.4646767578124,45.0,1.5,1.2508227825164795,18.073999404907227,1.7180707454681396,196.31114196777344,100.69359348930269,2.3145144,48.8389584,SensorLogger (Pixel 4 XL),2.2516222444504113,7074.536177373456,1.742085575086508,1.9770390212629485,2346.0
2024-01-21 16:00:10+00:00,1705852809918220800,2892.520220703125,45.0,1.5,1.2618978023529053,17.92300033569336,1.729899287223816,199.67628479003903,100.65148652408816,2.3144949,48.8389421,SensorLogger (Pixel 4 XL),2.4755081804316177,7076.843345309474,1.7444841481981326,2.2259270966938183,2347.0
2024-01-21 16:00:11+00:00,1705852811091047700,2893.6930476074217,45.0,1.5,1.2770828008651731,17.58300018310547,1.7538437843322754,202.0064849853516,100.65655964131402,2.3144688,48.8389195,SensorLogger (Pixel 4 XL),3.1010494497694956,7080.007893328327,1.7565414660656709,2.3746601921331503,2348.0
2024-01-21 16:00:12+00:00,1705852812263874600,2894.865874511718,45.0,1.5,1.2861350774765017,17.476999282836914,1.7891830205917358,203.52737426757807,100.87927248818256,2.3144433,48.8388956,SensorLogger (Pixel 4 XL),3.3395241657734593,7083.260718868281,1.7778020984986345,2.546434173170513,2349.0
2024-01-21 16:00:13+00:00,1705852812818541600,2895.4205415039064,45.0,1.5,1.2861350774765017,17.547000885009766,1.804901123046875,204.1880340576172,100.87927248818256,2.3144321,48.8388863,SensorLogger (Pixel 4 XL),2.379035861213146,7084.580291552313,1.8146605473298387,2.6764077164146483,2350.0
2024-01-21 16:00:14+00:00,1705852813905832200,2896.5078322753907,45.0,1.5,1.1992026567459106,17.448999404907227,1.8447498083114624,204.8124847412109,101.51685864228902,2.3144072,48.8388602,SensorLogger (Pixel 4 XL),2.449733489160451,7088.0086286428195,1.856796971920938,2.7398558326379137,2351.0
2024-01-21 16:00:15+00:00,1705852814998975200,2897.600975341797,45.0,1.5,1.1992026567459106,17.591999053955078,1.8711555004119875,204.73904418945312,101.51685864228902,2.3143873,48.8388363,SensorLogger (Pixel 4 XL),2.466646680568649,7091.03987323053,1.8882697125905339,2.788528450944103,2352.0
2024-01-21 16:00:16+00:00,1705852816098233600,2898.700233642578,45.0,1.5,1.2126835584640503,17.839000701904297,1.907670259475708,203.95985412597656,101.55541621446748,2.3143714,48.8388106,SensorLogger (Pixel 4 XL),2.1844586277522984,7094.137132201145,1.9095246283716847,2.6036383596372206,2353.0
2024-01-21 16:00:17+00:00,1705852817189754000,2899.7917541503907,45.0,1.5,1.2244364023208618,18.176000595092773,1.9396473169326784,202.4020538330078,101.70558948776934,2.31436,48.838784,SensorLogger (Pixel 4 XL),2.0282601702522207,7097.211806344426,1.914776379706104,2.428647774412355,2354.0
2024-01-21 16:00:18+00:00,1705852817776167700,2900.3781677246093,45.0,1.5,1.2244364023208618,18.327999114990234,1.9469026327133176,201.4032440185547,101.70558948776934,2.3143539,48.8387674,SensorLogger (Pixel 4 XL),3.2384226594077847,7099.11086272982,1.9071854798502612,2.2956826003044415,2355.0
2024-01-21 16:00:19+00:00,1705852818948994800,2901.550994873047,45.0,1.5,1.253321886062622,18.74099922180176,1.955806255340576,199.15655517578125,101.53765941595933,2.3143488,48.8387437,SensorLogger (Pixel 4 XL),2.6450574542244567,7101.772483978611,1.885212781310631,2.3003004644899305,2356.0
2024-01-21 16:00:20+00:00,1705852820004539100,2902.6065390625,45.0,1.5,1.263286590576172,19.030000686645508,1.8837411403656008,198.56417846679688,101.59448130248062,2.3143359,48.8387206,SensorLogger (Pixel 4 XL),2.5367747869652923,7104.523828421522,1.8575468287748549,2.380304050288941,2357.0
2024-01-21 16:00:21+00:00,1705852821177366500,2903.779366455078,45.0,1.5,1.3707095384597778,19.277000427246094,1.772104024887085,197.75924682617188,101.21309908805954,2.3143254,48.8387046,SensorLogger (Pixel 4 XL),2.149220398589753,7106.482296594271,1.8167284664525263,2.3731677266300766,2358.0
2024-01-21 16:00:22+00:00,1705852821757081000,2904.3590810546875,45.0,1.5,1.3707095384597778,19.30500030517578,1.7344645261764526,196.8836975097656,101.21309908805954,2.314323,48.8386982,SensorLogger (Pixel 4 XL),1.2644205285717058,7107.215300140992,1.7640827785250384,2.4144564900207026,2359.0
2024-01-21 16:00:23+00:00,1705852822936607200,2905.5386071777343,45.0,1.5,1.2312170267105105,17.982999801635742,1.6753005981445312,194.4462738037109,101.56469667606626,2.314318,48.8386743,SensorLogger (Pixel 4 XL),2.2123228952128766,7109.899022542648,1.7073943317206288,2.4089044808093143,2360.0
2024-01-21 16:00:24+00:00,1705852824109434600,2906.7114345703126,45.0,1.5,1.2469078302383425,16.024999618530273,1.662242412567139,193.9744873046875,101.7975810515499,2.3143101,48.8386456,SensorLogger (Pixel 4 XL),2.8013517555802023,7113.142573260357,1.6551170410613758,2.257363635967488,2361.0
2024-01-21 16:00:25+00:00,1705852825282261800,2907.88426171875,45.0,1.5,1.2588640451431274,14.243000030517578,1.621322751045227,194.5670928955078,102.0700486938078,2.3143,48.8386214,SensorLogger (Pixel 4 XL),2.7253472413296245,7115.934061326412,1.6120558876797173,2.035480723813999,2362.0
2024-01-21 16:00:26+00:00,1705852825868675000,2908.470675048828,45.0,1.5,1.2659531831741333,13.41800022125244,1.6119214296340942,195.33848571777344,102.19892844066018,2.3142937,48.8386106,SensorLogger (Pixel 4 XL),2.1936350859817484,7117.220437458088,1.5813272436280141,1.9752542825033055,2363.0
2024-01-21 16:00:27+00:00,1705852827000145700,2909.602145751953,45.0,1.5,1.2735815048217771,11.920000076293944,1.533962607383728,196.9690093994141,102.28163576998,2.3142792,48.8385905,SensorLogger (Pixel 4 XL),1.9903611288172836,7119.696868912415,1.5682079701402152,1.9332305925239914,2364.0
2024-01-21 16:00:28+00:00,1705852828097046800,2910.699046875,45.0,1.5,1.2712042331695557,12.093000411987305,1.5149277448654177,198.8895721435547,102.41929396307977,2.3142618,48.8385694,SensorLogger (Pixel 4 XL),1.9445380366538791,7122.36814582813,1.5633939565037254,1.8801611585145845,2365.0
2024-01-21 16:00:29+00:00,1705852829277263400,2911.8792634277343,45.0,1.5,1.2805345058441162,12.946000099182127,1.5584408044815063,199.30372619628903,102.47561714974046,2.3142575,48.838553,SensorLogger (Pixel 4 XL),1.0890194319820177,7124.6268031860745,1.560524010118864,1.7569637162698435,2366.0
2024-01-21 16:00:30+00:00,1705852829856287500,2912.458287597656,45.0,1.5,1.262161135673523,13.439000129699709,1.5821653604507446,198.85641479492188,102.42117450956798,2.3142646,48.838553,SensorLogger (Pixel 4 XL),0.8974152304110954,7125.146428142448,1.5645791838072087,1.5025959614799234,2367.0
2024-01-21 16:00:31+00:00,1705852830911831800,2913.513831787109,45.0,1.5,1.272209644317627,15.128000259399414,1.5912076234817505,198.4404296875,102.5343294332836,2.3142717,48.8385199,SensorLogger (Pixel 4 XL),1.556921388063531,7129.083170270279,1.572132406946769,1.2964221252265509,2368.0
2024-01-21 16:00:32+00:00,1705852832084659200,2914.6866591796875,45.0,1.5,1.30131733417511,16.22599983215332,1.60765540599823,198.8343048095703,102.5343294332836,2.3142814,48.8385061,SensorLogger (Pixel 4 XL),1.8351577938023413,7130.826617127653,1.5892582830800275,1.207204670379993,2369.0
2024-01-21 16:00:33+00:00,1705852833257486300,2915.859486328125,45.0,1.5,1.303794264793396,17.21500015258789,1.6205873489379885,199.50210571289065,102.41442406135349,2.3142856,48.8384918,SensorLogger (Pixel 4 XL),1.6490186874904071,7132.467953237028,1.6111719160597875,1.2945458009694575,2370.0
2024-01-21 16:00:34+00:00,1705852833758293200,2916.3602932128906,45.0,1.5,1.303794264793396,17.28700065612793,1.6232430934906006,199.98069763183597,102.41442406135349,2.3142868,48.8384867,SensorLogger (Pixel 4 XL),1.1458592768029636,7133.041807583866,1.6397285415036733,1.421829801607151,2371.0
2024-01-21 16:00:35+00:00,1705852834897958000,2917.4999580078124,45.0,1.5,1.306225061416626,18.020000457763672,1.652634859085083,202.55018615722656,102.38956084427754,2.3142797,48.8384712,SensorLogger (Pixel 4 XL),1.1464159079197482,7134.8460234767035,1.668798258185935,1.7155576673188995,2372.0
2024-01-21 16:00:36+00:00,1705852835997992700,2918.5999926757813,45.0,1.5,1.307953715324402,18.23600006103516,1.683118462562561,205.0054626464844,102.4337057902486,2.3142686,48.8384538,SensorLogger (Pixel 4 XL),1.5108374710335049,7136.9477712449325,1.6976242437621676,1.8708802003527243,2373.0
2024-01-21 16:00:37+00:00,1705852837098483200,2919.7004831542968,45.0,1.5,1.208283543586731,18.39699935913086,1.7215625047683716,207.25411987304688,102.89511050761054,2.3142551,48.8384318,SensorLogger (Pixel 4 XL),1.8242597386601158,7139.587277790079,1.7288763698949086,2.137600732007395,2374.0
2024-01-21 16:00:38+00:00,1705852838183360300,2920.7853603515623,45.0,1.5,1.2229806184768677,18.381000518798828,1.7687634229660034,209.44320678710935,103.01892148797062,2.3142359,48.8384081,SensorLogger (Pixel 4 XL),2.570428859918936,7142.575041086068,1.758633883398592,2.2862171456217397,2375.0
2024-01-21 16:00:39+00:00,1705852838769773600,2921.3717736816407,45.0,1.5,1.2229806184768677,18.40699958801269,1.7968603372573853,210.22613525390625,103.01892148797062,2.3142227,48.8383935,SensorLogger (Pixel 4 XL),3.221522776227691,7144.464183921844,1.789002635360313,2.4203084974798013,2376.0
2024-01-21 16:00:40+00:00,1705852839942600700,2922.5446005859376,45.0,1.5,1.2317817211151123,18.0049991607666,1.835293531417847,211.41165161132807,103.0039892647522,2.3142041,48.8383699,SensorLogger (Pixel 4 XL),2.8623212601700105,7147.4227333663575,1.8198640481379333,2.66348594525748,2377.0
2024-01-21 16:00:41+00:00,1705852841115427600,2923.7174274902345,45.0,1.5,1.2607499361038208,17.910999298095703,1.8794456720352173,211.8707733154297,103.0339273679112,2.3141825,48.8383418,SensorLogger (Pixel 4 XL),3.108592871729015,7150.924455016846,1.849977593292488,2.774240852376348,2378.0
2024-01-21 16:00:42+00:00,1705852842170971600,2924.7729716796875,45.0,1.5,1.2702605724334717,18.04599952697754,1.875076174736023,213.1627349853516,103.0907593130446,2.3141638,48.8383197,SensorLogger (Pixel 4 XL),1.815246870171174,7153.739730972397,1.8798641062430228,2.813595881812369,2379.0
2024-01-21 16:00:43+00:00,1705852843226515700,2925.828515625,45.0,1.5,1.2729287147521973,18.475000381469727,1.8741155862808228,213.7333526611328,103.0729992891463,2.314146,48.8382966,SensorLogger (Pixel 4 XL),3.7328366576310996,7156.649994482986,1.9069189176300636,2.8373610768274133,2380.0
2024-01-21 16:00:44+00:00,1705852843812929000,2926.4149289550783,45.0,1.5,1.2729287147521973,18.61199951171875,1.892745852470398,213.2449188232422,103.0729992891463,2.3141413,48.838286,SensorLogger (Pixel 4 XL),2.0938036430209492,7157.8778281587,1.9263022990248426,2.755862928535329,2381.0
2024-01-21 16:00:45+00:00,1705852844956353500,2927.558353515625,45.0,1.5,1.281749963760376,18.92300033569336,1.944997787475586,211.41221618652344,103.05523930256126,2.3141312,48.8382559,SensorLogger (Pixel 4 XL),2.4809184364684507,7161.311755688915,1.9386064898374493,2.6514320734549295,2382.0
2024-01-21 16:00:46+00:00,1705852846158582000,2928.76058203125,45.0,1.5,1.3093957901000977,19.4950008392334,1.96515429019928,209.8836669921875,102.846689108883,2.3141202,48.8382221,SensorLogger (Pixel 4 XL),3.0551266927041163,7165.155808390436,1.9471352853386754,2.690840783977379,2383.0
2024-01-21 16:00:47+00:00,1705852847216531200,2929.81853125,45.0,1.5,1.3160747289657593,19.7549991607666,1.981650710105896,209.6371307373047,102.80964788506492,2.3141143,48.8382022,SensorLogger (Pixel 4 XL),2.124487855613473,7167.415917239708,1.9502306624235715,2.7383739280061636,2384.0
2024-01-21 16:00:48+00:00,1705852847800539100,2930.4025390625,45.0,1.5,1.3160747289657593,19.847000122070312,1.9925538301467896,209.80316162109372,102.80964788506492,2.3141052,48.8381874,SensorLogger (Pixel 4 XL),3.039927314752297,7169.191259110941,1.9504652882053946,2.740239992501529,2385.0
2024-01-21 16:00:49+00:00,1705852848856082700,2931.458082763672,45.0,1.5,1.3382422924041748,19.99099922180176,1.9511516094207764,207.44216918945312,102.67011048560448,2.3141053,48.8381634,SensorLogger (Pixel 4 XL),2.991960248654028,7171.869919495796,1.9524561011413746,2.69694813509879,2386.0
2024-01-21 16:00:50+00:00,1705852849967597800,2932.569597900391,45.0,1.5,1.4995630979537964,20.27899932861328,1.9197968244552608,205.3127899169922,102.07664485361462,2.314106,48.8381421,SensorLogger (Pixel 4 XL),2.3748003763280643,7174.247440137587,1.952123912319349,2.590690967237099,2387.0
2024-01-21 16:00:51+00:00,1705852851084452000,2933.6864521484376,45.0,1.5,1.559996485710144,20.256000518798828,1.9230074882507324,205.0252685546875,101.8985503454108,2.3140987,48.8381147,SensorLogger (Pixel 4 XL),2.991377351950354,7177.344784078335,1.9486985325273987,2.7260317207805564,2388.0
2024-01-21 16:00:52+00:00,1705852852257278200,2934.859278320313,45.0,1.5,1.5685349702835083,20.15699958801269,1.9350861310958865,205.82476806640625,101.85085615681376,2.314088,48.8380904,SensorLogger (Pixel 4 XL),3.095021584408694,7180.169586855662,1.9448361997690777,2.6627969585132605,2389.0
2024-01-21 16:00:53+00:00,1705852852777563000,2935.379562988281,45.0,1.5,1.5685349702835083,20.077999114990234,1.9387426376342771,206.44189453125,101.85085615681376,2.3140831,48.838082,SensorLogger (Pixel 4 XL),1.9230155176667714,7181.170102984271,1.9467929939339168,2.588946722393289,2390.0
2024-01-21 16:00:54+00:00,1705852853899234300,2936.501234375,45.0,1.5,1.577057719230652,19.725000381469727,1.9555237293243408,207.24166870117188,101.75191694284048,2.3140621,48.8380554,SensorLogger (Pixel 4 XL),2.160689926829655,7184.503809286669,1.954180325426138,2.4428311593569663,2391.0
2024-01-21 16:00:55+00:00,1705852855058794000,2937.6607939453124,45.0,1.5,1.5879062414169312,19.242000579833984,1.978944182395935,207.3737030029297,101.65094940039393,2.3140423,48.8380297,SensorLogger (Pixel 4 XL),2.169266562418403,7187.7079656997985,1.9672503789625662,2.2884981736558667,2392.0
2024-01-21 16:00:56+00:00,1705852855658472700,2938.26047265625,45.0,1.5,1.5879062414169312,19.11400032043457,1.9892338514328003,207.54132080078125,101.65094940039393,2.3140306,48.8380148,SensorLogger (Pixel 4 XL),3.110002816990182,7189.572969079089,1.986113086005692,2.1935153016391906,2393.0
2024-01-21 16:00:57+00:00,1705852856831298300,2939.4332983398435,45.0,1.5,1.480786681175232,18.73699951171875,2.000407457351685,207.8153381347656,102.07871383096555,2.3140103,48.837993,SensorLogger (Pixel 4 XL),2.4241642005370347,7192.416089457583,2.004139915850378,2.1746911797141433,2394.0
2024-01-21 16:00:58+00:00,1705852857967234800,2940.569234863281,45.0,1.5,1.4103227853775024,18.7189998626709,2.019653081893921,208.3942108154297,102.07719172310638,2.313989,48.8379719,SensorLogger (Pixel 4 XL),1.740925389922426,7195.233815641135,2.0196577814369827,2.1444056058037035,2395.0
2024-01-21 16:00:59+00:00,1705852859059666400,2941.6616665039064,45.0,1.5,1.421253323554993,18.698999404907227,2.0386199951171875,208.89634704589844,102.10560444833528,2.3139672,48.8379509,SensorLogger (Pixel 4 XL),1.7592736991454208,7198.06543888341,2.0334949295984783,2.227902933398803,2396.0
2024-01-21 16:01:00+00:00,1705852860217808600,2942.81980859375,45.0,1.5,1.4335356950759888,18.673999786376957,2.052358627319336,209.8499298095703,102.35624941151832,2.3139447,48.837931,SensorLogger (Pixel 4 XL),1.573759377648738,7200.825964972085,2.045613588898441,2.2553920078364906,2397.0
2024-01-21 16:01:01+00:00,1705852860818904000,2943.4209040527344,45.0,1.5,1.4335356950759888,18.687000274658203,2.0583341121673584,210.3695373535156,102.35624941151832,2.3139302,48.8379183,SensorLogger (Pixel 4 XL),2.938758048798956,7202.592437741428,2.0565755735155795,2.269151344002252,2398.0
2024-01-21 16:01:02+00:00,1705852861968956700,2944.570956787109,45.0,1.5,1.4611917734146118,18.722000122070312,2.0667383670806885,210.93685913085935,102.36132327294098,2.3139113,48.8379008,SensorLogger (Pixel 4 XL),2.324137059898897,7204.983793987555,2.0675495394754306,2.4143968000065836,2399.0
2024-01-21 16:01:03+00:00,1705852863047271700,2945.6492717285155,45.0,1.5,1.4763883352279663,18.336000442504883,2.075648069381714,211.48052978515625,102.28217138154903,2.31389,48.8378791,SensorLogger (Pixel 4 XL),2.862040079525574,7207.856860056463,2.0794568288380315,2.5023133553324834,2400.0
2024-01-21 16:01:04+00:00,1705852864220096500,2946.822096435547,45.0,1.5,1.466535210609436,18.076000213623047,2.0842607021331787,212.169189453125,102.23599978716032,2.3138689,48.8378597,SensorLogger (Pixel 4 XL),2.6923125436194733,7210.51001340522,2.087774550105663,2.6325332052634405,2401.0
2024-01-21 16:01:05+00:00,1705852864806509000,2947.4085090332032,45.0,1.5,1.476825475692749,18.10400009155273,2.087690114974976,212.5733642578125,102.21824154877636,2.3138567,48.8378494,SensorLogger (Pixel 4 XL),2.4764722621016793,7211.962246457383,2.093478103137135,2.74459059067508,2402.0
2024-01-21 16:01:06+00:00,1705852865979334000,2948.581333984375,45.0,1.5,1.4890754222869873,18.152000427246094,2.098811388015747,212.8255615234375,102.26238352450234,2.3138358,48.8378307,SensorLogger (Pixel 4 XL),2.0923627079247327,7214.5439540284515,2.099122548858516,2.5820756063951986,2403.0
2024-01-21 16:01:07+00:00,1705852867152158700,2949.7541586914062,45.0,1.5,1.5005559921264648,18.065000534057617,2.119104385375977,212.9734039306641,102.3476238540877,2.3138051,48.8378054,SensorLogger (Pixel 4 XL),3.4462751953776993,7218.147198824332,2.1040406486028034,2.4157295361432842,2404.0
2024-01-21 16:01:08+00:00,1705852868207701000,2950.8097009277344,45.0,1.5,1.5085664987564087,18.03899955749512,2.1224524974823,212.17477416992188,102.37683575035928,2.3137839,48.8377841,SensorLogger (Pixel 4 XL),3.0554692617736867,7220.987797171403,2.1097030182230103,2.2833230100903728,2405.0
2024-01-21 16:01:09+00:00,1705852868794113300,2951.39611328125,45.0,1.5,1.5085664987564087,18.075000762939453,2.1181716918945312,211.36663818359372,102.37683575035928,2.3137786,48.8377757,SensorLogger (Pixel 4 XL),1.7246909196353637,7221.999176622969,2.115855764803315,2.2355238873819556,2406.0
2024-01-21 16:01:10+00:00,1705852869976736500,2952.578736572266,45.0,1.5,1.5359411239624023,17.829999923706055,2.1050291061401367,208.59483337402344,102.35248121260383,2.3137712,48.837753,SensorLogger (Pixel 4 XL),1.6242437751025227,7224.601914753735,2.123747246082024,2.1107120064835168,2407.0
2024-01-21 16:01:11+00:00,1705852871078694400,2953.680694335937,45.0,1.5,1.539737343788147,17.5310001373291,2.123922109603882,208.9617156982422,102.38038745964498,2.3137532,48.8377308,SensorLogger (Pixel 4 XL),1.9223451641402187,7227.412896962408,2.1340447451734006,2.3487906627410577,2408.0
2024-01-21 16:01:12+00:00,1705852872178668000,2954.78066796875,45.0,1.5,1.5505847930908203,17.38800048828125,2.1415233612060547,210.0875396728516,102.38038745964498,2.3137307,48.8377111,SensorLogger (Pixel 4 XL),1.2299094809321385,7230.1677412324225,2.145101376356594,2.4195325263108427,2409.0
2024-01-21 16:01:13+00:00,1705852872781716200,2955.3837163085936,45.0,1.5,1.5505847930908203,17.266000747680664,2.1483378410339355,210.62843322753903,102.38038745964498,2.313716,48.837698,SensorLogger (Pixel 4 XL),3.002892903237356,7231.978629791934,2.156344131970309,2.4635629381050497,2410.0
2024-01-21 16:01:14+00:00,1705852873837258000,2956.4392580566405,45.0,1.5,1.5830237865447998,17.209999084472656,2.1726179122924805,211.3035430908203,102.43011154632718,2.3136938,48.8376772,SensorLogger (Pixel 4 XL),3.2026055764241965,7234.80518575932,2.1684320644016295,2.4674788991734906,2411.0
2024-01-21 16:01:15+00:00,1705852874967170300,2957.5691704101564,45.0,1.5,1.59099543094635,17.027000427246094,2.190213203430176,212.0338287353516,102.45294413309864,2.3136716,48.8376583,SensorLogger (Pixel 4 XL),2.491981404339822,7237.4619181298085,2.1911215387318586,2.6464809220087133,2412.0
2024-01-21 16:01:16+00:00,1705852876065629700,2958.667629638672,45.0,1.5,1.6079983711242676,16.878000259399414,2.208632707595825,212.5227813720703,102.4316337168606,2.3136439,48.8376351,SensorLogger (Pixel 4 XL),3.125561030123623,7240.743312262786,2.214841733690852,2.6529357646903606,2413.0
2024-01-21 16:01:17+00:00,1705852877238453800,2959.840453857422,45.0,1.5,1.6152039766311646,16.784000396728516,2.2183189392089844,212.53224182128903,102.3489295150428,2.3136161,48.8376091,SensorLogger (Pixel 4 XL),4.063420309301669,7244.282096565356,2.2274020633007185,2.579498258100898,2414.0
2024-01-21 16:01:18+00:00,1705852877824865800,2960.426865722656,45.0,1.5,1.6204804182052612,16.659000396728516,2.2175047397613525,212.5375823974609,102.23223171094432,2.3136109,48.8376043,SensorLogger (Pixel 4 XL),1.1178574246859136,7244.937621573481,2.225038665883693,2.4623434294429414,2415.0
2024-01-21 16:01:19+00:00,1705852878965608400,2961.5676083984376,45.0,1.5,1.6912603378295898,16.724000930786133,2.2290360927581787,212.5940093994141,102.19896121791238,2.3135899,48.8375844,SensorLogger (Pixel 4 XL),2.2043594266730477,7247.634609765513,2.2145092467916614,2.3074704250356173,2416.0
2024-01-21 16:01:20+00:00,1705852879999576300,2962.601576416016,45.0,1.5,1.6912603378295898,16.83099937438965,2.239326238632202,212.7328643798828,102.19896121791238,2.3135673,48.8375644,SensorLogger (Pixel 4 XL),2.1522891765960463,7250.40632113754,2.1969718624563894,2.030675417173259,2417.0
2024-01-21 16:01:21+00:00,1705852881108772600,2963.710772705078,45.0,1.5,1.724910855293274,16.986000061035156,2.24911904335022,212.9477996826172,102.14061311610506,2.3135439,48.8375438,SensorLogger (Pixel 4 XL),1.7439837484235718,7253.266490166791,2.1711325945358046,2.0600776701138552,2418.0
2024-01-21 16:01:22+00:00,1705852882238649600,2964.840649658204,45.0,1.5,1.73407781124115,16.976999282836914,2.139526844024658,210.67222595214844,102.0893685936541,2.3135278,48.8375258,SensorLogger (Pixel 4 XL),0.9789279610705589,7255.626019828875,2.1411431338452758,2.1016279259183435,2419.0
2024-01-21 16:01:23+00:00,1705852882750725600,2965.3527255859376,45.0,1.5,1.73407781124115,17.152999877929688,2.0438003540039062,208.5801544189453,102.0893685936541,2.313521,48.8375147,SensorLogger (Pixel 4 XL),2.5988790807796347,7256.956843433044,2.1084645578764256,2.065952943886584,2420.0
2024-01-21 16:01:24+00:00,1705852883923549400,2966.525549560547,45.0,1.5,1.7465640306472778,17.445999145507812,2.0270676612854004,208.13563537597656,101.96557122709422,2.3135063,48.8374982,SensorLogger (Pixel 4 XL),2.302835638141893,7259.083957965882,2.0767945166626776,2.1056743655728996,2421.0
2024-01-21 16:01:25+00:00,1705852884979090400,2967.581090332031,45.0,1.5,1.7544584274291992,17.400999069213867,2.037748336791992,208.34829711914065,101.88642304118892,2.3134869,48.8374816,SensorLogger (Pixel 4 XL),2.2692817741128084,7261.412730400515,2.0468290942826535,2.2148130056042326,2422.0
2024-01-21 16:01:26+00:00,1705852886151914000,2968.7539140625,45.0,1.5,1.767041563987732,17.357999801635742,2.021792411804199,209.2400054931641,101.88642304118892,2.3134599,48.8374596,SensorLogger (Pixel 4 XL),2.72096397830696,7264.557959517512,2.016534132115992,2.0856090897076793,2423.0
2024-01-21 16:01:27+00:00,1705852887207455000,2969.809455078125,45.0,1.5,1.704137682914734,17.32200050354004,2.002814531326294,210.15744018554688,101.90418058252082,2.3134354,48.8374431,SensorLogger (Pixel 4 XL),3.041115912140578,7267.123739263194,1.9913941047849804,2.0817050820159926,2424.0
2024-01-21 16:01:28+00:00,1705852887793866800,2970.395866699219,45.0,1.5,1.704137682914734,17.232999801635742,1.9974679946899412,210.5389404296875,101.90418058252082,2.3134259,48.8374379,SensorLogger (Pixel 4 XL),1.5420882385804764,7268.028038311356,1.9765589388247635,2.074484337159913,2425.0
2024-01-21 16:01:29+00:00,1705852888956874200,2971.558874267578,45.0,1.5,1.717031717300415,17.158000946044922,1.988319039344788,210.93634033203125,101.93056328423664,2.3134036,48.8374204,SensorLogger (Pixel 4 XL),1.5734289395075942,7270.569319330511,1.9762085702084953,2.036109976504523,2426.0
2024-01-21 16:01:30+00:00,1705852890056464400,2972.658464355469,45.0,1.5,1.7433538436889648,17.070999145507812,1.9835362434387207,210.5716857910156,101.96912276562873,2.3133816,48.8374046,SensorLogger (Pixel 4 XL),1.5162653208817811,7272.955551715924,1.9790296906259912,2.003788846114302,2427.0
2024-01-21 16:01:31+00:00,1705852891197398800,2973.7993986816405,45.0,1.5,1.7399749755859375,17.011999130249023,1.9668035507202148,209.5801696777344,101.94984300294648,2.3133638,48.8373874,SensorLogger (Pixel 4 XL),1.320503544404944,7275.270227005924,1.980409665884486,2.1130097530924936,2428.0
2024-01-21 16:01:32+00:00,1705852891781465600,2974.383465576172,45.0,1.5,1.7399749755859375,16.76099967956543,1.955704689025879,209.06423950195312,101.94984300294648,2.3133543,48.8373761,SensorLogger (Pixel 4 XL),2.4586994648737446,7276.706272226274,1.9844650602988096,2.1413869057742705,2429.0
2024-01-21 16:01:33+00:00,1705852892837006600,2975.439006591797,45.0,1.5,1.7581204175949097,16.867000579833984,1.9851362705230715,208.5619964599609,101.76973155471356,2.3133406,48.8373588,SensorLogger (Pixel 4 XL),2.5412839485335095,7278.875762806297,1.9953281470553474,2.1942128062886996,2430.0
2024-01-21 16:01:34+00:00,1705852893969377000,2976.571376953125,45.0,1.5,1.7722246646881104,16.729000091552734,2.018394947052002,208.6630401611328,101.67942359697632,2.3133216,48.8373401,SensorLogger (Pixel 4 XL),2.4459627844160865,7281.377617716007,2.0120026838725615,2.306082079816851,2431.0
2024-01-21 16:01:35+00:00,1705852895065371100,2977.66737109375,45.0,1.5,1.788506031036377,16.666000366210938,2.0463342666625977,209.1237335205078,101.44655528096546,2.3132976,48.8373175,SensorLogger (Pixel 4 XL),2.8614412078629545,7284.4453640327065,2.035018803199503,2.393318146140277,2432.0
2024-01-21 16:01:36+00:00,1705852896238195000,2978.8401948242185,45.0,1.5,1.797084093093872,16.71500015258789,2.0755839347839355,209.8664703369141,101.4445259556439,2.3132714,48.8372976,SensorLogger (Pixel 4 XL),3.231020417630939,7287.373463581644,2.062570306078892,2.469881816107776,2433.0
2024-01-21 16:01:37+00:00,1705852896758817500,2979.360817626953,45.0,1.5,1.797084093093872,16.76099967956543,2.0907161235809326,210.30938720703125,101.4445259556439,2.3132606,48.8372905,SensorLogger (Pixel 4 XL),2.14584061549788,7288.490635414565,2.093692407780654,2.5413767686392004,2434.0
2024-01-21 16:01:38+00:00,1705852897898274000,2980.500274169922,45.0,1.5,1.8048174381256104,16.764999389648438,2.1138229370117188,211.712646484375,101.43923669486132,2.3132318,48.8372724,SensorLogger (Pixel 4 XL),1.8908419566428616,7291.410693506549,2.127760501145249,2.5420581060906273,2435.0
2024-01-21 16:01:39+00:00,1705852898974522400,2981.5765224609377,45.0,1.5,1.837864875793457,16.92099952697754,2.154757261276245,213.0984649658203,101.52903469871376,2.3131987,48.837254,SensorLogger (Pixel 4 XL),2.431239933121074,7294.593600469931,2.161095493627361,2.4655609851297355,2436.0
2024-01-21 16:01:40+00:00,1705852900098711000,2982.7007109375,45.0,1.5,1.8430640697479248,17.01799964904785,2.1978237628936768,214.13406372070312,101.52903469871376,2.313165,48.8372335,SensorLogger (Pixel 4 XL),2.21337172707043,7297.953278491231,2.1919595841369057,2.6513966244135116,2437.0
2024-01-21 16:01:41+00:00,1705852901219272400,2983.821272460937,45.0,1.5,1.847581505775452,17.013999938964844,2.233912467956543,214.7891845703125,101.55389420170602,2.3131321,48.8372132,SensorLogger (Pixel 4 XL),2.222638172654627,7301.259140507697,2.221455971471876,2.7715131667071775,2438.0
2024-01-21 16:01:42+00:00,1705852901750465300,2984.3524653320314,45.0,1.5,1.847581505775452,17.190000534057617,2.2487268447875977,214.93536376953125,101.55389420170602,2.3131141,48.8372003,SensorLogger (Pixel 4 XL),3.666428933189102,7303.206721892005,2.2506477547986594,2.8167567130068725,2439.0
2024-01-21 16:01:43+00:00,1705852902923289000,2985.5252890625,45.0,1.5,1.8777098655700684,17.084999084472656,2.280336856842041,215.5699157714844,101.52903469871376,2.3130851,48.8371805,SensorLogger (Pixel 4 XL),2.959981180235896,7306.268667686579,2.278483188206266,2.7549519106860956,2440.0
2024-01-21 16:01:44+00:00,1705852903978830600,2986.5808305664063,45.0,1.5,1.8864595890045168,17.107999801635742,2.3071441650390625,216.5533905029297,101.52903469871376,2.3130542,48.8371624,SensorLogger (Pixel 4 XL),2.8735938078603165,7309.296169131734,2.3048109511984003,2.9454040511161033,2441.0
2024-01-21 16:01:45+00:00,1705852905151654400,2987.753654296875,45.0,1.5,1.9046425819396973,17.00200080871582,2.3274686336517334,216.9224853515625,101.5432401200434,2.3130201,48.8371394,SensorLogger (Pixel 4 XL),3.3253705632126187,7312.873436179231,2.326889931346509,2.8740657779158627,2442.0
2024-01-21 16:01:46+00:00,1705852906207195400,2988.8091953125,45.0,1.5,1.907675504684448,17.02199935913086,2.347323417663574,217.02525329589844,101.58382716966436,2.3129916,48.8371191,SensorLogger (Pixel 4 XL),3.7429494539775647,7315.9469920294,2.344563164430519,2.827603295328097,2443.0
2024-01-21 16:01:47+00:00,1705852906793607200,2989.3956071777343,45.0,1.5,1.907675504684448,17.006000518798828,2.357065439224243,217.02935791015625,101.58382716966436,2.3129812,48.837112,SensorLogger (Pixel 4 XL),1.8701111074681054,7317.043647624152,2.3603045908034783,2.7495039625892197,2444.0
2024-01-21 16:01:48+00:00,1705852907978482400,2990.580482421875,45.0,1.5,1.9198771715164185,17.402999877929688,2.3779196739196777,217.9041748046875,101.61731163230374,2.3129502,48.8370928,SensorLogger (Pixel 4 XL),1.9431247357490542,7320.162336702463,2.3756098893972672,2.5792410818783047,2445.0
2024-01-21 16:01:49+00:00,1705852909139253500,2991.741253417969,45.0,1.5,2.0032107830047607,17.43000030517578,2.3892152309417725,218.2932891845703,101.7098643738151,2.3129148,48.8370701,SensorLogger (Pixel 4 XL),2.023150477014041,7323.7812290528655,2.390551939701076,2.6641793226111794,2446.0
2024-01-21 16:01:50+00:00,1705852910194794200,2992.796794189453,45.0,1.5,2.0277395248413086,17.520999908447266,2.400275945663452,218.3436584472656,101.87018760747252,2.3128887,48.8370516,SensorLogger (Pixel 4 XL),3.6004463196855423,7326.589678236691,2.4064826954543985,2.7303185345870125,2447.0
2024-01-21 16:01:51+00:00,1705852910781205800,2993.3832058105468,45.0,1.5,2.0277395248413086,17.466999053955078,2.4081735610961914,218.2620849609375,101.87018760747252,2.3128789,48.8370445,SensorLogger (Pixel 4 XL),1.81893565187685,7327.6563239301795,2.423472973448132,2.6562246155939393,2448.0
2024-01-21 16:01:52+00:00,1705852911836746000,2994.43874609375,45.0,1.5,2.0364537239074707,17.652000427246094,2.420290470123291,219.94110107421875,101.83670212391006,2.3128475,48.8370281,SensorLogger (Pixel 4 XL),3.2896068851536473,7330.590165922362,2.433452157197508,2.667616484054526,2449.0
2024-01-21 16:01:53+00:00,1705852912965817300,2995.5678173828123,45.0,1.5,2.0448803901672363,17.641000747680664,2.4342215061187744,220.25201416015625,101.91787928274972,2.31282,48.8370108,SensorLogger (Pixel 4 XL),2.5516339373093446,7333.3790205782925,2.4350026251503913,2.67924987485127,2450.0
2024-01-21 16:01:54+00:00,1705852914065109000,2996.667108886719,45.0,1.5,2.054838180541992,17.68000030517578,2.4426109790802,219.51657104492188,102.09139807378352,2.3127921,48.8369875,SensorLogger (Pixel 4 XL),3.134960514344965,7336.683445572604,2.4286951080167043,2.771329960725421,2451.0
2024-01-21 16:01:55+00:00,1705852915237931300,2997.8399311523435,45.0,1.5,2.0688276290893555,17.573999404907227,2.44451642036438,217.72488403320312,102.2395514393138,2.3127679,48.8369598,SensorLogger (Pixel 4 XL),4.078664153771689,7340.236906523735,2.4138397464924934,2.6112808284922457,2452.0
2024-01-21 16:01:56+00:00,1705852915824342500,2998.426342529297,45.0,1.5,1.9906812906265257,17.597000122070312,2.443317174911499,216.55520629882807,102.26593518774057,2.3127682,48.8369545,SensorLogger (Pixel 4 XL),1.0056802961706746,7340.826648511893,2.393062489280886,2.38169959623674,2453.0
2024-01-21 16:01:57+00:00,1705852916966899000,2999.568898925781,45.0,1.5,2.0026330947875977,17.44700050354004,2.3879356384277344,214.2159118652344,102.183232559514,2.3127614,48.8369329,SensorLogger (Pixel 4 XL),1.8383779645041143,7343.282700874482,2.368275438282837,2.0613191969244853,2454.0
2024-01-21 16:01:58+00:00,1705852918169986600,3000.7719865722656,45.0,1.5,1.1191492080688477,17.299999237060547,2.3076419830322266,212.4220123291016,102.23244813649852,2.3127478,48.8369064,SensorLogger (Pixel 4 XL),2.596913225561148,7346.395077037659,2.3401154054236213,1.9856697775686534,2455.0
2024-01-21 16:01:59+00:00,1705852918756374000,3001.3583740234376,45.0,1.5,1.1191492080688477,17.2549991607666,2.281949520111084,211.95823669433597,102.23244813649852,2.3127448,48.8368989,SensorLogger (Pixel 4 XL),1.4706674100281067,7347.257458758891,2.320146347494699,1.8012012702633586,2456.0
2024-01-21 16:02:00+00:00,1705852919859100000,3002.4610998535154,45.0,1.5,1.115549087524414,17.263999938964844,2.26792573928833,211.11741638183597,102.29282640068328,2.3127344,48.8368776,SensorLogger (Pixel 4 XL),1.6215472276025515,7349.747770207769,2.3025030997004565,1.845267399985294,2457.0
2024-01-21 16:02:01+00:00,1705852920984759300,3003.586759277344,45.0,1.5,1.1089037656784058,17.32699966430664,2.25858736038208,210.017333984375,102.34204261573387,2.3127241,48.8368564,SensorLogger (Pixel 4 XL),1.367023034467491,7352.233483959833,2.285669564337764,1.923807911120627,2458.0
2024-01-21 16:02:02+00:00,1705852922158474200,3004.760474121094,45.0,1.5,1.1111027002334597,17.38800048828125,2.260673761367798,209.32437133789065,102.36132327294098,2.3127108,48.8368319,SensorLogger (Pixel 4 XL),1.7926387552233014,7355.135460783937,2.2713101264038897,2.012450888904556,2459.0
2024-01-21 16:02:03+00:00,1705852923213120500,3005.815120605469,45.0,1.5,1.1129212379455566,17.39299964904785,2.271087646484375,208.58657836914065,102.34204261573387,2.3126986,48.8368079,SensorLogger (Pixel 4 XL),2.0666975945680495,7357.949578055785,2.2602458304409647,2.2668961530406557,2460.0
2024-01-21 16:02:04+00:00,1705852923799531300,3006.40153125,45.0,1.5,1.1158796548843384,17.249000549316406,2.279425621032715,208.1751251220703,102.28369352631738,2.3126903,48.8367932,SensorLogger (Pixel 4 XL),2.9736752652375102,7359.693373941748,2.2508562452652994,2.227443047318768,2461.0
2024-01-21 16:02:05+00:00,1705852924972352800,3007.5743527832037,45.0,1.5,1.11778724193573,17.711000442504883,2.3112354278564453,206.804931640625,102.34204261573387,2.3126789,48.8367668,SensorLogger (Pixel 4 XL),2.8914416676825088,7362.745535864891,2.2367090939396768,2.1870494883064864,2462.0
2024-01-21 16:02:06+00:00,1705852926027892200,3008.629892333985,45.0,1.5,1.1138859987258911,17.77199935913086,2.2256550788879395,204.95361328125,102.22868006390728,2.3126742,48.8367444,SensorLogger (Pixel 4 XL),2.757863760336491,7365.273917729709,2.2159936844493586,2.1714804018750993,2463.0
2024-01-21 16:02:07+00:00,1705852927200713500,3009.8027133789064,45.0,1.5,1.128793239593506,17.742000579833984,2.180145740509033,204.03330993652344,102.19316367560651,2.3126717,48.8367262,SensorLogger (Pixel 4 XL),2.262581244601189,7367.307238588928,2.191976005459275,2.2287789579552917,2464.0
2024-01-21 16:02:08+00:00,1705852927777698000,3010.379697998047,45.0,1.5,1.128793239593506,17.597000122070312,2.1583526134490967,203.60745239257807,102.19316367560651,2.3126721,48.8367197,SensorLogger (Pixel 4 XL),1.25368889505681,7368.030598276043,2.168610089936419,2.2190106053153706,2465.0
2024-01-21 16:02:09+00:00,1705852928876890600,3011.478890625,45.0,1.5,1.126752495765686,17.656999588012695,2.1299188137054443,201.86712646484372,102.1510515799833,2.3126724,48.8366988,SensorLogger (Pixel 4 XL),1.668570215257424,7370.378734578248,2.1476852861464946,2.112022592420244,2466.0
2024-01-21 16:02:10+00:00,1705852929965820400,3012.5678203125,45.0,1.5,1.1173665523529053,17.257999420166016,2.097950220108032,199.8486175537109,101.90345699545634,2.3126773,48.836676,SensorLogger (Pixel 4 XL),1.732411600291126,7372.956626411996,2.132169257893293,1.907077776002856,2467.0
2024-01-21 16:02:11+00:00,1705852931071023600,3013.6730236816406,45.0,1.5,1.1199973821640017,16.945999145507812,2.098372459411621,198.4064483642578,101.73552299288288,2.3126783,48.8366514,SensorLogger (Pixel 4 XL),1.6993868370724814,7375.69947811857,2.125720670967631,1.794752301569619,2468.0
2024-01-21 16:02:12+00:00,1705852932236458800,3014.8384587402343,45.0,1.5,1.1287416219711304,16.812000274658203,2.127114534378052,197.1112823486328,101.59448130248062,2.3126779,48.8366243,SensorLogger (Pixel 4 XL),2.1017859673190915,7378.723182096161,2.128206354460577,1.7467732750011546,2469.0
2024-01-21 16:02:13+00:00,1705852932830255000,3015.4322551269534,45.0,1.5,1.1287416219711304,17.06599998474121,2.14046573638916,196.4406890869141,101.59448130248062,2.3126771,48.8366075,SensorLogger (Pixel 4 XL),3.1475323855694155,7380.592174236582,2.1434532743773422,1.8453914966451697,2470.0
2024-01-21 16:02:14+00:00,1705852933966970600,3016.568970703125,45.0,1.5,1.1281968355178833,17.024999618530273,2.1717162132263184,196.630126953125,101.51127795562208,2.3126729,48.8365836,SensorLogger (Pixel 4 XL),1.4798906865925725,7383.268135834121,2.158237994526318,2.1114358405701696,2471.0
2024-01-21 16:02:15+00:00,1705852935058614800,3017.660614746094,45.0,1.5,1.135030746459961,17.33300018310547,2.189316511154175,197.47360229492188,101.42655343786524,2.3126632,48.8365572,SensorLogger (Pixel 4 XL),1.6121734058539325,7386.2885512854145,2.1729214782628654,2.2998411308055955,2472.0
2024-01-21 16:02:16+00:00,1705852936231441700,3018.833441650391,45.0,1.5,1.1301325559616089,17.61199951171875,2.204275369644165,197.4747772216797,101.32407341940268,2.3126555,48.8365319,SensorLogger (Pixel 4 XL),1.649877987780595,7389.190333447028,2.184928156779374,2.324006323988148,2473.0
2024-01-21 16:02:17+00:00,1705852936817852000,3019.4198518066405,45.0,1.5,1.193544864654541,17.635000228881836,2.2119698524475098,197.0472869873047,101.29790849028709,2.3126529,48.8365173,SensorLogger (Pixel 4 XL),2.787402182035965,7390.824893960596,2.193037145062281,2.3346634085129994,2474.0
2024-01-21 16:02:18+00:00,1705852937966727400,3020.5687275390624,45.0,1.5,1.1965842247009275,17.590999603271484,2.1998167037963867,196.17111206054688,101.23652269428445,2.3126547,48.8364943,SensorLogger (Pixel 4 XL),2.3032983726661422,7393.3898728041995,2.1957557555237623,2.297928905462382,2475.0
2024-01-21 16:02:19+00:00,1705852939046211300,3021.648211425781,45.0,1.5,1.19821035861969,17.520000457763672,2.1929430961608887,195.78944396972656,101.031568389324,2.3126517,48.8364668,SensorLogger (Pixel 4 XL),3.228922110241592,7396.455913051291,2.196508979797375,2.117737643606274,2476.0
2024-01-21 16:02:20+00:00,1705852940219032000,3022.821031982422,45.0,1.5,1.2087950706481934,17.548999786376953,2.190390586853028,195.72091674804688,100.93416610515172,2.312648,48.8364429,SensorLogger (Pixel 4 XL),2.778343011224359,7399.131033904816,2.198502004632055,2.0400825041430997,2477.0
2024-01-21 16:02:21+00:00,1705852940756950000,3023.358949951172,45.0,1.5,1.2087950706481934,17.527999877929688,2.18852972984314,195.80165100097656,100.93416610515172,2.3126469,48.836436,SensorLogger (Pixel 4 XL),1.4341542850012101,7399.902491309495,2.19765681702628,2.082192931498153,2478.0
2024-01-21 16:02:22+00:00,1705852941860980700,3024.462980712891,45.0,1.5,1.2057054042816162,17.33099937438965,2.180837631225586,197.31788635253903,100.9468486306836,2.3126314,48.8364143,SensorLogger (Pixel 4 XL),1.6010016049264193,7402.577545371391,2.198981747260472,2.0363494897181678,2479.0
2024-01-21 16:02:23+00:00,1705852942999063600,3025.6010634765626,45.0,1.5,1.2047864198684692,17.19700050354004,2.204909086227417,197.9801177978516,100.78755749132696,2.3126164,48.8363914,SensorLogger (Pixel 4 XL),1.7562464255522396,7405.352733574199,2.2065981172328737,2.0556782658287913,2480.0
2024-01-21 16:02:24+00:00,1705852944089339600,3026.6913395996094,45.0,1.5,1.1968836784362793,17.371000289916992,2.2294723987579346,198.0347442626953,100.7241462488467,2.3126022,48.8363673,SensorLogger (Pixel 4 XL),1.6836628400302713,7408.2314207757445,2.222066723707047,2.2212051672281587,2481.0
2024-01-21 16:02:25+00:00,1705852945258290000,3027.8602900390624,45.0,1.5,1.1149455308914185,17.45199966430664,2.2517635822296143,197.5320587158203,100.61305089873134,2.3125919,48.8363432,SensorLogger (Pixel 4 XL),1.7297143567745334,7411.021204715305,2.241654538892525,2.443737716332047,2482.0
2024-01-21 16:02:26+00:00,1705852945848570400,3028.4505703125,45.0,1.5,1.1134653091430664,17.45800018310547,2.260045051574707,197.2843170166016,100.52427712506292,2.3125858,48.8363275,SensorLogger (Pixel 4 XL),3.052694509353115,7412.823149230287,2.264384902332715,2.5444775997869176,2483.0
2024-01-21 16:02:27+00:00,1705852946904108800,3029.5061088867187,45.0,1.5,1.1141096353530884,17.868999481201172,2.2661118507385254,196.6908264160156,100.51413161029058,2.3125799,48.8363044,SensorLogger (Pixel 4 XL),2.811716962638315,7415.42863771721,2.2899536622595584,2.794091704378723,2484.0
2024-01-21 16:02:28+00:00,1705852948076929000,3030.678928955078,45.0,1.5,1.1141273975372314,18.39699935913086,2.315410614013672,196.20095825195312,100.49434789150598,2.3125714,48.8362727,SensorLogger (Pixel 4 XL),3.6528023362608537,7419.00883605728,2.318683328671705,2.9131629644187216,2485.0
2024-01-21 16:02:29+00:00,1705852949132467500,3031.734467529297,45.0,1.5,1.1165499687194824,18.440000534057617,2.3666796684265137,196.0668487548828,100.438040637618,2.3125623,48.8362437,SensorLogger (Pixel 4 XL),3.863647705731477,7422.305080026877,2.3461241571072664,2.9069346813940546,2486.0
2024-01-21 16:02:30+00:00,1705852950188005600,3032.7900056152343,45.0,1.5,1.1147407293319702,18.381000518798828,2.3871383666992188,196.50392150878903,100.422315255333,2.3125513,48.8362174,SensorLogger (Pixel 4 XL),3.7294522408783943,7425.341553009402,2.374432721720574,2.9839915149332437,2487.0
2024-01-21 16:02:31+00:00,1705852950774416000,3033.3764157714845,45.0,1.5,1.1147407293319702,18.28300094604492,2.39153790473938,196.7332000732422,100.422315255333,2.3125465,48.8362074,SensorLogger (Pixel 4 XL),1.9885859176051597,7426.507679677345,2.4038828672866606,2.952435769409617,2488.0
2024-01-21 16:02:32+00:00,1705852951937297000,3034.539296875,45.0,1.5,1.1171427965164185,18.52899932861328,2.429178476333618,196.28404235839844,100.35484862461232,2.312536,48.8361787,SensorLogger (Pixel 4 XL),1.9875385496860156,7429.791403113416,2.432948420382206,2.961836622637938,2489.0
2024-01-21 16:02:33+00:00,1705852953078416400,3035.680416503906,45.0,1.5,1.1179733276367188,18.29599952697754,2.4574673175811768,195.3241424560547,100.167669588748,2.3125343,48.8361472,SensorLogger (Pixel 4 XL),2.5338943868915185,7433.304123984111,2.4600835560673633,2.8650197532345887,2490.0
2024-01-21 16:02:34+00:00,1705852954175594500,3036.777594482422,45.0,1.5,1.1209721565246582,18.10099983215332,2.482903957366944,194.6513671875,100.12708931464904,2.3125337,48.8361172,SensorLogger (Pixel 4 XL),2.041331592424875,7436.654420110413,2.4821642036351816,2.8035390747271554,2491.0
2024-01-21 16:02:35+00:00,1705852954762004700,3037.364004638672,45.0,1.5,1.1209721565246582,18.054000854492188,2.492922306060791,194.41490173339844,100.12708931464904,2.312533,48.8360994,SensorLogger (Pixel 4 XL),3.376362381274954,7438.634352774417,2.4967176042531003,2.6749732904427854,2492.0
2024-01-21 16:02:36+00:00,1705852955817543000,3038.41954296875,45.0,1.5,1.1120092868804932,18.36100006103516,2.535727977752685,195.0957489013672,100.08781584620102,2.3125209,48.836072,SensorLogger (Pixel 4 XL),3.6580285794989025,7441.8072418916645,2.508187795009022,2.6600269481638446,2493.0
2024-01-21 16:02:37+00:00,1705852956967826700,3039.569826660156,45.0,1.5,1.1276905536651611,18.132999420166016,2.531401395797729,196.34385681152344,100.06651139150364,2.3125035,48.8360494,SensorLogger (Pixel 4 XL),2.6419323883160204,7444.628871669455,2.5191456917724055,2.6865227928777253,2494.0
2024-01-21 16:02:38+00:00,1705852958163183400,3040.7651833496093,45.0,1.5,1.1281746625900269,18.200000762939453,2.5290002822875977,197.7894744873047,99.9909317353308,2.3124788,48.8360204,SensorLogger (Pixel 4 XL),3.3715900188823946,7448.325700087256,2.5290987791518957,2.675524977058954,2495.0
2024-01-21 16:02:39+00:00,1705852959218721500,3041.820721435547,45.0,1.5,1.1188451051712036,18.302000045776367,2.5284714698791504,199.3143310546875,99.9432509575858,2.3124558,48.8359985,SensorLogger (Pixel 4 XL),2.1792291915024733,7451.296116189514,2.5351829110227695,2.6924777737634047,2496.0
2024-01-21 16:02:40+00:00,1705852959778836700,3042.380836669922,45.0,1.5,1.1188451051712036,18.32900047302246,2.5301618576049805,199.9952392578125,99.9432509575858,2.312446,48.8359906,SensorLogger (Pixel 4 XL),2.0247183807029066,7452.430191325321,2.541451029324437,2.6127432640934067,2497.0
2024-01-21 16:02:41+00:00,1705852960898367700,3043.500367675781,45.0,1.5,1.124310851097107,18.40399932861328,2.535996437072754,201.14764404296875,99.83723827718823,2.3124214,48.8359668,SensorLogger (Pixel 4 XL),2.227496281970472,7455.633188606289,2.5477134818944593,2.507033659628424,2498.0
2024-01-21 16:02:42+00:00,1705852961966977300,3044.5689772949218,45.0,1.5,1.1307547092437744,18.177000045776367,2.55071234703064,202.85882568359372,99.75405222445085,2.3123893,48.8359451,SensorLogger (Pixel 4 XL),2.386349069698314,7459.015180167638,2.5565749470464922,2.2338578135512894,2499.0
2024-01-21 16:02:43+00:00,1705852963089029600,3045.691029541016,45.0,1.5,1.130589246749878,18.08799934387207,2.570768356323242,203.70274353027344,99.61659413856724,2.3123582,48.8359207,SensorLogger (Pixel 4 XL),2.0832970307271608,7462.561310172328,2.568527252318107,2.2161330874406624,2500.0
2024-01-21 16:02:44+00:00,1705852964237287000,3046.8392868652345,45.0,1.5,1.1365824937820437,18.1299991607666,2.592216968536377,203.7056427001953,99.63739023684124,2.312332,48.8358958,SensorLogger (Pixel 4 XL),2.2850744700621273,7465.929479276472,2.5878684885361753,2.2270862912729323,2501.0
2024-01-21 16:02:45+00:00,1705852964848261000,3047.4502612304686,45.0,1.5,1.1365824937820437,18.04199981689453,2.601212978363037,203.72186279296875,99.63739023684124,2.3123168,48.8358792,SensorLogger (Pixel 4 XL),3.527432766848828,7468.084648983765,2.6094126256882473,2.209020083128206,2502.0
2024-01-21 16:02:46+00:00,1705852965966687500,3048.5686875,45.0,1.5,1.174221754074097,17.795000076293945,2.6201601028442383,203.43170166015625,99.66934531682168,2.3122957,48.8358558,SensorLogger (Pixel 4 XL),1.782558295305957,7471.110435176524,2.6299567308900724,2.5053780277536317,2503.0
2024-01-21 16:02:47+00:00,1705852967076621300,3049.6786213378905,45.0,1.5,1.198014736175537,17.722000122070312,2.640032291412353,202.19700622558597,99.66448795830551,2.3122793,48.8358266,SensorLogger (Pixel 4 XL),1.890849428415447,7474.595008500736,2.648027841861446,2.5876240191914026,2504.0
2024-01-21 16:02:48+00:00,1705852968249442600,3050.851442626953,45.0,1.5,1.20522141456604,17.503000259399414,2.672515630722046,200.36196899414065,99.62188121184232,2.3122725,48.8357973,SensorLogger (Pixel 4 XL),2.186651717816544,7477.897075629804,2.661489099830538,2.6687751557506574,2505.0
2024-01-21 16:02:49+00:00,1705852968835853300,3051.4378532714845,45.0,1.5,1.214255928993225,17.32200050354004,2.693369150161743,199.58706665039065,99.5569570587404,2.3122683,48.8357801,SensorLogger (Pixel 4 XL),3.3033187863634983,7479.834174799315,2.6704752598413113,2.706287768645293,2506.0
2024-01-21 16:02:50+00:00,1705852969966472400,3052.5684724121093,45.0,1.5,1.20619535446167,17.10300064086914,2.6945385932922363,199.36880493164065,99.5300745475749,2.3122592,48.8357559,SensorLogger (Pixel 4 XL),2.451858705162737,7482.606292836688,2.6764654645013737,2.663612398573169,2507.0
2024-01-21 16:02:51+00:00,1705852971064214000,3053.666214111328,45.0,1.5,1.207682728767395,16.90999984741211,2.6840412616729736,199.19403076171875,99.5534065334972,2.3122474,48.8357252,SensorLogger (Pixel 4 XL),3.330301604027504,7486.131997184896,2.679447056049689,2.6642672509998637,2508.0
2024-01-21 16:02:52+00:00,1705852972119753200,3054.7217531738283,45.0,1.5,1.2068177461624146,17.035999298095703,2.666612148284912,199.0878143310547,99.55137766260044,2.3122357,48.835699,SensorLogger (Pixel 4 XL),3.638018468002584,7489.168571787862,2.678543776516476,2.560558892416958,2509.0
2024-01-21 16:02:53+00:00,1705852972669357000,3055.2713571777344,45.0,1.5,1.2068177461624146,17.149999618530273,2.660081148147583,199.00868225097656,99.55137766260044,2.3122319,48.835691,SensorLogger (Pixel 4 XL),1.6958107851134092,7490.100596178603,2.675296422690842,2.7144877864512993,2510.0
2024-01-21 16:02:54+00:00,1705852973761703400,3056.3637033691407,45.0,1.5,1.209282159805298,17.291000366210938,2.652695894241333,198.7053680419922,99.4631222498553,2.3122233,48.8356669,SensorLogger (Pixel 4 XL),2.5200147872379737,7492.853324251383,2.667905456879574,2.4988549224535412,2511.0
2024-01-21 16:02:55+00:00,1705852974934525000,3057.536524902344,45.0,1.5,1.1144245862960815,17.51099967956543,2.656399965286255,198.2940826416016,99.44181935723977,2.3122166,48.8356387,SensorLogger (Pixel 4 XL),1.9645718797944483,7496.02912267567,2.655492269507375,2.308436618154471,2512.0
2024-01-21 16:02:56+00:00,1705852976058421000,3058.6604208984377,45.0,1.5,1.1154569387435913,17.673999786376953,2.65532660484314,198.45196533203125,99.44181935723977,2.3122094,48.8356105,SensorLogger (Pixel 4 XL),2.0377297812710333,7499.20884729397,2.6415273392362435,2.2873702427107334,2513.0
2024-01-21 16:02:57+00:00,1705852977162885600,3059.7648857421877,45.0,1.5,1.1197178363800049,17.593000411987305,2.6399991512298584,199.73709106445312,99.4752953554532,2.3121906,48.8355793,SensorLogger (Pixel 4 XL),2.8321628156975103,7502.9636971691725,2.63288532619564,2.346976312374706,2514.0
2024-01-21 16:02:58+00:00,1705852978218424800,3060.820424804688,45.0,1.5,1.1190999746322632,17.48200035095215,2.623290777206421,201.97317504882807,99.4788458478878,2.3121732,48.8355679,SensorLogger (Pixel 4 XL),1.8301758972672304,7504.766403556242,2.62079058966487,2.2915490409814803,2515.0
2024-01-21 16:02:59+00:00,1705852978804835300,3061.4068354492188,45.0,1.5,1.1132519245147705,17.531999588012695,2.618212938308716,203.19874572753903,99.5569570587404,2.3121598,48.8355568,SensorLogger (Pixel 4 XL),2.688361334441191,7506.342885526372,2.6066962354323584,2.3630544741168826,2516.0
2024-01-21 16:03:00+00:00,1705852979977656300,3062.57965625,45.0,1.5,1.1151820421218872,17.422000885009766,2.579289197921753,205.72146606445312,99.57420248827349,2.3121291,48.8355431,SensorLogger (Pixel 4 XL),1.426837873882205,7509.13121877657,2.5909671466275177,2.516777899994943,2517.0
2024-01-21 16:03:01+00:00,1705852981033194800,3063.6351948242186,45.0,1.5,1.1170868873596191,17.45400047302246,2.5594124794006348,207.15966796875,99.56557976910948,2.3120972,48.8355219,SensorLogger (Pixel 4 XL),3.441940757680196,7512.451091370499,2.574644013659461,2.4069808621660496,2518.0
2024-01-21 16:03:02+00:00,1705852982206015200,3064.808015136719,45.0,1.5,1.1238313913345337,17.55500030517578,2.560691595077514,207.78147888183597,99.56557976910948,2.312067,48.8355024,SensorLogger (Pixel 4 XL),3.5465284198715854,7515.55005931309,2.5580841918876405,2.455072142134891,2519.0
2024-01-21 16:03:03+00:00,1705852982738557000,3065.3405568847656,45.0,1.5,1.1238313913345337,17.74799919128418,2.5680525302886963,207.91722106933597,99.56557976910948,2.3120557,48.8354966,SensorLogger (Pixel 4 XL),1.9694049760056453,7516.598850177822,2.5435233536888706,2.429128932270685,2520.0
2024-01-21 16:03:04+00:00,1705852983838177800,3066.440177734375,45.0,1.5,1.1259821653366089,17.569000244140625,2.5069146156311035,208.78909301757807,99.45602127968478,2.3120192,48.8354816,SensorLogger (Pixel 4 XL),2.0545446293664402,7519.7600528002295,2.5313154874344352,2.5191114813642193,2521.0
2024-01-21 16:03:05+00:00,1705852984976706300,3067.578706298828,45.0,1.5,1.1206331253051758,17.42799949645996,2.5166566371917725,209.2312774658203,99.48370320640396,2.3119814,48.8354616,SensorLogger (Pixel 4 XL),2.3673084559820112,7523.319702107596,2.521622738687175,2.598119377462952,2522.0
2024-01-21 16:03:06+00:00,1705852986076321000,3068.678321044922,45.0,1.5,1.1312994956970217,17.445999145507812,2.5162253379821777,209.4375762939453,99.69774993376916,2.3119452,48.8354427,SensorLogger (Pixel 4 XL),2.138353807925895,7526.78257851978,2.5145165070149824,2.6118116676286984,2523.0
2024-01-21 16:03:07+00:00,1705852987249140500,3069.8511403808598,45.0,1.5,1.1294320821762085,17.44300079345703,2.508034467697144,210.35299682617188,99.85499150419346,2.3119076,48.8354234,SensorLogger (Pixel 4 XL),2.2006782618831022,7530.284519401555,2.5101400830627165,2.648233134396495,2524.0
2024-01-21 16:03:08+00:00,1705852987835550200,3070.437550292969,45.0,1.5,1.120638370513916,17.32200050354004,2.50217342376709,210.93353271484372,100.0578881751039,2.3118883,48.8354116,SensorLogger (Pixel 4 XL),3.2877339929262606,7532.212476204613,2.503726740228658,2.377685536465363,2525.0
2024-01-21 16:03:09+00:00,1705852988972025900,3071.5740258789065,45.0,1.5,1.1210428476333618,17.444000244140625,2.497903347015381,212.01644897460935,100.14462798789448,2.3118537,48.8353966,SensorLogger (Pixel 4 XL),2.8049006954802365,7535.246005182891,2.4954535257762505,2.4319797027803833,2526.0
2024-01-21 16:03:10+00:00,1705852990063906800,3072.665906738281,45.0,1.5,1.132757544517517,17.441999435424805,2.492351531982422,212.39288330078125,100.1816575357836,2.3118187,48.835374,SensorLogger (Pixel 4 XL),3.1931272574773306,7538.846568089262,2.486906379164627,2.542236837277177,2527.0
2024-01-21 16:03:11+00:00,1705852990650316300,3073.25231640625,45.0,1.5,1.132757544517517,17.451000213623047,2.491668939590454,212.35806274414065,100.1816575357836,2.3118089,48.835367,SensorLogger (Pixel 4 XL),1.8049829113416864,7539.9050263133195,2.4804525847888232,2.44622656871514,2528.0
2024-01-21 16:03:12+00:00,1705852991798733000,3074.400733154297,45.0,1.5,1.1473668813705444,17.47100067138672,2.480022668838501,212.4407958984375,100.1953534370537,2.3117854,48.8353477,SensorLogger (Pixel 4 XL),2.3948326151900945,7542.655292800759,2.4689876767844767,2.3435969172788944,2529.0
2024-01-21 16:03:13+00:00,1705852992976635400,3075.578635498047,45.0,1.5,1.1516427993774414,17.37299919128418,2.4592297077178955,212.1387634277344,100.29274715270236,2.311764,48.8353272,SensorLogger (Pixel 4 XL),1.6178747239782438,7545.421043899931,2.459516876315652,2.1013953158268985,2530.0
2024-01-21 16:03:14+00:00,1705852994168772600,3076.7707727050783,45.0,1.5,1.1230820417404177,17.260000228881836,2.444195032119751,211.6831817626953,100.51188711571042,2.3117407,48.8353021,SensorLogger (Pixel 4 XL),1.5591096111761913,7548.692056814088,2.4519883481625646,1.9512017678884064,2531.0
2024-01-21 16:03:15+00:00,1705852995224309200,3077.826309326172,45.0,1.5,1.197030782699585,17.37299919128418,2.43326997756958,211.3236846923828,100.88495808622346,2.3117257,48.8352818,SensorLogger (Pixel 4 XL),2.9266283040790455,7551.2023854811605,2.4460066814767956,1.8253602113744205,2532.0
2024-01-21 16:03:16+00:00,1705852995810724600,3078.412724609375,45.0,1.5,1.197030782699585,17.222000122070312,2.427987098693848,211.1379547119141,100.88495808622346,2.3117196,48.8352739,SensorLogger (Pixel 4 XL),1.6803598537271085,7552.1877737047835,2.442167134930721,1.809472999026387,2533.0
2024-01-21 16:03:17+00:00,1705852996983542800,3079.585542724609,45.0,1.5,1.200266718864441,17.009000778198242,2.434392213821411,210.88336181640625,101.24362516027358,2.3117016,48.8352534,SensorLogger (Pixel 4 XL),1.4607661763663853,7554.821368117855,2.4397875903264574,1.841725908335638,2534.0
2024-01-21 16:03:18+00:00,1705852998097652500,3080.699652587891,45.0,1.5,1.2125169038772583,16.906999588012695,2.4427714347839355,211.1382293701172,100.88495808622346,2.3116822,48.8352304,SensorLogger (Pixel 4 XL),1.8141844514600753,7557.753395432637,2.4388680476639903,1.922118939302162,2535.0
2024-01-21 16:03:19+00:00,1705852999197113900,3081.7991137695312,45.0,1.5,1.2047860622406006,17.040000915527344,2.4486305713653564,211.17529296875,100.0444076089856,2.3116634,48.835208,SensorLogger (Pixel 4 XL),1.4431092542361126,7560.599347928144,2.4394085069433205,2.0506520919259588,2536.0
2024-01-21 16:03:20+00:00,1705852999798305800,3082.400305908204,45.0,1.5,1.2047860622406006,16.98699951171875,2.4486024379730225,211.14816284179688,100.0444076089856,2.3116497,48.8351932,SensorLogger (Pixel 4 XL),3.205473456511492,7562.526452926411,2.441408968164447,2.2273253662070274,2537.0
2024-01-21 16:03:21+00:00,1705853000971123500,3083.5731235351564,45.0,1.5,1.2007864713668823,17.163999557495117,2.447418451309204,211.8675537109375,99.6254317658456,2.3116291,48.8351754,SensorLogger (Pixel 4 XL),2.5123776797731954,7565.014605457544,2.444869431327371,2.4521387621453696,2538.0
2024-01-21 16:03:22+00:00,1705853001557514000,3084.159513916016,45.0,1.5,1.2007864713668823,17.099000930786133,2.4438836574554443,212.1061553955078,99.6254317658456,2.3116191,48.8351645,SensorLogger (Pixel 4 XL),2.414559218910881,7566.430481252481,2.449789896432091,2.7250922797409842,2539.0
