time,seconds_elapsed,bearingAccuracy,speedAccuracy,verticalAccuracy,horizontalAccuracy,speed,bearing,altitude,longitude,latitude
1705849932727000000,15.329,45,1.5,2.0892789363861084,116.0999984741211,0.29592546820640564,77.3226547241211,108.71976394647233,2.3107357,48.8348681
1705849936794000000,19.395999755859375,0,1.5,15.092809677124023,116.0999984741211,0.03175878897309303,0,105.49208760811685,2.3106497,48.8348487
1705849942731000000,25.333,45,1.5,8.815447807312012,20.56800079345703,0.899528443813324,76.64717864990234,103.5,2.310865,48.8348853
1705849946301272800,28.90327294921875,45,1.5,8.367682456970215,29.066999435424805,0.7382439970970154,68.17964935302734,103.5,2.3108941,48.8348963
1705849946887752000,29.489751953125,45,1.5,8.367682456970215,31.908000946044922,0.6575925350189209,63.665897369384766,103.5,2.3108903,48.8348985
1705849947474230800,30.076230712890624,45,1.5,8.380684852600098,37.599998474121094,0.589202880859375,60.55579376220703,103.5,2.3108897,48.8349004
1705849948060709400,30.66270947265625,45,1.5,8.380684852600098,37.630001068115234,0.5377240180969238,57.68044662475586,103.5,2.3108877,48.8349013
1705849948647187500,31.2491875,45,1.5,8.392685890197754,37.67399978637695,0.48315685987472534,55.0920295715332,103.5,2.3108877,48.8349027
1705849949233665500,31.83566552734375,45,1.5,4.0078511238098145,37.70100021362305,0,350.6004943847656,103.20000457763672,2.3108748,48.8349021
1705849951578506500,34.18050659179688,45,1.5,4.025857925415039,34.12799835205078,0.1538175493478775,165.30902099609375,103.20000457763672,2.3108835,48.8348803
1705849952078558200,34.68055810546875,45,1.5,4.025857925415039,30.589000701904297,0.1516859382390976,163.51901245117188,103.20000457763672,2.3108842,48.8348798
1705849952635230700,35.23723071289062,45,1.5,4.040853500366211,27.073999404907227,0.13413213193416595,162.1694793701172,103.20000457763672,2.3108847,48.8348793
1705849953221706800,35.82370678710937,45,1.5,4.040853500366211,23.57900047302246,0.10796424746513367,160.6648712158203,103.20000457763672,2.3108846,48.8348797
1705849953808182300,36.41018237304687,0,1.5,4.040853500366211,23.07699966430664,0.067802295088768,0,103.20000457763672,2.3108843,48.8348804
1705849954394657800,36.99665771484375,0,1.5,4.05485200881958,20.233999252319336,0.037203360348939896,0,103.20000457763672,2.3108841,48.834881
1705849954981133300,37.58313330078125,0,1.5,1.875182867050171,19.33099937438965,0.01234821230173111,0,103.30000305175781,2.310884,48.8348816
1705849955567608600,38.169608642578126,0,1.5,1.875182867050171,18.683000564575195,0.013979732058942318,0,103.30000305175781,2.3108839,48.8348822
1705849956154083800,38.756083740234374,0,1.5,1.8728044033050537,18.191999435424805,0.049845632165670395,0,103.30000305175781,2.3108841,48.8348834
1705849956669357000,39.27135717773437,0,1.5,1.8728044033050537,17.589000701904297,0.08156120032072067,0,103.30000305175781,2.3108842,48.8348847
1705849957209738800,39.81173876953125,45,1.5,1.886803388595581,17.02899932861328,0.127285897731781,12.968282699584961,103.30000305175781,2.3108853,48.8348869
1705849957796213200,40.398213134765626,45,1.5,1.886803388595581,16.472000122070312,0.1626731902360916,12.573600769042969,103.30000305175781,2.3108859,48.8348886
1705849958898586000,41.50058618164063,45,1.5,1.8998041152954102,15.947999954223633,0.199994757771492,7.887800216674805,103.30000305175781,2.3108858,48.8348913
1705849959438340900,42.0403408203125,45,1.5,1.521541714668274,15.935999870300293,0,334.0906677246094,103.70000457763672,2.3108839,48.8348958
1705849959998695400,42.6006953125,0,1.5,1.521541714668274,14.468000411987305,0.049755655229091644,0,103.70000457763672,2.3108798,48.8348947
1705849964669357000,47.27135717773437,45,1.5,1.3201820850372314,13.746000289916992,0.17134834825992584,262.8736267089844,103.20000457763672,2.3108701,48.8348941
1705849966358718200,48.96071826171875,45,1.5,1.336918830871582,11.267999649047852,0.14554303884506226,267.7020568847656,103.20000457763672,2.310863,48.8348943
1705849967531661300,50.13366137695313,45,1.5,1.336918830871582,10.998000144958496,0.14357413351535797,271.2021179199219,103.20000457763672,2.3108616,48.8348946
1705849968118132500,50.720132568359375,45,1.5,1.3499194383621216,10.449999809265137,0.13794603943824768,273.6065979003906,103.20000457763672,2.3108608,48.8348949
1705849968697141000,51.29914111328125,45,1.5,1.3499194383621216,10.520000457763672,0.13387522101402283,278.8227844238281,103.20000457763672,2.3108601,48.8348954
1705849969298307600,51.9003076171875,45,1.5,1.3619203567504883,10.583999633789062,0.1338532418012619,286.7174987792969,103.20000457763672,2.3108592,48.8348961
1705849969877545500,52.47954541015625,45,1.5,1.3619203567504883,10.652000427246094,0.1447771042585373,293.9198303222656,103.20000457763672,2.3108577,48.834897
1705849970464016400,53.06601635742187,45,1.5,1.373923659324646,10.743000030517578,0.1519797444343567,297.6249694824219,103.20000457763672,2.3108567,48.8348977
1705849971057869600,53.65986962890625,45,1.5,1.373923659324646,10.845999717712402,0.17007538676261902,300.3180236816406,103.20000457763672,2.3108551,48.8348985
1705849971636957400,54.23895751953125,45,1.5,1.3859238624572754,10.96399974822998,0.17954762279987335,303.72869873046875,103.20000457763672,2.3108536,48.8348996
1705849972223427600,54.825427490234375,45,1.5,1.3859238624572754,11.184000015258789,0.19741621613502502,305.9272155761719,103.20000457763672,2.3108518,48.8349007
1705849972809898000,55.41189794921875,45,1.5,1.396924376487732,11.4399995803833,0.22156593203544617,307.578125,103.20000457763672,2.3108498,48.8349019
1705849973396368100,55.9983681640625,45,1.5,1.396924376487732,11.730999946594238,0.2424944043159485,309.390380859375,103.20000457763672,2.3108474,48.8349035
1705849973977935600,56.579935546875,45,1.5,1.4079248905181885,12.050999641418457,0.2764212489128113,309.74517822265625,103.20000457763672,2.3108448,48.834905
1705849974569308000,57.171307861328124,45,1.5,1.198254942893982,12.258999824523926,0.30600228905677795,309.9214782714844,103.20000457763672,2.3108435,48.8349057
1705849975155777800,57.75777783203125,45,1.5,1.198254942893982,12.663000106811523,0.4149598181247711,325.1063537597656,103.20000457763672,2.3108345,48.834918
1705849975669357000,58.27135717773437,45,1.5,1.202883005142212,12.748000144958496,0.4641226828098297,327.8712158203125,103.20000457763672,2.310832,48.8349222
1705849976736695800,59.33869580078125,45,1.5,1.202883005142212,12.73799991607666,0.5310439467430115,327.2333068847656,103.20000457763672,2.3108272,48.8349268
1705849977267068400,59.869068359375,45,1.5,1.21531343460083,12.940999984741211,0.5656017661094666,326.09246826171875,103.20000457763672,2.3108222,48.834931
1705849977853537500,60.45553759765625,45,1.5,1.21531343460083,12.878000259399414,0.60356205701828,324.3944091796875,103.20000457763672,2.3108178,48.8349341
1705849978440007000,61.0420068359375,45,1.5,1.2263094186782837,13.01200008392334,0.6296327710151672,322.5948486328125,103.20000457763672,2.3108132,48.8349369
1705849979026476000,61.62847607421875,45,1.5,1.2263094186782837,13.14799976348877,0.6588578224182129,320.8914489746094,103.20000457763672,2.3108079,48.8349402
1705849979612945200,62.21494506835938,45,1.5,1.3752959966659546,13.409000396728516,0,309.85614013671875,103.20000457763672,2.3107978,48.8349437
1705849980216553200,62.81855322265625,45,1.5,1.381277322769165,13.475000381469727,0.5620748400688171,311.9773254394531,103.20000457763672,2.310787,48.8349501
1705849980785883100,63.387883056640625,45,1.5,1.387276291847229,13.762999534606934,0.5768604278564453,308.0271301269531,103.20000457763672,2.310785,48.8349513
1705849981372351700,63.97435180664063,45,1.5,1.3967052698135376,13.6899995803833,0.6036964058876038,306.6193542480469,103.20000457763672,2.3107654,48.8349628
1705849981958820600,64.56082055664062,45,1.5,1.3967052698135376,13.798999786376953,0.4576234519481659,321.30340576171875,103.20000457763672,2.310758,48.8349684
1705849982545289200,65.14728930664063,45,1.5,1.406731128692627,13.920999526977539,0.3728989064693451,352.5115661621094,103.20000457763672,2.3107531,48.8349735
1705849983131757800,65.7337578125,45,1.5,1.406731128692627,14.010000228881836,0.5614919662475586,356.3393859863281,103.20000457763672,2.3107506,48.8349794
1705849983669357000,66.27135717773437,45,1.5,1.4166991710662842,14.065999984741211,0.6737704277038574,359.182373046875,103.20000457763672,2.3107496,48.8349843
1705849984187401000,66.78940087890625,45,1.5,1.4166991710662842,13.774999618530273,0.955069899559021,0.5508984923362732,103.20000457763672,2.3107381,48.8349987
1705849984729446700,67.33144677734376,45,1.5,1.4266951084136963,13.440999984741211,1.1207385063171387,1.7278996706008911,103.20000457763672,2.310731,48.835009
1705849985243043600,67.84504370117187,45,1.5,1.4869608879089355,12.947999954223633,1.258292317390442,2.3900420665740967,100.9000015258789,2.3107216,48.8350206
1705849985763233000,68.36523291015625,45,1.5,1.4894495010375977,12.26200008392334,1.3887782096862793,2.7696456909179688,103.20000457763672,2.3107111,48.8350295
1705849986298686200,68.90068627929688,45,1.5,1.4894495010375977,11.897000312805176,1.4871690273284912,3.381301164627075,103.20000457763672,2.3107063,48.8350368
1705849986885154300,69.487154296875,45,1.5,1.49961256980896,11.484999656677246,1.4812289476394653,3.2738616466522217,100.9000015258789,2.3107039,48.8350442
1705849987471622100,70.0736220703125,45,1.5,1.5070194005966187,11.079000473022461,1.4731194972991943,3.231879472732544,100.9000015258789,2.3107033,48.8350512
1705849988058090200,70.66009033203125,45,1.5,1.5070194005966187,10.265000343322754,1.4089186191558838,4.978618621826172,100.9000015258789,2.3107046,48.8350577
1705849988644558000,71.24655810546875,45,1.5,1.517020583152771,10.277000427246094,1.3598284721374512,6.6784210205078125,100.9000015258789,2.3107062,48.83506
1705849989231025700,71.83302563476562,45,1.5,1.5236093997955322,9.607999801635742,1.197334885597229,6.63987398147583,100.9000015258789,2.3107077,48.8350638
1705849989817493500,72.41949340820312,45,1.5,1.9758124351501465,9.33899974822998,1.1771016120910645,6.585047721862793,102,2.3107054,48.8350633
1705849990403961000,73.00596118164063,45,1.5,1.9758124351501465,9.279999732971191,1.0392343997955322,6.389082908630371,102,2.3107038,48.8350607
1705849990958898200,73.56089819335938,45,1.5,1.9758124351501465,9.404000282287598,0.9311135411262512,6.279877185821533,102,2.3107041,48.8350607
1705849991459602700,74.06160278320313,45,1.5,1.9948229789733887,9.505999565124512,0.9727630615234375,8.002877235412598,102,2.3107052,48.8350636
1705849991971047200,74.57304711914063,45,1.5,1.9958200454711914,9.520999908447266,0.9804952144622803,9.934094429016113,102,2.3107057,48.8350606
1705849992478619000,75.08061889648438,45,1.5,1.9958200454711914,9.616000175476074,0.9866432547569275,11.630590438842773,102,2.310706,48.8350608
1705849992984418000,75.58641796875,45,1.5,2.0058131217956543,9.715999603271484,0.9970348477363586,13.178156852722168,102,2.3107075,48.8350622
1705849993517881600,76.11988159179687,45,1.5,2.0058131217956543,9.756999969482422,0.998518168926239,14.580345153808594,102,2.3107068,48.8350623
1705849994040059400,76.64205932617188,45,1.5,2.016812801361084,9.758999824523926,0.9815513491630554,15.7771635055542,102,2.3107065,48.8350628
1705849994626526500,77.2285263671875,45,1.5,2.7804229259490967,9.86400032043457,0.97386234998703,16.662925720214844,102.0999984741211,2.3107055,48.8350606
1705849995156675600,77.75867553710937,45,1.5,2.783421516418457,9.965999603271484,0.8965837955474854,16.231592178344727,102.0999984741211,2.3107094,48.8350697
1705849995669357000,78.27135717773437,45,1.5,2.7943549156188965,10.15999984741211,0.8334792256355286,16.164775848388672,102.0999984741211,2.3107105,48.8350699
1705849996268639700,78.8706396484375,45,1.5,2.7943549156188965,10.189000129699707,0.7878233194351196,16.61827850341797,102.0999984741211,2.3107098,48.8350689
1705849996855106800,79.45710693359375,45,1.5,2.8004939556121826,10.387999534606934,0.754303514957428,16.97162437438965,102.0999984741211,2.3107111,48.8350696
1705849997441573600,80.04357373046875,45,1.5,2.8004939556121826,10.52400016784668,0.7384443879127502,17.777355194091797,102.0999984741211,2.3107113,48.8350706
1705849997970357000,80.57235693359375,45,1.5,2.810502767562866,10.57699966430664,0.757394015789032,18.803010940551758,102.0999984741211,2.310714,48.8350735
1705849998497214200,81.09921411132812,45,1.5,2.810502767562866,10.774999618530273,0.7753545641899109,19.86281967163086,102.0999984741211,2.3107174,48.8350776
1705849999004200000,81.60619995117187,45,1.5,2.8204948902130127,10.994000434875488,0.7963272929191589,20.89696502685547,102.0999984741211,2.3107194,48.8350807
1705849999558420500,82.16042041015625,45,1.5,2.8204948902130127,11.309000015258789,0.8164496421813965,21.938432693481445,102.0999984741211,2.3107218,48.8350842
1705850000061511700,82.66351171875,45,1.5,2.8942110538482666,11.527000427246094,0.7867759466171265,21.978742599487305,103.0999984741211,2.3107244,48.8350886
1705850000608494800,83.21049487304687,45,1.5,2.904203414916992,11.92300033569336,0.7587040066719055,21.975812911987305,103.0999984741211,2.3107287,48.8350953
1705850001160971500,83.76297143554687,45,1.5,2.904203414916992,12.25100040435791,0.731035053730011,21.832530975341797,103.0999984741211,2.3107317,48.8350987
1705850001664135200,84.26613525390626,45,1.5,2.9141974449157715,12.592000007629395,0.7041911482810974,21.80668830871582,103.0999984741211,2.3107372,48.8351056
1705850002177403400,84.7794033203125,45,1.5,2.9141974449157715,12.998000144958496,0.733936607837677,22.750465393066406,103.0999984741211,2.3107423,48.8351103
1705850002719775500,85.321775390625,45,1.5,2.924197196960449,13.574000358581543,0.7643594741821289,23.546232223510742,103.0999984741211,2.3107505,48.8351191
1705850003306242300,85.9082421875,45,1.5,2.924197196960449,13.85099983215332,0.7987699508666992,24.1871337890625,103.0999984741211,2.3107582,48.8351273
1705850003892708900,86.494708984375,45,1.5,2.9342010021209717,14.277000427246094,0.8321059942245483,24.744516372680664,103.0999984741211,2.3107658,48.8351352
1705850004479175700,87.08117578125,45,1.5,2.9342010021209717,14.62600040435791,0.8700931668281555,25.44453239440918,103.0999984741211,2.3107772,48.8351462
1705850005008681200,87.61068115234374,45,1.5,2.575256586074829,14.140000343322754,0.9606084227561951,26.33652687072754,102.9000015258789,2.3108255,48.8351885
1705850005517775600,88.11977563476563,45,1.5,2.575256586074829,13.520000457763672,1.0111497640609741,27.025390625,102.9000015258789,2.3108492,48.8352091
1705850006139215000,88.74121508789062,45,1.5,2.565873622894287,12.847999572753906,1.0563408136367798,27.58901023864746,102.9000015258789,2.3108716,48.8352277
1705850006669357000,89.27135717773437,45,1.5,2.565873622894287,12.241999626159668,1.0923670530319214,28.035921096801758,102.9000015258789,2.3108896,48.8352436
1705850007176922000,89.77892211914063,45,1.5,2.555100440979004,11.220999717712402,1.1217474937438965,28.512258529663086,102.9000015258789,2.3109011,48.8352522
1705850007758452500,90.36045239257813,45,1.5,2.555100440979004,10.855999946594238,1.1488771438598633,28.882081985473633,102.9000015258789,2.3109111,48.8352607
1705850008349855200,90.95185522460937,45,1.5,2.5671002864837646,10.130000114440918,1.1731295585632324,29.353713989257812,102.9000015258789,2.310923,48.8352708
1705850008936321500,91.53832153320313,45,1.5,2.5671002864837646,9.274999618530273,1.1976301670074463,29.70549201965332,102.9000015258789,2.3109324,48.835279
1705850009522787800,92.12478784179687,45,1.5,2.1816673278808594,7.807000160217285,1.1921789646148682,29.93454933166504,103.20000457763672,2.3109394,48.8352815
1705850010046422300,92.64842236328126,45,1.5,2.2011449337005615,8.031999588012695,1.2230457067489624,29.73007583618164,103.20000457763672,2.3109388,48.8352789
1705850010578427400,93.18042749023438,45,1.5,2.2011449337005615,8.307999610900879,1.2549625635147095,29.532371520996094,103.20000457763672,2.3109414,48.8352802
1705850011137854000,93.73985400390625,45,1.5,2.212143898010254,8.53600025177002,1.2932004928588867,29.245817184448242,103.20000457763672,2.3109419,48.8352831
1705850011669357000,94.27135717773437,45,1.5,2.212143898010254,8.869000434875488,1.3326338529586792,28.915658950805664,103.20000457763672,2.3109459,48.8352907
1705850012220532200,94.8225322265625,45,1.5,2.2261452674865723,9.425000190734863,1.373404622077942,29.280744552612305,103.20000457763672,2.3109528,48.8352989
1705850012806998300,95.40899829101562,45,1.5,2.2261452674865723,9.812000274658203,1.4145745038986206,29.800216674804688,103.20000457763672,2.3109591,48.8353051
1705850013393464000,95.99546411132812,45,1.5,2.304837465286255,10.175000190734863,1.4586994647979736,29.813840866088867,103.20000457763672,2.3109686,48.8353162
1705850013979929900,96.58192993164063,45,1.5,2.286620855331421,10.51099967956543,1.504451036453247,29.494050979614258,103.20000457763672,2.310975,48.8353238
1705850014566395600,97.16839575195313,45,1.5,2.286620855331421,10.675999641418457,1.5479851961135864,29.388212203979492,103.20000457763672,2.3109855,48.8353385
1705850015152861200,97.75486108398438,45,1.5,1.8448104858398438,10.746999740600586,1.5909907817840576,29.3298397064209,103.30000305175781,2.3109921,48.8353504
1705850015669357000,98.27135717773437,45,1.5,1.8448104858398438,10.850000381469727,1.6305696964263916,29.359256744384766,103.30000305175781,2.3110025,48.8353654
1705850016208499200,98.81049926757812,45,1.5,1.8828976154327393,10.881999969482422,1.6762832403182983,29.286754608154297,103.30000305175781,2.3110091,48.8353768
1705850016794964700,99.39696484375,45,1.5,1.8828976154327393,10.911999702453613,1.721397042274475,29.262657165527344,103.30000305175781,2.3110207,48.8353931
1705850017376932600,99.9789326171875,45,1.5,1.90350341796875,10.920999526977539,1.7615737915039062,29.26641273498535,103.30000305175781,2.3110289,48.8354043
1705850017967895300,100.56989526367188,45,1.5,1.9343537092208862,10.930999755859375,1.8012231588363647,29.28485107421875,103.30000305175781,2.3110405,48.8354187
1705850018554360800,101.15636083984376,45,1.5,1.9343537092208862,11.121000289916992,1.8212714195251465,29.152389526367188,103.30000305175781,2.3110512,48.8354354
1705850019140826000,101.742826171875,45,1.5,1.9167460203170776,11.241999626159668,1.8536975383758545,28.938644409179688,103.30000305175781,2.311055,48.8354442
1705850019669357000,102.27135717773437,45,1.5,1.7446805238723755,10.885000228881836,1.8650145530700684,29.090051651000977,103.30000305175781,2.3110715,48.8354591
1705850020196463600,102.79846362304687,45,1.5,1.7311387062072754,11.0600004196167,1.8996691703796387,29.276256561279297,103.30000305175781,2.3110766,48.8354682
1705850020697284600,103.29928466796875,45,1.5,1.7311387062072754,11.1899995803833,1.9333851337432861,29.569040298461914,103.30000305175781,2.3110822,48.8354767
1705850021252101000,103.85410107421875,45,1.5,1.7421358823776245,11.232999801635742,1.96310555934906,30.47997283935547,103.30000305175781,2.3110983,48.8354908
1705850021838657000,104.44065698242187,45,1.5,1.7421358823776245,11.220000267028809,1.9917206764221191,31.388620376586914,103.30000305175781,2.3111108,48.8354996
1705850022425032000,105.02703198242187,45,1.5,1.764204740524292,11.321999549865723,2.0091378688812256,31.856525421142578,103.30000305175781,2.3111255,48.8355124
1705850022958144800,105.56014477539063,45,1.5,1.764204740524292,11.347000122070312,2.0275676250457764,32.20026397705078,103.30000305175781,2.3111351,48.8355198
1705850023480669200,106.08266918945313,45,1.5,1.7752081155776978,11.395999908447266,2.0395894050598145,32.331626892089844,103.30000305175781,2.3111456,48.8355311
1705850024005054000,106.60705395507813,45,1.5,1.78254234790802,11.154000282287598,2.050204277038574,32.52634048461914,103.30000305175781,2.3111502,48.8355369
1705850024536306700,107.138306640625,45,1.5,1.78254234790802,10.991000175476074,2.059753894805908,32.894866943359375,103.30000305175781,2.3111612,48.8355481
1705850025122772000,107.72477197265626,45,1.5,1.5836249589920044,11.218000411987305,2.075730800628662,33.61781311035156,103.4000015258789,2.3111689,48.8355538
1705850025669357000,108.27135717773437,45,1.5,1.6052836179733276,10.894000053405762,2.0911612510681152,34.26249313354492,103.4000015258789,2.3111842,48.8355656
1705850026178409200,108.7804091796875,45,1.5,1.6052836179733276,10.66100025177002,2.113062858581543,34.55216979980469,103.4000015258789,2.3111941,48.8355738
1705850026776978000,109.37897802734375,45,1.5,1.6052836179733276,10.409000396728516,2.1359519958496094,34.7119255065918,103.4000015258789,2.3112054,48.8355832
1705850027351339300,109.95333935546876,45,1.5,1.6270880699157715,10.206999778747559,2.169649362564087,34.46120834350586,103.4000015258789,2.3112235,48.8356026
1705850027918938600,110.52093872070313,45,1.5,1.6270880699157715,9.986000061035156,2.2006895542144775,34.05949401855469,103.4000015258789,2.3112339,48.8356146
1705850028524269300,111.12626928710938,45,1.5,1.6370939016342163,9.640000343322754,2.2323977947235107,33.550601959228516,103.4000015258789,2.3112491,48.8356341
1705850029110734000,111.71273413085937,45,1.5,1.4700132608413696,9.505999565124512,2.630000114440918,24.796037673950195,103.9000015258789,2.311273,48.8356615
1705850029669357000,112.27135717773437,45,1.5,1.4700132608413696,8.883999824523926,2.0788164138793945,25.392009735107422,103.9000015258789,2.3112989,48.8356801
1705850030283664000,112.88566381835938,45,1.5,1.4718246459960938,8.527999877929688,2.4246838092803955,23.100595474243164,103.9000015258789,2.3113017,48.8356881
1705850030870128600,113.47212866210937,45,1.5,1.4639580249786377,8.166999816894531,2.5812110900878906,20.80721664428711,103.9000015258789,2.3113087,48.8357019
1705850031456593400,114.05859350585938,45,1.5,1.4639580249786377,8.017999649047852,2.5729033946990967,19.43519401550293,103.9000015258789,2.3113149,48.8357119
1705850031974081800,114.57608178710937,45,1.5,1.4739488363265991,7.796999931335449,2.415473222732544,16.58091163635254,103.9000015258789,2.311313,48.8357174
1705850032512230000,115.11422998046875,45,1.5,1.4739488363265991,7.498000144958496,2.3332972526550293,15.39521312713623,103.9000015258789,2.3113165,48.8357267
1705850033098694700,115.70069458007812,45,1.5,1.4889713525772095,7.1519999504089355,2.2569098472595215,14.916049003601074,103.9000015258789,2.3113174,48.8357356
1705850033697270300,116.29927026367187,45,1.5,1.4889713525772095,6.973999977111816,2.223963975906372,14.871709823608398,103.9000015258789,2.3113187,48.8357421
1705850034271623700,116.87362377929688,45,1.5,1.499971628189087,7.0289998054504395,2.221299648284912,15.124977111816406,103.9000015258789,2.3113215,48.8357546
1705850034858088400,117.46008837890625,45,1.5,1.3137840032577515,7.0970001220703125,2.234278678894043,16.239866256713867,103.5,2.3113225,48.8357567
1705850035444552700,118.046552734375,45,1.5,1.3107622861862183,7.184000015258789,2.1969478130340576,16.932716369628906,103.5,2.3113366,48.8357958
1705850035972307000,118.57430688476562,45,1.5,1.3157612085342407,8.190999984741211,2.216801166534424,18.0407772064209,103.5,2.3113396,48.8358032
1705850036500188700,119.10218872070313,45,1.5,1.3157612085342407,8.687000274658203,2.234957695007324,19.266447067260742,103.5,2.3113498,48.8358128
1705850037003979500,119.6059794921875,45,1.5,1.3214523792266846,9.13599967956543,2.23036527633667,20.472715377807617,103.5,2.3113594,48.8358228
1705850037555824400,120.15782446289063,45,1.5,1.3214523792266846,9.623000144958496,2.2359182834625244,21.538278579711914,103.5,2.311366,48.8358274
1705850038137307000,120.73930688476563,45,1.5,1.328452706336975,10.088000297546387,2.2389416694641113,22.209386825561523,103.5,2.3113701,48.8358335
1705850038669357000,121.27135717773437,45,1.5,1.328452706336975,11.204999923706055,2.2417843341827393,22.73057746887207,103.5,2.3113788,48.8358459
1705850039197924000,121.79992407226563,45,1.5,1.3354127407073975,11.383999824523926,2.244584798812866,23.127849578857422,103.5,2.3113815,48.8358508
1705850039784388000,122.38638818359375,45,1.5,1.2484251260757446,11.680999755859375,2.2214505672454834,23.352479934692383,103.5,2.3113902,48.8358562
1705850040358484000,122.96048388671875,45,1.5,1.2442692518234253,12.472999572753906,2.232668161392212,23.733625411987305,103.5,2.3113948,48.8358642
1705850040957315800,123.55931591796875,45,1.5,1.2512528896331787,12.767999649047852,2.237396717071533,24.612056732177734,103.5,2.3114033,48.8358754
1705850041459050500,124.06105053710938,45,1.5,1.2512528896331787,13.102999687194824,2.239631414413452,25.391719818115234,103.5,2.3114098,48.8358837
1705850041973569300,124.5755693359375,45,1.5,1.2493577003479004,14.281999588012695,2.236417531967163,25.231063842773438,103.5,2.3114163,48.8358944
1705850042482121700,125.08412182617188,45,1.5,1.2493577003479004,15.180000305175781,2.2310590744018555,25.019569396972656,103.5,2.3114238,48.8359062
1705850043068585200,125.67058520507813,45,1.5,1.2623541355133057,16.371999740600586,2.1251978874206543,22.866769790649414,103.5,2.3114277,48.8359184
1705850043655048700,126.25704858398437,45,1.5,1.2623541355133057,16.60700035095215,2.0406806468963623,20.982646942138672,103.5,2.3114279,48.8359245
1705850044241512000,126.84351196289063,45,1.5,1.2733557224273682,17.687000274658203,2.045197010040283,20.852201461791992,103.5,2.3114395,48.8359375
1705850044818588700,127.42058862304688,45,1.5,1.2733557224273682,17.743000030517578,2.05070161819458,20.670406341552734,103.5,2.3114467,48.8359449
1705850045414438100,128.01643823242188,45,1.5,1.2164398431777954,17.718000411987305,2.017204999923706,21.098478317260742,103.4000015258789,2.3114689,48.8359539
1705850045919041300,128.52104125976564,45,1.5,1.2164398431777954,17.148000717163086,1.9893373250961304,21.241851806640625,103.4000015258789,2.311482,48.8359592
1705850046470071300,129.0720712890625,45,1.5,1.2274386882781982,16.968000411987305,1.9384818077087402,21.23794174194336,103.4000015258789,2.3114973,48.8359704
1705850046970603500,129.572603515625,45,1.5,1.231436848640442,16.579999923706055,1.7903892993927002,17.8950252532959,103.4000015258789,2.3115025,48.8359744
1705850047525704200,130.1277041015625,45,1.5,1.231436848640442,15.274999618530273,1.672045111656189,16.04599952697754,103.4000015258789,2.311514,48.8359861
1705850048097392600,130.699392578125,45,1.5,1.2411442995071411,15.173999786376953,1.5736314058303833,15.071789741516113,103.4000015258789,2.311525,48.8359948
1705850048669357000,131.2713571777344,45,1.5,1.2499067783355713,14.33899974822998,1.4821534156799316,14.197608947753906,103.4000015258789,2.311539,48.8360101
1705850049177564400,131.779564453125,45,1.5,1.2499067783355713,14.350000381469727,1.4004781246185303,13.801291465759277,103.4000015258789,2.3115501,48.8360175
1705850049754261200,132.35626123046876,45,1.5,1.3607312440872192,12.930000305175781,1.4474002122879028,14.210556983947754,103.4000015258789,2.3115859,48.8360505
1705850050258945000,132.86094506835937,45,1.5,1.3614540100097656,12.531000137329102,1.3798331022262573,14.120894432067871,103.4000015258789,2.3116091,48.8360687
1705850050809893000,133.41189306640624,45,1.5,1.3694826364517212,12.303000450134277,1.3115354776382446,13.942414283752441,103.4000015258789,2.3116295,48.8360877
1705850051396410400,133.9984104003906,45,1.5,1.3694826364517212,11.949000358581543,1.3735251426696777,14.56484603881836,103.4000015258789,2.3116475,48.8361031
1705850051982817000,134.58481713867187,45,1.5,1.3794628381729126,11.399999618530273,1.4319556951522827,15.173993110656738,103.4000015258789,2.3116642,48.8361189
1705850052498517500,135.100517578125,45,1.5,1.3794628381729126,12.13700008392334,1.4656503200531006,15.213241577148438,103.4000015258789,2.311663,48.8361193
1705850053004347100,135.60634716796875,45,1.5,1.3914573192596436,12.236000061035156,1.4532638788223267,15.755268096923828,103.4000015258789,2.311662,48.8361188
1705850053507617500,136.10961743164063,45,1.5,1.3914573192596436,12.744999885559082,1.444331169128418,16.34149742126465,103.4000015258789,2.3116604,48.8361159
1705850054094079000,136.69607885742187,45,1.5,1.4024640321731567,12.472000122070312,1.3878496885299683,17.561687469482422,103.4000015258789,2.3116581,48.8361119
1705850054669357000,137.2713571777344,45,1.5,1.4024640321731567,12.63700008392334,1.3443608283996582,18.817312240600586,103.4000015258789,2.3116573,48.8361075
1705850055817581300,138.41958129882812,45,1.5,1.4792537689208984,13.604000091552734,1.3702512979507446,19.562461853027344,104,2.3116645,48.8361171
1705850056322638600,138.924638671875,45,1.5,1.5504659414291382,14.809000015258789,1.401837944984436,20.3669376373291,104,2.3116738,48.8361243
1705850056909099800,139.51109985351562,45,1.5,1.5575355291366577,14.711000442504883,1.431774377822876,21.4293270111084,104,2.3116818,48.8361286
1705850057495560700,140.09756079101564,45,1.5,1.5575355291366577,14.656999588012695,1.439074158668518,22.809791564941406,104,2.311697,48.8361394
1705850058002698200,140.6046982421875,45,1.5,1.5037431716918945,14.175000190734863,1.4736770391464233,23.78989028930664,104,2.311708,48.836146
1705850058551190300,141.15319018554686,45,1.5,1.5037431716918945,13.680999755859375,1.510574221611023,24.432964324951172,104,2.3117189,48.8361534
1705850059137651200,141.73965112304688,45,1.5,1.7610483169555664,13.651000022888184,2.4100000858306885,33.12881851196289,103.9000015258789,2.3117553,48.8361809
1705850059669357000,142.2713571777344,45,1.5,1.7610483169555664,13.152999877929688,2.1187238693237305,31.097492218017578,103.9000015258789,2.3117497,48.8361952
1705850060178802400,142.78080249023438,45,1.5,1.7714916467666626,13.055000305175781,2.258486032485962,33.32075119018555,103.9000015258789,2.3117677,48.836202
1705850060779741000,143.38174096679688,45,1.5,1.7714916467666626,12.875,2.308478355407715,34.5378532409668,103.9000015258789,2.3117869,48.8362149
1705850061366201300,143.96820141601563,45,1.5,1.879003643989563,12.454000473022461,2.3111891746520996,34.28232192993164,103.9000015258789,2.3117979,48.8362259
1705850061952661500,144.55466162109374,45,1.5,1.879003643989563,12.123000144958496,2.3261101245880127,34.171730041503906,103.9000015258789,2.3118046,48.8362331
1705850062539122000,145.14112182617188,45,1.5,1.893003225326538,11.958999633789062,2.3359014987945557,36.635475158691406,103.9000015258789,2.3118243,48.836248
1705850063077374500,145.67937451171875,45,1.5,1.893003225326538,12.003000259399414,2.2242746353149414,39.82536697387695,103.9000015258789,2.3118279,48.8362464
1705850063594750000,146.19675,45,1.5,1.893003225326538,11.717000007629395,2.1471588611602783,42.48839569091797,103.9000015258789,2.3118449,48.8362546
1705850064181210000,146.78321020507812,45,1.5,1.9080009460449219,11.817999839782715,2.124746799468994,45.09943771362305,103.9000015258789,2.3118623,48.8362621
1705850064767670000,147.369669921875,45,1.5,1.9130092859268188,12.097999572753906,2.1152379512786865,47.06074905395508,103.9000015258789,2.3118745,48.8362655
1705850065317686000,147.91968603515625,45,1.5,1.9130092859268188,12.282999992370605,2.108435869216919,48.28290939331055,103.9000015258789,2.3118837,48.8362693
1705850065823297800,148.4252978515625,45,1.5,1.9230048656463623,12.449999809265137,2.103654623031616,49.35813903808594,103.9000015258789,2.3119003,48.8362768
1705850066409757400,149.01175732421876,45,1.5,1.9230048656463623,12.574999809265137,2.0253186225891113,51.72773742675781,103.9000015258789,2.3119101,48.8362778
1705850066971733200,149.5737331542969,45,1.5,1.9330004453659058,13.21399974822998,2.026087522506714,53.97233963012695,103.9000015258789,2.3119226,48.8362804
1705850067558923800,150.160923828125,45,1.5,1.9330004453659058,13.505999565124512,2.0299086570739746,56.025333404541016,103.9000015258789,2.3119381,48.8362829
1705850068169136000,150.77113623046876,45,1.5,1.9450258016586304,14.072999954223633,2.0239264965057373,57.147674560546875,103.9000015258789,2.3119541,48.8362881
1705850068669357000,151.2713571777344,45,1.5,1.8654643297195435,14.416999816894531,2.018563985824585,58.37761688232422,103.9000015258789,2.3119704,48.8362927
1705850069757472000,152.35947192382812,45,1.5,1.8654643297195435,14.755000114440918,2.042337656021118,58.243656158447266,103.9000015258789,2.3119913,48.8363018
1705850070280389600,152.8823896484375,45,1.5,1.8804619312286377,15.277999877929688,2.038477897644043,56.908447265625,103.9000015258789,2.3120033,48.8363126
1705850070866848500,153.4688486328125,45,1.5,1.8804619312286377,15.392000198364258,2.0375754833221436,55.4859619140625,103.9000015258789,2.3120073,48.8363199
1705850071453307600,154.0553076171875,45,1.5,1.8914752006530762,15.994000434875488,1.996057391166687,55.15147018432617,103.9000015258789,2.3120197,48.8363289
1705850071974635500,154.57663549804687,45,1.5,1.895460605621338,16.18600082397461,1.9984549283981323,53.881263732910156,103.9000015258789,2.3120213,48.8363363
1705850072508933600,155.11093359375,45,1.5,1.895460605621338,16.885000228881836,2.008761167526245,52.95148468017578,103.9000015258789,2.3120381,48.8363482
1705850073011658200,155.613658203125,45,1.5,1.9064619541168213,17.37299919128418,1.9962012767791748,52.19518280029297,103.9000015258789,2.3120451,48.8363539
1705850073564559400,156.16655932617186,45,1.5,1.9064619541168213,18.047000885009766,1.9837627410888672,51.3187370300293,103.9000015258789,2.3120599,48.8363642
1705850074151018000,156.75301806640624,45,1.5,1.9174717664718628,18.47599983215332,2.0130226612091064,50.353580474853516,103.9000015258789,2.3120697,48.8363748
1705850074669357000,157.2713571777344,45,1.5,1.92545747756958,18.899999618530273,2.0406923294067383,49.52458190917969,103.9000015258789,2.3120863,48.8363889
1705850075206643500,157.8086435546875,45,1.5,1.92545747756958,18.9060001373291,1.959655523300171,48.814659118652344,103.9000015258789,2.3120911,48.8363968
1705850075756305700,158.3583056640625,45,1.5,1.92545747756958,19.21500015258789,1.8922944068908691,48.24638748168945,103.9000015258789,2.3120974,48.8364046
1705850076262268700,158.8642685546875,45,1.5,1.939460039138794,20.125999450683594,1.8241523504257202,47.59467697143555,103.9000015258789,2.3121079,48.8364143
1705850076848727000,159.45072705078124,45,1.5,1.9460772275924683,20.98200035095215,1.7655333280563354,47.03114700317383,103.9000015258789,2.3121148,48.8364218
1705850077435185200,160.03718505859376,45,1.5,1.9460772275924683,21.336999893188477,1.8003445863723755,46.13871765136719,103.9000015258789,2.312125,48.8364351
1705850077958197200,160.560197265625,45,1.5,1.9460772275924683,21.604000091552734,1.8348387479782104,45.35523986816406,103.9000015258789,2.3121316,48.8364456
1705850078490809900,161.09280981445312,45,1.5,1.9620766639709473,21.378000259399414,1.8635553121566772,44.43964385986328,103.9000015258789,2.3121432,48.836463
1705850079003475200,161.60547509765624,45,1.5,1.9660768508911133,21.118000030517578,1.843091607093811,43.973026275634766,103.9000015258789,2.3121489,48.836474
1705850079546434300,162.14843432617187,45,1.5,1.9660768508911133,21.06599998474121,1.8235541582107544,43.547176361083984,103.9000015258789,2.3121615,48.8364891
1705850080132892200,162.73489208984375,45,1.5,1.978079080581665,20.79800033569336,1.8463399410247803,43.020755767822266,103.9000015258789,2.3121644,48.8364968
1705850080669357000,163.2713571777344,45,1.5,1.978079080581665,20.746000289916992,1.869227647781372,42.550846099853516,103.9000015258789,2.3121742,48.8365089
1705850081188516400,163.79051635742186,45,1.5,2.0418899059295654,20.31599998474121,1.864983081817627,42.53106689453125,104,2.3121777,48.8365121
1705850081705528000,164.30752807617188,45,1.5,2.0418899059295654,19.45800018310547,1.863303303718567,42.50472640991211,104,2.3121828,48.8365165
1705850082244140300,164.84614038085937,45,1.5,2.052886724472046,18.2450008392334,1.840456247329712,42.52724838256836,104,2.3122037,48.8365276
1705850082818482400,165.420482421875,45,1.5,2.052886724472046,17.36400032043457,1.8201318979263306,42.59086227416992,104,2.3122175,48.836535
1705850083937347000,166.53934716796874,45,1.5,2.067885160446167,15.939000129699707,1.8406866788864136,42.712833404541016,104,2.3122573,48.8365571
1705850084472678700,167.0746787109375,45,1.5,2.074916124343872,14.989999771118164,1.8873655796051025,42.686187744140625,104,2.3122899,48.8365742
1705850085014654500,167.61665454101563,45,1.5,2.0789010524749756,13.90999984741211,1.8694862127304077,42.56698989868164,104,2.3123119,48.8365854
1705850085528301800,168.1303017578125,45,1.5,2.0789010524749756,13.10200023651123,1.846274971961975,42.334381103515625,104,2.3123345,48.8365993
1705850086114759000,168.71675903320312,45,1.5,2.0908896923065186,12.1899995803833,1.854346513748169,42.26556396484375,104,2.3123504,48.8366084
1705850086669357000,169.2713571777344,45,1.5,2.0908896923065186,10.663000106811523,1.8589301109313965,42.27668762207031,104,2.3123699,48.8366208
1705850087170381800,169.7723818359375,45,1.5,2.2347350120544434,10.437999725341797,1.8699636459350586,42.34209060668945,104.9000015258789,2.3123811,48.8366276
1705850087678551800,170.2805517578125,45,1.5,2.2347350120544434,9.916999816894531,1.8807365894317627,42.39393615722656,104.9000015258789,2.3123926,48.836635
1705850088226004500,170.82800439453126,45,1.5,2.245725631713867,9.336000442504883,1.888939619064331,42.27057647705078,104.9000015258789,2.3124075,48.8366449
1705850088812461300,171.41446142578124,45,1.5,2.245725631713867,9.281000137329102,1.8951966762542725,41.346004486083984,104.9000015258789,2.3124161,48.8366519
1705850089398918100,172.00091821289064,45,1.5,2.2520322799682617,8.991000175476074,1.8890272378921509,39.92878723144531,104.9000015258789,2.312425,48.8366613
1705850089978062600,172.5800625,45,1.5,2.2520322799682617,8.824999809265137,1.8935266733169556,39.06602096557617,104.9000015258789,2.3124299,48.8366686
1705850090571831800,173.17383178710938,45,1.5,2.2085328102111816,8.760000228881836,1.9041693210601807,39.3528938293457,104.9000015258789,2.3124403,48.8366776
1705850091077911600,173.67991162109374,45,1.5,2.212529182434082,8.609000205993652,1.9003809690475464,39.76808166503906,104.9000015258789,2.3124429,48.8366796
1705850091627453700,174.22945361328124,45,1.5,2.4238619804382324,8.526000022888184,1.895247220993042,40.47896957397461,103.9000015258789,2.3124551,48.8366879
1705850092196706800,174.79870678710938,45,1.5,2.4238619804382324,8.430000305175781,1.8928208351135254,41.08699417114258,103.9000015258789,2.3124572,48.8366882
1705850092800366600,175.40236669921876,45,1.5,2.4238619804382324,8.291999816894531,1.89163339138031,41.87172317504883,103.9000015258789,2.3124714,48.8366963
1705850093337940500,175.9399404296875,45,1.5,2.4368650913238525,8.187000274658203,1.902794599533081,42.5296516418457,104.9000015258789,2.3124766,48.8366988
1705850093855988000,176.45798803710937,45,1.5,2.1822779178619385,8.003999710083008,1.9148272275924683,43.410831451416016,105.64266727043926,2.3124891,48.8367055
1705850094442444300,177.0444443359375,45,1.5,2.1822779178619385,8.817999839782715,1.9034254550933838,44.326141357421875,105.64266727043926,2.3124893,48.8367106
1705850094971902000,177.57390185546876,45,1.5,2.453882932662964,9.946000099182129,1.8977888822555542,44.99223327636719,104.9000015258789,2.3124911,48.8367174
1705850095498065400,178.1000654296875,45,1.5,2.453882932662964,10.6899995803833,1.8905788660049438,45.54692840576172,104.9000015258789,2.3124952,48.8367243
1705850096018943700,178.62094384765626,45,1.5,2.4638619422912598,11.70199966430664,1.889400839805603,46.00987243652344,104.9000015258789,2.3124957,48.83673
1705850096553686300,179.15568627929687,45,1.5,2.4638619422912598,12.293000221252441,1.884636402130127,46.36404800415039,104.9000015258789,2.3125009,48.8367376
1705850097118481000,179.72048095703124,45,1.5,2.2132649421691895,12.85200023651123,1.8865995407104492,46.44892883300781,105.84574566725254,2.312504,48.8367417
1705850097669357000,180.2713571777344,45,1.5,2.2132649421691895,13.480999946594238,1.8887813091278076,46.391937255859375,105.84574566725254,2.3125154,48.836751
1705850098195763000,180.79776293945312,45,1.5,2.4868621826171875,14.140000343322754,1.8776452541351318,46.42174530029297,104.9000015258789,2.3125199,48.8367541
1705850098782219000,181.38421899414064,45,1.5,2.4938673973083496,14.880000114440918,1.8684784173965454,46.330265045166016,104.9000015258789,2.3125308,48.836761
1705850099368674800,181.9706748046875,45,1.5,2.4938673973083496,15.690999984741211,1.87386953830719,45.99717712402344,104.9000015258789,2.3125379,48.8367658
1705850099955130400,182.55713037109376,45,1.5,2.2422633171081543,15.192999839782715,1.8797696828842163,45.5699348449707,104,2.312548,48.836773
1705850100479121700,183.08112158203124,45,1.5,2.2422633171081543,15.51200008392334,1.8739327192306519,45.03878402709961,104,2.3125572,48.8367779
1705850101010750500,183.61275048828125,45,1.5,2.2542741298675537,15.593000411987305,1.8803318738937378,43.692203521728516,103.9000015258789,2.3125669,48.8367912
1705850101597206000,184.1992060546875,45,1.5,2.2542741298675537,16.368000030517578,1.8871986865997314,42.654380798339844,103.9000015258789,2.3125817,48.836801
1705850102183661600,184.78566162109374,45,1.5,2.526862621307373,17.077999114990234,1.883995532989502,41.96122741699219,103.9000015258789,2.3125883,48.8368056
1705850102738332700,185.34033276367188,45,1.5,2.526862621307373,17.378999710083008,1.8812707662582397,41.154544830322266,103.9000015258789,2.312595,48.8368112
1705850103239281200,185.84128125,45,1.5,2.537867784500122,18.624000549316406,1.7631897926330566,38.139339447021484,103.9000015258789,2.3126032,48.8368198
1705850103825736400,186.427736328125,45,1.5,2.2822728157043457,19.483999252319336,1.6705775260925293,35.454532623291016,103.9000015258789,2.3126079,48.8368261
1705850104412191700,187.01419165039061,45,1.5,2.2822728157043457,20.20599937438965,1.662209153175354,35.18070983886719,103.9000015258789,2.3126159,48.8368317
1705850104937593600,187.5395935058594,45,1.5,2.2822728157043457,20.389999389648438,1.6560097932815552,34.84804916381836,103.9000015258789,2.3126212,48.8368355
1705850105467811000,188.06981103515625,45,1.5,2.2926299571990967,21.40399932861328,1.6715854406356812,34.68220520019531,103.9000015258789,2.3126331,48.8368445
1705850106018460000,188.6204599609375,45,1.5,2.2926299571990967,21.573999404907227,1.687513828277588,34.49855422973633,103.9000015258789,2.3126403,48.83685
1705850106523430100,189.12543017578125,45,1.5,2.554379940032959,21.621000289916992,1.6444065570831299,35.60139846801758,103.9000015258789,2.312654,48.836858
1705850107109885200,189.71188525390625,45,1.5,2.558382272720337,21.599000930786133,1.6274354457855225,36.969810485839844,103.9000015258789,2.312662,48.8368622
1705850107669357000,190.2713571777344,45,1.5,2.558382272720337,21.815000534057617,1.6115477085113525,38.37323760986328,103.9000015258789,2.3126752,48.83687
1705850108236612900,190.83861279296875,45,1.5,2.3186309337615967,21.461999893188477,1.6232450008392334,38.74812316894531,103.9000015258789,2.312682,48.8368761
1705850108751959000,191.353958984375,45,1.5,2.3186309337615967,20.952999114990234,1.6347079277038574,39.149906158447266,103.9000015258789,2.3126947,48.8368862
1705850109338413800,191.9404138183594,45,1.5,2.5803768634796143,20.827999114990234,1.658514142036438,39.11964416503906,103.9000015258789,2.312706,48.8368949
1705850109924868600,192.52686865234375,45,1.5,2.5873806476593018,20.429000854492188,1.6815317869186401,39.07082748413086,103.9000015258789,2.3127202,48.8369065
1705850110458744300,193.06074438476563,45,1.5,2.5873806476593018,20.40399932861328,1.6981931924819946,38.86863327026367,103.9000015258789,2.3127303,48.8369156
1705850110980487200,193.58248706054687,45,1.5,2.597382068634033,20.163000106811523,1.7149314880371094,38.70866012573242,103.9000015258789,2.3127418,48.8369253
1705850111559000000,194.161,45,1.5,2.597382068634033,19.684999465942383,1.7358653545379639,38.688411712646484,103.9000015258789,2.3127568,48.8369358
1705850112153396200,194.75539624023438,45,1.5,2.3596391677856445,19.788999557495117,1.7260032892227173,37.95565414428711,103.9000015258789,2.3127663,48.8369495
1705850112676246500,195.27824658203124,45,1.5,2.3596391677856445,20.06399917602539,1.7186187505722046,37.386104583740234,103.9000015258789,2.3127706,48.8369583
1705850113209014500,195.8110146484375,45,1.5,2.368489980697632,20.148000717163086,1.7490386962890625,37.39674758911133,103.9000015258789,2.3127898,48.8369714
1705850113798465800,196.4004658203125,45,1.5,2.368489980697632,20.121000289916992,1.7783976793289185,37.35676956176758,103.9000015258789,2.3128026,48.8369792
1705850114381923300,196.98392333984376,45,1.5,2.6302967071533203,20.18600082397461,1.8131537437438965,37.306724548339844,103.9000015258789,2.3128181,48.8369925
1705850114968377600,197.57037768554687,45,1.5,2.6353135108947754,20.033000946044922,1.8473252058029175,37.15793991088867,103.9000015258789,2.31283,48.8370032
1705850115537832200,198.13983227539063,45,1.5,2.6353135108947754,19.72800064086914,1.8785407543182373,36.97361373901367,103.9000015258789,2.3128458,48.8370181
1705850116141291500,198.74329150390625,45,1.5,2.3964908123016357,19.274999618530273,1.9158402681350708,37.17509841918945,103.9000015258789,2.3128733,48.8370344
1705850116669357000,199.2713571777344,45,1.5,2.3964908123016357,19.062000274658203,1.9493036270141602,37.40007400512695,103.9000015258789,2.3128977,48.8370497
1705850117196909000,199.79890893554688,45,1.5,2.407487154006958,18.42300033569336,1.9822180271148682,37.59041213989258,103.9000015258789,2.3129166,48.8370603
1705850117737151000,200.33915087890625,45,1.5,2.407487154006958,17.788999557495117,2.0122177600860596,37.7275276184082,103.9000015258789,2.3129334,48.8370702
1705850118836554500,201.43855444335938,45,1.5,2.6733014583587646,17.246999740600586,2.0398619174957275,37.992774963378906,103.9000015258789,2.3129655,48.8370896
1705850119425434400,202.02743432617189,45,1.5,2.6813058853149414,16.881999969482422,2.0654783248901367,38.17955780029297,103.9000015258789,2.312993,48.8371062
1705850119973971200,202.57597119140624,45,1.5,2.4344875812530518,16.736000061035156,2.0821545124053955,38.06128692626953,103.9000015258789,2.3130068,48.8371153
1705850120481051600,203.0830517578125,45,1.5,2.4344875812530518,16.618000030517578,2.0986807346343994,38.0967903137207,103.9000015258789,2.3130292,48.8371281
1705850121059388000,203.66138793945314,45,1.5,2.5277884006500244,16.711999893188477,2.1104183197021484,38.0759162902832,103.9000015258789,2.313041,48.8371368
1705850121653959200,204.25595922851562,45,1.5,2.5277884006500244,16.874000549316406,2.12300705909729,38.15766143798828,103.9000015258789,2.3130611,48.8371507
1705850122158790700,204.76079077148438,45,1.5,2.5387938022613525,16.93000030517578,2.0933403968811035,37.58390808105469,103.9000015258789,2.3130719,48.8371557
1705850122669357000,205.2713571777344,45,1.5,2.5387938022613525,17.010000228881836,2.064819574356079,37.00804138183594,103.9000015258789,2.3130882,48.8371663
1705850123178738700,205.78073876953124,45,1.5,2.77616286277771,16.88599967956543,2.055866003036499,36.83865737915039,103.9000015258789,2.3130984,48.8371725
1705850123765192200,206.36719213867187,45,1.5,2.784177541732788,16.746999740600586,2.047698974609375,36.66455841064453,103.9000015258789,2.3131134,48.8371838
1705850124351645700,206.95364575195313,45,1.5,2.784177541732788,16.68400001525879,2.0515546798706055,36.88861083984375,103.9000015258789,2.3131313,48.8371933
1705850124938099200,207.54009912109376,45,1.5,2.567786455154419,16.503999710083008,2.0576272010803223,37.1010856628418,103.9000015258789,2.3131406,48.8371967
1705850125498037200,208.10003735351563,45,1.5,2.567786455154419,16.429000854492188,2.0601468086242676,37.09918975830078,103.9000015258789,2.3131506,48.8372039
1705850126007044900,208.609044921875,45,1.5,2.5797882080078125,16.21500015258789,2.059534788131714,37.16215515136719,103.9000015258789,2.3131659,48.8372117
1705850126580168700,209.18216870117186,45,1.5,2.5797882080078125,15.958000183105469,2.060091257095337,37.1466178894043,103.9000015258789,2.3131804,48.8372199
1705850127166622000,209.7686220703125,45,1.5,2.8171610832214355,15.810999870300293,2.0556094646453857,37.360904693603516,103.9000015258789,2.3131916,48.8372242
1705850127669357000,210.2713571777344,45,1.5,2.8171610832214355,15.793000221252441,2.053022861480713,37.55645751953125,103.9000015258789,2.3132032,48.8372296
1705850128222237700,210.82423779296874,45,1.5,2.8281633853912354,15.607999801635742,2.042998790740967,37.798675537109375,103.9000015258789,2.3132159,48.8372381
1705850128808690700,211.41069067382813,45,1.5,2.8341643810272217,15.611000061035156,2.0353171825408936,38.04300308227539,103.9000015258789,2.3132261,48.8372445
1705850129395143700,211.99714379882812,45,1.5,2.8341643810272217,15.680000305175781,2.0285770893096924,38.35179901123047,103.9000015258789,2.3132371,48.83725
1705850129918430200,212.52043017578126,45,1.5,2.8341643810272217,15.883000373840332,2.0244534015655518,38.60945129394531,103.9000015258789,2.3132458,48.8372539
1705850130450758700,213.0527585449219,45,1.5,2.623793125152588,15.854000091552734,2.0194308757781982,38.81340789794922,103.9000015258789,2.3132606,48.8372625
1705850130976050200,213.57805029296875,45,1.5,2.6277859210968018,15.935999870300293,2.015042304992676,38.90799331665039,103.9000015258789,2.3132662,48.8372644
1705850131506373600,214.10837353515626,45,1.5,2.6277859210968018,16.020000457763672,2.0141489505767822,38.989498138427734,103.9000015258789,2.3132825,48.837274
1705850132092826400,214.69482641601562,45,1.5,2.865175724029541,16.113000869750977,2.0097906589508057,39.090389251708984,103.9000015258789,2.3132928,48.8372783
1705850132669357000,215.2713571777344,45,1.5,2.865175724029541,16.25,2.0058987140655518,39.17536544799805,103.9000015258789,2.3133088,48.8372878
1705850133236422000,215.838421875,45,1.5,2.876173496246338,16.334999084472656,2.00276780128479,39.213253021240234,103.9000015258789,2.3133178,48.8372937
1705850133852183800,216.45418383789064,45,1.5,2.8841662406921387,16.586999893188477,2.000380277633667,39.291751861572266,103.9000015258789,2.3133339,48.837305
1705850134438636000,217.0406359863281,45,1.5,2.8841662406921387,16.618000030517578,1.9979994297027588,39.23007583618164,103.9000015258789,2.3133488,48.8373158
1705850134971915300,217.57391528320312,45,1.5,2.667792320251465,16.645999908447266,1.9932984113693237,38.95840072631836,103.9000015258789,2.3133507,48.8373191
1705850135494250200,218.09625024414063,45,1.5,2.667792320251465,16.63599967956543,1.9910237789154053,38.79676818847656,103.9000015258789,2.3133663,48.8373309
1705850136005530000,218.60753002929687,45,1.5,2.6923718452453613,16.375,1.989638090133667,38.771244049072266,103.9000015258789,2.3133746,48.837336
1705850136549864200,219.1518642578125,45,1.5,2.6923718452453613,16.176000595092773,1.9905990362167358,38.7509765625,103.9000015258789,2.3133835,48.8373422
1705850137136316200,219.73831616210938,45,1.5,2.7033777236938477,16.03499984741211,1.988380789756775,38.57369613647461,103.9000015258789,2.3133967,48.8373525
1705850137669357000,220.2713571777344,45,1.5,2.7033777236938477,15.949000358581543,1.9884347915649414,38.39836120605469,103.9000015258789,2.3134041,48.8373584
1705850138191929600,220.7939296875,45,1.5,2.9280478954315186,15.770000457763672,1.9879844188690186,38.06855392456055,103.9000015258789,2.3134173,48.8373697
1705850138778381600,221.38038159179686,45,1.5,2.9280478954315186,15.753000259399414,1.9895387887954712,37.78282928466797,103.9000015258789,2.3134256,48.8373769
1705850139364833300,221.96683325195312,45,1.5,2.9390406608581543,15.694999694824219,1.994105339050293,37.731502532958984,103.9000015258789,2.3134394,48.8373882
1705850139936491000,222.53849096679687,45,1.5,2.9390406608581543,15.597000122070312,1.9993659257888794,37.63001251220703,103.9000015258789,2.3134468,48.8373948
1705850140537737000,223.13973706054688,45,1.5,2.950040102005005,15.383000373840332,2.0053303241729736,37.940277099609375,103.9000015258789,2.3134625,48.8374069
1705850141060392200,223.66239208984376,45,1.5,2.7403743267059326,15.267000198364258,2.0107948780059814,38.162498474121094,103.9000015258789,2.3134734,48.8374134
1705850141593349600,224.195349609375,45,1.5,2.7403743267059326,15.364999771118164,2.0159239768981934,38.43452835083008,103.9000015258789,2.3134899,48.8374247
1705850142178286300,224.78028637695311,45,1.5,2.7513694763183594,15.45300006866455,2.017273426055908,38.331180572509766,103.9000015258789,2.3134958,48.8374313
1705850142766252500,225.36825244140624,45,1.5,2.7603695392608643,15.631999969482422,2.017991304397583,38.057350158691406,103.9000015258789,2.3135084,48.8374437
1705850143296703700,225.89870385742188,45,1.5,2.7603695392608643,15.692000389099121,1.9933748245239258,38.301231384277344,103.9000015258789,2.3135148,48.8374482
1705850143821865000,226.42386499023436,45,1.5,2.984060287475586,15.782999992370605,1.970047950744629,38.57197189331055,103.9000015258789,2.3135271,48.8374576
1705850144408316200,227.01031616210938,45,1.5,2.984060287475586,15.821000099182129,1.9720791578292847,39.173892974853516,103.9000015258789,2.3135457,48.8374684
1705850144971425800,227.57342578125,45,1.5,2.9940409660339355,15.994999885559082,1.983544111251831,38.98393249511719,103.9000015258789,2.3135481,48.8374744
1705850145478477000,228.08047705078124,45,1.5,2.9940409660339355,16.180999755859375,1.995783805847168,39.048187255859375,103.9000015258789,2.3135604,48.8374824
1705850146005705000,228.607705078125,45,1.5,2.792379140853882,16.836999893188477,2.003922462463379,38.56475067138672,103.9000015258789,2.3135747,48.8374953
1705850146519540500,229.12154052734374,45,1.5,2.792379140853882,17.38800048828125,2.011507987976074,38.02239990234375,103.9000015258789,2.3135874,48.8375075
1705850147677767700,230.279767578125,45,1.5,2.838404417037964,17.780000686645508,2.0218756198883057,37.7813606262207,103.9000015258789,2.3136027,48.837522
1705850148278893300,230.88089331054687,45,1.5,2.8143718242645264,18.329999923706055,2.0310041904449463,37.6528434753418,103.9000015258789,2.3136159,48.8375352
1705850148797207800,231.39920776367188,45,1.5,2.8143718242645264,18.43600082397461,2.0406320095062256,37.56388854980469,103.9000015258789,2.3136236,48.8375437
1705850149334505000,231.9365048828125,45,1.5,2.825368881225586,18.79800033569336,2.047727346420288,37.100833892822266,103.9000015258789,2.3136342,48.8375578
1705850149897549600,232.49954956054688,45,1.5,2.825368881225586,19.141000747680664,2.0551869869232178,36.66461181640625,103.9000015258789,2.3136391,48.8375667
1705850150507406600,233.10940649414061,45,1.5,3.050039529800415,19.60099983215332,2.0609121322631836,36.44329833984375,103.9000015258789,2.3136501,48.8375796
1705850151093857300,233.69585717773438,45,1.5,3.057046413421631,19.590999603271484,2.0501699447631836,36.7044792175293,103.9000015258789,2.313664,48.8375908
1705850151669357000,234.2713571777344,45,1.5,3.064039945602417,19.52400016784668,2.0401179790496826,37.0474739074707,103.9000015258789,2.3136774,48.8376008
1705850152266758400,234.86875830078125,45,1.5,3.064039945602417,19.44300079345703,2.0506033897399902,37.39287567138672,103.9000015258789,2.3136893,48.8376088
1705850152816520200,235.41852026367187,45,1.5,3.064039945602417,19.326000213623047,2.061960458755493,37.72282791137695,103.9000015258789,2.3136999,48.8376155
1705850153322369500,235.92436962890625,45,1.5,2.8653695583343506,19.054000854492188,2.076416015625,37.8520393371582,103.9000015258789,2.3137147,48.8376257
1705850153908820000,236.51082006835938,45,1.5,2.712172508239746,18.770000457763672,2.092503309249878,38.01051712036133,103.9000015258789,2.3137247,48.8376317
1705850154495270400,237.0972705078125,45,1.5,2.712172508239746,18.52899932861328,2.109156847000122,37.76677322387695,103.9000015258789,2.3137386,48.8376443
1705850155005293300,237.60729321289062,45,1.5,3.0309877395629883,18.253000259399414,2.12663197517395,37.54073715209961,103.9000015258789,2.3137488,48.8376517
1705850155550881300,238.15288134765626,45,1.5,3.0309877395629883,17.9689998626709,2.143085479736328,37.26125717163086,103.9000015258789,2.3137639,48.837664
1705850156137343500,238.73934350585938,45,1.5,3.1050381660461426,18.104999542236328,2.1568076610565186,37.136314392089844,103.9000015258789,2.3137744,48.8376718
1705850156669357000,239.2713571777344,45,1.5,3.1050381660461426,18.18000030517578,2.1696975231170654,36.99612808227539,103.9000015258789,2.3137905,48.8376849
1705850157192942000,239.79494213867187,45,1.5,3.140653133392334,18.264999389648438,2.1769001483917236,36.938232421875,103.9000015258789,2.3137992,48.8376924
1705850157779392300,240.38139233398437,45,1.5,3.124054431915283,18.32900047302246,2.18426251411438,36.88715362548828,103.9000015258789,2.313813,48.8377043
1705850158377970000,240.97996997070314,45,1.5,3.124054431915283,18.141000747680664,2.1937978267669678,37.16913986206055,103.9000015258789,2.3138233,48.8377114
1705850158952292900,241.55429296875,45,1.5,2.920370101928711,18.110000610351562,2.2032079696655273,37.38383865356445,103.9000015258789,2.313837,48.8377215
1705850159477663200,242.07966333007812,45,1.5,2.920370101928711,18.34000015258789,2.2126381397247314,37.47058868408203,103.9000015258789,2.3138474,48.8377319
1705850160007903000,242.60990307617186,45,1.5,2.887228012084961,18.440000534057617,2.215386152267456,37.32542419433594,103.9000015258789,2.3138528,48.8377468
1705850160594353200,243.19635327148438,45,1.5,2.887228012084961,18.591999053955078,2.2209293842315674,37.50107955932617,103.9000015258789,2.3138666,48.8377583
1705850161180803000,243.78280297851563,45,1.5,2.9012255668640137,18.45199966430664,2.2266385555267334,37.746463775634766,103.9000015258789,2.3138848,48.8377682
1705850161767253000,244.3692529296875,45,1.5,2.905240297317505,18.246000289916992,2.2333974838256836,37.929901123046875,103.9000015258789,2.3138948,48.8377725
1705850162353703000,244.95570288085938,45,1.5,2.905240297317505,18.017000198364258,2.23854398727417,38.065330505371094,103.9000015258789,2.3139068,48.8377793
1705850162940152800,245.54215283203126,45,1.5,2.4539995193481445,17.756000518798828,2.2445850372314453,38.17823791503906,103.9000015258789,2.3139213,48.8377884
1705850163497272000,246.09927197265625,45,1.5,2.4539995193481445,18.000999450683594,2.2499945163726807,37.995216369628906,103.9000015258789,2.3139324,48.8377975
1705850164596791800,247.1987917480469,45,1.5,2.4699995517730713,18.233999252319336,2.2566111087799072,37.89927673339844,103.9000015258789,2.313956,48.8378159
1705850165168662000,247.770662109375,45,1.5,2.2084391117095947,18.014999389648438,2.25968861579895,38.02717208862305,103.9000015258789,2.3139696,48.8378277
1705850165669357000,248.2713571777344,45,1.5,2.2084391117095947,17.781999588012695,2.2635793685913086,38.128807067871094,103.9000015258789,2.3139761,48.8378336
1705850166224271600,248.82627172851562,45,1.5,2.222536325454712,17.530000686645508,2.2747602462768555,38.419673919677734,103.9000015258789,2.3139937,48.8378468
1705850166818122800,249.42012280273437,45,1.5,2.222536325454712,17.378999710083008,2.287245512008667,38.66049575805664,103.9000015258789,2.3140044,48.8378541
1705850167397170700,249.99917065429688,45,1.5,2.2335331439971924,17.033000946044922,2.3102564811706543,38.635494232177734,103.9000015258789,2.3140232,48.8378677
1705850167983620400,250.58562036132813,45,1.5,2.235438108444214,16.85300064086914,2.33278751373291,38.58381652832031,103.9000015258789,2.3140349,48.8378767
1705850168570069800,251.17206982421874,45,1.5,2.24544620513916,16.517000198364258,2.354588508605957,38.05139923095703,103.9000015258789,2.3140542,48.8378989
1705850169669357000,252.2713571777344,45,1.5,2.2524380683898926,16.076000213623047,2.3829233646392822,37.46504592895508,103.9000015258789,2.3140728,48.83792
1705850170212128300,252.81412817382812,45,1.5,2.4707770347595215,15.204999923706055,2.407843828201294,37.471927642822266,103.9000015258789,2.3140988,48.8379426
1705850170798577700,253.40057763671874,45,1.5,2.4707770347595215,14.366999626159668,2.423203706741333,37.456687927246094,103.9000015258789,2.3141122,48.837955
1705850171385026800,253.98702685546874,45,1.5,2.341320037841797,14.369999885559082,2.443687677383423,37.45322799682617,103.9000015258789,2.3141335,48.8379705
1705850171959204000,254.5612041015625,45,1.5,2.341320037841797,14.413000106811523,2.4638047218322754,37.53622055053711,103.9000015258789,2.3141476,48.8379803
1705850172557925400,255.15992529296875,45,1.5,2.1299350261688232,14.64900016784668,2.4859464168548584,37.77842330932617,103.9000015258789,2.314171,48.8379947
1705850173144374500,255.74637451171876,45,1.5,2.196434736251831,14.701000213623047,2.4721508026123047,37.68385696411133,103.9000015258789,2.314192,48.8380092
1705850173669357000,256.2713571777344,45,1.5,2.196434736251831,14.824000358581543,2.459737777709961,37.56315994262695,103.9000015258789,2.3142047,48.8380173
1705850174199983000,256.80198315429686,45,1.5,2.207434892654419,14.569999694824219,2.461458444595337,37.5872802734375,103.9000015258789,2.3142284,48.8380332
1705850174786432000,257.3884318847656,45,1.5,2.207434892654419,14.392999649047852,2.4630849361419678,37.54803466796875,103.9000015258789,2.3142429,48.8380426
1705850175372888000,257.97488818359375,45,1.5,2.2184388637542725,14.91100025177002,2.457418918609619,37.80467987060547,103.9000015258789,2.3142618,48.8380545
1705850175977883000,258.5798828125,45,1.5,2.2184388637542725,15.406000137329102,2.4538779258728027,38.059932708740234,103.9000015258789,2.3142736,48.8380611
1705850176545785900,259.1477858886719,45,1.5,2.4528021812438965,15.090999603271484,2.4463140964508057,38.12234878540039,103.9000015258789,2.314291,48.8380737
1705850177098210000,259.7002099609375,45,1.5,2.4644556045532227,14.954999923706055,2.442873954772949,38.04736328125,103.9000015258789,2.3142993,48.8380807
1705850177601394000,260.20339379882813,45,1.5,2.4644556045532227,14.798999786376953,2.4387779235839844,37.959739685058594,103.9000015258789,2.3143137,48.8380931
1705850178187842800,260.7898427734375,45,1.5,2.475461006164551,14.708999633789062,2.4353415966033936,37.692535400390625,103.9000015258789,2.3143242,48.8381021
1705850178774291500,261.37629150390626,45,1.5,2.475461006164551,14.354999542236328,2.431856155395508,37.44048309326172,103.9000015258789,2.3143404,48.8381164
1705850179317073400,261.9190734863281,45,1.5,2.478790760040283,14.329000473022461,2.431790828704834,37.43916702270508,103.9000015258789,2.314349,48.8381238
1705850179829899300,262.43189916992185,45,1.5,2.262434244155884,14.282999992370605,2.4310081005096436,37.37763214111328,103.9000015258789,2.3143626,48.8381358
1705850180416348000,263.0183479003906,45,1.5,2.262434244155884,14.197999954223633,2.4204461574554443,37.45562744140625,103.9000015258789,2.3143694,48.8381426
1705850180971373300,263.5733732910156,45,1.5,2.1120004653930664,14.869999885559082,2.410029888153076,37.656593322753906,103.9000015258789,2.3143766,48.8381508
1705850181471955500,264.07395556640626,45,1.5,2.1120004653930664,14.8149995803833,2.4006807804107666,37.937870025634766,103.9000015258789,2.3143879,48.8381586
1705850181972014000,264.57401416015625,45,1.5,2.12201189994812,15.293000221252441,2.3891189098358154,38.027408599853516,103.9000015258789,2.3143919,48.8381644
1705850182527563000,265.12956298828124,45,1.5,2.12201189994812,14.937999725341797,2.380767345428467,38.154380798339844,103.9000015258789,2.3144057,48.8381743
1705850183038431200,265.64043115234375,45,1.5,2.131998300552368,15.16100025177002,2.37496018409729,38.48561096191406,103.9000015258789,2.3144106,48.8381799
1705850183583170600,266.1851706542969,45,1.5,2.131998300552368,15.13700008392334,2.370882511138916,38.785282135009766,103.9000015258789,2.3144263,48.8381905
1705850184157464800,266.75946484375,45,1.5,2.4612081050872803,15.23799991607666,2.3675477504730225,38.95075988769531,103.9000015258789,2.3144348,48.8381958
1705850184669357000,267.2713571777344,45,1.5,2.4612081050872803,15.284000396728516,2.364032030105591,39.04243850708008,103.9000015258789,2.314451,48.8382072
1705850185225227000,267.82722705078123,45,1.5,2.5660107135772705,15.201000213623047,2.3535492420196533,39.123260498046875,103.9000015258789,2.314456,48.8382108
1705850185811675600,268.4136755371094,45,1.5,2.5660107135772705,14.666999816894531,2.344404935836792,38.91487503051758,103.9000015258789,2.3144685,48.838221
1705850186357150700,268.95915063476565,45,1.5,2.5770068168640137,14.487000465393066,2.3355295658111572,38.88654327392578,103.9000015258789,2.3144732,48.8382253
1705850186867283200,269.469283203125,45,1.5,2.58400559425354,14.491000175476074,2.327357053756714,38.57453536987305,103.9000015258789,2.3144831,48.838234
1705850187453731600,270.0557316894531,45,1.5,2.58400559425354,14.0649995803833,2.291062593460083,38.17435836791992,103.9000015258789,2.3144898,48.8382418
1705850187970726400,270.5727263183594,45,1.5,2.3306760787963867,14.739999771118164,2.224933385848999,36.39372634887695,103.9000015258789,2.3144913,48.8382496
1705850188509338400,271.1113383789062,45,1.5,2.137195348739624,14.024999618530273,2.2372443675994873,36.35211944580078,103.75019774055923,2.3145071,48.8382652
1705850189095786800,271.6977868652344,45,1.5,2.3149778842926025,14.246999740600586,2.2128524780273438,35.031593322753906,103.85830265179867,2.3145174,48.8382785
1705850189696938200,272.29893823242185,45,1.5,2.3149778842926025,14.465999603271484,2.1933271884918213,33.768314361572266,103.85830265179867,2.3145209,48.8382871
1705850190268683000,272.87068310546874,45,1.5,2.3259825706481934,14.718999862670898,2.184720754623413,32.819271087646484,103.68674432095989,2.3145272,48.8382993
1705850190776867300,273.37886743164063,45,1.5,2.3259825706481934,14.762999534606934,2.1786444187164307,31.833940505981445,103.68674432095989,2.3145282,48.8383068
1705850191324289300,273.9262893066406,45,1.5,2.336981773376465,15.13599967956543,2.1670963764190674,31.093294143676758,103.63446540342316,2.3145321,48.8383183
1705850191898405600,274.50040551757814,45,1.5,2.336981773376465,15.154000282287598,2.15976881980896,30.373579025268555,103.63446540342316,2.3145317,48.8383254
1705850192497185000,275.0991850585938,45,1.5,2.153653860092163,15.545000076293945,2.153503894805908,29.955793380737305,103.60045890246644,2.3145367,48.838338
1705850193004568300,275.606568359375,45,1.5,2.388833522796631,15.222999572753906,2.144688129425049,29.70542335510254,103.60045890246644,2.3145428,48.8383493
1705850193552791000,276.154791015625,45,1.5,2.3958380222320557,15.819999694824219,2.138117551803589,29.480941772460938,103.57254322034359,2.3145478,48.838359
1705850194059406600,276.66140649414064,45,1.5,2.3958380222320557,15.76099967956543,2.1267805099487305,29.168062210083008,103.57254322034359,2.3145444,48.8383595
1705850194608396800,277.2103967285156,45,1.5,2.3958380222320557,15.574000358581543,2.116436243057251,28.7808780670166,103.57254322034359,2.3145505,48.8383713
1705850195194844400,277.7968444824219,45,1.5,2.513672351837158,15.715999603271484,2.1102757453918457,28.715007781982422,103.554778743354,2.3145581,48.8383827
1705850195781291800,278.3832917480469,45,1.5,2.513672351837158,15.932999610900879,2.1066038608551025,28.71636199951172,103.554778743354,2.3145626,48.8383892
1705850196367739400,278.96973950195314,45,1.5,2.478097677230835,15.854000091552734,2.098707914352417,28.690439224243164,103.41875790282666,2.3145733,48.8383991
1705850196954187000,279.55618701171875,45,1.5,2.478097677230835,15.798999786376953,2.094411611557007,28.68422508239746,103.41875790282666,2.3145802,48.8384051
1705850197540634400,280.14263427734375,45,1.5,2.230821371078491,15.98799991607666,2.089601516723633,28.07454490661621,103.43652234248484,2.3145855,48.8384165
1705850198059326500,280.66132641601564,45,1.5,2.233828544616699,16.10700035095215,2.0849270820617676,27.134185791015625,103.45936239118512,2.314586,48.8384235
1705850198586452000,281.18845190429687,45,1.5,2.447396755218506,16.231000900268555,1.9500998258590698,29.48796844482422,103.82270700136823,2.3145941,48.8384337
1705850199159151600,281.7611516113281,45,1.5,2.447396755218506,16.61199951171875,1.952684998512268,28.493179321289062,103.82270700136823,2.3145914,48.8384386
1705850199669357000,282.2713571777344,45,1.5,2.447396755218506,16.975000381469727,1.9556249380111694,27.458526611328125,103.82270700136823,2.3145953,48.8384525
1705850200228504800,282.8305048828125,45,1.5,2.4594051837921143,17,1.979486346244812,26.01405143737793,104.01000110222728,2.3145928,48.8384672
1705850200814952000,283.41695190429687,45,1.5,2.2638232707977295,17.055999755859375,2.0011870861053467,24.53120231628418,103.84308443676687,2.3145937,48.8384874
1705850201396710700,283.9987106933594,45,1.5,2.2638232707977295,17.28499984741211,2.0165531635284424,22.88434600830078,103.84308443676687,2.3145936,48.838503
1705850201987860200,284.5898601074219,45,1.5,2.2738261222839355,17.774999618530273,2.0310206413269043,21.255592346191406,103.84308443676687,2.314594,48.8385211
1705850202574293800,285.17629370117186,45,1.5,2.2738261222839355,18.479000091552734,2.028629779815674,19.453378677368164,103.84308443676687,2.3145958,48.8385403
1705850203160740900,285.76274096679685,45,1.5,2.552415609359741,18.64299964904785,2.0258822441101074,17.400917053222656,103.78115985922202,2.3145933,48.8385558
1705850203669357000,286.2713571777344,45,1.5,2.552415609359741,18.641000747680664,2.017646312713623,15.162544250488281,103.78115985922202,2.3145916,48.8385768
1705850204216345600,286.818345703125,45,1.5,2.623694658279419,18.634000778198242,2.0298216342926025,13.1381196975708,103.67304010742559,2.3145828,48.8385922
1705850204717390800,287.31939086914065,45,1.5,2.623694658279419,18.516000747680664,2.0421578884124756,11.211503982543945,103.67304010742559,2.3145739,48.8386063
1705850205271950600,287.87395068359376,45,1.5,2.4782392978668213,18.514999389648438,2.0607781410217285,9.608734130859375,103.42230767783182,2.3145695,48.8386265
1705850205837570800,288.43957080078127,45,1.5,2.4782392978668213,18.41200065612793,2.0776093006134033,8.020341873168945,103.42230767783182,2.3145622,48.8386397
1705850206444858400,289.0468583984375,45,1.5,2.489239454269409,18.235000610351562,2.105008602142334,7.007339954376221,103.3004970358778,2.3145582,48.8386591
1705850206970408200,289.572408203125,45,1.5,2.2342772483825684,18.506000518798828,2.13122296333313,6.641779899597168,103.37967375348596,2.3145595,48.8386694
1705850207500450000,290.1024499511719,45,1.5,2.2342772483825684,18.17099952697754,2.1607065200805664,6.363903999328613,103.37967375348596,2.3145603,48.838688
1705850208003966500,290.6059665527344,45,1.5,2.2442760467529297,17.606000900268555,2.182486057281494,6.076812267303467,103.41317181879892,2.3145601,48.8386991
1705850208556055300,291.15805517578127,45,1.5,2.2442760467529297,17.288999557495117,2.202664613723755,5.798181056976318,103.41317181879892,2.314561,48.8387174
1705850209142502700,291.7445026855469,45,1.5,2.3902928829193115,17.399999618530273,2.2158870697021484,5.146838665008545,103.46088141371158,2.3145614,48.8387265
1705850209669357000,292.2713571777344,45,1.5,2.4660048484802246,17.128000259399414,2.23421573638916,4.836828231811523,103.34820599486783,2.3145607,48.8387445
1705850210198107600,292.8001076660156,45,1.5,2.4660048484802246,16.941999435424805,2.2553458213806152,4.65205717086792,103.34820599486783,2.3145609,48.838755
1705850210784554800,293.3865546875,45,1.5,2.4760000705718994,16.658000946044922,2.275172472000122,4.666254043579102,103.07768961164214,2.3145624,48.8387723
1705850211371001900,293.973001953125,45,1.5,2.4760000705718994,16.417999267578125,2.2813923358917236,4.609710693359375,103.07768961164214,2.3145614,48.838783
1705850211957449000,294.5594489746094,45,1.5,2.4859955310821533,15.699000358581543,2.287692070007324,4.6109490394592285,102.74729579125612,2.3145611,48.8387952
1705850212517513000,295.1195129394531,45,1.5,2.4859955310821533,15.562000274658203,2.2999792098999023,4.523056983947754,102.74729579125612,2.3145607,48.8388086
1705850213130343000,295.7323430175781,45,1.5,2.5994467735290527,15.395999908447266,2.305187463760376,4.4622673988342285,102.29922232602915,2.3145601,48.8388243
1705850213659197700,296.26119775390623,45,1.5,2.5994467735290527,15.314000129699707,2.3121824264526367,4.462841033935547,102.29922232602915,2.3145593,48.8388326
1705850214185947400,296.7879475097656,45,1.5,2.7555201053619385,14.847999572753906,2.2968590259552,4.315384387969971,102.30826433360852,2.3145592,48.8388462
1705850214778214100,297.38021411132814,45,1.5,2.7555201053619385,14.949999809265137,2.2845518589019775,4.147959232330322,102.30826433360852,2.3145587,48.8388536
1705850215358841000,297.9608410644531,45,1.5,2.7665226459503174,15.012999534606934,2.2737512588500977,3.6927614212036133,102.30826433360852,2.3145559,48.8388672
1705850215876963000,298.47896313476565,45,1.5,2.7665226459503174,15.097999572753906,2.2651076316833496,3.1597139835357666,102.30826433360852,2.3145521,48.8388741
1705850216414445000,299.01644506835936,45,1.5,2.837315320968628,15.425000190734863,2.2476751804351807,3.176706552505493,102.29405503037985,2.3145544,48.8388828
1705850216999624000,299.6016240234375,45,1.5,2.837315320968628,15.76200008392334,2.234694719314575,3.228804349899292,102.29405503037985,2.3145558,48.8388863
1705850217587338200,300.18933813476565,45,1.5,2.966820240020752,16.091999053955078,2.2289133071899414,3.580012559890747,102.20930718216744,2.3145602,48.8388964
1705850218173784800,300.7757849121094,45,1.5,2.854271173477173,15.916000366210938,2.204482316970825,3.9711005687713623,102.26773778282713,2.314563,48.8389077
1705850218760231400,301.3622314453125,45,1.5,2.854271173477173,15.75100040435791,2.1863672733306885,4.208179950714111,102.26773778282713,2.3145651,48.8389142
1705850219346677800,301.948677734375,45,1.5,2.826488494873047,15.244999885559082,2.188736915588379,4.235755443572998,102.10832133473802,2.3145669,48.838931
1705850219896454100,302.4984541015625,45,1.5,2.826488494873047,14.76200008392334,2.1920266151428223,4.274312973022461,102.10832133473802,2.3145679,48.8389414
1705850220402281200,303.00428125,45,1.5,2.1507818698883057,13.949999809265137,2.204716205596924,4.250804901123047,101.89726351622305,2.3145665,48.8389662
1705850220976522200,303.5785222167969,45,1.5,2.1507818698883057,13.192000389099121,2.211960554122925,4.34832763671875,101.89726351622305,2.3145665,48.8389816
1705850221575174000,304.177173828125,45,1.5,2.0653135776519775,12.291999816894531,2.231257915496826,4.523017883300781,101.6303456423992,2.3145684,48.8390034
1705850222118435300,304.72043530273436,45,1.5,2.069307804107666,11.38599967956543,2.262270212173462,4.4912590980529785,101.59178025860746,2.3145664,48.8390165
1705850222630777000,305.2327770996094,45,1.5,2.069307804107666,10.562000274658203,2.290560007095337,4.4412055015563965,101.59178025860746,2.3145662,48.8390357
1705850223178066700,305.7800666503906,45,1.5,2.059034585952759,10.505000114440918,2.3606491088867188,4.216475963592529,101.53342507819369,2.3145629,48.8390486
1705850223686380000,306.28838012695314,45,1.5,2.059034585952759,9.920000076293945,2.4263813495635986,4.025304317474365,101.53342507819369,2.3145611,48.8390684
1705850224278120400,306.8801203613281,45,1.5,2.4249699115753174,9.967000007629395,2.3315672874450684,1.7365505695343018,101.36546589421306,2.3145554,48.8390796
1705850224859272200,307.4612722167969,45,1.5,2.4249699115753174,9.729000091552734,2.2441983222961426,1.1651219129562378,101.36546589421306,2.3145527,48.8390976
1705850225377361700,307.97936157226565,45,1.5,2.3609938621520996,9.670000076293945,2.2426960468292236,1.1287901401519775,101.34415409133001,2.314548,48.8391044
1705850225914875000,308.516875,45,1.5,2.36800479888916,9.73799991607666,2.242565870285034,1.1019856929779053,101.32842398557041,2.3145452,48.8391164
1705850226457410600,309.0594106445312,45,1.5,2.36800479888916,9.751999855041504,2.1888718605041504,1.141951560974121,101.32842398557041,2.3145431,48.8391275
1705850226970477300,309.5724772949219,45,1.5,2.378012180328369,9.746000289916992,2.1391994953155518,1.1493197679519653,101.15894663817517,2.3145418,48.8391393
1705850227538042400,310.14004248046876,45,1.5,2.378012180328369,9.6899995803833,2.126373052597046,1.202303171157837,101.15894663817517,2.3145421,48.8391543
1705850228143369000,310.74536889648436,45,1.5,2.2444889545440674,9.491999626159668,2.1050641536712646,1.3269460201263428,101.23755875159993,2.3145433,48.8391731
1705850228678383400,311.28038330078124,45,1.5,2.2444889545440674,9.40999984741211,2.0853097438812256,1.442276954650879,101.23755875159993,2.3145446,48.8391845
1705850229198971400,311.8009714355469,45,1.5,2.2554805278778076,9.085000038146973,2.073538064956665,1.52659273147583,101.1350622967538,2.3145456,48.8392008
1705850229785417000,312.3874169921875,45,1.5,2.212437868118286,9.015000343322754,1.7300000190734863,4.1114912033081055,101.09954401324146,2.3145483,48.8392229
1705850230371862800,312.97386279296876,45,1.5,2.221400260925293,8.515000343322754,1.6156736612319946,4.603289604187012,100.99045307555747,2.3145466,48.8392021
1705850230958322000,313.56032202148435,45,1.5,2.22340726852417,8.213000297546387,1.8269624710083008,4.582417011260986,100.976245987284,2.3145472,48.8392037
1705850231544754000,314.14675390625,45,1.5,2.22340726852417,7.8979997634887695,1.981982707977295,4.790921688079834,100.976245987284,2.3145494,48.8392151
1705850232131199500,314.73319946289064,45,1.5,2.23641037940979,8.649999618530273,1.9827643632888794,5.959367752075195,100.80322586402542,2.3145487,48.8392149
1705850232669357000,315.2713571777344,45,1.5,2.23641037940979,9.501999855041504,1.984086513519287,6.887780666351318,100.80322586402542,2.3145478,48.8392091
1705850233186801400,315.7888015136719,45,1.5,2.0953164100646973,10.449000358581543,1.9775209426879883,7.907460689544678,100.64390841309071,2.3145486,48.8392093
1705850233773247000,316.3752470703125,45,1.5,2.0953164100646973,11.383999824523926,1.9804246425628662,8.932242393493652,100.64390841309071,2.3145493,48.8392063
1705850234359692500,316.96169262695315,45,1.5,2.086961507797241,12.447999954223633,1.985579490661621,9.570147514343262,100.44352582175983,2.3145506,48.8392088
1705850234917025800,317.51902587890623,45,1.5,2.086961507797241,12.890999794006348,1.9970412254333496,10.138952255249023,100.44352582175983,2.3145513,48.839207
1705850235532588300,318.13458837890624,45,1.5,2.44077730178833,13.751999855041504,2.0266270637512207,10.823321342468262,100.3253096294748,2.3145537,48.8392151
1705850236041578500,318.64357861328125,45,1.5,2.444772481918335,15.32800006866455,2.0147793292999268,10.219045639038086,100.3445894106708,2.3145518,48.8392123
1705850236588190500,319.1901904296875,45,1.5,2.444772481918335,16.097999572753906,2.011873245239258,9.677492141723633,100.3445894106708,2.3145522,48.8392183
1705850237137963000,319.739962890625,45,1.5,2.517792224884033,16.48900032043457,2.0226449966430664,8.524567604064941,100.30853977047342,2.3145499,48.8392222
1705850237643792600,320.2457927246094,45,1.5,2.526794195175171,17.033000946044922,2.031766891479492,7.484411239624023,100.30498828267044,2.314549,48.8392342
1705850238230238200,320.83223828125,45,1.5,2.526794195175171,17.437999725341797,2.0395400524139404,6.693353652954102,100.30498828267044,2.3145469,48.8392375
1705850238816684000,321.41868408203123,45,1.5,2.5125577449798584,18.173999786376953,2.047529458999634,5.979723930358887,100.08733566363475,2.314546,48.8392489
1705850239356973800,321.9589738769531,45,1.5,2.5125577449798584,18.707000732421875,2.0312509536743164,5.366498947143555,100.08733566363475,2.314553,48.8392504
1705850239872286200,322.4742861328125,45,1.5,2.520235300064087,19.71299934387207,2.0174758434295654,4.800504207611084,100.03305021923771,2.31456,48.8392562
1705850240458731800,323.0607316894531,45,1.5,2.425266742706299,18.892000198364258,1.968527913093567,5.919573783874512,100.11990628942273,2.3145783,48.8392434
1705850240974973400,323.5769733886719,45,1.5,2.415905714035034,17.87299919128418,1.8116118907928467,1.516400694847107,99.97836037679335,2.3145836,48.8392374
1705850241514333700,324.1163337402344,45,1.5,2.415905714035034,17.709999084472656,1.6905598640441895,0.8307368755340576,99.97836037679335,2.3145896,48.8392384
1705850242100779300,324.702779296875,45,1.5,2.384281873703003,17.256000518798828,1.7416192293167114,0.7765283584594727,99.97836037679335,2.3145942,48.8392472
1705850242657990400,325.25999047851565,45,1.5,2.384281873703003,16.709999084472656,1.7942732572555542,0.7183319330215454,99.97836037679335,2.3145969,48.8392535
1705850243273670000,325.875669921875,45,1.5,2.3952832221984863,15.293999671936035,1.8706258535385132,0.6371425986289978,99.83732415452438,2.3145985,48.8392669
1705850243860115200,326.462115234375,45,1.5,2.4676337242126465,14.237000465393066,1.9412078857421875,0.5203563570976257,99.82311919782262,2.3145994,48.8392794
1705850244446560500,327.048560546875,45,1.5,2.4676337242126465,12.961000442504883,2.076955795288086,0.3940705955028534,99.82311919782262,2.3145993,48.8392939
1705850244972818400,327.574818359375,45,1.5,2.477635383605957,11.690999984741211,2.1263415813446045,0.1883772313594818,99.82311919782262,2.3145979,48.8393053
1705850245502162000,328.1041618652344,45,1.5,2.4290013313293457,11.772000312805176,2.107529401779175,0.19059890508651733,99.82311919782262,2.314598,48.8393085
1705850246088620500,328.6906206054687,45,1.5,2.435987710952759,11.878999710083008,2.188523530960083,359.98394775390625,99.79115813252054,2.3145972,48.8393185
1705850246669357000,329.2713571777344,45,1.5,2.435987710952759,12.006999969482422,2.2644762992858887,359.74603271484375,99.79115813252054,2.3145953,48.8393238
1705850247858754300,330.46075439453125,45,1.5,2.562725305557251,12.281000137329102,2.285094738006592,359.3337707519531,99.62881807924771,2.3145922,48.8393452
1705850248434401000,331.03640112304686,45,1.5,2.5707244873046875,13.211999893188477,2.376554489135742,359.3762512207031,99.62019385112843,2.3145982,48.8393836
1705850248970602000,331.57260205078126,45,1.5,2.4253430366516113,13.713000297546387,2.391923189163208,359.1705017089844,99.56692675480231,2.3146015,48.8394128
1705850249490002000,332.092001953125,45,1.5,2.4253430366516113,14.678999900817871,2.4029080867767334,359.0274353027344,99.56692675480231,2.3146041,48.8394484
1705850250077101000,332.67910107421875,45,1.5,2.435342311859131,15.265000343322754,2.399358034133911,359.0582580566406,99.52837173257376,2.3146028,48.8394753
1705850250662891800,333.2648918457031,45,1.5,2.435342311859131,15.840999603271484,2.391490936279297,359.04766845703125,99.52837173257376,2.3146014,48.8395083
1705850251217520400,333.81952026367185,45,1.5,2.4780075550079346,15.946999549865723,2.379641532897949,359.493896484375,99.46293005791826,2.314604,48.8395303
1705850251718492400,334.3204924316406,45,1.5,2.4780075550079346,16.948999404907227,2.3640317916870117,359.9685974121094,99.46293005791826,2.3146072,48.839557
1705850252278503200,334.8805031738281,45,1.5,2.142967700958252,17.006000518798828,2.3923985958099365,359.7584533691406,99.15496744529904,2.3146067,48.8395772
1705850252891382300,335.49338232421877,45,1.5,2.142967700958252,17.483999252319336,2.4177136421203613,359.556884765625,99.15496744529904,2.3146056,48.8396041
1705850253477827000,336.0798271484375,45,1.5,2.1702916622161865,17.402000427246094,2.4246561527252197,359.2601623535156,99.09403152648773,2.3146053,48.8396295
1705850254064271600,336.66627172851565,45,1.5,2.2285332679748535,17.611000061035156,2.473212957382202,359.33197021484375,99.14068806818293,2.3146063,48.8396529
1705850254650716400,337.25271630859373,45,1.5,2.2345330715179443,17.809999465942383,2.5177500247955322,359.37896728515625,99.10568544673207,2.3146072,48.8396716
1705850255221643500,337.8236435546875,45,1.5,2.2345330715179443,17.929000854492188,2.513136625289917,359.2236633300781,99.10568544673207,2.3146094,48.8396853
1705850255823605800,338.4256057128906,45,1.5,2.2345330715179443,17.965999603271484,2.507875919342041,359.0691833496094,99.10568544673207,2.3146104,48.8397091
1705850256410050300,339.01205029296875,45,1.5,2.250542163848877,18.170000076293945,2.515765428543091,358.9927062988281,98.9661836851954,2.31461,48.8397309
1705850256969537800,339.5715378417969,45,1.5,2.4277546405792236,18.39900016784668,2.5206210613250732,358.82489013671875,98.94284906983235,2.3146094,48.8397436
1705850257582939600,340.18493969726563,45,1.5,2.4277546405792236,18.594999313354492,2.5240042209625244,358.63433837890625,98.94284906983235,2.3146082,48.8397669
1705850258118609200,340.7206091308594,45,1.5,2.5483450889587402,18.68400001525879,2.515629529953003,358.24920654296875,98.86016388608004,2.3146064,48.8397794
1705850258638539800,341.24053979492186,45,1.5,2.5483450889587402,18.719999313354492,2.5058693885803223,357.8325500488281,98.86016388608004,2.3146038,48.8397995
1705850259224984000,341.8269841308594,45,1.5,2.578949213027954,18.756999969482422,2.495584487915039,357.30999755859375,98.66030242624471,2.3146,48.8398181
1705850259811428600,342.4134287109375,45,1.5,2.578949213027954,18.917999267578125,2.4872853755950928,356.7933044433594,98.66030242624471,2.3145962,48.8398299
1705850260318006800,342.9200068359375,45,1.5,2.5869576930999756,19.03700065612793,2.485628604888916,356.0958251953125,98.66030242624471,2.3145912,48.8398413
1705850260867028200,343.4690283203125,45,1.5,2.5773468017578125,19.31100082397461,2.485041379928589,355.4665222167969,98.66030242624471,2.3145851,48.8398592
1705850261397220900,343.9992209472656,45,1.5,2.5773468017578125,19.50200080871582,2.4779279232025146,354.80902099609375,98.66030242624471,2.3145798,48.8398712
1705850261922627800,344.5246279296875,45,1.5,2.741591215133667,19.89699935913086,2.470162868499756,354.1172790527344,98.7334672388861,2.3145735,48.8398863
1705850262497038800,345.09903881835936,45,1.5,2.741591215133667,19.972999572753906,2.4708333015441895,354.976318359375,98.7334672388861,2.3145852,48.8398994
1705850263095516200,345.69751611328127,45,1.5,2.7535886764526367,19.56599998474121,2.445124864578247,356.27008056640625,98.69288701105401,2.3146068,48.8399183
1705850263618421800,346.220421875,45,1.5,2.601468563079834,18.632999420166016,2.446450710296631,357.2740783691406,98.57774167517857,2.3146416,48.8399289
1705850264677344300,347.2793442382812,45,1.5,2.5753026008605957,17.58099937438965,2.387798547744751,358.9872741699219,98.53716219489965,2.3146667,48.8399547
1705850265206714600,347.8087145996094,45,1.5,2.5833029747009277,16.09000015258789,2.393587827682495,359.9541015625,98.45448210662191,2.3146844,48.8399733
1705850265778811400,348.3808112792969,45,1.5,2.5833029747009277,15.491000175476074,2.40151309967041,0.6757432818412781,98.45448210662191,2.3146964,48.8399838
1705850266379602200,348.98160229492186,45,1.5,2.4815938472747803,13.697999954223633,2.4131057262420654,1.2576298713684082,98.39412108047678,2.3147067,48.8400029
1705850266897560300,349.4995603027344,45,1.5,2.4815938472747803,13.430999755859375,2.425135374069214,1.7040972709655762,98.39412108047678,2.3147144,48.8400137
1705850267435201300,350.037201171875,45,1.5,2.4925928115844727,12.107999801635742,2.400606393814087,1.1496834754943848,98.24956071123403,2.3147162,48.8400338
1705850267969679600,350.5716796875,45,1.5,2.280395984649658,12.913999557495117,2.3555209636688232,1.994637131690979,98.16485455583715,2.3147205,48.8400431
1705850268490799900,351.0927998046875,45,1.5,2.280395984649658,13.913999557495117,2.3114774227142334,2.875563621520996,98.16485455583715,2.314726,48.8400611
1705850269077135400,351.6791352539062,45,1.5,2.290390968322754,14.482000350952148,2.3208725452423096,3.422182559967041,98.14710187636442,2.3147328,48.8400717
1705850269663687200,352.26568725585935,45,1.5,2.290390968322754,15.434000015258789,2.331580638885498,3.8415493965148926,98.14710187636442,2.3147407,48.8400901
1705850270250131000,352.852130859375,45,1.5,2.305391550064087,16.36400032043457,2.3508901596069336,4.012707233428955,97.97566363306689,2.3147477,48.8401079
1705850270836574500,353.43857446289064,45,1.5,2.305391550064087,17.218000411987305,2.3701579570770264,3.980773448944092,97.97566363306689,2.3147531,48.8401195
1705850271423017700,354.0250178222656,45,1.5,2.316394329071045,18.062000274658203,2.343024492263794,3.524193286895752,97.93508704290744,2.3147574,48.8401371
1705850271973747000,354.5757468261719,45,1.5,2.3203980922698975,18.885000228881836,2.3158085346221924,2.4406328201293945,97.93508704290744,2.3147569,48.8401463
1705850272478615800,355.08061572265626,45,1.5,2.3203980922698975,18.92300033569336,2.284393310546875,1.127094030380249,97.93508704290744,2.3147552,48.840164
1705850273065059300,355.66705932617185,45,1.5,2.3314013481140137,18.886999130249023,2.250976324081421,359.6379089355469,97.91581323081303,2.3147536,48.8401727
1705850273651502600,356.2535026855469,45,1.5,2.3314013481140137,18.86199951171875,2.216827630996704,358.0248718261719,97.91581323081303,2.3147497,48.8401884
1705850274239189000,356.84118896484375,45,1.5,2.2921009063720703,18.725000381469727,2.1905317306518555,356.6972351074219,97.76859237108292,2.3147464,48.8401976
1705850274824388900,357.42638891601564,45,1.5,2.2921009063720703,18.597000122070312,2.16652512550354,355.3815612792969,97.76859237108292,2.314741,48.840213
1705850275410832100,358.01283203125,45,1.5,2.3070993423461914,18.676000595092773,2.146543502807617,354.1728820800781,97.68236828621428,2.314736,48.8402285
1705850275971623700,358.5736237792969,45,1.5,2.3621349334716797,18.861000061035156,2.131650686264038,353.21478271484375,97.68236828621428,2.3147343,48.8402345
1705850276583718100,359.18571826171876,45,1.5,2.3621349334716797,19.04400062561035,2.1173508167266846,352.2196960449219,97.68236828621428,2.3147295,48.8402505
1705850277158087700,359.76008764648435,45,1.5,2.363640069961548,19.11199951171875,2.111661911010742,351.5003967285156,97.68388988008901,2.3147274,48.84026
1705850277669357000,360.2713571777344,45,1.5,2.363640069961548,19.184999465942383,2.1063497066497803,350.77984619140625,97.68388988008901,2.3147232,48.8402762
1705850278237999000,360.8399990234375,45,1.5,2.5575270652770996,19.246999740600586,2.1015491485595703,349.7030029296875,97.52310964189672,2.314719,48.8402839
1705850278812201700,361.41420166015627,45,1.5,2.5575270652770996,19.35099983215332,2.0961480140686035,348.5633850097656,97.52310964189672,2.3147115,48.8402989
1705850279357427500,361.95942749023436,45,1.5,2.7115120887756348,19.45400047302246,2.0833046436309814,347.0357360839844,97.49825744893168,2.3147044,48.8403063
1705850279867798800,362.469798828125,45,1.5,2.7185235023498535,19.570999145507812,2.070925235748291,345.4742736816406,97.39631350357362,2.3146947,48.8403178
1705850280454241800,363.05624169921873,45,1.5,2.7185235023498535,19.614999771118164,2.0958962440490723,344.8638000488281,97.39631350357362,2.3146869,48.8403299
1705850280974845400,363.5768454589844,45,1.5,2.7285139560699463,19.55699920654297,2.0799295902252197,344.08258056640625,97.39631350357362,2.3146806,48.8403404
1705850281509838800,364.1118388671875,45,1.5,2.7285139560699463,19.55500030517578,2.064793586730957,343.2711486816406,97.39631350357362,2.3146729,48.8403524
1705850282096281300,364.69828125,45,1.5,2.7415120601654053,19.465999603271484,2.055457592010498,342.4404602050781,97.32175826216826,2.3146635,48.8403668
1705850282658217200,365.2602172851563,45,1.5,2.7415120601654053,19.458999633789062,2.0474472045898438,341.5699462890625,97.32175826216826,2.3146566,48.8403744
1705850283269166800,365.8711667480469,45,1.5,2.599046468734741,19.490999221801758,2.045085906982422,341.0043640136719,97.26343319159554,2.3146471,48.8403885
1705850283855609300,366.457609375,45,1.5,2.6060092449188232,19.586000442504883,2.043736457824707,340.5296325683594,97.2441606480364,2.3146384,48.8404007
1705850284456805400,367.0588054199219,45,1.5,2.6060092449188232,19.643999099731445,2.0418262481689453,339.7943420410156,97.2441606480364,2.314629,48.8404101
1705850284977062000,367.57906176757814,45,1.5,2.61601185798645,19.92300033569336,2.0524775981903076,339.48101806640625,97.15946341167859,2.3146211,48.8404207
1705850285497648600,368.09964868164064,45,1.5,2.61601185798645,20.090999603271484,2.063288450241089,339.2043151855469,97.15946341167859,2.3146123,48.8404325
1705850286084091100,368.68609106445314,45,1.5,2.8466992378234863,20.101999282836914,2.051136016845703,338.88055419921875,97.24277898501103,2.3146032,48.8404457
1705850286658549800,369.2605498046875,45,1.5,2.8466992378234863,20.118999481201172,2.0407142639160156,338.4595031738281,97.24277898501103,2.3145966,48.8404538
1705850287256976100,369.85897607421873,45,1.5,2.8576912879943848,20.099000930786133,2.0380802154541016,337.85821533203125,97.16011155579776,2.3145853,48.8404663
1705850287843418600,370.4454187011719,45,1.5,2.742476463317871,20.084999084472656,2.0370500087738037,337.3323059082031,97.04853716636296,2.314575,48.8404773
1705850288429860900,371.0318608398438,45,1.5,2.742476463317871,20.055999755859375,2.044370412826538,336.8907165527344,97.04853716636296,2.314565,48.8404879
1705850288972102000,371.5741018066406,45,1.5,2.752469301223755,19.923999786376953,2.0622975826263428,336.4129333496094,96.98514328298313,2.3145546,48.8404981
1705850289485457400,372.08745751953126,45,1.5,2.752469301223755,19.756000518798828,2.0797719955444336,335.9594421386719,96.98514328298313,2.3145425,48.8405109
1705850290071899600,372.67389965820314,45,1.5,2.765474796295166,19.538000106811523,2.089585542678833,335.32861328125,96.90907125046425,2.31453,48.8405247
1705850290658342000,373.260341796875,45,1.5,2.765474796295166,19.339000701904297,2.1001479625701904,334.6967468261719,96.90907125046425,2.3145214,48.8405323
1705850291244784000,373.8467841796875,45,1.5,2.776470422744751,19.288000106811523,2.112292528152466,334.16632080078125,96.86697835333543,2.3145071,48.8405466
1705850291797756400,374.39975634765625,45,1.5,2.776470422744751,19.163999557495117,2.1254611015319824,333.6929626464844,96.86697835333543,2.3144983,48.8405543
1705850292300380200,374.9023801269531,45,1.5,2.7075908184051514,19.12299919128418,2.145565986633301,333.4711608886719,96.73106536951784,2.3144845,48.8405685
1705850292877077000,375.4790769042969,45,1.5,2.7075908184051514,19.023000717163086,2.1658167839050293,333.2875671386719,96.73106536951784,2.3144745,48.8405777
1705850293473264400,376.0752644042969,45,1.5,2.7185916900634766,19.045000076293945,2.1765482425689697,332.9353332519531,96.66919525739523,2.3144598,48.8405925
1705850293977343500,376.57934350585936,45,1.5,2.7185916900634766,19.264999389648438,2.1864285469055176,332.5899353027344,96.66919525739523,2.3144504,48.8406006
1705850294528860200,377.1308601074219,45,1.5,2.729595899581909,19.408000946044922,2.1976590156555176,332.0202941894531,96.56320570781841,2.3144354,48.8406147
1705850295079593200,377.6815932617188,45,1.5,2.66455340385437,19.368999481201172,2.207366704940796,331.6891174316406,96.54393502339818,2.3144265,48.8406225
1705850295584462000,378.18646215820314,45,1.5,2.6600430011749268,19.288000106811523,2.2158570289611816,331.3810729980469,96.51198635391289,2.3144103,48.8406392
1705850296178988800,378.78098876953123,45,1.5,2.6600430011749268,19.148000717163086,2.2280118465423584,331.419677734375,96.51198635391289,2.3144047,48.8406454
1705850296757346000,379.35934594726564,45,1.5,2.6600430011749268,19.0310001373291,2.239797353744507,331.43896484375,96.51198635391289,2.3143914,48.8406611
1705850297277879000,379.87987915039065,45,1.5,2.802412509918213,19.009000778198242,2.253540515899658,330.9195251464844,96.49068730800465,2.3143808,48.8406687
1705850297812941300,380.41494140625,45,1.5,2.8104076385498047,19.15399932861328,2.265908718109131,330.4112243652344,96.45366766543337,2.3143658,48.8406817
1705850298378012200,380.9800122070312,45,1.5,2.8104076385498047,19.003999710083008,2.2727115154266357,329.7986145019531,96.45366766543337,2.3143542,48.8406899
1705850298985825000,381.58782495117185,45,1.5,2.8204095363616943,18.73699951171875,2.279618740081787,329.2649841308594,96.31269023688186,2.3143396,48.8407012
1705850299572266800,382.17426684570313,45,1.5,2.8204095363616943,18.326000213623047,2.28912091255188,329.1061096191406,96.31269023688186,2.314322,48.8407179
1705850300158708500,382.76070849609374,45,1.5,2.8063817024230957,18.125999450683594,2.2989625930786133,329.12249755859375,96.20670515712314,2.3143124,48.8407259
1705850300669357000,383.2713571777344,45,1.5,2.8143868446350098,17.865999221801758,2.306835174560547,329.1611022949219,96.20670515712314,2.3142977,48.8407406
1705850301214303500,383.81630346679685,45,1.5,2.8143868446350098,17.90399932861328,2.314002513885498,329.091796875,96.20670515712314,2.3142908,48.8407469
1705850301800745000,384.40274487304686,45,1.5,2.6929619312286377,18.0049991607666,2.321179151535034,329.0085144042969,96.22597507278829,2.314277,48.8407603
1705850302397052400,384.99905249023436,45,1.5,2.6929619312286377,17.875,2.329624891281128,328.8672790527344,96.22597507278829,2.3142662,48.8407697
1705850302973628200,385.57562817382814,45,1.5,2.702956438064575,17.71500015258789,2.33793044090271,328.8011169433594,96.13418981554236,2.3142528,48.8407819
1705850303519551000,386.1215510253906,45,1.5,2.702956438064575,17.600000381469727,2.346020221710205,328.5982666015625,96.13418981554236,2.3142395,48.8407933
1705850304029222700,386.63122265625,45,1.5,2.6188130378723145,17.67099952697754,2.349997043609619,328.3247985839844,95.90944798050191,2.3142247,48.8408069
1705850304598495500,387.20049560546875,45,1.5,2.6188130378723145,17.71500015258789,2.3554539680480957,328.03466796875,95.90944798050191,2.3142159,48.840814
1705850305202105300,387.8041052246094,45,1.5,2.82246994972229,17.59600067138672,2.35565447807312,327.6485900878906,95.60012610878732,2.314194,48.8408325
1705850305788546600,388.3905466308594,45,1.5,2.7931172847747803,17.558000564575195,2.3581738471984863,327.3069763183594,95.56310965948964,2.3141863,48.8408377
1705850306374987800,388.97698779296877,45,1.5,2.7931172847747803,17.464000701904297,2.362194776535034,327.0736083984375,95.56310965948964,2.3141746,48.8408468
1705850306961429000,389.5634289550781,45,1.5,2.803123950958252,17.389999389648438,2.366710662841797,326.9063415527344,95.4834994889428,2.3141625,48.8408567
1705850307538253800,390.14025390625,45,1.5,2.803123950958252,17.2810001373291,2.3707313537597656,326.7523498535156,95.4834994889428,2.3141501,48.8408679
1705850308134311400,390.7363115234375,45,1.5,2.8151185512542725,17.13800048828125,2.3732457160949707,326.48681640625,95.25430751542531,2.3141334,48.8408804
1705850308657639200,391.25963916015627,45,1.5,2.8151185512542725,17.13800048828125,2.3769748210906982,326.2384338378906,95.25430751542531,2.314122,48.8408879
1705850309189905200,391.7919052734375,45,1.5,2.826122999191284,17.024999618530273,2.379619836807251,325.7987365722656,95.1483336816678,2.3141052,48.8408998
1705850309776346000,392.37834619140625,45,1.5,2.8331170082092285,16.961000442504883,2.3821699619293213,325.42401123046875,95.11131921067988,2.3140914,48.8409096
1705850310362787000,392.964787109375,45,1.5,2.8331170082092285,16.934999465942383,2.3880560398101807,325.0100402832031,95.11131921067988,2.3140767,48.8409188
1705850310878502400,393.48050244140626,45,1.5,2.8331170082092285,16.97100067138672,2.393486738204956,324.6498718261719,95.11131921067988,2.3140645,48.8409262
1705850311418380500,394.0203806152344,45,1.5,2.8481180667877197,17.06599998474121,2.3958547115325928,324.5692443847656,95.02309359092344,2.3140483,48.8409387
1705850311958217700,394.5602177734375,45,1.5,2.8481180667877197,17.07699966430664,2.398623466491699,324.4713439941406,95.02309359092344,2.3140377,48.8409459
1705850312473974000,395.07597412109374,45,1.5,2.8720877170562744,17.07200050354004,2.402355432510376,324.24603271484375,94.8359974786435,2.314021,48.8409593
1705850312973983500,395.5759833984375,45,1.5,2.8760972023010254,17.121000289916992,2.4007010459899902,323.9362487792969,94.8359974786435,2.3140141,48.8409638
1705850313529567000,396.13156689453126,45,1.5,2.8760972023010254,17.320999145507812,2.3988893032073975,323.6205749511719,94.8359974786435,2.313997,48.8409772
1705850314116007400,396.7180073242188,45,1.5,2.903759002685547,17.27199935913086,2.401576519012451,323.5111389160156,94.76856276777933,2.3139873,48.8409841
1705850314669357000,397.2713571777344,45,1.5,2.903759002685547,17.281999588012695,2.4030237197875977,323.3591003417969,94.76856276777933,2.3139707,48.8409965
1705850315171600100,397.77360009765624,45,1.5,3.087627649307251,17.176000595092773,2.4074807167053223,322.87548828125,94.92034997146597,2.3139601,48.8410028
1705850315758040600,398.36004052734376,45,1.5,3.087627649307251,17.166000366210938,2.4120404720306396,322.4329528808594,94.92034997146597,2.3139421,48.8410147
1705850316344480800,398.9464807128906,45,1.5,3.0986270904541016,17.16699981689453,2.4160518646240234,322.00958251953125,94.86407028625871,2.313931,48.8410212
1705850316930921000,399.5329208984375,45,1.5,3.082942247390747,17.128000259399414,2.4196345806121826,321.55596923828125,94.82857878553627,2.3139148,48.841031
1705850317497843700,400.09984375,45,1.5,3.082942247390747,17.14299964904785,2.422978162765503,321.3902282714844,94.82857878553627,2.3139018,48.8410415
1705850318103801300,400.70580126953126,45,1.5,3.227595806121826,17.165000915527344,2.4248650074005127,321.434814453125,94.82857878553627,2.3138867,48.8410542
1705850318669357000,401.2713571777344,45,1.5,3.227595806121826,17.152000427246094,2.4256322383880615,321.4690246582031,94.82857878553627,2.3138707,48.8410669
1705850319276681500,401.87868139648435,45,1.5,3.086390733718872,17.25,2.4124131202697754,321.6507263183594,94.71399295751398,2.3138646,48.8410708
1705850319863121700,402.46512158203126,45,1.5,3.071420669555664,17.31599998474121,2.4011590480804443,321.81011962890625,94.69117738072207,2.3138524,48.8410801
1705850320438154000,403.04015405273435,45,1.5,3.071420669555664,17.461000442504883,2.400883913040161,321.2605895996094,94.69117738072207,2.3138408,48.8410855
1705850320975127000,403.577126953125,45,1.5,3.0814156532287598,17.562999725341797,2.4133949279785156,321.27093505859375,94.47772796742774,2.3138268,48.8410944
1705850321505153300,404.1071533203125,45,1.5,3.0814156532287598,17.82900047302246,2.4247899055480957,321.28155517578125,94.47772796742774,2.3138055,48.8411096
1705850322091593200,404.6935932617188,45,1.5,3.126648426055908,17.841999053955078,2.442115306854248,321.3628845214844,94.40522737395668,2.313793,48.8411179
1705850322637994500,405.2399943847656,45,1.5,3.126648426055908,17.889999389648438,2.459367513656616,321.4513244628906,94.40522737395668,2.3137801,48.8411271
1705850323147184600,405.7491845703125,45,1.5,3.137644052505493,17.839000701904297,2.445956230163574,321.8567199707031,94.38038465629437,2.3137651,48.8411418
1705850323669357000,406.2713571777344,45,1.5,3.137644052505493,17.804000854492188,2.433666706085205,322.2803039550781,94.38038465629437,2.3137576,48.8411503
1705850324202776000,406.80477612304685,45,1.5,3.012911558151245,17.867000579833984,2.29263973236084,320.8870544433594,94.27797259106717,2.3137445,48.8411595
1705850324789215500,407.3912155761719,45,1.5,3.012911558151245,17.900999069213867,2.174095869064331,319.54888916015625,94.27797259106717,2.3137366,48.8411636
1705850325375655200,407.9776552734375,45,1.5,3.0249266624450684,17.920000076293945,2.1699306964874268,320.2796936035156,94.11371028535868,2.3137235,48.8411766
1705850325958064400,408.560064453125,45,1.5,3.0249266624450684,17.945999145507812,2.164271831512451,321.2144470214844,94.11371028535868,2.3137185,48.8411846
1705850326548534000,409.1505339355469,45,1.5,3.0190210342407227,17.757999420166016,2.1889216899871826,322.1080322265625,93.9869668606953,2.3137057,48.8412004
1705850327098824200,409.70082421875,45,1.5,3.0178160667419434,17.538999557495117,2.2075047492980957,322.88055419921875,93.90027545265309,2.3137002,48.8412103
1705850327604125000,410.206125,45,1.5,3.0178160667419434,17.42099952697754,2.225607395172119,323.7063903808594,93.90027545265309,2.3136891,48.8412256
1705850328178469600,410.7804697265625,45,1.5,3.0905582904815674,17.41900062561035,2.2394938468933105,324.6138916015625,93.92013721931079,2.3136846,48.8412351
1705850328777003300,411.37900317382815,45,1.5,3.0905582904815674,17.413999557495117,2.2513771057128906,325.6847229003906,93.92013721931079,2.3136731,48.8412525
1705850329359583000,411.9615830078125,45,1.5,3.102558135986328,17.371000289916992,2.275914192199707,326.9303894042969,93.89529628053592,2.3136696,48.8412636
1705850329949881600,412.55188159179687,45,1.5,3.109550952911377,17.191999435424805,2.2949163913726807,328.3162536621094,93.81063485387244,2.3136633,48.8412784
1705850330536363300,413.13836328125,45,1.5,3.109550952911377,17.14299964904785,2.2902917861938477,329.73968505859375,93.81063485387244,2.3136587,48.8412939
1705850331122759700,413.724759765625,45,1.5,3.1205523014068604,16.97800064086914,2.282846212387085,331.5528259277344,93.63421735977141,2.3136546,48.8413093
1705850331669357000,414.2713571777344,45,1.5,3.1205523014068604,17.131999969482422,2.2614786624908447,333.6059875488281,93.63421735977141,2.3136522,48.8413252
1705850332178349800,414.78034985351565,45,1.5,3.135554075241089,17.163000106811523,2.2164456844329834,335.85784912109375,93.52623950302521,2.3136503,48.8413402
1705850332764788700,415.3667888183594,45,1.5,3.135554075241089,17.200000762939453,2.180096387863159,338.0124206542969,93.52623950302521,2.3136535,48.8413498
1705850333351227400,415.9532272949219,45,1.5,3.0780434608459473,17.201000213623047,2.148066520690918,340.04644775390625,93.40599932194789,2.3136558,48.8413597
1705850333937666000,416.539666015625,45,1.5,3.0840303897857666,17.283000946044922,2.1239802837371826,341.88885498046875,93.40599932194789,2.3136575,48.8413725
1705850334497389800,417.09938989257813,45,1.5,3.0840303897857666,17.256000518798828,2.0794906616210938,343.32958984375,93.40599932194789,2.313656,48.8413836
1705850335110543400,417.71254345703124,45,1.5,3.1931302547454834,17.275999069213867,2.0722744464874268,343.52587890625,93.41309641572437,2.3136507,48.8413976
1705850335669357000,418.2713571777344,45,1.5,3.1931302547454834,17.389999389648438,2.0649402141571045,343.2911376953125,93.41309641572437,2.3136447,48.8414114
1705850336283420700,418.88542065429687,45,1.5,3.189145565032959,17.458999633789062,2.069054126739502,342.989501953125,93.41867270787097,2.3136415,48.841419
1705850336869859000,419.4718591308594,45,1.5,3.391711950302124,17.475000381469727,2.0710463523864746,342.40704345703125,93.31069606847642,2.3136348,48.8414307
1705850337456297700,420.0582976074219,45,1.5,3.391711950302124,17.492000579833984,2.092808485031128,341.7809143066406,93.31069606847642,2.3136274,48.8414421
1705850337970265600,420.572265625,45,1.5,3.407825469970703,17.503999710083008,2.122786521911621,341.383544921875,93.28078729022423,2.3136195,48.8414541
1705850338511886800,421.1138869628906,45,1.5,3.407825469970703,17.540000915527344,2.150259256362915,340.858154296875,93.28078729022423,2.3136067,48.8414737
1705850339098325200,421.7003251953125,45,1.5,3.420825242996216,17.503000259399414,2.1658051013946533,340.8034973144531,93.28078729022423,2.3136019,48.8414833
1705850339677354500,422.2793544921875,45,1.5,3.420825242996216,17.63800048828125,2.1816320419311523,340.69818115234375,93.28078729022423,2.3135964,48.8414936
1705850340271201800,422.8732019042969,45,1.5,3.4048571586608887,17.63800048828125,2.199556827545166,340.9500732421875,93.13276574213367,2.3135902,48.8415109
1705850340857640200,423.45964013671875,45,1.5,3.4108612537384033,17.61400032043457,2.2159390449523926,341.2279968261719,93.07244263543623,2.3135864,48.8415244
1705850341444078300,424.0460783691406,45,1.5,3.4108612537384033,17.424999237060547,2.23974609375,340.8044738769531,93.07244263543623,2.3135799,48.8415377
1705850341975087000,424.57708715820314,45,1.5,3.5531647205352783,17.14900016784668,2.2651243209838867,340.6437072753906,92.9700464146361,2.3135737,48.8415504
1705850342499667000,425.1016669921875,45,1.5,3.5531647205352783,16.937000274658203,2.289358377456665,340.43585205078125,92.9700464146361,2.3135652,48.8415661
1705850343086105000,425.6881049804687,45,1.5,3.5661704540252686,16.920000076293945,2.30965518951416,340.2767028808594,92.72318537807132,2.3135563,48.8415836
1705850343669357000,426.2713571777344,45,1.5,3.5661704540252686,16.957000732421875,2.3287158012390137,340.10321044921875,92.72318537807132,2.3135511,48.8415935
1705850344258981000,426.86098120117185,45,1.5,3.5771639347076416,16.832000732421875,2.34944224357605,339.6224670410156,92.66641342827535,2.3135395,48.8416113
1705850344818484200,427.4204841308594,45,1.5,3.5771639347076416,16.707000732421875,2.3691537380218506,339.1739501953125,92.66641342827535,2.3135319,48.8416222
1705850345431857200,428.0338571777344,45,1.5,3.5794384479522705,16.604999542236328,2.384004592895508,338.72198486328125,92.58531130424419,2.3135198,48.8416391
1705850345979977500,428.5819775390625,45,1.5,3.611039638519287,16.594999313354492,2.3553545475006104,338.71966552734375,92.5447605340169,2.3135143,48.841649
1705850346487445500,429.0894455566406,45,1.5,3.611039638519287,16.709999084472656,2.328325033187866,338.7991027832031,92.5447605340169,2.3135059,48.841664
1705850347019421000,429.6214208984375,45,1.5,3.6210477352142334,16.85099983215332,2.3211278915405273,338.23504638671875,92.42310939045854,2.3134988,48.8416721
1705850347543033900,430.14503393554685,45,1.5,3.6210477352142334,17.010000228881836,2.3145759105682373,337.7178039550781,92.42310939045854,2.3134867,48.8416874
1705850348129471700,430.7314716796875,45,1.5,2.584764003753662,17.086000442504883,2.305725574493408,337.2181091308594,92.25533506046578,2.3134764,48.8417011
1705850348669357000,431.2713571777344,45,1.5,2.584764003753662,17.10300064086914,2.2995028495788574,336.7966613769531,92.25533506046578,2.3134691,48.841709
1705850349185059800,431.78705981445313,45,1.5,2.559669256210327,17.079999923706055,2.2863214015960693,336.9894714355469,92.21326528236564,2.3134639,48.8417164
1705850349771497700,432.3734978027344,45,1.5,2.559669256210327,17.11199951171875,2.273127317428589,337.1616516113281,92.21326528236564,2.313455,48.8417305
1705850350357935400,432.9599353027344,45,1.5,2.5646328926086426,17.150999069213867,2.303291082382202,337.5080871582031,91.9111800131179,2.3134457,48.8417467
1705850350944373200,433.54637329101564,45,1.5,2.3817384243011475,17.09600067138672,2.331819534301758,337.8197937011719,91.90763209590624,2.3134419,48.8417543
1705850351457482200,434.05948217773437,45,1.5,2.3817384243011475,17.134000778198242,2.341677188873291,337.3027038574219,91.90763209590624,2.313432,48.8417642
1705850351970889000,434.57288891601564,45,1.5,2.3818752765655518,17.184999465942383,2.3564043045043945,336.95538330078125,91.80170211082162,2.3134212,48.841775
1705850352557464300,435.15946435546874,45,1.5,2.3818752765655518,17.30900001525879,2.371851921081543,336.6120300292969,91.80170211082162,2.313409,48.8417877
1705850353172836400,435.77483642578125,45,1.5,2.3669166564941406,17.336999893188477,2.382880210876465,336.51129150390625,91.63951523206742,2.3133947,48.8418029
1705850353679891000,436.2818908691406,45,1.5,2.3669166564941406,17.389999389648438,2.394476890563965,336.44207763671875,91.63951523206742,2.3133853,48.841812
1705850354228424000,436.830423828125,45,1.5,2.3677823543548584,17.413000106811523,2.407931327819824,336.18878173828125,91.44894962567888,2.3133724,48.8418273
1705850354758675700,437.36067578125,45,1.5,2.3677823543548584,17.41900062561035,2.420976161956787,335.9238586425781,91.44894962567888,2.3133642,48.841835
1705850355284018700,437.8860187988281,45,1.5,2.41457200050354,17.339000701904297,2.432720899581909,335.7148132324219,91.42969057469273,2.3133496,48.8418513
1705850355858902800,438.46090283203125,45,1.5,2.41457200050354,17.259000778198242,2.4456183910369873,335.5823974609375,91.42969057469273,2.313341,48.8418603
1705850356456893700,439.05889379882814,45,1.5,2.4156219959259033,17.18199920654297,2.4502992630004883,335.3997802734375,91.37495456408399,2.3133277,48.8418763
1705850356958852400,439.56085229492186,45,1.5,2.4156219959259033,17.101999282836914,2.4549169540405273,335.2298889160156,91.37495456408399,2.3133197,48.8418847
1705850357512481300,440.1144812011719,45,1.5,2.461566686630249,16.801000595092773,2.4628524780273438,335.1771240234375,91.29386482946624,2.3133033,48.8419065
1705850358038396000,440.64039599609373,45,1.5,2.461566686630249,16.809999465942383,2.467291831970215,335.1329650878906,91.29386482946624,2.3133012,48.8419087
1705850358568068600,441.17006860351563,45,1.5,2.461566686630249,16.652999877929688,2.4719419479370117,335.1407165527344,91.29386482946624,2.3132895,48.8419245
1705850359156920300,441.75892041015624,45,1.5,2.4625046253204346,16.642000198364258,2.4783051013946533,334.9344177246094,91.1083749863127,2.313282,48.8419339
1705850359669357000,442.2713571777344,45,1.5,2.46150541305542,16.507999420166016,2.4824893474578857,334.7192687988281,91.1083749863127,2.3132682,48.8419508
1705850360210093000,442.81209301757815,45,1.5,2.46150541305542,16.60099983215332,2.486659526824951,334.64508056640625,91.1083749863127,2.3132637,48.841958
1705850360796530400,443.39853051757814,45,1.5,2.4715073108673096,16.761999130249023,2.4898593425750732,334.53118896484375,91.0288081862721,2.313252,48.8419747
1705850361336604400,443.9386044921875,45,1.5,2.4929304122924805,16.73900032043457,2.4913644790649414,334.26641845703125,91.1318174392429,2.3132449,48.8419827
1705850361852117200,444.4541171875,45,1.5,2.4270286560058594,16.81800079345703,2.4915781021118164,333.9988098144531,91.11407975582182,2.3132337,48.8419959
1705850362438572300,445.040572265625,45,1.5,2.4270286560058594,16.86400032043457,2.4920268058776855,333.76837158203125,91.11407975582182,2.3132255,48.842006
1705850362975210500,445.57721044921874,45,1.5,2.426985263824463,16.829999923706055,2.492999315261841,333.81005859375,90.9270761581192,2.3132173,48.8420168
1705850363494141400,446.09614135742186,45,1.5,2.426985263824463,16.760000228881836,2.4949746131896973,333.805908203125,90.9270761581192,2.3132078,48.8420292
1705850364619491800,447.22149194335935,45,1.5,2.4371609687805176,16.79599952697754,2.4996132850646973,333.94134521484375,90.56727057497272,2.3131907,48.8420523
1705850365669357000,448.2713571777344,45,1.5,2.431131362915039,16.791000366210938,2.502105712890625,333.705810546875,90.23737778712187,2.3131697,48.8420801
1705850366191751700,448.79375170898436,45,1.5,2.431131362915039,16.857999801635742,2.5047237873077393,333.7460021972656,90.23737778712187,2.3131629,48.8420908
1705850366778188800,449.38018872070313,45,1.5,2.431131362915039,16.922000885009766,2.508857250213623,334.14739990234375,90.23737778712187,2.3131581,48.8421
1705850367364625700,449.9666257324219,45,1.5,2.406430244445801,16.968000411987305,2.514657735824585,334.6288757324219,90.03063126600537,2.3131473,48.8421162
1705850367936334000,450.538333984375,45,1.5,2.406430244445801,17.058000564575195,2.5195939540863037,335.27044677734375,90.03063126600537,2.3131442,48.8421244
1705850368537499600,451.1394997558594,45,1.5,2.4076035022735596,17.295000076293945,2.54012393951416,335.9657897949219,89.7889266710445,2.3131339,48.8421435
1705850369116906800,451.71890673828125,45,1.5,2.5182583332061768,17.268999099731445,2.5496668815612793,336.901123046875,89.76257774092886,2.3131304,48.8421542
1705850369669357000,452.2713571777344,45,1.5,2.5182583332061768,17.200000762939453,2.5465900897979736,338.15606689453125,89.76257774092886,2.3131248,48.8421716
1705850370179522800,452.78152270507815,45,1.5,2.519423484802246,17.23699951171875,2.5231218338012695,339.5743103027344,89.7889266710445,2.3131249,48.8421813
1705850370765959400,453.36795947265625,45,1.5,2.519423484802246,17.34000015258789,2.4908578395843506,341.255126953125,89.7889266710445,2.3131225,48.8421983
1705850371357591800,453.959591796875,45,1.5,2.606781244277954,17.30500030517578,2.4750070571899414,342.6440124511719,89.71372393781863,2.3131246,48.8422093
1705850371938833200,454.54083325195313,45,1.5,2.6249024868011475,17.295000076293945,2.458467721939087,344.0402526855469,89.84040316460008,2.3131252,48.8422244
1705850372525269800,455.12726977539063,45,1.5,2.6249024868011475,17.319000244140625,2.4390156269073486,345.4314880371094,89.84040316460008,2.3131243,48.8422438
1705850373111706400,455.71370629882813,45,1.5,2.626760721206665,17.23900032043457,2.4338178634643555,346.4381103515625,89.88499470415512,2.3131252,48.8422539
1705850373638005200,456.2400051269531,45,1.5,2.626760721206665,17.240999221801758,2.4349589347839355,347.1930847167969,89.88499470415512,2.3131258,48.8422655
1705850374167292400,456.7692924804688,45,1.5,2.6477749347686768,17.44099998474121,2.3911237716674805,347.32281494140625,89.94094133313405,2.3131225,48.8422803
1705850374669357000,457.2713571777344,45,1.5,2.6477749347686768,17.51300048828125,2.3480136394500732,346.6971740722656,89.94094133313405,2.3131211,48.8422861
1705850375222878200,457.8248781738281,45,1.5,2.5322487354278564,17.733999252319336,2.316838026046753,346.1160888671875,89.81172869608753,2.3131144,48.8422999
1705850375809314800,458.41131469726565,45,1.5,2.5322487354278564,17.836999893188477,2.2848565578460693,345.2245178222656,89.81172869608753,2.3131097,48.8423054
1705850376395751400,458.99775146484376,45,1.5,2.521965980529785,17.91200065612793,2.2812440395355225,345.3078308105469,89.54722898691878,2.3131035,48.8423191
1705850376982187800,459.58418774414065,45,1.5,2.6504290103912354,18.034000396728516,2.278824806213379,345.4134521484375,89.39450070578519,2.313101,48.8423241
1705850377568624400,460.17062426757815,45,1.5,2.6504290103912354,18.016000747680664,2.2875726222991943,345.3423767089844,89.39450070578519,2.3130933,48.8423393
1705850378155060700,460.75706079101565,45,1.5,2.667189359664917,17.899999618530273,2.300285816192627,345.1147766113281,89.14014415677255,2.3130873,48.8423466
1705850378669357000,461.2713571777344,45,1.5,2.667189359664917,17.95400047302246,2.31144642829895,344.8995666503906,89.14014415677255,2.3130793,48.8423611
1705850379210646500,461.812646484375,45,1.5,2.668346881866455,17.886999130249023,2.3016483783721924,344.9658508300781,88.87414200889525,2.313076,48.8423672
1705850379797083000,462.39908276367186,45,1.5,2.6667065620422363,17.815000534057617,2.2915403842926025,345.0088195800781,88.78902308936199,2.3130705,48.8423801
1705850380383519200,462.98551928710935,45,1.5,2.6667065620422363,17.820999145507812,2.300161838531494,344.7409973144531,88.78902308936199,2.3130651,48.8423886
1705850380969955600,463.57195556640625,45,1.5,2.6670339107513428,17.673999786376953,2.309325933456421,344.4634704589844,88.711504819066,2.313059,48.8423989
1705850381537784600,464.13978466796874,45,1.5,2.6670339107513428,17.677000045776367,2.321892023086548,343.7339172363281,88.711504819066,2.3130485,48.8424097
1705850382142828500,464.74482861328124,45,1.5,2.816554069519043,17.413000106811523,2.324420213699341,343.03656005859375,88.7163668479686,2.3130347,48.8424229
1705850382658536200,465.2605361328125,45,1.5,2.816554069519043,17.434999465942383,2.329120397567749,342.3561096191406,88.7163668479686,2.3130242,48.8424303
1705850383198413800,465.8004138183594,45,1.5,2.81819486618042,17.604000091552734,2.3316760063171387,341.98431396484375,88.52739076360442,2.3130134,48.842442
1705850383757884700,466.359884765625,45,1.5,2.81819486618042,17.56100082397461,2.335437536239624,341.65032958984375,88.52739076360442,2.3130063,48.842447
1705850384371286800,466.9732868652344,45,1.5,2.8193719387054443,17.66200065612793,2.340244770050049,341.3430480957031,88.31916731599986,2.3129954,48.8424599
1705850384878627300,467.4806274414062,45,1.5,2.8193719387054443,17.69499969482422,2.3457517623901367,341.1579895019531,88.31916731599986,2.3129884,48.8424659
1705850385426872000,468.0288720703125,45,1.5,2.6684861183166504,17.56599998474121,2.3499391078948975,341.01873779296875,88.06098734847058,2.3129793,48.8424797
1705850385976572000,468.5785720214844,45,1.5,2.6684861183166504,17.506999969482422,2.3551268577575684,340.9277038574219,88.06098734847058,2.3129739,48.8424864
1705850386482457600,469.08445751953127,45,1.5,2.6780221462249756,17.44499969482422,2.3450961112976074,340.7194519042969,87.8507451318776,2.3129618,48.8425036
1705850387078930700,469.6809306640625,45,1.5,2.6780221462249756,17.371000289916992,2.3387246131896973,340.28533935546875,87.8507451318776,2.3129588,48.8425038
1705850387655330300,470.2573303222656,45,1.5,2.6780221462249756,17.350000381469727,2.3337082862854004,339.8072814941406,87.8507451318776,2.312948,48.8425176
1705850388198805800,470.8008056640625,45,1.5,2.475825548171997,17.304000854492188,2.332130193710327,339.3331604003906,87.6020074790302,2.3129413,48.8425237
1705850388710915600,471.31291552734376,45,1.5,2.475825548171997,17.236000061035156,2.3300416469573975,338.88702392578125,87.6020074790302,2.3129308,48.8425369
1705850389297249000,471.8992490234375,45,1.5,2.477174997329712,17.231000900268555,2.3327853679656982,338.5704650878906,87.30768582048503,2.3129234,48.8425439
1705850389883788300,472.48578833007815,45,1.5,2.4745333194732666,17.08799934387207,2.334338665008545,338.1891784667969,87.24791090082124,2.3129122,48.8425564
1705850390416321300,473.0183212890625,45,1.5,2.4745333194732666,17.11400032043457,2.340834379196167,337.92242431640625,87.24791090082124,2.3129033,48.8425668
1705850390939373300,473.54137329101565,45,1.5,2.474804639816284,17.010000228881836,2.346465587615967,337.6314392089844,86.96879801481549,2.3128926,48.8425791
1705850391538133800,474.1401337890625,45,1.5,2.474804639816284,17.072999954223633,2.348907232284546,337.2755432128906,86.96879801481549,2.3128824,48.8425901
1705850392112245800,474.71424584960937,45,1.5,2.4761247634887695,17.07699966430664,2.3517372608184814,336.9486389160156,86.83304408029028,2.3128707,48.8426045
1705850392657630500,475.25963037109375,45,1.5,2.4761247634887695,17.094999313354492,2.3568642139434814,336.63323974609375,86.83304408029028,2.3128627,48.8426132
1705850393167831000,475.7698310546875,45,1.5,2.4836158752441406,17.099000930786133,2.355692148208618,336.2737731933594,86.70792951146058,2.3128502,48.8426279
1705850393669357000,476.2713571777344,45,1.5,2.4836158752441406,17.152999877929688,2.3555784225463867,335.8948059082031,86.70792951146058,2.3128427,48.8426347
1705850394223416000,476.825416015625,45,1.5,2.485074996948242,17.239999771118164,2.3538193702697754,335.54388427734375,86.64815883261905,2.3128308,48.8426482
1705850394809852200,477.41185205078125,45,1.5,2.485074996948242,17.253999710083008,2.352623701095581,335.291015625,86.64815883261905,2.3128238,48.8426545
1705850395396288300,477.99828833007814,45,1.5,2.4860658645629883,17.388999938964844,2.3550992012023926,335.00970458984375,86.45770592899828,2.312811,48.8426697
1705850395998589400,478.60058935546874,45,1.5,2.4860658645629883,17.570999145507812,2.3581032752990723,334.7677917480469,86.45770592899828,2.3128034,48.8426775
1705850396569160700,479.17116064453126,45,1.5,2.4864959716796875,17.503999710083008,2.3610265254974365,334.6535949707031,86.33614248934197,2.3127904,48.8426927
1705850397077383000,479.6793828125,45,1.5,2.469320297241211,17.56599998474121,2.360901355743408,334.6298522949219,86.22673688830119,2.3127843,48.8426994
1705850397624745700,480.22674584960936,45,1.5,2.469320297241211,17.78700065612793,2.361607551574707,334.703857421875,86.22673688830119,2.3127724,48.8427146
1705850398218449400,480.8204494628906,45,1.5,2.4478089809417725,17.926000595092773,2.3630077838897705,334.92413330078125,86.10163129282971,2.3127666,48.842722
1705850398797618000,481.39961791992187,45,1.5,2.4478089809417725,18.202999114990234,2.3617095947265625,335.5879211425781,86.10163129282971,2.3127566,48.8427365
1705850399318110200,481.92011010742186,45,1.5,2.6233859062194824,18.22800064086914,2.362260103225708,336.5013732910156,85.91068421671226,2.3127555,48.8427445
1705850399853203000,482.45520288085936,45,1.5,2.6211583614349365,18.441999435424805,2.354620933532715,337.7052001953125,85.80888130498073,2.3127528,48.8427578
1705850400418141200,483.0201411132812,45,1.5,2.6211583614349365,18.392000198364258,2.338597297668457,339.1866760253906,85.80888130498073,2.3127532,48.8427684
1705850400975561200,483.5775612792969,45,1.5,2.6443886756896973,18.322999954223633,2.321882963180542,340.7912902832031,85.80888130498073,2.3127522,48.8427803
1705850401495224300,484.09722436523435,45,1.5,2.6443886756896973,18.259000778198242,2.3055338859558105,342.48876953125,85.80888130498073,2.3127532,48.8427937
1705850402081660400,484.68366040039064,45,1.5,2.646878480911255,18.392000198364258,2.2992498874664307,344.13153076171875,85.68884661095011,2.3127541,48.8428107
1705850402668096500,485.27009643554686,45,1.5,2.646878480911255,18.413999557495117,2.3005943298339844,345.63433837890625,85.68884661095011,2.3127588,48.842822
1705850403254532600,485.85653271484375,45,1.5,2.5876619815826416,18.256999969482422,2.2889487743377686,346.71435546875,85.59869509233944,2.3127602,48.8428393
1705850403840968700,486.44296875,45,1.5,2.5876619815826416,18.229999542236328,2.282177209854126,347.4678039550781,85.59869509233944,2.312763,48.8428488
1705850404427404800,487.02940478515626,45,1.5,2.60597562789917,18.174999237060547,2.2841906547546387,348.0240783691406,85.25609229963717,2.3127616,48.8428663
1705850404976350200,487.57835009765626,45,1.5,2.599701166152954,18.30900001525879,2.2710249423980713,348.1248474121094,85.25102790766886,2.3127612,48.8428723
1705850405482989800,488.08498974609375,45,1.5,2.4902100563049316,18.68899917602539,2.257236957550049,348.4077453613281,85.06769896130885,2.3127567,48.842893
1705850406069425700,488.67142578125,45,1.5,2.4902100563049316,18.71299934387207,2.1556894779205322,349.9267883300781,85.06769896130885,2.3127563,48.8428997
1705850406655861800,489.25786181640626,45,1.5,2.4909794330596924,18.895999908447266,2.0693771839141846,351.7664794921875,85.02870409048019,2.3127562,48.8429062
1705850407828734000,490.43073388671877,45,1.5,2.480870246887207,19.08300018310547,1.9853473901748657,352.0377197265625,84.96894606605471,2.3127519,48.8429205
1705850408970429700,491.5724296875,45,1.5,2.4611246585845947,18.51799964904785,1.8536880016326904,353.66473388671875,84.92640671284232,2.3127529,48.8429258
1705850409470754600,492.0727546386719,45,1.5,2.4612033367156982,17.666000366210938,1.6956385374069214,353.5752258300781,84.90209860711813,2.3127505,48.8429309
1705850410643626800,493.2456267089844,0,1.5,2.430579423904419,16.847000122070312,0,0,84.90209860711813,2.3127435,48.8429124
1705850411816498400,494.41849853515623,45,1.5,2.4435794353485107,13.208999633789062,0.11638767272233963,351.1690979003906,84.82259133286554,2.3127814,48.8429266
1705850412989370400,495.59137036132813,45,1.5,2.583026885986328,13.00100040435791,0.2371125966310501,2.018223285675049,84.82259133286554,2.3127872,48.8429315
1705850413575806200,496.17780615234375,45,1.5,2.583026885986328,11.185999870300293,0.47153645753860474,2.0173187255859375,84.82259133286554,2.3127899,48.8429363
1705850414162242300,496.7642421875,45,1.5,2.5317392349243164,10.734000205993652,0.8011703491210938,1.1314849853515625,84.92995165076637,2.3127915,48.8429433
1705850414669357000,497.2713571777344,45,1.5,2.5317392349243164,10.819000244140625,1.0227265357971191,0.5085033774375916,84.92995165076637,2.3127921,48.8429483
1705850415217827000,497.8198271484375,45,1.5,2.5435237884521484,11.579000473022461,1.1421093940734863,359.3451232910156,84.99021582293821,2.3127909,48.8429588
1705850415804267800,498.40626782226565,45,1.5,2.5488648414611816,12.470000267028809,1.2360591888427734,358.38250732421875,85.02870409048019,2.3127892,48.8429679
1705850416390703900,498.9927038574219,45,1.5,2.520475149154663,13.01200008392334,1.2644712924957275,358.9090576171875,85.02870409048019,2.3128044,48.8429849
1705850416977140000,499.5791398925781,45,1.5,2.4343042373657227,13.37399959564209,1.289412498474121,359.30255126953125,85.00794066122262,2.3128162,48.8429924
1705850417563576000,500.165576171875,45,1.5,2.4343042373657227,14.164999961853027,1.3434664011001587,358.1278381347656,85.00794066122262,2.31281,48.8430022
1705850418150012000,500.7520119628906,45,1.5,2.4281423091888428,14.975000381469727,1.4042762517929077,356.97314453125,84.71168753058151,2.3128036,48.8430129
1705850418669357000,501.2713571777344,45,1.5,2.4281423091888428,15.807999610900879,1.4519038200378418,355.7740783691406,84.71168753058151,2.3127976,48.8430208
1705850419205597000,501.8075969238281,45,1.5,2.439734935760498,16.60700035095215,1.488466501235962,354.5540771484375,84.4574751724727,2.3127908,48.8430315
1705850419777295400,502.37929541015626,45,1.5,2.439734935760498,17.34600067138672,1.5191670656204224,353.3516845703125,84.4574751724727,2.3127846,48.8430379
1705850420378469000,502.9804692382813,45,1.5,2.4514427185058594,17.472999572753906,1.5412654876708984,351.75567626953125,84.37138905488304,2.3127763,48.843049
1705850420964905200,503.5669052734375,45,1.5,2.456821918487549,17.59000015258789,1.5605409145355225,350.1783447265625,84.35366555126355,2.3127685,48.843056
1705850421551341300,504.1533413085937,45,1.5,2.456821918487549,17.663999557495117,1.5746040344238281,348.5342712402344,84.35366555126355,2.312759,48.8430659
1705850422137777200,504.7397770996094,45,1.5,2.4688172340393066,18.113000869750977,1.6255521774291992,348.18975830078125,84.25289547981437,2.31275,48.8430782
1705850422669357000,505.2713571777344,45,1.5,2.4688172340393066,18.375,1.6714752912521362,347.8520202636719,84.25289547981437,2.3127434,48.843086
1705850423193362200,505.7953620605469,45,1.5,2.928375720977783,18.59600067138672,1.7063093185424805,346.8394775390625,84.38655448061594,2.3127335,48.8430983
1705850423779798300,506.3817983398437,45,1.5,2.928375720977783,18.7549991607666,1.7364256381988525,345.7486572265625,84.38655448061594,2.3127248,48.8431055
1705850424366234400,506.968234375,45,1.5,2.9404563903808594,18.948999404907227,1.7516354322433472,344.2887268066406,84.34604444877407,2.3127133,48.843118
1705850424918419700,507.52041967773437,45,1.5,2.9404563903808594,19.183000564575195,1.766821265220642,342.9752197265625,84.34604444877407,2.3127044,48.8431244
1705850425421819400,508.0238193359375,45,1.5,2.8863117694854736,19.511999130249023,1.786676049232483,341.78790283203125,84.13298844015085,2.3126907,48.8431356
1705850425971525000,508.57352514648437,45,1.5,2.8898112773895264,19.9060001373291,1.7989723682403564,340.122802734375,84.10817637932355,2.3126801,48.8431402
1705850426477404200,509.0794040527344,45,1.5,2.8898112773895264,20.36199951171875,1.8120481967926025,338.5824279785156,84.10817637932355,2.3126658,48.8431509
1705850427063840500,509.6658405761719,45,1.5,3.0013036727905273,19.81999969482422,1.8329309225082397,337.0830078125,84.23869380325746,2.3126487,48.8431555
1705850427650276600,510.2522766113281,45,1.5,3.0013036727905273,19.399999618530273,1.8511962890625,335.5935974121094,84.23869380325746,2.3126306,48.8431649
1705850428197869000,510.799869140625,45,1.5,3.0126848220825195,18.725000381469727,1.8711448907852173,334.0211181640625,84.11868549737909,2.3126127,48.8431709
1705850428705862000,511.3078618164063,45,1.5,3.0126848220825195,17.97100067138672,1.890194296836853,332.46282958984375,84.11868549737909,2.312592,48.8431821
1705850429297277000,511.89927685546877,45,1.5,2.7332406044006348,17.17099952697754,1.90898859500885,332.3355712890625,83.9567737494724,2.3125771,48.8431947
1705850429878734300,512.480734375,45,1.5,2.5773534774780273,15.82800006866455,1.924078106880188,332.16082763671875,84.08374669056244,2.3125592,48.8432098
1705850430438161700,513.0401616210937,45,1.5,2.5773534774780273,15.305000305175781,1.9498331546783447,330.9144287109375,84.08374669056244,2.3125438,48.8432205
1705850430969454600,513.5714545898437,45,1.5,2.5902068614959717,14.190999984741211,1.9787662029266357,329.8481140136719,83.99867889518751,2.3125278,48.8432319
1705850431520756000,514.122755859375,45,1.5,2.5902068614959717,12.01200008392334,2.0044798851013184,328.83465576171875,83.99867889518751,2.3125069,48.8432477
1705850432107192300,514.7091923828125,45,1.5,2.6377451419830322,11.925999641418457,2.450000047683716,313.044921875,83.97943748875676,2.3124665,48.8432644
1705850432656884700,515.258884765625,45,1.5,2.6377451419830322,11.597999572753906,2.2742719650268555,312.9905090332031,83.97943748875676,2.3124309,48.8432866
1705850433162777600,515.7647775878906,45,1.5,2.6528384685516357,11.125,2.253600835800171,312.8510437011719,83.87563592004618,2.3124244,48.8432912
1705850433669357000,516.2713571777343,45,1.5,2.6528384685516357,11.255000114440918,2.260563611984253,312.7171325683594,83.87563592004618,2.3124185,48.8432951
1705850434218362600,516.8203625488281,45,1.5,2.677330255508423,11.413000106811523,2.1278395652770996,312.7102355957031,83.72233288717607,2.3124052,48.8433034
1705850434804799000,517.4067990722656,45,1.5,2.677330255508423,11.633999824523926,2.0546998977661133,312.7347717285156,83.72233288717607,2.3123975,48.8433083
1705850435391235300,517.9932353515625,45,1.5,2.6880087852478027,12.229999542236328,2.0308425426483154,312.65618896484375,83.55473444199663,2.3123824,48.8433177
1705850435977671400,518.5796713867187,45,1.5,2.7290847301483154,12.729999542236328,2.016681671142578,312.43017578125,83.68677096932947,2.3123726,48.8433234
1705850436564107800,519.1661076660156,45,1.5,2.7290847301483154,12.998000144958496,2.082123041152954,312.2353515625,83.68677096932947,2.3123548,48.8433341
1705850437077722600,519.67972265625,45,1.5,2.5673768520355225,13.486000061035156,2.151995897293091,312.0177307128906,83.74694179655361,2.3123435,48.8433405
1705850437619692800,520.2216928710938,45,1.5,2.5673768520355225,13.991999626159668,2.212432622909546,311.7832946777344,83.74694179655361,2.3123246,48.8433513
1705850438176729300,520.7787292480468,45,1.5,2.5304296016693115,14.274999618530273,2.2615303993225098,311.51348876953125,83.5793466741774,2.3123135,48.8433573
1705850438792565200,521.3945651855469,45,1.5,2.5304296016693115,15.128999710083008,2.304201602935791,311.2232971191406,83.5793466741774,2.3122938,48.8433681
1705850439298994700,521.9009946289062,45,1.5,2.527602434158325,15.093999862670898,2.2937631607055664,312.3710021972656,83.48061394291636,2.3123015,48.8433809
1705850439848150500,522.4501506347656,45,1.5,2.5021743774414062,15.579999923706055,2.28617787361145,313.3263244628906,83.4755507570131,2.3122994,48.8433964
1705850440417875700,523.0198757324218,45,1.5,2.5021743774414062,15.633000373840332,2.3123676776885986,315.1120300292969,83.4755507570131,2.3122987,48.8434088
1705850440949476000,523.5514760742187,45,1.5,2.5021743774414062,15.932999610900879,2.336909532546997,316.5317687988281,83.4755507570131,2.3122945,48.8434218
1705850441490172200,524.0921721191406,45,1.5,2.525158643722534,16.22800064086914,2.3575379848480225,317.6308288574219,83.18847307698144,2.3122869,48.8434347
1705850442076608300,524.6786081542969,45,1.5,2.531642436981201,16.632999420166016,2.3765580654144287,318.37542724609375,83.07556865352045,2.3122744,48.8434489
1705850442639018000,525.2410180664062,45,1.5,2.6668429374694824,16.861000061035156,2.395612955093384,318.97357177734375,82.96071819909127,2.3122689,48.8434573
1705850443249480700,525.8514807128906,45,1.5,2.62070631980896,17.222000122070312,2.3660359382629395,319.38763427734375,82.78109043226442,2.3122555,48.8434701
1705850443757715000,526.35971484375,45,1.5,2.62070631980896,17.5310001373291,2.341526746749878,319.7760925292969,82.78109043226442,2.3122489,48.8434773
1705850444305065700,526.9070656738281,45,1.5,2.622490167617798,18.149999618530273,2.3272953033447266,320.03094482421875,82.69654069953259,2.3122337,48.8434902
1705850444857427000,527.4594270019531,45,1.5,2.622490167617798,18.445999145507812,2.3164615631103516,320.24114990234375,82.69654069953259,2.3122263,48.8434967
1705850445360651000,527.9626511230468,45,1.5,2.633225917816162,19.347000122070312,2.3047542572021484,320.47467041015625,82.5709833753715,2.3122116,48.84351
1705850445947087400,528.5490874023437,45,1.5,2.633225917816162,19.934999465942383,2.295250415802002,320.69403076171875,82.5709833753715,2.3122039,48.8435175
1705850446533523500,529.1355234375,45,1.5,2.553684711456299,20.479000091552734,2.238548755645752,321.173583984375,82.63459766167148,2.3121917,48.8435298
1705850447119959800,529.7219597167968,45,1.5,2.5599660873413086,20.975000381469727,1.9726699590682983,324.7969970703125,82.55359515832271,2.3121914,48.8435388
1705850447669357000,530.2713571777343,45,1.5,2.5599660873413086,21.447999954223633,1.7767808437347412,327.4151916503906,82.55359515832271,2.3121929,48.8435433
1705850448175545000,530.7775451660157,45,1.5,2.5684125423431396,21.60700035095215,1.7780513763427734,327.5198059082031,82.52524446552475,2.3121862,48.8435517
1705850448761981400,531.3639814453124,45,1.5,2.5684125423431396,22.275999069213867,1.7786272764205933,327.54815673828125,82.52524446552475,2.3121749,48.8435647
1705850449316583700,531.9185837402343,45,1.5,2.5879857540130615,22.45599937438965,1.7926040887832642,327.5567321777344,82.44778680746563,2.3121679,48.8435732
1705850449817567000,532.4195668945313,45,1.5,2.556164026260376,22.676000595092773,1.805431842803955,327.5471496582031,82.44778680746563,2.3121656,48.843577
1705850450404003300,533.0060034179687,45,1.5,2.562161922454834,22.04400062561035,1.8398661613464355,331.281494140625,82.46904962331747,2.3121959,48.8436428
1705850450970055000,533.5720549316407,45,1.5,2.5703115463256836,21.173999786376953,1.8705164194107056,333.5711975097656,82.42348651198105,2.3122247,48.8436674
1705850451537783800,534.1397836914063,45,1.5,2.5703115463256836,20.264999389648438,1.8984012603759766,335.1999206542969,82.42348651198105,2.3122397,48.8436872
1705850452046025200,534.6480251464844,45,1.5,1.5302021503448486,19.357999801635742,1.9284850358963013,336.552001953125,84.063674425581,2.3122476,48.8437068
1705850452632461600,535.2344616699219,45,1.5,1.5302021503448486,18.51300048828125,1.9573372602462769,337.6325378417969,84.063674425581,2.3122541,48.8437198
1705850453218898000,535.8208979492188,45,1.5,2.5936279296875,16.038999557495117,2.015671730041504,338.75115966796875,82.13087593883962,2.3122551,48.8437382
1705850453797912300,536.3999123535157,45,1.5,2.5936279296875,15.920999526977539,2.0711238384246826,339.7173767089844,82.13087593883962,2.3122573,48.8437508
1705850454391770600,536.9937705078125,45,1.5,2.5673577785491943,13.791000366210938,2.0987255573272705,340.43414306640625,81.98254953410849,2.3122558,48.8437673
1705850454978207200,537.5802072753906,45,1.5,2.573194980621338,14.022000312805176,2.124948263168335,341.1052551269531,81.96128794192536,2.3122551,48.8437804
1705850455564643600,538.1666435546875,45,1.5,2.573194980621338,14.416000366210938,2.1202025413513184,341.7649841308594,81.96128794192536,2.3122526,48.8437951
1705850456151080000,538.7530798339844,45,1.5,1.5760538578033447,14.807999610900879,2.1199212074279785,342.25103759765625,83.6050251911193,2.3122481,48.8438112
1705850456669357000,539.2713571777343,45,1.5,1.630785584449768,15.204000473022461,2.119220733642578,342.68603515625,83.54022907145324,2.3122443,48.8438257
1705850457206665700,539.8086657714844,45,1.5,1.630785584449768,15.61400032043457,2.0942368507385254,343.1373596191406,83.54022907145324,2.3122411,48.8438357
1705850457793102600,540.3951025390625,45,1.5,1.630785584449768,16.023000717163086,2.0723249912261963,343.5206604003906,83.54022907145324,2.3122381,48.8438454
1705850458379539200,540.9815393066406,45,1.5,1.583526611328125,16.461000442504883,2.1098594665527344,343.74041748046875,83.43240537947685,2.3122309,48.8438613
1705850458898116000,541.5001162109374,45,1.5,1.583526611328125,16.886999130249023,2.1446070671081543,343.89898681640625,83.43240537947685,2.3122262,48.8438715
1705850459997586400,542.5995864257812,45,1.5,1.4887553453445435,16.743000030517578,2.1487479209899902,343.6659240722656,83.36204230330222,2.3122098,48.8438927
1705850460607998700,543.2099987792968,45,1.5,2.5098209381103516,16.426000595092773,2.1631133556365967,343.3653869628906,81.68281802638566,2.3121971,48.843907
1705850461118585000,543.7205852050781,45,1.5,2.5139594078063965,16.148000717163086,2.168048620223999,342.9613952636719,81.6402971643099,2.3121872,48.8439147
1705850461663585000,544.2655849609375,45,1.5,2.5139594078063965,15.961999893188477,2.1712634563446045,342.5627136230469,81.6402971643099,2.3121752,48.8439293
1705850462257275100,544.8592751464844,45,1.5,2.525023937225342,15.777000427246094,2.177457571029663,342.131103515625,81.4484497437374,2.312166,48.8439365
1705850462836458500,545.4384584960937,45,1.5,2.5288331508636475,15.37600040435791,2.1828858852386475,341.7557067871094,81.4484497437374,2.3121539,48.8439501
1705850463337386200,545.9393862304687,45,1.5,2.6688497066497803,15.461000442504883,2.200528860092163,341.4483642578125,81.28094522622507,2.312145,48.8439576
1705850463892044800,546.494044921875,45,1.5,2.624093770980835,14.871000289916992,2.216431140899658,341.1084899902344,81.22678338989164,2.3121341,48.8439701
1705850464457137700,547.0591376953125,45,1.5,2.624093770980835,15.118000030517578,2.2312681674957275,340.72216796875,81.22678338989164,2.3121239,48.8439799
1705850464973219600,547.5752194824219,45,1.5,2.5684328079223633,15.312000274658203,2.2272427082061768,340.27252197265625,81.11184144037654,2.3121129,48.84399
1705850465536663800,548.1386638183594,45,1.5,2.5684328079223633,15.786999702453613,2.2235770225524902,339.89666748046875,81.11184144037654,2.312102,48.8440011
1705850466120505000,548.7225051269531,45,1.5,1.6386077404022217,16.47599983215332,2.246384859085083,339.57708740234375,82.53898966977609,2.3120888,48.8440157
1705850466659895300,549.2618952636719,45,1.5,1.6386077404022217,16.716999053955078,2.2682509422302246,339.2766418457031,82.53898966977609,2.3120799,48.844024
1705850467176091400,549.7780913085937,45,1.5,1.620235562324524,17.3700008392334,2.2937684059143066,339.009033203125,82.32944294187874,2.3120671,48.8440385
1705850467737984800,550.3399848632813,45,1.5,1.620235562324524,17.576000213623047,2.3194525241851807,338.82623291015625,82.32944294187874,2.3120587,48.8440466
1705850468348965400,550.9509653320313,45,1.5,1.5899083614349365,18.15999984741211,2.2725319862365723,338.6965026855469,82.2449171088436,2.3120466,48.8440601
1705850468857298200,551.4592980957032,45,1.5,1.5899083614349365,18.368000030517578,2.2299442291259766,338.58123779296875,82.2449171088436,2.3120392,48.8440669
1705850469404552000,552.0065520019531,45,1.5,1.4913076162338257,18.43199920654297,2.2288472652435303,338.2135009765625,82.1583675807427,2.3120206,48.8440772
1705850469956658000,552.5586579589843,45,1.5,1.4913076162338257,18.267000198364258,2.229597330093384,337.92938232421875,82.1583675807427,2.3120083,48.844082
1705850470460138800,553.062138671875,45,1.5,1.5827597379684448,18.305999755859375,2.238234281539917,337.2558288574219,82.1583675807427,2.3119916,48.8440937
1705850470968782300,553.5707822265625,45,1.5,1.5861949920654297,18.18000030517578,2.2007837295532227,336.6845703125,82.17760073262966,2.3119821,48.8440967
1705850471515725300,554.1177253417969,45,1.5,1.5861949920654297,18.09000015258789,2.1640028953552246,336.1205139160156,82.17760073262966,2.3119665,48.8441097
1705850472102162400,554.7041623535156,45,1.5,1.6010664701461792,18.009000778198242,2.137265920639038,335.59246826171875,82.22011627629303,2.3119529,48.8441203
1705850472669357000,555.2713571777343,45,1.5,1.6010664701461792,17.92099952697754,2.1142373085021973,335.1349182128906,82.22011627629303,2.3119436,48.8441263
1705850473275036700,555.8770366210938,45,1.5,1.7140984535217285,18.02400016784668,2.1214911937713623,334.74420166015625,82.17405778031011,2.3119337,48.844134
1705850473861473800,556.4634738769531,45,1.5,1.7209134101867676,17.819000244140625,2.1283178329467773,334.381591796875,82.0262673778665,2.3119208,48.8441463
1705850474447911000,557.0499108886719,45,1.5,1.7449783086776733,17.573999404907227,2.1427860260009766,334.59332275390625,82.02424286974485,2.3119116,48.844169
1705850474971498200,557.5734982910157,45,1.5,2.723053455352783,17.301000595092773,2.1301262378692627,334.7313232421875,80.40323619009692,2.3119089,48.8441793
1705850475520075300,558.1220751953125,45,1.5,2.723053455352783,17.066999435424805,2.116501808166504,334.785888671875,80.40323619009692,2.3119016,48.8441941
1705850476089941000,558.6919409179687,45,1.5,1.6110693216323853,16.881000518798828,2.1257338523864746,334.8561706542969,81.83748408098984,2.3118918,48.8442114
1705850476657887000,559.2598869628906,45,1.5,1.6110693216323853,16.797000885009766,2.134089708328247,334.9471435546875,81.83748408098984,2.3118858,48.8442226
1705850477262815700,559.8648156738282,45,1.5,1.6109578609466553,16.5,2.1373188495635986,335.0157775878906,81.48725921084431,2.3118724,48.8442441
1705850477849253000,560.4512531738281,45,1.5,1.4990161657333374,16.312999725341797,2.141082525253296,335.04736328125,81.47308856776924,2.3118683,48.844252
1705850478438042000,561.0400419921875,45,1.5,1.4990161657333374,16.128999710083008,2.1417970657348633,335.01812744140625,81.47308856776924,2.3118611,48.8442634
1705850478969771500,561.571771484375,45,1.5,1.7938990592956543,16.2549991607666,2.1539244651794434,334.96893310546875,81.99320725620248,2.3118528,48.8442759
1705850479491277800,562.0932778320313,45,1.5,1.8726979494094849,15.854999542236328,2.159290075302124,335.080078125,82.00231682879314,2.3118467,48.8442899
1705850480077715200,562.6797150878906,45,1.5,1.7114856243133545,16.27899932861328,2.177081823348999,335.1757507324219,81.72126812573069,2.3118379,48.8443062
1705850480676270600,563.2782705078125,45,1.5,1.7114856243133545,16.511999130249023,2.1949782371520996,335.3601379394531,81.72126812573069,2.3118331,48.8443162
1705850481250590000,563.85258984375,45,1.5,1.7251360416412354,17.158000946044922,2.1839001178741455,335.3262939453125,81.80224368472403,2.3118218,48.8443246
1705850481837027300,564.43902734375,45,1.5,1.7315276861190796,17.756000518798828,2.174638509750366,335.3744201660156,81.83210361785646,2.3118126,48.8443311
1705850482423464700,565.0254645996093,45,1.5,1.842659831047058,18.059999465942383,1.8700000047683716,336.9063415527344,82.27155974037271,2.3117739,48.8442948
1705850482971076000,565.573076171875,45,1.5,1.8970105648040771,18.724000930786133,1.998129963874817,337.5942077636719,82.40292916061412,2.3117499,48.8443253
1705850483479051800,566.0810517578125,45,1.5,1.8970105648040771,19.163000106811523,2.0584933757781982,337.2115173339844,82.40292916061412,2.3117449,48.8443313
1705850483997105700,566.5991057128906,45,1.5,1.8970105648040771,19.594999313354492,2.09440016746521,337.4828186035156,82.40292916061412,2.3117409,48.8443368
1705850484534638800,567.1366389160156,45,1.5,1.9194660186767578,19.948999404907227,2.199415445327759,341.18701171875,84.20000457763672,2.3117352,48.8443536
1705850485118625000,567.720625,45,1.5,1.9233152866363525,19.968000411987305,2.2679331302642822,343.2518310546875,84.20000457763672,2.3117331,48.8443663
1705850485669357000,568.2713571777343,45,1.5,1.9233152866363525,20.836999893188477,2.310419797897339,345.5637512207031,84.20000457763672,2.3117295,48.8443845
1705850486176663000,568.7786630859375,45,1.5,1.9740729331970215,20.687000274658203,2.33807110786438,347.7279968261719,84.20000457763672,2.3117301,48.8443975
1705850486763100200,569.3651000976563,45,1.5,1.9740729331970215,20.395999908447266,2.3604159355163574,349.4824523925781,84.20000457763672,2.3117291,48.8444159
1705850487349537300,569.9515373535156,45,1.5,1.9855026006698608,20.231000900268555,2.367605209350586,351.90606689453125,84.20000457763672,2.3117349,48.8444271
1705850487935974100,570.5379741210937,45,1.5,1.954773187637329,20.108999252319336,2.371934413909912,354.21697998046875,84.20000457763672,2.31174,48.8444424
1705850488522411000,571.1244108886718,45,1.5,1.954773187637329,19.642000198364258,2.3887832164764404,356.04693603515625,84.20000457763672,2.3117453,48.8444651
1705850489108847900,571.7108479003906,45,1.5,1.5896848440170288,18.408000946044922,2.4437525272369385,356.55950927734375,83.4000015258789,2.3117525,48.8444974
1705850489636977000,572.2389768066406,45,1.5,1.5896848440170288,17.597999572753906,2.4754340648651123,356.9543151855469,83.4000015258789,2.3117581,48.8445184
1705850490164434000,572.7664338378906,45,1.5,1.5882203578948975,17.065000534057617,2.4989004135131836,358.5953063964844,83.4000015258789,2.3117629,48.8445349
1705850490669357000,573.2713571777343,45,1.5,1.490546703338623,16.73699951171875,2.5241639614105225,359.92779541015625,83.4000015258789,2.3117688,48.8445489
1705850491220019700,573.8220197753906,45,1.5,1.490546703338623,16.749000549316406,2.5282788276672363,1.3431386947631836,83.4000015258789,2.3117757,48.8445602
1705850491806456000,574.4084560546875,45,1.5,1.490546703338623,17.06999969482422,2.535163640975952,2.5600852966308594,83.4000015258789,2.3117826,48.8445696
1705850492392892700,574.994892578125,45,1.5,1.6858103275299072,16.78499984741211,2.540489435195923,3.6348907947540283,83.4000015258789,2.3117903,48.8445872
1705850492957248000,575.559248046875,45,1.5,1.6858103275299072,16.964000701904297,2.547483205795288,4.571462154388428,83.4000015258789,2.311797,48.8445962
1705850493565765000,576.1677651367188,45,1.5,1.6988786458969116,17.013999938964844,2.5518600940704346,5.1280741691589355,83.4000015258789,2.3118024,48.844613
1705850494076412000,576.6784118652344,45,1.5,1.7020881175994873,17.139999389648438,2.5456583499908447,5.744693279266357,83.4000015258789,2.3118065,48.8446215
1705850494621350100,577.2233500976563,45,1.5,1.7020881175994873,18.95199966430664,2.5390677452087402,6.366572856903076,83.4000015258789,2.311812,48.8446373
1705850495137060400,577.7390603027344,45,1.5,1.713356614112854,19.000999450683594,2.5284390449523926,6.644650459289551,83.4000015258789,2.3118133,48.8446435
1705850495669357000,578.2713571777343,45,1.5,1.6944513320922852,19.358999252319336,2.51704740524292,6.982743740081787,83.4000015258789,2.3118168,48.8446603
1705850496236619000,578.8386188964844,45,1.5,1.6944513320922852,19.485000610351562,2.508547782897949,6.835476875305176,83.4000015258789,2.3118144,48.8446662
1705850496849806600,579.451806640625,45,1.5,1.6944513320922852,19.524999618530273,2.5008327960968018,6.6762189865112305,83.4000015258789,2.3118142,48.8446834
1705850497436242400,580.0382424316406,45,1.5,1.711366891860962,19.69300079345703,2.488229990005493,6.61960506439209,83.4000015258789,2.3118137,48.844698
1705850497969163800,580.5711638183594,45,1.5,1.7889666557312012,19.847999572753906,2.487602472305298,6.427232265472412,83.4000015258789,2.3118097,48.8447032
1705850498491827000,581.0938269042969,45,1.5,1.7889666557312012,19.902999877929688,2.4854907989501953,6.258542537689209,83.4000015258789,2.3118082,48.8447218
1705850499078262800,581.6802626953125,45,1.5,1.6437119245529175,20.100000381469727,2.488426446914673,6.148251056671143,83.4000015258789,2.3118041,48.8447222
1705850499664698400,582.2666984863281,45,1.5,1.6437119245529175,20.42300033569336,2.4791581630706787,5.956370830535889,83.4000015258789,2.3118074,48.8447765
1705850500251134200,582.8531342773438,45,1.5,1.6552242040634155,20.48200035095215,2.4641149044036865,6.006509304046631,83.4000015258789,2.3118029,48.8447783
1705850500837570000,583.4395700683593,45,1.5,1.6830662488937378,20.45400047302246,2.4525554180145264,5.992299556732178,83.4000015258789,2.3118004,48.8447885
1705850501397092600,583.9990925292968,45,1.5,1.6830662488937378,19.889999389648438,2.420358896255493,5.83096981048584,83.4000015258789,2.3117939,48.8447913
1705850501969894100,584.5718940429688,45,1.5,1.749903678894043,19.09000015258789,2.4122958183288574,5.701389312744141,83.4000015258789,2.3117878,48.8447989
1705850502479590000,585.08158984375,45,1.5,1.5077531337738037,17.93400001525879,2.3926000595092773,5.491751194000244,83.4000015258789,2.3117828,48.844801
1705850503066025500,585.668025390625,45,1.5,1.5147132873535156,16.735000610351562,2.3769280910491943,5.759246349334717,83.4000015258789,2.311781,48.8448088
1705850503619635200,586.2216352539062,45,1.5,1.5147132873535156,16.327999114990234,2.3680567741394043,6.134778022766113,83.4000015258789,2.3117804,48.8448128
1705850504121610000,586.7236098632812,45,1.5,1.5190576314926147,15.531000137329102,2.3588192462921143,6.444575786590576,83.4000015258789,2.3117814,48.8448243
1705850504669357000,587.2713571777343,45,1.5,1.7738310098648071,14.557999610900879,2.352234125137329,6.65678596496582,83.4000015258789,2.311783,48.8448355
1705850505778927900,588.3809279785156,45,1.5,1.7738310098648071,14.46500015258789,2.3466672897338867,6.9424896240234375,83.4000015258789,2.3117835,48.8448531
1705850506350066200,588.9520661621094,45,1.5,1.788962721824646,14.381999969482422,2.3432726860046387,6.889987945556641,83.4000015258789,2.3117839,48.8448687
1705850506898237000,589.5002368164063,45,1.5,1.788962721824646,14.944999694824219,2.3416671752929688,6.82707405090332,83.4000015258789,2.3117833,48.8448767
1705850507977387800,590.5793876953124,45,1.5,1.8035377264022827,15.99899959564209,2.3410532474517822,6.934961795806885,83.4000015258789,2.3117834,48.8448999
1705850508578522400,591.1805224609375,45,1.5,1.8116933107376099,17.329999923706055,2.344406843185425,6.88986873626709,83.4000015258789,2.3117828,48.8449157
1705850509164958200,591.7669582519532,45,1.5,1.712603211402893,18.180999755859375,2.3268473148345947,7.042193412780762,83.4000015258789,2.3117883,48.8449219
1705850509669357000,592.2713571777343,45,1.5,1.7346259355545044,19.06599998474121,2.312673807144165,7.169948101043701,81.7067668143849,2.3117923,48.8449247
1705850510198952700,592.8009526367188,45,1.5,1.7346259355545044,19.013999938964844,2.3296570777893066,7.0249433517456055,81.7067668143849,2.3117876,48.8449328
1705850510806978000,593.4089780273438,45,1.5,1.7346259355545044,18.981000900268555,2.344771385192871,6.964079856872559,81.7067668143849,2.3117857,48.844952
1705850511393413600,593.9954135742188,45,1.5,1.820027470588684,18.937999725341797,2.3715994358062744,6.459898948669434,83.4000015258789,2.3117826,48.8449711
1705850511979849200,594.5818491210938,45,1.5,1.8356291055679321,18.923999786376953,2.3973591327667236,6.071981430053711,83.4000015258789,2.311779,48.8449821
1705850512566284500,595.1682844238281,45,1.5,1.4880342483520508,18.913999557495117,2.630000114440918,4.430820465087891,82.30000305175781,2.3117431,48.845014
1705850513152720100,595.7547202148437,45,1.5,1.6192479133605957,19.06999969482422,2.5559804439544678,6.189960479736328,82.30000305175781,2.3117491,48.845056
1705850513669357000,596.2713571777343,45,1.5,1.6192479133605957,19.14299964904785,2.5615835189819336,6.227109432220459,82.30000305175781,2.3117491,48.8450619
1705850514208303900,596.8103039550781,45,1.5,1.6318480968475342,19.104000091552734,2.562908887863159,6.174893856048584,82.30000305175781,2.3117487,48.8450772
1705850514794739500,597.3967395019531,45,1.5,1.544986367225647,18.985000610351562,2.568682909011841,6.088866233825684,82.30000305175781,2.3117484,48.8450863
1705850515381175000,597.9831750488281,45,1.5,1.544986367225647,19.013999938964844,2.5634801387786865,7.211582660675049,82.30000305175781,2.3117542,48.8450956
1705850515967610600,598.5696105957031,45,1.5,1.5548566579818726,18.992000579833984,2.5610291957855225,8.044422149658203,82.30000305175781,2.3117601,48.845108
1705850516554046200,599.1560461425781,45,1.5,1.5548566579818726,18.958999633789062,2.5525834560394287,9.607662200927734,82.30000305175781,2.3117675,48.8451291
1705850517140481800,599.7424816894531,45,1.5,1.5710537433624268,18.969999313354492,2.5447096824645996,10.828787803649902,82.30000305175781,2.3117735,48.8451455
1705850517669357000,600.2713571777343,45,1.5,1.374406337738037,19.030000686645508,2.5398948192596436,11.735991477966309,82.30000305175781,2.3117774,48.8451534
1705850518196065800,600.7980656738281,45,1.5,1.374406337738037,19.07699966430664,2.529088020324707,13.033288955688477,82.30000305175781,2.3117822,48.8451621
1705850518778266600,601.3802666015625,45,1.5,1.374406337738037,19.183000564575195,2.5213966369628906,14.4490327835083,82.30000305175781,2.3117876,48.8451696
1705850519368937000,601.9709370117188,45,1.5,1.8405574560165405,18.56999969482422,2.536953926086426,15.538331031799316,81.76951972048404,2.3118145,48.8451881
1705850519955372500,602.5573725585938,45,1.5,1.8405574560165405,18.108999252319336,2.550717353820801,16.274534225463867,81.76951972048404,2.3118315,48.8451985
1705850520541808400,603.1438083496093,45,1.5,1.4510972499847412,18.13599967956543,2.477003574371338,16.242420196533203,82.30000305175781,2.3118356,48.8452159
1705850521128244000,603.7302438964844,45,1.5,1.4510972499847412,18.31599998474121,2.2893316745758057,14.57503890991211,82.30000305175781,2.3118292,48.8452177
1705850521669357000,604.2713571777343,45,1.5,1.2813482284545898,18.413000106811523,2.143505573272705,12.64195728302002,82.30000305175781,2.3118257,48.845226
1705850522183828000,604.7858278808594,45,1.5,1.282914638519287,18.516000747680664,0.6899999976158142,30.38646125793457,81.80000305175781,2.3117965,48.8452113
1705850522770263600,605.372263671875,45,1.5,1.287551999092102,18.37299919128418,0.6600300073623657,19.039064407348633,81.80000305175781,2.311803,48.8452262
1705850523943134700,606.545134765625,45,1.5,1.3106170892715454,18.024999618530273,0.6651177406311035,14.697566986083984,81.80000305175781,2.3118043,48.8452337
1705850524529570300,607.1315703125,45,1.5,1.3066211938858032,18.475000381469727,0.4960772693157196,9.123398780822754,81.80000305175781,2.3118044,48.8452379
1705850525669357000,608.2713571777343,45,1.5,1.3354300260543823,18.881999969482422,0.38890013098716736,6.136756420135498,81.80000305175781,2.3118063,48.8452359
1705850526758025700,609.3600256347656,45,1.5,1.3426272869110107,18.513999938964844,0.3147318661212921,5.323313236236572,81.80000305175781,2.3118074,48.8452337
1705850527930897200,610.5328972167969,45,1.5,1.3793474435806274,18.194000244140625,0.25980520248413086,5.3932785987854,81.80000305175781,2.311808,48.8452322
1705850528517332700,611.1193327636719,45,1.5,1.3793474435806274,17.55699920654297,0.3407798707485199,7.944375991821289,81.80000305175781,2.3118093,48.8452335
1705850529103768600,611.7057685546876,45,1.5,1.3847763538360596,17.285999298095703,0.4550660252571106,9.286234855651855,81.80000305175781,2.3118102,48.8452345
1705850529669357000,612.2713571777343,45,1.5,1.3847763538360596,17.094999313354492,0.5562057495117188,10.164241790771484,81.80000305175781,2.3118113,48.8452356
1705850530276640000,612.8786398925781,45,1.5,1.5032600164413452,16.975000381469727,0.6903257369995117,7.347402095794678,81.80000305175781,2.3118111,48.845247
1705850530878032600,613.4800327148438,45,1.5,1.5032600164413452,17.047000885009766,0.79856276512146,5.269216060638428,81.80000305175781,2.3118102,48.8452555
1705850531977949000,614.5799489746094,45,1.5,1.3775854110717773,16.72599983215332,0.9017899632453918,2.9592339992523193,81.9000015258789,2.3118077,48.8452727
1705850532505096000,615.1070959472656,45,1.5,1.1899213790893555,16.618000030517578,1.0030370950698853,0.9698965549468994,81.9000015258789,2.3118041,48.8452893
1705850533091531500,615.6935314941406,45,1.5,1.1649610996246338,16.58099937438965,1.0964261293411255,359.18048095703125,81.9000015258789,2.3117992,48.8453052
1705850533669357000,616.2713571777343,45,1.5,1.1649610996246338,16.673999786376953,1.1778749227523804,357.6711730957031,81.9000015258789,2.3117947,48.8453162
1705850534217838800,616.8198388671875,45,1.5,1.223764181137085,16.774999618530273,1.257163643836975,356.4706726074219,81.9000015258789,2.3117895,48.8453284
1705850534733551900,617.3355517578125,45,1.5,1.223764181137085,17.08300018310547,1.3242849111557007,355.2180480957031,81.9000015258789,2.3117838,48.8453431
1705850535337832200,617.9398322753906,45,1.5,1.2521998882293701,17.052000045776367,1.3489856719970703,353.6541748046875,81.9000015258789,2.3117779,48.8453521
1705850535906429400,618.5084294433593,45,1.5,1.227338433265686,16.968000411987305,1.3690178394317627,352.0898742675781,81.9000015258789,2.3117715,48.8453631
1705850536458680000,619.0606801757813,45,1.5,1.227338433265686,17.065000534057617,1.3822823762893677,350.0728759765625,81.9000015258789,2.3117651,48.8453709
1705850536962014200,619.5640141601563,45,1.5,1.2176542282104492,17.150999069213867,1.3910870552062988,347.9576721191406,81.9000015258789,2.311758,48.8453782
1705850537548450000,620.1504499511718,45,1.5,1.2176542282104492,17.357999801635742,1.4058239459991455,345.9649353027344,81.9000015258789,2.3117483,48.8453915
1705850538134886100,620.7368862304687,45,1.5,1.2336417436599731,17.368999481201172,1.4186400175094604,344.94122314453125,81.9000015258789,2.31174,48.8454014
1705850538669357000,621.2713571777343,45,1.5,1.2336417436599731,17.389999389648438,1.4328713417053223,344.6375732421875,81.9000015258789,2.3117333,48.8454074
1705850539190471200,621.7924711914062,45,1.5,1.3112157583236694,17.384000778198242,1.4614864587783813,344.4105224609375,81.9000015258789,2.3117277,48.8454144
1705850539757251000,622.3592509765625,45,1.5,1.3112157583236694,17.41200065612793,1.4884648323059082,344.21197509765625,81.9000015258789,2.3117219,48.8454218
1705850540363343400,622.9653432617188,45,1.5,1.2732501029968262,17.38800048828125,1.5151361227035522,344.2754821777344,81.9000015258789,2.3117138,48.845434
1705850540949779500,623.5517795410157,45,1.5,1.4065793752670288,17.283000946044922,1.5391560792922974,344.7545471191406,81.9000015258789,2.3117082,48.8454428
1705850541536215800,624.1382158203126,45,1.5,1.4065793752670288,17.275999069213867,1.5682426691055298,344.61322021484375,81.9000015258789,2.3117012,48.8454539
1705850542122652200,624.7246520996093,45,1.5,1.5049444437026978,17.2450008392334,1.6089794635772705,345.6700439453125,81.9000015258789,2.3116978,48.8454696
1705850542669357000,625.2713571777343,45,1.5,1.5049444437026978,17.270000457763672,1.645972490310669,346.5837707519531,81.9000015258789,2.3116966,48.8454799
1705850543776733200,626.3787331542969,45,1.5,1.4335975646972656,17.374000549316406,1.6767256259918213,347.88043212890625,81.9000015258789,2.3116935,48.8455014
1705850544351111200,626.9531110839844,45,1.5,1.3320386409759521,17.290000915527344,1.7126656770706177,348.8693542480469,81.9000015258789,2.3116913,48.8455202
1705850544918405000,627.5204050292969,45,1.5,1.3320386409759521,17.298999786376953,1.7438780069351196,349.8216857910156,81.9000015258789,2.3116923,48.8455317
1705850545523985000,628.1259848632812,45,1.5,1.37981116771698,17.551000595092773,1.7813458442687988,350.4947509765625,81.9000015258789,2.3116901,48.8455491
1705850546057217300,628.6592172851563,45,1.5,1.378040075302124,17.64699935913086,1.798396110534668,351.179931640625,81.9000015258789,2.3116887,48.8455618
1705850546579571200,629.1815712890625,45,1.5,1.378040075302124,17.576000213623047,1.8114227056503296,351.8799743652344,81.9000015258789,2.3116867,48.8455782
1705850547158664000,629.7606638183594,45,1.5,1.2277597188949585,17.450000762939453,1.817123293876648,352.2981262207031,81.9000015258789,2.3116833,48.8455901
1705850547669357000,630.2713571777343,45,1.5,1.2277597188949585,17.367000579833984,1.8195443153381348,352.76605224609375,81.9000015258789,2.3116792,48.8456073
1705850548221594000,630.8235939941407,45,1.5,1.3318474292755127,17.444000244140625,1.820708155632019,352.76348876953125,81.9000015258789,2.311675,48.8456175
1705850548808031000,631.4100310058594,45,1.5,1.3323038816452026,17.503999710083008,1.8210127353668213,352.7247009277344,81.9000015258789,2.3116701,48.8456323
1705850549377399000,631.9793989257812,45,1.5,1.3323038816452026,17.48699951171875,1.8427813053131104,352.99969482421875,81.9000015258789,2.3116656,48.8456443
1705850549980904700,632.5829047851563,45,1.5,1.4051400423049927,17.51099967956543,1.8620598316192627,353.2894592285156,81.9000015258789,2.3116611,48.8456587
1705850550496709400,633.0987094726562,45,1.5,1.4051400423049927,17.554000854492188,1.8760002851486206,353.50677490234375,81.9000015258789,2.311657,48.8456723
1705850551036491000,633.6384909667969,45,1.5,1.3582611083984375,17.545000076293945,1.8991385698318481,353.1274108886719,81.9000015258789,2.311653,48.8456898
1705850551638096100,634.2400961914062,45,1.5,1.3582611083984375,17.62700080871582,1.9195958375930786,352.7689208984375,81.9000015258789,2.3116501,48.8457009
1705850552717858300,635.3198583984375,45,1.5,1.337293028831482,17.770000457763672,1.9556753635406494,352.95965576171875,81.9000015258789,2.3116447,48.8457259
1705850553264951000,635.8669509277344,45,1.5,1.3410433530807495,17.954999923706055,1.98895263671875,353.4886169433594,81.9000015258789,2.311642,48.8457453
1705850553817108500,636.4191083984375,45,1.5,1.3410433530807495,18.086999893188477,2.019469976425171,353.92559814453125,81.9000015258789,2.3116407,48.8457573
1705850554320537600,636.9225375976563,45,1.5,1.3536112308502197,18.222000122070312,2.0503852367401123,354.4266662597656,81.9000015258789,2.3116394,48.8457771
1705850554906974500,637.5089743652344,45,1.5,1.3536112308502197,18.268999099731445,2.078187942504883,354.91839599609375,81.9000015258789,2.3116398,48.8457897
1705850555493411300,638.0954113769532,45,1.5,1.4631636142730713,18.430999755859375,2.0998055934906006,355.5047302246094,81.9000015258789,2.3116386,48.8458073
1705850556038241300,638.6402412109375,45,1.5,1.5470466613769531,18.474000930786133,2.122830629348755,355.9237365722656,81.9000015258789,2.3116384,48.8458192
1705850556548998100,639.150998046875,45,1.5,1.5470466613769531,18.572999954223633,2.1429789066314697,356.2980651855469,81.9000015258789,2.3116378,48.845837
1705850557135435300,639.7374353027344,45,1.5,1.5926156044006348,18.631999969482422,2.1542510986328125,356.9333801269531,81.9000015258789,2.3116383,48.8458469
1705850557669357000,640.2713571777343,45,1.5,1.5926156044006348,18.775999069213867,2.1642205715179443,357.5339660644531,81.9000015258789,2.3116384,48.845863
1705850558191022000,640.7930219726562,45,1.5,1.5059524774551392,18.760000228881836,2.188289165496826,357.7637634277344,81.9000015258789,2.3116393,48.8458728
1705850558777459200,641.3794592285157,45,1.5,1.5698566436767578,18.690000534057617,2.2104849815368652,358.04052734375,81.9000015258789,2.3116397,48.8458893
1705850559363896600,641.965896484375,45,1.5,1.5698566436767578,18.719999313354492,2.204787492752075,357.7002868652344,81.9000015258789,2.3116388,48.8458993
1705850559950334000,642.552333984375,45,1.5,1.548409342765808,18.768999099731445,2.1989479064941406,357.42657470703125,81.9000015258789,2.3116376,48.8459116
1705850560478272500,643.0802724609375,45,1.5,1.548409342765808,18.841999053955078,2.1828396320343018,357.6172790527344,81.9000015258789,2.311637,48.8459214
1705850561005921000,643.6079211425781,45,1.5,1.5018882751464844,18.93000030517578,2.19517183303833,357.85272216796875,81.9000015258789,2.3116353,48.8459364
1705850561577858600,644.1798586425781,45,1.5,1.5018882751464844,18.974000930786133,2.207257032394409,358.0375061035156,81.9000015258789,2.3116344,48.8459434
1705850562178796300,644.7807963867187,45,1.5,1.436051607131958,19.07699966430664,2.2094626426696777,358.5049133300781,81.9000015258789,2.3116351,48.8459582
1705850562765234000,645.3672338867187,45,1.5,1.503962516784668,19.25,2.2109034061431885,358.9336853027344,81.9000015258789,2.3116362,48.8459714
1705850563351671600,645.9536716308594,45,1.5,1.503962516784668,19.347000122070312,2.2147483825683594,359.4278259277344,81.9000015258789,2.3116372,48.8459802
1705850563938109400,646.540109375,45,1.5,1.5691430568695068,19.448999404907227,2.2178471088409424,0.0074917408637702465,81.9000015258789,2.3116391,48.8459927
1705850564478649600,647.0806496582031,45,1.5,1.5691430568695068,19.62700080871582,2.216482639312744,0.7114033102989197,81.9000015258789,2.3116422,48.8460019
1705850564993697500,647.5956975097656,45,1.5,1.5633857250213623,19.797000885009766,2.2087953090667725,1.5182479619979858,81.9000015258789,2.3116455,48.8460163
1705850565580135400,648.1821354980468,45,1.5,1.5633857250213623,19.89900016784668,2.2020156383514404,2.2075037956237793,81.9000015258789,2.3116489,48.8460285
1705850566166573600,648.7685734863281,45,1.5,1.5619208812713623,19.945999145507812,2.187361717224121,3.0866692066192627,81.9000015258789,2.311653,48.8460334
1705850566669357000,649.2713571777343,45,1.5,1.5619208812713623,19.996999740600586,2.175215721130371,3.889285087585449,81.9000015258789,2.3116567,48.846039
1705850567222162200,649.824162109375,45,1.5,1.550034999847412,20.141000747680664,2.125560998916626,5.581295490264893,81.9000015258789,2.311664,48.8460495
1705850567819457000,650.42145703125,45,1.5,1.550034999847412,20.225000381469727,2.082005262374878,7.205246448516846,81.9000015258789,2.3116709,48.8460533
1705850568395039000,650.9970390625,45,1.5,1.550321102142334,20.422000885009766,2.0659475326538086,8.816888809204102,81.9000015258789,2.3116802,48.8460641
1705850568957252400,651.5592524414062,45,1.5,1.550321102142334,20.489999771118164,2.053426742553711,10.345330238342285,81.9000015258789,2.3116881,48.8460679
1705850569567916000,652.169916015625,45,1.5,1.6126350164413452,20.65399932861328,2.0672359466552734,10.93722915649414,81.9000015258789,2.3116963,48.846079
1705850570154354700,652.7563547363281,45,1.5,1.613590955734253,20.0049991607666,2.0572755336761475,11.71705436706543,81.9000015258789,2.3117067,48.8460884
1705850570669357000,653.2713571777343,45,1.5,1.2429120540618896,19.472000122070312,2,23.1019344329834,81.20000457763672,2.311734,48.8460907
1705850571796383500,654.3983835449219,45,1.5,1.2674304246902466,18.35300064086914,2.0466597080230713,23.944950103759766,81.20000457763672,2.3117746,48.8461332
1705850572382822400,654.9848225097656,45,1.5,1.2390629053115845,17.233999252319336,2.1508948802948,23.97535514831543,81.20000457763672,2.3117827,48.8461441
1705850572969261600,655.5712614746094,45,1.5,1.191866397857666,16.367000579833984,2.2179901599884033,24.024723052978516,81.20000457763672,2.3117885,48.8461521
1705850573555700700,656.1577006835937,45,1.5,1.191866397857666,16.017000198364258,2.2362446784973145,19.007583618164062,81.20000457763672,2.3117796,48.8461674
1705850574137204200,656.7392043457031,45,1.5,1.202868938446045,15.975000381469727,2.269827365875244,16.191335678100586,81.20000457763672,2.311771,48.8461777
1705850574669357000,657.2713571777343,45,1.5,1.202868938446045,15.928999900817871,2.294870615005493,13.91213607788086,81.20000457763672,2.3117653,48.8461955
1705850575197731300,657.7997314453125,45,1.5,1.249674916267395,16.632999420166016,2.279384136199951,12.315189361572266,81.20000457763672,2.3117567,48.8462109
1705850575784171300,658.3861711425782,45,1.5,1.201324701309204,16.981000900268555,2.272732734680176,11.331182479858398,81.20000457763672,2.3117484,48.8462199
1705850576338013000,658.9400129394531,45,1.5,1.201324701309204,17.174999237060547,2.282320499420166,10.569685935974121,81.20000457763672,2.3117409,48.8462306
1705850576839763000,659.4417629394532,45,1.5,1.1828203201293945,17.94099998474121,2.2902913093566895,10.115055084228516,81.20000457763672,2.3117367,48.8462465
1705850577426202600,660.0282026367188,45,1.5,1.1828203201293945,18.10099983215332,2.2988553047180176,9.27507495880127,81.20000457763672,2.3117315,48.8462592
1705850577970244900,660.5722448730469,45,1.5,1.2253371477127075,18.719999313354492,2.3035888671875,8.507719993591309,81.20000457763672,2.3117267,48.8462723
1705850578481794600,661.0837946777344,45,1.5,1.2253371477127075,19.341999053955078,2.30731463432312,7.853574752807617,81.20000457763672,2.3117231,48.8462869
1705850579068234500,661.670234375,45,1.5,1.2394073009490967,19.29800033569336,2.313528537750244,7.9256463050842285,81.20000457763672,2.3117221,48.8463037
1705850579654674700,662.2566748046875,45,1.5,1.265647053718567,19.200000762939453,2.3194472789764404,7.971450328826904,81.20000457763672,2.3117212,48.8463179
1705850580241114600,662.8431145019531,45,1.5,1.265647053718567,19.202999114990234,2.3237857818603516,8.112984657287598,81.20000457763672,2.3117207,48.8463286
1705850580817798700,663.4197985839844,45,1.5,1.265647053718567,19.20199966430664,2.3287806510925293,8.327984809875488,81.20000457763672,2.3117212,48.8463387
1705850581413994800,664.0159948730469,45,1.5,1.2926337718963623,19.500999450683594,2.268695592880249,7.347362518310547,81.20000457763672,2.3117193,48.8463525
1705850581970243000,664.5722431640625,45,1.5,1.2867469787597656,19.530000686645508,2.2325241565704346,5.493309020996094,81.20000457763672,2.3117133,48.8463611
1705850582586875000,665.188875,45,1.5,1.2867469787597656,19.628999710083008,2.201143741607666,3.7463862895965576,81.20000457763672,2.3117074,48.8463747
1705850583173314800,665.7753146972656,45,1.5,1.296976923942566,19.760000228881836,2.202690601348877,3.079763412475586,81.20000457763672,2.3117045,48.8463888
1705850583757313000,666.3593129882812,45,1.5,1.296976923942566,19.871999740600586,2.205948829650879,2.5002644062042236,81.20000457763672,2.3117014,48.8463973
1705850584346195200,666.9481953125,45,1.5,1.3080228567123413,19.910999298095703,2.2235336303710938,2.442603826522827,81.20000457763672,2.3117007,48.8464136
1705850584932635400,667.5346354980469,45,1.5,1.3012501001358032,19.934999465942383,2.2409682273864746,2.3930320739746094,81.20000457763672,2.3117,48.846426
1705850585519075300,668.1210754394531,45,1.5,1.3012501001358032,19.908000946044922,2.2601611614227295,2.557298421859741,81.20000457763672,2.3117008,48.8464422
1705850586669357000,669.2713571777343,45,1.5,1.3810832500457764,19.722999572753906,2.2283880710601807,2.9006195068359375,81.20000457763672,2.311704,48.846465
1705850587278396200,669.8803962402344,45,1.5,1.38796067237854,19.608999252319336,2.210941791534424,3.0391862392425537,81.20000457763672,2.3117064,48.8464798
1705850587838550000,670.4405500488281,45,1.5,1.38796067237854,19.461000442504883,2.1967153549194336,3.159297466278076,81.20000457763672,2.311708,48.8464877
1705850588451276500,671.0532766113281,45,1.5,1.2866979837417603,19.365999221801758,2.18900728225708,2.8415822982788086,81.20000457763672,2.3117084,48.8465038
1705850588957634000,671.5596340332031,45,1.5,1.2866979837417603,19.23900032043457,2.1830689907073975,2.532115936279297,81.20000457763672,2.3117076,48.8465135
1705850589506869200,672.108869140625,45,1.5,1.3257108926773071,19.06999969482422,2.1779468059539795,2.743298292160034,81.20000457763672,2.3117096,48.8465288
1705850590056553700,672.6585537109376,45,1.5,1.3325445652008057,18.913999557495117,2.1696040630340576,3.401925563812256,81.20000457763672,2.3117119,48.8465375
1705850590562461700,673.1644616699218,45,1.5,1.3325445652008057,18.909000396728516,2.1609416007995605,4.05483865737915,81.20000457763672,2.3117153,48.8465527
1705850591148902000,673.7509018554688,45,1.5,1.4153250455856323,18.851999282836914,2.158247470855713,4.314853668212891,81.20000457763672,2.3117171,48.8465612
1705850591669357000,674.2713571777343,45,1.5,1.4153250455856323,18.788000106811523,2.1550161838531494,4.5992751121521,81.20000457763672,2.3117198,48.846576
1705850592204494300,674.8064943847656,45,1.5,1.3959925174713135,18.795000076293945,2.133664131164551,5.522342205047607,81.20000457763672,2.3117237,48.8465896
1705850592790934800,675.3929348144532,45,1.5,1.3999961614608765,18.902999877929688,2.1146626472473145,6.468479156494141,81.20000457763672,2.311727,48.8465969
1705850593377375000,675.979375,45,1.5,1.3999961614608765,18.89699935913086,2.1222052574157715,7.291498184204102,81.20000457763672,2.3117333,48.8466077
1705850593963815200,676.5658151855469,45,1.5,1.3803597688674927,18.968000411987305,2.1309397220611572,7.969987869262695,81.20000457763672,2.31174,48.8466211
1705850594496488200,677.09848828125,45,1.5,1.3803597688674927,19.093000411987305,2.1462161540985107,8.106927871704102,81.20000457763672,2.3117444,48.846635
1705850595019407600,677.6214077148437,45,1.5,1.4393229484558105,19.211000442504883,2.1554510593414307,7.872345924377441,81.20000457763672,2.3117487,48.846654
1705850595618382300,678.2203823242188,45,1.5,1.4393229484558105,19.246000289916992,2.1647489070892334,7.728558540344238,81.20000457763672,2.311751,48.8466647
1705850596192294100,678.7942941894531,45,1.5,1.4503109455108643,19.201000213623047,2.174560070037842,7.535675048828125,81.20000457763672,2.3117532,48.846684
1705850596737655000,679.3396550292969,45,1.5,1.4503109455108643,19.04400062561035,2.183908462524414,7.363757610321045,81.20000457763672,2.3117544,48.8466956
1705850597817068300,680.419068359375,45,1.5,1.4837473630905151,18.823999404907227,2.1750144958496094,6.318976879119873,81.20000457763672,2.3117515,48.8467227
1705850598420767200,681.0227673339843,45,1.5,1.5048472881317139,18.71500015258789,2.169771671295166,5.722079277038574,81.20000457763672,2.3117483,48.8467417
1705850598969712400,681.5717124023438,45,1.5,1.6604130268096924,18.700000762939453,2.1985092163085938,5.560891628265381,81.20000457763672,2.3117456,48.8467556
1705850599476359700,682.0783596191407,45,1.5,1.6604130268096924,18.575000762939453,2.2248282432556152,5.257219314575195,81.20000457763672,2.3117439,48.8467743
1705850600039366400,682.6413664550781,45,1.5,1.6582037210464478,18.510000228881836,2.2267749309539795,4.742445468902588,81.20000457763672,2.3117416,48.8467874
1705850600649240300,683.251240234375,45,1.5,1.6582037210464478,18.19499969482422,2.2260031700134277,4.046534538269043,81.20000457763672,2.3117397,48.8468072
1705850601157500000,683.7595,45,1.5,1.640488624572754,18.256999969482422,2.23341965675354,3.4353933334350586,81.20000457763672,2.311738,48.8468199
1705850601669357000,684.2713571777343,45,1.5,1.642100214958191,18.465999603271484,2.239255428314209,2.775435209274292,81.20000457763672,2.3117363,48.8468412
1705850602173985300,684.7759853515626,45,1.5,1.642100214958191,18.434999465942383,2.247467041015625,2.2460875511169434,81.20000457763672,2.3117357,48.8468527
1705850602760425500,685.3624255371094,45,1.5,1.6521799564361572,18.54199981689453,2.252991199493408,1.5528792142868042,81.20000457763672,2.3117345,48.8468718
1705850603346866000,685.9488659667969,45,1.5,1.6521799564361572,18.351999282836914,2.263002634048462,0.8348227143287659,81.20000457763672,2.3117342,48.846888
1705850603933306000,686.5353061523438,45,1.5,1.6380642652511597,18.038999557495117,2.268399953842163,359.9344787597656,81.20000457763672,2.3117322,48.8469061
1705850604536880400,687.1388803710937,45,1.5,1.6380642652511597,17.905000686645508,2.268024206161499,358.89947509765625,81.20000457763672,2.3117288,48.846923
1705850605106187000,687.7081870117188,45,1.5,1.5510878562927246,16.56800079345703,2.3052871227264404,358.4685974121094,81.20000457763672,2.3117258,48.8469576
1705850605669357000,688.2713571777343,45,1.5,1.507430076599121,15.39799976348877,2.3250832557678223,358.52508544921875,81.20000457763672,2.3117238,48.8469793
1705850606279067600,688.8810676269532,45,1.5,1.507430076599121,14.057000160217285,2.3550353050231934,359.09625244140625,81.20000457763672,2.3117288,48.8470014
1705850606865508000,689.4675080566407,45,1.5,1.4974910020828247,12.737000465393066,2.383791446685791,359.6054992675781,81.20000457763672,2.311733,48.8470119
1705850607451948800,690.0539487304687,45,1.5,1.4974910020828247,11.432000160217285,2.4105944633483887,0.03879255801439285,81.20000457763672,2.3117383,48.8470314
1705850607968947000,690.5709470214844,45,1.5,1.5446420907974243,10.939000129699707,2.427354335784912,0.4982996881008148,81.20000457763672,2.3117425,48.8470463
1705850608507541800,691.1095417480469,45,1.5,1.5446420907974243,9.04800033569336,2.438826322555542,1.0694191455841064,81.20000457763672,2.3117472,48.8470658
1705850609057290500,691.6592905273437,45,1.5,1.5108039379119873,7.901000022888184,2.4472010135650635,1.4688820838928223,81.20000457763672,2.311749,48.8470783
1705850609563135000,692.1651350097657,45,1.5,1.5108039379119873,6.7779998779296875,2.449942111968994,1.955887794494629,81.20000457763672,2.3117521,48.8470976
1705850610149575700,692.7515756835937,45,1.5,1.5227662324905396,6.831999778747559,2.444474458694458,2.9249274730682373,81.20000457763672,2.3117569,48.8471071
1705850610669357000,693.2713571777343,45,1.5,1.5227662324905396,6.84499979019165,2.434222936630249,4.126791477203369,81.20000457763672,2.3117646,48.8471238
1705850611205169200,693.8071691894531,45,1.5,1.551099419593811,6.829999923706055,2.440669059753418,4.8777971267700195,81.20000457763672,2.3117711,48.847134
1705850611718234600,694.3202346191406,45,1.5,1.551099419593811,6.883999824523926,2.450901985168457,5.454590797424316,81.20000457763672,2.3117773,48.8471444
1705850612260762400,694.8627624511719,45,1.5,1.5882996320724487,6.960000038146973,2.455414056777954,5.812319755554199,81.20000457763672,2.3117833,48.8471612
1705850612838150100,695.4401501464844,45,1.5,1.5882996320724487,7.072000026702881,2.463709592819214,6.033263206481934,81.20000457763672,2.3117875,48.8471717
1705850613433644000,696.0356440429688,45,1.5,1.6004265546798706,7.158999919891357,2.4666645526885986,6.089094161987305,81.20000457763672,2.3117916,48.8471895
1705850613998345200,696.6003452148437,45,1.5,1.6004265546798706,7.260000228881836,2.4723119735717773,6.022953033447266,81.20000457763672,2.3117935,48.8472
1705850614606525700,697.2085256347656,45,1.5,1.6114559173583984,7.421000003814697,2.4748241901397705,5.883395671844482,81.20000457763672,2.3117966,48.8472165
1705850615117154600,697.7191545410157,45,1.5,1.6289499998092651,7.540999889373779,2.477292537689209,5.786252498626709,81.20000457763672,2.3117983,48.8472264
1705850615662119200,698.264119140625,45,1.5,1.6289499998092651,7.598999977111816,2.478214979171753,5.692327499389648,81.20000457763672,2.3118004,48.8472428
1705850616217538600,698.8195385742188,45,1.5,1.7980815172195435,7.604000091552734,2.4842519760131836,5.760117530822754,81.20000457763672,2.3118036,48.8472524
1705850616717713000,699.319712890625,45,1.5,1.7980815172195435,7.6570000648498535,2.4872865676879883,5.887324333190918,81.20000457763672,2.3118078,48.8472691
1705850617304153600,699.9061535644531,45,1.5,1.8090091943740845,7.638000011444092,2.491255044937134,5.944700717926025,81.20000457763672,2.3118115,48.8472792
1705850617890594600,700.4925944824219,45,1.5,1.8160098791122437,7.658999919891357,2.495703935623169,5.943011283874512,81.20000457763672,2.3118155,48.8472939
1705850618477348000,701.0793481445312,45,1.5,1.8160098791122437,7.636000156402588,2.498818874359131,5.803194046020508,81.20000457763672,2.3118168,48.8473061
1705850619063476500,701.6654765625,45,1.5,1.744861364364624,7.690000057220459,2.50270414352417,5.862039089202881,81.20000457763672,2.3118209,48.8473236
1705850619618257000,702.2202568359374,45,1.5,1.744861364364624,7.729000091552734,2.5095527172088623,5.928974151611328,81.20000457763672,2.3118233,48.8473335
1705850620119070200,702.7210703125,45,1.5,1.8624972105026245,7.741000175476074,2.5086278915405273,6.040939807891846,81.20000457763672,2.3118277,48.8473493
1705850620669357000,703.2713571777343,45,1.5,1.8624972105026245,7.817999839782715,2.51045560836792,6.193975925445557,81.20000457763672,2.3118309,48.8473585
1705850621174664000,703.7766638183593,45,1.5,1.8745627403259277,7.788000106811523,2.51261830329895,6.42190408706665,81.20000457763672,2.3118355,48.8473757
1705850621761105000,704.3631049804687,45,1.5,1.8745627403259277,7.743000030517578,2.518799304962158,6.6914873123168945,81.20000457763672,2.311839,48.8473853
1705850622347546000,704.9495461425781,45,1.5,1.8856914043426514,7.75,2.5283265113830566,6.758436679840088,81.20000457763672,2.3118444,48.8474036
1705850622933987000,705.5359870605469,45,1.5,1.8856914043426514,7.74399995803833,2.540290117263794,6.66903018951416,81.20000457763672,2.3118473,48.8474152
1705850623520428000,706.1224279785156,45,1.5,1.6730406284332275,7.8460001945495605,2.5449085235595703,6.6445417404174805,81.20000457763672,2.3118512,48.8474329
1705850624116546300,706.7185463867188,45,1.5,1.6770575046539307,7.8470001220703125,2.550286293029785,6.759199619293213,81.20000457763672,2.3118548,48.8474437
1705850624669357000,707.2713571777343,45,1.5,1.6770575046539307,7.833000183105469,2.553189992904663,6.883270740509033,81.20000457763672,2.3118594,48.8474626
1705850625298224400,707.9002243652344,45,1.5,1.6891562938690186,7.938000202178955,2.5568768978118896,6.974332809448242,81.20000457763672,2.3118625,48.8474728
1705850625866192000,708.4681918945313,45,1.5,1.6891562938690186,7.960000038146973,2.560117721557617,7.01247501373291,81.20000457763672,2.3118666,48.8474896
1705850626376750000,708.97875,45,1.5,1.6991591453552246,7.908999919891357,2.56457781791687,6.990959167480469,81.20000457763672,2.3118691,48.8474996
1705850626921785900,709.5237858886719,45,1.5,1.6816699504852295,8.01200008392334,2.56840181350708,7.0595927238464355,81.20000457763672,2.3118726,48.8475144
1705850627476641800,710.0786418457031,45,1.5,1.6816699504852295,8.050999641418457,2.5639700889587402,6.988386631011963,81.20000457763672,2.3118723,48.8475255
1705850627977379600,710.5793796386719,45,1.5,1.7187107801437378,8.168000221252441,2.5609662532806396,6.928955554962158,81.20000457763672,2.3118725,48.8475368
1705850628563820800,711.1658208007813,45,1.5,1.7187107801437378,8.204000473022461,2.568180561065674,6.95350456237793,81.20000457763672,2.3118761,48.8475527
1705850629150262000,711.7522619628907,45,1.5,1.7316964864730835,8.168000221252441,2.5616211891174316,7.090014457702637,81.20000457763672,2.3118797,48.8475674
1705850629669357000,712.2713571777343,45,1.5,1.7316964864730835,8.140999794006348,2.5597150325775146,7.241906642913818,81.20000457763672,2.3118824,48.8475757
1705850630205855700,712.8078557128906,45,1.5,1.7987089157104492,8.020000457763672,2.5580501556396484,7.385704040527344,81.20000457763672,2.3118846,48.847591
1705850630792297000,713.394296875,45,1.5,1.7987089157104492,7.995999813079834,2.5617661476135254,7.51710319519043,81.20000457763672,2.3118867,48.8476006
1705850631378738000,713.9807380371094,45,1.5,1.755181908607483,7.9670000076293945,2.561243772506714,7.645608901977539,81.20000457763672,2.3118902,48.8476168
1705850631938265900,714.5402658691406,45,1.5,1.755181908607483,8.017999649047852,2.564333915710449,7.747206687927246,81.20000457763672,2.3118926,48.8476261
1705850632551620000,715.1536201171875,45,1.5,1.8101346492767334,8.024999618530273,2.5590901374816895,7.583436489105225,81.20000457763672,2.3118953,48.8476412
1705850633057634600,715.6596345214843,45,1.5,1.9414174556732178,7.920000076293945,2.5577516555786133,7.403506278991699,81.20000457763672,2.3118958,48.8476492
1705850633607214000,716.2092141113282,45,1.5,1.9414174556732178,7.922999858856201,2.5560483932495117,7.263620376586914,81.20000457763672,2.3118975,48.8476648
1705850634156892000,716.7588918457031,45,1.5,1.976047396659851,7.848999977111816,2.545138359069824,7.159084796905518,81.20000457763672,2.3118981,48.847673
1705850634662807800,717.2648078613281,45,1.5,1.976047396659851,7.802999973297119,2.5321803092956543,7.103780269622803,81.20000457763672,2.3119004,48.847689
1705850635249249000,717.8512490234375,45,1.5,2.016484498977661,7.769000053405762,2.532487154006958,6.939604759216309,81.20000457763672,2.3118995,48.8476969
1705850635835690000,718.4376899414062,45,1.5,2.0190463066101074,7.755000114440918,2.533231258392334,6.704586982727051,81.20000457763672,2.3119001,48.8477121
1705850636397810200,718.9998100585938,45,1.5,2.0190463066101074,7.802000045776367,2.5336241722106934,6.607794761657715,81.20000457763672,2.3119011,48.8477221
1705850636970306000,719.5723061523438,45,1.5,2.104557514190674,7.659999847412109,2.5334627628326416,6.361717700958252,81.20000457763672,2.311902,48.8477344
1705850637477725000,720.0797248535156,45,1.5,2.104557514190674,7.6620001792907715,2.5346906185150146,6.1294755935668945,81.20000457763672,2.3119026,48.8477468
1705850638064166000,720.6661657714844,45,1.5,2.1176044940948486,7.559999942779541,2.5315306186676025,6.036607265472412,81.20000457763672,2.3119049,48.8477621
1705850638657938000,721.2599379882812,45,1.5,2.1176044940948486,7.5289998054504395,2.5349295139312744,5.974852085113525,81.20000457763672,2.311906,48.8477711
1705850639237048000,721.8390480957031,45,1.5,2.083071231842041,7.535999774932861,2.532968044281006,6.130466461181641,81.20000457763672,2.3119097,48.8477873
1705850639777066800,722.3790666503907,45,1.5,2.083071231842041,7.561999797821045,2.534381866455078,6.276926517486572,81.20000457763672,2.3119126,48.847797
1705850640292641800,722.8946418457032,45,1.5,2.094003200531006,7.660999774932861,2.52793288230896,6.524825096130371,81.20000457763672,2.311915,48.8478121
1705850640879083000,723.4810830078125,45,1.5,2.094003200531006,7.7129998207092285,2.5265586376190186,6.846194744110107,81.20000457763672,2.3119172,48.8478208
1705850641465524000,724.0675239257813,45,1.5,1.9513444900512695,7.723999977111816,2.5221314430236816,7.267766952514648,81.20000457763672,2.3119244,48.8478374
1705850641971092000,724.5730920410156,45,1.5,1.888218641281128,7.734000205993652,2.5216033458709717,7.288330554962158,81.20000457763672,2.3119259,48.8478428
1705850642521117700,725.1231176757813,45,1.5,1.888218641281128,7.741000175476074,2.51898193359375,7.3030500411987305,81.20000457763672,2.3119298,48.84786
1705850643107559000,725.7095588378907,45,1.5,1.9032074213027954,7.818999767303467,2.5133605003356934,7.310014724731445,81.20000457763672,2.3119317,48.8478736
1705850643669357000,726.2713571777343,45,1.5,1.9032074213027954,7.9079999923706055,2.513728618621826,7.356794834136963,81.20000457763672,2.3119328,48.8478817
1705850644298480600,726.9004807128906,45,1.5,1.899674892425537,7.9019999504089355,2.5153422355651855,7.637497425079346,81.20000457763672,2.3119366,48.8478917
1705850644866882000,727.4688820800782,45,1.5,1.8673309087753296,7.948999881744385,2.5166449546813965,7.887539386749268,81.20000457763672,2.311942,48.8479076
1705850645439816700,728.0418166503906,45,1.5,1.8673309087753296,8.00100040435791,2.519777536392212,7.8055419921875,81.20000457763672,2.3119437,48.847919
1705850645969723000,728.5717229003906,45,1.5,1.9023163318634033,7.954999923706055,2.5209457874298096,7.759390830993652,81.20000457763672,2.3119429,48.8479309
1705850646508916700,729.1109167480469,45,1.5,1.9023163318634033,7.955999851226807,2.5230093002319336,7.776838779449463,81.20000457763672,2.3119437,48.847944
1705850647095357700,729.6973576660156,45,1.5,1.8936811685562134,8.04800033569336,2.5217883586883545,7.783241271972656,81.20000457763672,2.3119462,48.8479598
1705850647669357000,730.2713571777343,45,1.5,1.9070874452590942,8.177000045776367,2.520660877227783,7.840559005737305,81.20000457763672,2.311949,48.8479746
1705850648268240000,730.8702399902344,45,1.5,1.9070874452590942,8.234999656677246,2.5192058086395264,7.881268501281738,81.20000457763672,2.3119483,48.847984
1705850648798447600,731.4004475097656,45,1.5,1.9070874452590942,8.343999862670898,2.5204925537109375,7.928279399871826,81.20000457763672,2.311949,48.847994
1705850649323833600,731.9258334960938,45,1.5,1.9189893007278442,8.508000373840332,2.5165817737579346,8.696958541870117,81.20000457763672,2.3119545,48.8480089
1705850649897949400,732.4999494628906,45,1.5,1.9189893007278442,8.567999839782715,2.517181396484375,9.472064971923828,81.20000457763672,2.3119598,48.8480172
1705850650496715300,733.0987153320312,45,1.5,1.941320776939392,8.906000137329102,2.507030725479126,10.478998184204102,81.20000457763672,2.3119686,48.8480333
1705850651036754700,733.6387546386719,45,1.5,1.9111257791519165,9.114999771118164,2.4973907470703125,10.653580665588379,81.20000457763672,2.3119727,48.8480396
1705850651552309000,734.1543090820312,45,1.5,1.9111257791519165,9.317999839782715,2.486715793609619,10.793980598449707,81.20000457763672,2.3119791,48.848054
1705850652138749700,734.7407497558594,45,1.5,1.9808642864227295,9.312000274658203,2.4776079654693604,10.407785415649414,81.20000457763672,2.3119795,48.8480612
1705850652669357000,735.2713571777343,45,1.5,1.9808642864227295,9.37600040435791,2.46760892868042,9.963473320007324,81.20000457763672,2.3119813,48.8480764
1705850653194343200,735.7963432617188,45,1.5,2.009082794189453,9.383999824523926,2.4522242546081543,10.064735412597656,81.20000457763672,2.3119824,48.8480824
1705850653780783900,736.3827839355469,45,1.5,2.048279047012329,9.475000381469727,2.4373738765716553,10.380758285522461,81.20000457763672,2.3119858,48.8480947
1705850654367224800,736.9692248535156,45,1.5,2.048279047012329,9.520999908447266,2.424445152282715,10.561864852905273,81.20000457763672,2.3119886,48.8481026
1705850654953665500,737.5556655273438,45,1.5,2.0724472999572754,9.664999961853027,2.414095163345337,10.639949798583984,81.20000457763672,2.3119925,48.8481146
1705850655539117300,738.1411174316406,45,1.5,2.0724472999572754,9.675999641418457,2.3985941410064697,10.547703742980957,81.20000457763672,2.3119938,48.8481248
1705850656126554600,738.7285546875,45,1.5,2.1661341190338135,9.536999702453613,2.3789825439453125,10.953811645507812,81.20000457763672,2.3119964,48.848136
1705850656637702000,739.2397019042969,45,1.5,2.1661341190338135,9.560999870300293,2.3638992309570312,11.414600372314453,81.20000457763672,2.3119988,48.8481426
1705850657182148000,739.7841481933593,45,1.5,1.2913516759872437,9.60200023651123,2.34426212310791,11.976102828979492,81.20000457763672,2.3120043,48.8481554
1705850657778380800,740.380380859375,45,1.5,1.2913516759872437,9.63599967956543,2.331315517425537,12.31138801574707,81.20000457763672,2.3120083,48.8481624
1705850658355029200,740.957029296875,45,1.5,1.2962263822555542,9.61400032043457,2.335653066635132,11.822183609008789,81.20000457763672,2.3120103,48.8481754
1705850658898325000,741.5003249511718,45,1.5,1.2962263822555542,9.508999824523926,2.344573974609375,11.288553237915039,81.20000457763672,2.3120097,48.8481832
1705850659410622500,742.0126225585938,45,1.5,1.2577582597732544,9.399999618530273,2.325556993484497,10.806941986083984,81.20000457763672,2.3120105,48.8481962
1705850659968909000,742.5709089355469,45,1.5,1.207867980003357,9.310999870300293,2.2984821796417236,10.360514640808105,81.20000457763672,2.3120095,48.8482
1705850660583504000,743.18550390625,45,1.5,1.207867980003357,9.11299991607666,2.272017478942871,9.96761703491211,81.20000457763672,2.3120111,48.8482141
1705850661169944300,743.7719443359375,45,1.5,1.1296360492706299,8.977999687194824,2.2430222034454346,9.16952896118164,81.20000457763672,2.3120068,48.848225
1705850661756385000,744.3583850097656,45,1.5,1.1296360492706299,8.864999771118164,2.2222743034362793,8.494508743286133,81.20000457763672,2.3120029,48.8482324
1705850662296323800,744.8983237304687,45,1.5,1.1266082525253296,8.767000198364258,2.2091381549835205,7.787193298339844,81.20000457763672,2.3119993,48.8482392
1705850662811978000,745.4139780273438,45,1.5,1.122788906097412,8.427000045776367,2.1971871852874756,7.148287296295166,81.20000457763672,2.311997,48.8482517
1705850663398418400,746.0004184570313,45,1.5,1.122788906097412,8.378999710083008,2.182533025741577,6.736993312835693,81.20000457763672,2.3119933,48.8482594
1705850663984859000,746.5868588867188,45,1.5,1.1228440999984741,8.324000358581543,2.1713409423828125,6.439687728881836,81.20000457763672,2.3119913,48.8482703
1705850664556635100,747.1586352539063,45,1.5,1.1228440999984741,8.309000015258789,2.155970811843872,6.63801383972168,81.20000457763672,2.3119924,48.8482795
1705850665157739500,747.7597395019532,45,1.5,1.081740379333496,8.166999816894531,2.1395599842071533,6.580411434173584,81.20000457763672,2.3119902,48.8482899
1705850665658582500,748.2605825195312,45,1.5,1.081740379333496,8.114999771118164,2.1290271282196045,6.5788140296936035,81.20000457763672,2.3119892,48.8482962
1705850666213332000,748.81533203125,45,1.5,1.095942497253418,8.032999992370605,2.1169300079345703,6.397079944610596,81.20000457763672,2.3119889,48.848309
1705850666777744100,749.379744140625,45,1.5,1.095942497253418,7.97599983215332,2.1096410751342773,6.22157096862793,81.20000457763672,2.3119882,48.8483171
1705850667386212400,749.9882124023437,45,1.5,1.0955144166946411,8.994999885559082,2.0750534534454346,5.578119277954102,81.20000457763672,2.3119892,48.8483299
1705850667972652500,750.5746525878906,45,1.5,1.0901403427124023,10.083000183105469,2.043454885482788,4.963772296905518,81.20000457763672,2.311989,48.8483376
1705850668559092700,751.1610927734375,45,1.5,1.0901403427124023,11.345000267028809,2.031902313232422,4.799457550048828,81.20000457763672,2.3119899,48.8483486
1705850669145533000,751.7475329589844,45,1.5,1.095815896987915,12.47700023651123,1.9759278297424316,5.104336738586426,81.20000457763672,2.3119906,48.8483598
1705850669669357000,752.2713571777343,45,1.5,1.095815896987915,13.552000045776367,1.9253655672073364,5.349720478057861,81.20000457763672,2.3119906,48.8483648
1705850670201125000,752.803125,45,1.5,1.1959905624389648,14.64799976348877,1.9253604412078857,5.978857040405273,81.20000457763672,2.3119927,48.848375
1705850670787565300,753.3895654296875,45,1.5,1.1959905624389648,15.774999618530273,1.9280472993850708,6.6190876960754395,81.20000457763672,2.3119951,48.8483803
1705850671958837200,754.5608371582031,45,1.5,1.3626281023025513,17.895999908447266,1.9255731105804443,6.844618320465088,81.20000457763672,2.3120001,48.8483983
1705850672546885600,755.1488857421875,45,1.5,1.225022792816162,17.929000854492188,1.9176777601242065,6.6105852127075195,81.20000457763672,2.3120018,48.8484094
1705850673057424000,755.659423828125,45,1.5,1.2191354036331177,18.013999938964844,1.9147019386291504,6.20282506942749,81.20000457763672,2.3120005,48.8484157
1705850673602477800,756.2044777832032,45,1.5,1.2211707830429077,17.917999267578125,1.9112892150878906,5.782098293304443,81.20000457763672,2.3120004,48.8484311
1705850674177104400,756.7791044921875,45,1.5,1.2211707830429077,17.895000457763672,1.9120995998382568,5.04393196105957,81.20000457763672,2.3119958,48.8484364
1705850674775358000,757.3773579101562,45,1.5,1.2211707830429077,17.868000030517578,1.9137814044952393,4.329922199249268,81.20000457763672,2.3119925,48.8484515
1705850675318133500,757.9201335449219,45,1.5,1.2306122779846191,17.899999618530273,1.9125458002090454,4.679922580718994,81.20000457763672,2.3119913,48.8484596
1705850675830950100,758.4329501953125,45,1.5,1.3391878604888916,18.027000427246094,1.9126739501953125,4.9654130935668945,81.20000457763672,2.3119913,48.8484727
1705850676397879300,758.9998793945313,45,1.5,1.3391878604888916,18.031999588012695,1.9091336727142334,5.199527740478516,81.20000457763672,2.31199,48.8484808
1705850676974713600,759.5767136230469,45,1.5,1.3702369928359985,18.187999725341797,1.9262876510620117,5.037491798400879,81.20000457763672,2.3119879,48.8484929
1705850677517438500,760.1194384765626,45,1.5,1.3702369928359985,18.211000442504883,1.9431174993515015,4.863774299621582,81.20000457763672,2.3119862,48.8485048
1705850678059422500,760.6614223632813,45,1.5,1.3846392631530762,18.28499984741211,1.9572153091430664,4.758209228515625,81.20000457763672,2.3119846,48.8485198
1705850678638361000,761.2403610839843,45,1.5,1.3846392631530762,18.371999740600586,1.9714378118515015,4.71581506729126,81.20000457763672,2.3119829,48.8485292
1705850679232302600,761.8343024902343,45,1.5,1.3847837448120117,18.45800018310547,1.9876481294631958,4.538050174713135,81.20000457763672,2.3119823,48.8485444
1705850679738253000,762.3402531738282,45,1.5,1.3847837448120117,18.466999053955078,2.003990650177002,4.380950450897217,81.20000457763672,2.3119809,48.8485537
1705850680837576700,763.4395766601563,45,1.5,1.2843199968338013,18.756999969482422,2.0287795066833496,4.329105377197266,81.20000457763672,2.3119817,48.8485772
1705850681343487200,763.9454873046875,45,1.5,1.2590452432632446,18.990999221801758,2.061115026473999,4.488382339477539,81.20000457763672,2.3119842,48.848596
1705850681929927400,764.5319274902344,45,1.5,1.2590452432632446,19.2189998626709,2.0910937786102295,4.620154857635498,81.20000457763672,2.3119854,48.8486071
1705850682516367600,765.1183676757812,45,1.5,1.199392557144165,19.448999404907227,2.1277995109558105,4.7904815673828125,81.20000457763672,2.3119902,48.8486271
1705850683118379500,765.7203796386718,45,1.5,1.1766964197158813,19.36400032043457,2.169121265411377,4.914673805236816,81.20000457763672,2.3119941,48.8486414
1705850683669357000,766.2713571777343,45,1.5,1.1766964197158813,19.356000900268555,2.207430362701416,5.038285255432129,81.20000457763672,2.3119989,48.8486622
1705850684275688000,766.8776879882812,45,1.5,1.1586146354675293,19.371999740600586,2.2474653720855713,4.993021488189697,81.20000457763672,2.3120026,48.8486839
1705850684862128000,767.4641281738282,45,1.5,1.1586146354675293,19.40999984741211,2.2840793132781982,4.953482627868652,81.20000457763672,2.312005,48.8486985
1705850685377799000,767.979798828125,45,1.5,1.1533087491989136,19.222999572753906,2.309278964996338,4.760378360748291,81.20000457763672,2.3120057,48.8487136
1705850685917720600,768.5197204589844,45,1.5,1.1088122129440308,18.98699951171875,2.3312172889709473,4.536113739013672,81.20000457763672,2.3120066,48.8487315
1705850686477938000,769.0799379882812,45,1.5,1.1088122129440308,18.83099937438965,2.3501737117767334,4.618775844573975,81.20000457763672,2.3120076,48.8487485
1705850687090601000,769.6926010742187,45,1.5,1.109818458557129,18.506999969482422,2.364840030670166,4.650668621063232,81.20000457763672,2.3120088,48.8487682
1705850687669357000,770.2713571777343,45,1.5,1.109818458557129,18.27199935913086,2.3770742416381836,4.762731075286865,81.20000457763672,2.3120103,48.8487882
1705850688263481300,770.8654814453125,45,1.5,1.1312400102615356,18.13800048828125,2.3908817768096924,4.706737995147705,81.20000457763672,2.3120103,48.8488006
1705850688849921800,771.451921875,45,1.5,1.1297348737716675,18.045000076293945,2.4030473232269287,4.559557914733887,81.20000457763672,2.3120109,48.8488174
1705850689436313600,772.0383137207032,45,1.5,1.1297348737716675,18.047000885009766,2.4126250743865967,4.971263885498047,81.20000457763672,2.3120128,48.8488303
1705850689968889600,772.5708896484375,45,1.5,1.0959620475769043,17.93000030517578,2.4123528003692627,5.982057094573975,81.28400171153922,2.3120182,48.8488439
1705850690491954400,773.0939543457031,45,1.5,1.0959620475769043,17.825000762939453,2.4121475219726562,6.984318256378174,81.28400171153922,2.3120247,48.8488583
1705850691078394600,773.68039453125,45,1.5,1.099118947982788,17.726999282836914,2.4189302921295166,7.366774082183838,81.38014976884025,2.3120287,48.8488757
1705850691664834800,774.2668347167969,45,1.5,1.3117445707321167,17.732999801635742,2.424952268600464,7.802947998046875,81.398873465111,2.312033,48.8488908
1705850692251275000,774.8532749023437,45,1.5,1.3117445707321167,17.70800018310547,2.4235098361968994,7.922748565673828,81.398873465111,2.312036,48.8489019
1705850692837933800,775.4399338378906,45,1.5,1.3117445707321167,17.677000045776367,2.423358917236328,8.011212348937988,81.398873465111,2.3120387,48.8489104
1705850693424155600,776.0261557617188,45,1.5,1.3194453716278076,17.7450008392334,2.424067258834839,7.792851448059082,81.46212950248102,2.3120398,48.848928
1705850693998424000,776.6004240722656,45,1.5,1.3194453716278076,17.858999252319336,2.425446033477783,7.618173599243164,81.46212950248102,2.3120396,48.848938
1705850694597036000,777.1990361328125,45,1.5,1.1562373638153076,17.990999221801758,2.424199104309082,7.521841049194336,81.69049353548075,2.3120409,48.8489549
1705850695117305000,777.7193051757813,45,1.5,1.1473720073699951,18.10099983215332,2.399289846420288,7.0664286613464355,81.72945960440002,2.3120382,48.8489614
1705850695652628500,778.2546284179688,45,1.5,1.1473720073699951,18.225000381469727,2.3748531341552734,6.595367431640625,81.72945960440002,2.312037,48.8489762
1705850696239068700,778.8410686035156,45,1.5,1.1468483209609985,18.46500015258789,2.350404739379883,6.011930465698242,81.79423476578569,2.3120347,48.8489892
1705850696825508900,779.4275087890625,45,1.5,1.1395094394683838,18.638999938964844,2.330634593963623,5.527103424072266,81.75375023175368,2.3120319,48.8489954
1705850697379470800,779.9814709472656,45,1.5,1.1395094394683838,18.774999618530273,2.3143839836120605,5.026469707489014,81.75375023175368,2.3120289,48.8490034
1705850697881101000,780.4831010742188,45,1.5,1.228272795677185,18.989999771118164,2.2986104488372803,4.551228046417236,81.79423476578569,2.3120268,48.849015
1705850698467541500,781.0695415039063,45,1.5,1.228272795677185,18.88599967956543,2.283574342727661,4.225221633911133,81.79423476578569,2.3120245,48.8490242
1705850698972827600,781.5748276367187,45,1.5,1.2262576818466187,18.98699951171875,2.2290735244750977,4.642375469207764,81.83320131291069,2.3120233,48.8490305
1705850699523133700,782.1251337890625,45,1.5,1.2262576818466187,19.066999435424805,2.1775028705596924,5.047152996063232,81.83320131291069,2.3120234,48.8490407
1705850700109574000,782.7115739746093,45,1.5,1.2636802196502686,19.07200050354004,2.1177186965942383,5.813015460968018,81.93896856055262,2.3120256,48.8490506
1705850700669357000,783.2713571777343,45,1.5,1.2361915111541748,19.054000854492188,2.062288761138916,6.5778398513793945,81.80220207212265,2.3120292,48.8490578
1705850701282454300,783.8844543457031,45,1.5,1.2361915111541748,19.229000091552734,2.064470052719116,7.200283050537109,81.80220207212265,2.3120315,48.849066
1705850701878708200,784.4807082519532,45,1.5,1.2361915111541748,19.327999114990234,2.06827712059021,7.8341474533081055,81.80220207212265,2.3120348,48.8490724
1705850702455334700,785.0573347167968,45,1.5,1.241227626800537,19.448999404907227,2.072033643722534,8.503066062927246,81.86242468219733,2.3120397,48.849085
1705850702997641500,785.5996413574219,45,1.5,1.241227626800537,19.791000366210938,2.0768637657165527,9.152127265930176,81.86242468219733,2.3120438,48.8490906
1705850703510926600,786.1129265136718,45,1.5,1.2382190227508545,20.04400062561035,2.083798408508301,9.883118629455566,81.84116959435653,2.3120498,48.8491039
1705850704097366800,786.6993666992188,45,1.5,1.1803041696548462,20.10099983215332,2.0644071102142334,10.35279655456543,81.86394290480186,2.3120519,48.8491095
1705850704669357000,787.2713571777343,45,1.5,1.1803041696548462,20.131000518798828,2.0457558631896973,10.847423553466797,81.86394290480186,2.312056,48.8491212
1705850705258595600,787.860595703125,45,1.5,1.1581382751464844,20.121000289916992,2.0429413318634033,10.71972370147705,81.86394290480186,2.3120577,48.8491277
1705850705856687000,788.4586870117188,45,1.5,1.1581382751464844,20.417999267578125,2.0412580966949463,10.536720275878906,81.86394290480186,2.3120612,48.8491411
1705850706397223200,788.9992231445312,45,1.5,1.1593528985977173,20.27899932861328,2.0331711769104004,10.4251127243042,81.96768876208822,2.3120603,48.8491465
1705850706912279300,789.514279296875,45,1.5,1.1399072408676147,20.03700065612793,2.0260846614837646,10.337092399597168,81.99451106892124,2.3120606,48.8491555
1705850707498719500,790.1007194824218,45,1.5,1.1399072408676147,19.80299949645996,2.0156311988830566,10.387276649475098,81.99451106892124,2.3120632,48.8491692
1705850708085159400,790.6871594238281,45,1.5,1.098474383354187,19.617000579833984,2.008108377456665,10.438254356384277,82.03499773098915,2.3120629,48.8491749
1705850708637993000,791.2399929199219,45,1.5,1.098474383354187,19.628000259399414,2.003201961517334,10.473761558532715,82.03499773098915,2.3120631,48.8491808
1705850709140752000,791.742751953125,45,1.5,1.1019004583358765,19.534000396728516,1.9949109554290771,10.842045783996582,81.96414619962334,2.3120652,48.8491918
1705850709669357000,792.2713571777343,45,1.5,1.1019004583358765,19.584999084472656,1.989078402519226,11.187173843383789,81.96414619962334,2.3120665,48.8491982
1705850710196344300,792.7983442382813,45,1.5,1.129644513130188,19.54199981689453,1.9748998880386353,11.828507423400879,81.96414619962334,2.3120695,48.8492077
1705850710782784500,793.3847844238281,45,1.5,1.129644513130188,19.540000915527344,1.9644147157669067,12.41710376739502,81.96414619962334,2.3120713,48.8492128
1705850711369224700,793.971224609375,45,1.5,1.1249841451644897,19.51099967956543,1.961270809173584,12.53151798248291,82.08965503236936,2.3120732,48.8492239
1705850711955665200,794.5576650390625,45,1.5,1.1159169673919678,19.64299964904785,1.9601486921310425,12.715983390808105,82.04714376742099,2.312074,48.8492293
1705850712542105300,795.1441052246093,45,1.5,1.1159169673919678,19.65999984741211,1.9529799222946167,13.006187438964844,82.04714376742099,2.312077,48.8492409
1705850713117162500,795.7191625976562,45,1.5,1.2534703016281128,19.836999893188477,1.9848709106445312,12.817268371582031,82.10888638912517,2.3120765,48.8492476
1705850713669357000,796.2713571777343,45,1.5,1.2534703016281128,19.976999282836914,2.0164904594421387,12.644102096557617,82.10888638912517,2.3120792,48.8492611
1705850714184138000,796.7861379394532,45,1.5,1.3185471296310425,19.84000015258789,2.0137312412261963,12.97458267211914,82.08965503236936,2.3120798,48.8492674
1705850714770578200,797.372578125,45,1.5,1.3185471296310425,19.729999542236328,2.0107169151306152,13.265928268432617,82.08965503236936,2.3120828,48.8492804
1705850715357022700,797.9590227050782,45,1.5,1.3194090127944946,19.679000854492188,2.018544912338257,13.20980453491211,82.11242901224715,2.3120816,48.849287
1705850715943463000,798.545462890625,45,1.5,1.2975804805755615,19.607999801635742,2.026925563812256,13.178841590881348,82.12811778963388,2.312083,48.8492978
1705850716456481300,799.0584812011718,45,1.5,1.2975804805755615,19.63599967956543,2.036914110183716,12.830863952636719,82.12811778963388,2.3120832,48.8493086
1705850716968733400,799.5707333984375,45,1.5,1.201716661453247,19.548999786376953,2.053415060043335,12.51684284210205,82.29665616487644,2.3120848,48.8493214
1705850717558582000,800.16058203125,45,1.5,1.201716661453247,19.395000457763672,2.069725275039673,12.290120124816895,82.29665616487644,2.3120871,48.8493359
1705850718171936300,800.7739362792969,45,1.5,1.205697774887085,19.134000778198242,2.091013193130493,12.195003509521484,82.31436942471012,2.3120896,48.8493545
1705850718678788000,801.2807880859375,45,1.5,1.205697774887085,19.086999893188477,2.110832929611206,12.207341194152832,82.31436942471012,2.3120906,48.8493659
1705850719227529000,801.8295290527344,45,1.5,1.218867301940918,18.91900062561035,2.1155507564544678,12.218141555786133,82.29665616487644,2.3120932,48.8493826
1705850719796835300,802.3988354492187,45,1.5,1.218867301940918,18.933000564575195,2.1204564571380615,12.19714069366455,82.29665616487644,2.3120941,48.8493927
1705850720400409900,803.0024099121093,45,1.5,1.286104679107666,18.715999603271484,2.1267919540405273,12.080471992492676,82.29463179468742,2.3120968,48.8494114
1705850720937977000,803.5399770507812,45,1.5,1.286104679107666,18.59000015258789,2.133305072784424,11.974122047424316,82.29463179468742,2.3120971,48.8494226
1705850721456002600,804.0580024414063,45,1.5,1.2877380847930908,18.356000900268555,2.1362595558166504,11.963923454284668,82.35839968852473,2.3120986,48.8494403
1705850721970111000,804.5721110839844,45,1.5,1.3050034046173096,18.33099937438965,2.132261276245117,11.876352310180664,82.35839968852473,2.3120965,48.8494465
1705850722511595500,805.1135954589844,45,1.5,1.3050034046173096,18.299999237060547,2.1280341148376465,11.793644905090332,82.35839968852473,2.3120984,48.849464
1705850723098036000,805.7000358886719,45,1.5,1.3053756952285767,18.33099937438965,2.1292014122009277,11.274789810180664,82.35839968852473,2.3120972,48.8494723
1705850723669357000,806.2713571777343,45,1.5,1.3053756952285767,18.33300018310547,2.1293747425079346,10.731343269348145,82.35839968852473,2.312098,48.8494881
1705850724270916900,806.8729167480469,45,1.5,1.2200809717178345,18.393999099731445,2.123452663421631,9.736562728881836,82.23237298544684,2.3120941,48.8494963
1705850724857357600,807.4593576660156,45,1.5,1.2398757934570312,18.357999801635742,2.117938280105591,8.730069160461426,82.22174496973517,2.3120906,48.84951
1705850725458432000,808.0604318847656,45,1.5,1.2398757934570312,18.44099998474121,2.14394211769104,8.67194938659668,82.22174496973517,2.3120892,48.8495226
1705850725971601400,808.5736013183594,45,1.5,1.2398490905761719,18.687999725341797,2.1515042781829834,8.669211387634277,82.3077816711487,2.3120885,48.8495348
1705850726499391000,809.1013908691406,45,1.5,1.2398490905761719,18.687999725341797,2.1590654850006104,8.701273918151855,82.3077816711487,2.3120888,48.8495486
1705850727085831700,809.6878317871094,45,1.5,1.1972877979278564,18.679000854492188,2.1721067428588867,8.59815788269043,82.41001465480244,2.3120886,48.8495655
1705850727678505700,810.2805056152343,45,1.5,1.1972877979278564,18.61400032043457,2.185927152633667,8.517182350158691,82.41001465480244,2.3120877,48.8495756
1705850728258713000,810.8607131347657,45,1.5,1.201223373413086,18.707000732421875,2.194518804550171,8.603263854980469,82.49099215303498,2.3120887,48.849593
1705850728798594800,811.4005947265625,45,1.5,1.201223373413086,18.711999893188477,2.2034590244293213,8.716144561767578,82.49099215303498,2.3120883,48.849604
1705850729314306300,811.9163063964844,45,1.5,1.1802763938903809,18.582000732421875,2.1861767768859863,7.77309513092041,82.41001465480244,2.3120844,48.84962
1705850729900747000,812.5027470703125,45,1.5,1.1802763938903809,18.534000396728516,2.171468496322632,6.90753698348999,82.41001465480244,2.3120798,48.8496294
1705850730487188000,813.0891879882812,45,1.5,1.180018424987793,18.56399917602539,2.168933629989624,6.579003810882568,82.37661166276762,2.3120793,48.8496442
1705850731037836000,813.6398359375,45,1.5,1.1368600130081177,18.58099937438965,2.130732774734497,5.593701362609863,82.39786809697267,2.3120749,48.8496514
1705850731542781400,814.1447814941406,45,1.5,1.1368600130081177,18.61199951171875,2.0948872566223145,4.740164756774902,82.39786809697267,2.3120716,48.8496662
1705850732129222400,814.7312224121093,45,1.5,1.093971610069275,18.499000549316406,2.0911431312561035,3.2546353340148926,82.52389480005056,2.3120632,48.8496737
1705850732669357000,815.2713571777343,45,1.5,1.0788393020629883,18.516000747680664,2.0884056091308594,1.7877223491668701,82.52187037544238,2.3120553,48.8496894
1705850733184816400,815.78681640625,45,1.5,1.0788393020629883,18.599000930786133,2.100658416748047,0.6233813762664795,82.52187037544238,2.3120481,48.849697
1705850733712915700,816.3149157714844,45,1.5,1.0788393020629883,18.69499969482422,2.1150131225585938,359.5627136230469,82.52187037544238,2.3120404,48.8497062
1705850734240410600,816.8424106445312,45,1.5,1.1322951316833496,18.73699951171875,2.1209542751312256,358.82794189453125,82.39078261296495,2.3120331,48.8497217
1705850734777938400,817.3799384765625,45,1.5,1.1322951316833496,18.850000381469727,2.126811981201172,358.1142883300781,82.39078261296495,2.3120264,48.8497309
1705850735296005400,817.8980053710937,45,1.5,1.1326913833618164,18.915000915527344,2.1308860778808594,357.6735534667969,82.53704845121398,2.3120206,48.8497461
1705850735882446800,818.4844467773438,45,1.5,1.188062310218811,18.85300064086914,2.1352415084838867,357.2297058105469,82.7141928779474,2.3120154,48.8497571
1705850736468888600,819.070888671875,45,1.5,1.188062310218811,18.83099937438965,2.128953695297241,357.4460144042969,82.7141928779474,2.3120137,48.8497702
1705850736976983800,819.5789838867188,45,1.5,1.188062310218811,18.80500030517578,2.1239445209503174,357.64605712890625,82.7141928779474,2.3120126,48.8497799
1705850737524483600,820.1264836425781,45,1.5,1.194331169128418,18.979999542236328,2.099968910217285,358.5452880859375,82.86198051077865,2.3120149,48.8497952
1705850738077025800,820.6790258789063,45,1.5,1.095798134803772,19.03499984741211,2.0838470458984375,359.4855651855469,82.93952134490736,2.3120192,48.8498044
1705850738580078800,821.1820788574219,45,1.5,1.095798134803772,18.788999557495117,2.0678935050964355,0.45605137944221497,82.93952134490736,2.312024,48.8498206
1705850739166520800,821.7685207519531,45,1.5,1.1933318376541138,18.72800064086914,2.06500244140625,1.2102253437042236,82.9592602996787,2.3120306,48.8498298
1705850739669357000,822.2713571777343,45,1.5,1.1933318376541138,18.53499984741211,2.0616226196289062,1.9507464170455933,82.9592602996787,2.3120379,48.8498452
1705850740222116400,822.8241164550781,45,1.5,1.1911088228225708,18.51799964904785,2.0760834217071533,2.3338308334350586,82.9592602996787,2.3120437,48.8498554
1705850740808558300,823.4105583496093,45,1.5,1.1720244884490967,18.55299949645996,2.09019136428833,2.6507821083068848,82.96432157755629,2.3120491,48.8498714
1705850741395000300,823.9970002441406,45,1.5,1.1720244884490967,18.291000366210938,2.095918893814087,3.057748556137085,82.96432157755629,2.3120567,48.8498842
1705850741981442300,824.5834423828124,45,1.5,1.121071696281433,18.05299949645996,2.1012141704559326,3.4537882804870605,82.9663460895567,2.3120639,48.8498981
1705850742578276600,825.1802766113282,45,1.5,1.121071696281433,17.951000213623047,2.066957473754883,3.6895647048950195,82.9663460895567,2.3120703,48.8499124
1705850743154326000,825.7563259277343,45,1.5,1.1235570907592773,17.798999786376953,2.068551540374756,3.9870266914367676,83.0559312309718,2.3120782,48.8499287
1705850743678148600,826.2801486816406,45,1.5,1.1235570907592773,17.83799934387207,2.070924758911133,4.243122577667236,83.0559312309718,2.3120846,48.8499393
1705850744209921500,826.8119216308594,45,1.5,1.180239200592041,17.632999420166016,2.0577027797698975,3.7683749198913574,83.09136064492274,2.3120904,48.8499566
1705850744796997000,827.3989970703125,45,1.5,1.180239200592041,17.547000885009766,2.045517683029175,3.293419599533081,83.09136064492274,2.3120942,48.8499666
1705850745382805500,827.9848054199218,45,1.5,1.183332085609436,17.42300033569336,2.023688554763794,2.5461111068725586,83.13691296676727,2.3120968,48.849984
1705850745937468400,828.5394685058594,45,1.5,1.183332085609436,17.402999877929688,2.0045745372772217,1.8556766510009766,83.13691296676727,2.3120978,48.8499941
1705850746438401000,829.0404011230469,45,1.5,1.2047759294509888,17.3700008392334,2.0058956146240234,1.931670069694519,83.20422962511978,2.3121023,48.8500105
1705850746970289700,829.5722895507813,45,1.5,1.2354909181594849,17.340999603271484,1.9881339073181152,2.0347278118133545,83.16525675757762,2.3121081,48.8500193
1705850747493996300,830.0959963378906,45,1.5,1.2354909181594849,17.405000686645508,1.9706536531448364,2.0294129848480225,83.16525675757762,2.3121138,48.8500368
1705850748080438300,830.6824382324219,45,1.5,1.2026039361953735,17.371999740600586,1.9789643287658691,2.0419325828552246,82.96168922037103,2.3121181,48.850048
1705850748666880300,831.2688803710937,45,1.5,1.2026039361953735,17.23200035095215,1.9872359037399292,2.0754332542419434,82.96168922037103,2.312122,48.8500651
1705850749253322200,831.855322265625,45,1.5,1.2024484872817993,17.290000915527344,1.9872403144836426,2.211214542388916,82.89133605727838,2.3121258,48.8500748
1705850749839764200,832.4417641601563,45,1.5,1.1929107904434204,17.44700050354004,1.9870692491531372,2.1606991291046143,82.89133605727838,2.3121295,48.85009
1705850750416664800,833.0186647949218,45,1.5,1.1929107904434204,17.507999420166016,1.9922908544540405,1.9839516878128052,82.89133605727838,2.312132,48.8501023
1705850750969837800,833.571837890625,45,1.5,1.1951637268066406,17.496000289916992,1.9986090660095215,1.8269826173782349,82.8700783821792,2.3121352,48.8501159
1705850751481801700,834.0838017578125,45,1.5,1.1951637268066406,17.4689998626709,2.005397319793701,1.9047073125839233,82.8700783821792,2.3121382,48.85013
1705850752068243700,834.6702436523437,45,1.5,1.1319003105163574,17.354000091552734,2.016005516052246,1.8427114486694336,82.76632144951606,2.3121415,48.8501468
1705850752637506300,835.2395063476563,45,1.5,1.1319003105163574,17.31599998474121,2.027043581008911,1.745665431022644,82.76632144951606,2.3121437,48.850158
1705850753241127400,835.8431274414063,45,1.5,1.1287037134170532,17.45599937438965,2.03353214263916,1.926425814628601,82.81541603453238,2.3121464,48.8501756
1705850753827569400,836.4295693359375,45,1.5,1.1250375509262085,17.510000228881836,2.0391383171081543,2.188425302505493,82.936888398214,2.3121488,48.8501902
1705850754414011400,837.0160114746094,45,1.5,1.1250375509262085,17.454999923706055,2.045032024383545,2.287348508834839,82.936888398214,2.3121517,48.8502034
1705850754970485000,837.5724851074219,45,1.5,1.1156573295593262,17.367000579833984,2.0547049045562744,2.285686492919922,83.10442189695837,2.3121543,48.8502147
1705850755586895400,838.1888952636718,45,1.5,1.1156573295593262,17.242000579833984,2.064885377883911,2.2140989303588867,83.10442189695837,2.3121567,48.8502309
1705850756173337300,838.7753374023438,45,1.5,1.0817400217056274,17.183000564575195,2.077530860900879,2.246084690093994,83.17325837544975,2.3121589,48.8502482
1705850756759779300,839.361779296875,45,1.5,1.0817400217056274,17.11199951171875,2.089420795440674,2.3384337425231934,83.17325837544975,2.3121609,48.8502591
1705850757346221300,839.9482211914062,45,1.5,1.0809047222137451,17.12700080871582,2.1052165031433105,2.3672149181365967,83.13985236735013,2.3121628,48.850277
1705850757917971500,840.5199714355468,45,1.5,1.0809047222137451,17.125999450683594,2.1195011138916016,2.3446338176727295,83.13985236735013,2.3121641,48.8502883
1705850758519105300,841.1211052246093,45,1.5,1.0819474458694458,17.03700065612793,2.133070945739746,2.2704880237579346,82.97940413788916,2.3121665,48.8503072
1705850759056663800,841.6586638183594,45,1.5,1.0747512578964233,16.9950008392334,2.1455559730529785,2.1552107334136963,82.99357609863168,2.3121676,48.8503172
1705850759574701000,842.176701171875,45,1.5,1.224386215209961,17.04599952697754,2.1571803092956543,2.0694820880889893,82.9467291162085,2.312169,48.8503377
1705850760137782300,842.7397822265625,45,1.5,1.224386215209961,17.04199981689453,2.1706910133361816,1.8970195055007935,82.9467291162085,2.3121693,48.8503446
1705850760669357000,843.2713571777343,45,1.5,1.224386215209961,17.048999786376953,2.1821911334991455,1.7114347219467163,82.9467291162085,2.3121703,48.8503625
1705850761216738600,843.8187385253906,45,1.5,1.2403240203857422,17.052000045776367,2.197293519973755,1.2389758825302124,83.01202196792109,2.31217,48.8503738
1705850761803180500,844.4051806640625,45,1.5,1.2375013828277588,17.172000885009766,2.210970163345337,0.7966253161430359,83.11426450082028,2.3121694,48.8503902
1705850762389622800,844.9916228027344,45,1.5,1.2375013828277588,17.12299919128418,2.2202858924865723,0.3865014910697937,83.11426450082028,2.3121687,48.8504034
1705850762976064500,845.578064453125,45,1.5,1.2294580936431885,17.13599967956543,2.228456735610962,359.9837951660156,83.11426450082028,2.3121674,48.8504174
1705850763558293800,846.1602937011719,45,1.5,1.2294580936431885,17.170000076293945,2.2199156284332275,359.2574157714844,83.11426450082028,2.3121646,48.8504315
1705850764148948500,846.7509484863281,45,1.5,1.3160489797592163,17.156999588012695,2.198244094848633,358.1451416015625,83.21020759877314,2.3121593,48.8504469
1705850764712191000,847.3141909179687,45,1.5,1.3160489797592163,17.239999771118164,2.179917097091675,357.04107666015625,83.21020759877314,2.3121536,48.8504552
1705850765321832400,847.9238325195313,45,1.5,1.3108655214309692,17.333999633789062,2.1480255126953125,356.4051513671875,83.24918161209604,2.3121495,48.8504698
1705850765908274200,848.5102741699219,45,1.5,1.3111152648925781,17.410999298095703,2.1197590827941895,355.8802795410156,83.24918161209604,2.3121454,48.8504805
1705850766494716200,849.0967160644532,45,1.5,1.3111152648925781,17.50200080871582,2.1281375885009766,356.0977783203125,83.24918161209604,2.3121444,48.8504933
1705850767081158000,849.6831579589843,45,1.5,1.3161344528198242,17.69099998474121,2.142862319946289,356.47662353515625,83.32662401597779,2.3121439,48.8505075
1705850767677944000,850.2799440917969,45,1.5,1.3161344528198242,17.96299934387207,2.1589040756225586,356.8349914550781,83.32662401597779,2.3121443,48.8505172
1705850768254041900,850.8560417480469,45,1.5,1.3200095891952515,18.003999710083008,2.1761655807495117,357.27349853515625,83.40204246374151,2.3121466,48.8505344
1705850768818906600,851.4209067382812,45,1.5,1.3200095891952515,17.958999633789062,2.193132162094116,357.6965637207031,83.40204246374151,2.3121493,48.8505447
1705850769426925800,852.02892578125,45,1.5,1.3322572708129883,17.958999633789062,2.202174663543701,358.1572265625,83.29827900152318,2.3121495,48.8505683
1705850769969806300,852.5718063964844,45,1.5,1.1854071617126465,17.986000061035156,2.2134182453155518,358.6504821777344,83.49678493900757,2.3121521,48.850572
1705850770482521300,853.0845212402344,45,1.5,1.1854071617126465,18.013999938964844,2.224679470062256,359.1318054199219,83.49678493900757,2.3121545,48.8505885
1705850771037392600,853.639392578125,45,1.5,1.2692686319351196,18.003000259399414,2.2296650409698486,359.6763610839844,83.42430570460107,2.3121578,48.8505987
1705850771538117000,854.1401171875,45,1.5,1.2692686319351196,18,2.2338099479675293,0.2580427825450897,83.42430570460107,2.3121616,48.8506166
1705850772124559000,854.7265590820313,45,1.5,1.2686015367507935,18.030000686645508,2.2315754890441895,0.3511705994606018,83.41924410487886,2.3121638,48.8506255
1705850772669357000,855.2713571777343,45,1.5,1.2686015367507935,17.844999313354492,2.229091167449951,0.442571759223938,83.41924410487886,2.312166,48.8506413
1705850773180155000,855.7821547851562,45,1.5,1.201831579208374,17.84000015258789,2.218061685562134,0.4409811496734619,83.29321740180097,2.3121673,48.8506511
1705850773698181600,856.300181640625,45,1.5,1.201831579208374,17.924999237060547,2.209172248840332,0.4348631799221039,83.29321740180097,2.3121683,48.8506606
1705850774235750700,856.8377507324219,45,1.5,1.2291159629821777,18.07699966430664,2.252216100692749,0.5346526503562927,83.29321740180097,2.3121706,48.8506792
1705850774836792800,857.4387927246094,45,1.5,1.2291159629821777,18.131000518798828,2.2925994396209717,0.5731533765792847,83.29321740180097,2.3121721,48.8506908
1705850775408641300,858.0106413574218,45,1.5,1.2318700551986694,18.229999542236328,2.334348678588867,0.8284589052200317,83.26639097386925,2.3121757,48.8507103
1705850775958293800,858.5602937011719,45,1.5,1.2318700551986694,18.267000198364258,2.3737733364105225,1.0059216022491455,83.26639097386925,2.3121783,48.8507221
1705850776464237600,859.0662375488281,45,1.5,1.234847068786621,18.229999542236328,2.375114679336548,0.9559898376464844,83.25930476183682,2.3121808,48.8507419
1705850776973583000,859.5755830078125,45,1.5,1.221800684928894,18.308000564575195,2.3885509967803955,0.9424349665641785,83.26639097386925,2.3121818,48.8507508
1705850777479111700,860.0811115722656,45,1.5,1.221800684928894,18.350000381469727,2.4017887115478516,0.9768964648246765,83.26639097386925,2.3121829,48.8507654
1705850777988988000,860.5909877929688,45,1.5,1.1573126316070557,18.371000289916992,2.4132649898529053,1.072950839996338,83.25930476183682,2.3121841,48.8507791
1705850778575430400,861.1774304199218,45,1.5,1.1573126316070557,18.371999740600586,2.408256769180298,1.3741388320922852,83.25930476183682,2.3121866,48.8507952
1705850779161873200,861.763873046875,45,1.5,1.1832846403121948,18.400999069213867,2.364360809326172,1.060584545135498,83.28613116728103,2.3121883,48.8508109
1705850779669357000,862.2713571777343,45,1.5,1.1832846403121948,18.42300033569336,2.323676347732544,0.7366760969161987,83.28613116728103,2.312189,48.8508195
1705850780217470200,862.8194702148437,45,1.5,1.1803381443023682,18.243000030517578,2.3198599815368652,0.8036689162254333,83.29321740180097,2.3121912,48.850835
1705850780803913000,863.4059128417969,45,1.5,1.1803381443023682,18.051000595092773,2.3172574043273926,0.8704050183296204,83.29321740180097,2.3121935,48.8508428
1705850781390355700,863.9923557128906,45,1.5,1.181368112564087,17.972999572753906,2.3076579570770264,1.1661721467971802,83.38837598369273,2.3121966,48.8508588
1705850781976798500,864.5787985839844,45,1.5,1.181368112564087,17.958999633789062,2.2997071743011475,1.4650230407714844,83.38837598369273,2.3121994,48.8508667
1705850782563241500,865.1652414550781,45,1.5,1.1375519037246704,17.8799991607666,2.290433883666992,1.9270106554031372,83.40912879542822,2.3122037,48.8508809
1705850783098387500,865.7003874511719,45,1.5,1.0782361030578613,17.738000869750977,2.2849202156066895,2.286349296569824,83.5351554985061,2.312209,48.8508875
1705850783618838800,866.2208388671875,45,1.5,1.0782361030578613,17.716999053955078,2.2803711891174316,2.5692055225372314,83.5351554985061,2.3122144,48.8509027
1705850784205281800,866.8072817382813,45,1.5,1.0796290636062622,17.871000289916992,2.283007860183716,3.0145466327667236,83.5351554985061,2.3122185,48.850911
1705850784791724800,867.3937248535157,45,1.5,1.0796290636062622,17.826000213623047,2.2845444679260254,3.4911458492279053,83.5351554985061,2.3122239,48.8509254
1705850785378167800,867.9801677246094,45,1.5,1.0911542177200317,17.97100067138672,2.2835490703582764,3.7686896324157715,83.71838985194748,2.3122288,48.8509399
1705850785964610800,868.5666108398437,45,1.5,1.1684762239456177,18.176000595092773,2.283735752105713,3.981243848800659,83.6743525038801,2.3122314,48.8509454
1705850786477721600,869.0797216796875,45,1.5,1.1684762239456177,18.14299964904785,2.2879958152770996,4.285737037658691,83.6743525038801,2.312236,48.850957
1705850787020208400,869.6222084960938,45,1.5,1.2972325086593628,18.2549991607666,2.2678802013397217,4.707659721374512,83.61210410350824,2.3122385,48.850971
1705850787596972500,870.19897265625,45,1.5,1.2972325086593628,18.30900001525879,2.2518062591552734,5.08038330078125,83.61210410350824,2.3122407,48.8509791
1705850788193094700,870.7950947265625,45,1.5,1.2975493669509888,18.333999633789062,2.2367477416992188,5.992399215698242,83.67537670468997,2.3122471,48.8509929
1705850788738566700,871.3405666503907,45,1.5,1.2975493669509888,18.240999221801758,2.2239978313446045,6.8992533683776855,83.67537670468997,2.3122527,48.8509991
1705850789248692500,871.8506923828126,45,1.5,1.259679913520813,18.12700080871582,2.21891713142395,7.430435657501221,83.67537670468997,2.3122591,48.8510136
1705850789835135700,872.4371357421875,45,1.5,1.259679913520813,18.040000915527344,2.2157857418060303,8.003311157226562,83.67537670468997,2.3122656,48.8510215
1705850790421579300,873.0235793457031,45,1.5,1.187689185142517,17.89699935913086,2.2029473781585693,8.418769836425781,83.80140340776785,2.3122697,48.8510346
1705850790998359600,873.6003596191406,45,1.5,1.187689185142517,17.777000427246094,2.1919970512390137,8.81586742401123,83.80140340776785,2.3122717,48.8510421
1705850791594466000,874.1964660644531,45,1.5,1.277675986289978,17.78499984741211,2.1843180656433105,8.948968887329102,83.7108095682189,2.3122752,48.8510556
1705850792098893800,874.7008937988281,45,1.5,1.2779271602630615,17.770000457763672,2.173443555831909,8.787042617797852,83.81355180138982,2.3122761,48.851062
1705850792650064100,875.2520642089844,45,1.5,1.2779271602630615,17.56999969482422,2.1641600131988525,8.676651000976562,83.81355180138982,2.3122787,48.851076
1705850793237359600,875.8393596191406,45,1.5,1.2025097608566284,17.666000366210938,2.158240795135498,8.681572914123535,83.86122786582726,2.3122791,48.8510838
1705850793822951400,876.4249514160156,45,1.5,1.2025097608566284,17.847000122070312,2.152533769607544,8.675250053405762,83.86122786582726,2.312281,48.8510978
1705850794409395000,877.0113950195313,45,1.5,1.2066795825958252,18.016000747680664,2.145108938217163,8.710719108581543,83.7574612659,2.3122818,48.8511111
1705850794995838700,877.5978386230469,45,1.5,1.291752815246582,18.18000030517578,2.1396703720092773,8.732999801635742,83.67799209701127,2.3122814,48.8511164
1705850795582282500,878.1842824707031,45,1.5,1.291752815246582,18.242000579833984,2.131847381591797,8.742963790893555,83.67799209701127,2.3122828,48.8511317
1705850796168726300,878.7707263183594,45,1.5,1.2870726585388184,18.299999237060547,2.1117265224456787,8.197155952453613,83.62535051113619,2.3122812,48.851138
1705850796669357000,879.2713571777343,45,1.5,1.2870726585388184,18.384000778198242,2.0916225910186768,7.631732940673828,83.62535051113619,2.3122809,48.8511507
1705850797224325000,879.8263251953125,45,1.5,1.2758738994598389,18.347000122070312,2.0661659240722656,7.109467506408691,83.66027614209017,2.3122768,48.8511564
1705850797810769200,880.4127690429688,45,1.5,1.1889758110046387,18.37700080871582,2.0426433086395264,6.698412895202637,83.6445848987379,2.3122752,48.851168
1705850798397213000,880.999212890625,45,1.5,1.1889758110046387,18.3700008392334,2.0448741912841797,6.404874324798584,83.6445848987379,2.3122737,48.8511774
1705850798983657200,881.5856572265625,45,1.5,1.1909273862838745,18.384000778198242,2.0468380451202393,6.133859157562256,83.65875763339665,2.3122726,48.851187
1705850799570101200,882.1721013183594,45,1.5,1.1909273862838745,18.493999481201172,2.0418574810028076,5.692456245422363,83.65875763339665,2.3122714,48.8512048
1705850800156545500,882.7585456542969,45,1.5,1.1151914596557617,18.363000869750977,2.047428607940674,5.419130802154541,83.6835599762264,2.3122675,48.8512124
1705850800696585700,883.2985856933594,45,1.5,1.1151914596557617,18.31399917602539,2.055094003677368,5.20687198638916,83.6835599762264,2.3122647,48.8512213
1705850801212145400,883.8141455078126,45,1.5,1.1158958673477173,18.381000518798828,2.067044734954834,5.222443103790283,83.70633770211205,2.3122646,48.8512362
1705850801798633200,884.4006333007812,45,1.5,1.1158958673477173,18.520000457763672,2.078686237335205,5.334752082824707,83.70633770211205,2.3122649,48.8512439
1705850802385034200,884.9870341796875,45,1.5,1.1815035343170166,18.809999465942383,2.0798301696777344,5.0559468269348145,83.57515312346584,2.3122633,48.8512593
1705850802956822500,885.5588225097656,45,1.5,1.1815035343170166,18.93600082397461,2.081026077270508,4.76984167098999,83.57515312346584,2.3122612,48.8512681
1705850803557923800,886.159923828125,45,1.5,1.1378419399261475,19.211000442504883,2.0790090560913086,4.911187648773193,83.76606625258137,2.3122609,48.8512831
1705850804144368600,886.7463686523438,45,1.5,1.133907675743103,19.30500030517578,2.0810296535491943,4.984586238861084,83.77872066067243,2.3122599,48.8512968
1705850804669357000,887.2713571777343,45,1.5,1.133907675743103,19.280000686645508,2.0835065841674805,5.050911903381348,83.77872066067243,2.3122583,48.851304
1705850805178805000,887.7808049316407,45,1.5,1.1199349164962769,19.224000930786133,2.0838587284088135,5.156789302825928,83.62273386740776,2.312259,48.8513121
1705850805786415000,888.3884150390625,45,1.5,1.1199349164962769,19.604999542236328,2.084243059158325,5.267489433288574,83.62273386740776,2.3122612,48.8513269
1705850806372860200,888.9748601074218,45,1.5,1.12067449092865,19.54599952697754,2.081404209136963,5.23485803604126,83.74927970249719,2.3122612,48.8513399
1705850806959305500,889.5613054199218,45,1.5,1.114163875579834,19.367000579833984,2.080472946166992,5.3558125495910645,83.81305952137744,2.3122618,48.8513452
1705850807545750800,890.1477507324219,45,1.5,1.114163875579834,19.22599983215332,2.0799593925476074,5.223001480102539,83.81305952137744,2.3122617,48.8513609
1705850808132196000,890.7341960449219,45,1.5,1.1415480375289917,18.93199920654297,2.078575849533081,4.874795436859131,83.85709824859472,2.312258,48.8513687
1705850808669357000,891.2713571777343,45,1.5,1.1415480375289917,18.641000747680664,2.076216697692871,4.536502361297607,83.85709824859472,2.3122555,48.8513825
1705850809187797800,891.7897978515625,45,1.5,1.1425567865371704,18.62299919128418,2.075852394104004,4.670032501220703,83.81305952137744,2.3122552,48.8513901
1705850809774243000,892.3762431640625,45,1.5,1.1008305549621582,18.43000030517578,2.075101852416992,4.8476643562316895,83.81305952137744,2.3122561,48.8514032
1705850810360688400,892.9626884765624,45,1.5,1.1008305549621582,18.219999313354492,2.0765469074249268,5.1339898109436035,83.81305952137744,2.3122566,48.8514127
1705850810947133700,893.5491337890625,45,1.5,1.1038153171539307,18.035999298095703,2.076890468597412,5.602054119110107,83.81103475782652,2.3122581,48.8514241
1705850811497552100,894.0995522460937,45,1.5,1.1038153171539307,18.055999755859375,2.0848281383514404,6.06767463684082,83.81103475782652,2.3122628,48.8514372
1705850812557726500,895.1597265625,45,1.5,1.1073201894760132,18.082000732421875,2.0981969833374023,6.351154327392578,83.81305952137744,2.3122705,48.8514611
1705850813058337000,895.6603369140626,45,1.5,1.0776026248931885,17.996999740600586,2.114879608154297,6.318258285522461,84.05003572719117,2.3122775,48.8514794
1705850813644782300,896.2467822265625,45,1.5,1.0776026248931885,17.976999282836914,2.131248712539673,6.069580078125,84.05003572719117,2.3122816,48.8514908
1705850814231227600,896.8332275390625,45,1.5,1.0785373449325562,18.082000732421875,2.1429388523101807,5.6822614669799805,83.8880555354761,2.3122853,48.8515076
1705850814818472000,897.4204719238281,45,1.5,1.0785373449325562,18.184999465942383,2.152820348739624,5.068832874298096,83.8880555354761,2.3122853,48.8515182
1705850815404118000,898.0061179199218,45,1.5,1.0771620273590088,18.413999557495117,2.1627442836761475,4.684787750244141,84.0799011639307,2.3122891,48.8515362
1705850815936904700,898.5389047851562,45,1.5,1.0771620273590088,18.534000396728516,2.171466588973999,4.291051864624023,84.0799011639307,2.3122914,48.851547
1705850816970893000,899.5728930664062,45,1.5,1.257869839668274,18.507999420166016,2.1839537620544434,4.156404972076416,83.98337596262586,2.3122974,48.8515715
1705850817515320300,900.1173203125,45,1.5,1.257869839668274,18.409000396728516,2.1958041191101074,4.181188583374023,83.98337596262586,2.3123023,48.8515922
1705850818101765400,900.7037653808594,45,1.5,1.2591317892074585,18.440000534057617,2.2044503688812256,4.285196304321289,84.17523031073574,2.3123059,48.851602
1705850818669357000,901.2713571777343,45,1.5,1.2591317892074585,18.660999298095703,2.2119576930999756,4.410076141357422,84.17523031073574,2.31231,48.8516198
1705850819274655500,901.8766555175781,45,1.5,1.2605838775634766,18.615999221801758,2.2194740772247314,4.459671497344971,84.3038105957956,2.3123138,48.8516301
1705850819861100500,902.4631005859375,45,1.5,1.2408515214920044,18.485000610351562,2.224740982055664,4.486545085906982,84.3038105957956,2.3123171,48.8516451
1705850820457353700,903.0593537597656,45,1.5,1.2408515214920044,18.496999740600586,2.2309622764587402,4.549922466278076,84.3038105957956,2.3123193,48.8516574
1705850820969338600,903.5713386230469,45,1.5,1.32036292552948,18.29199981689453,2.23695707321167,5.0576701164245605,84.38558087120349,2.3123226,48.8516695
1705850821503146500,904.105146484375,45,1.5,1.32036292552948,18.37299919128418,2.243699073791504,5.569686412811279,84.38558087120349,2.312327,48.8516839
1705850822089591600,904.6915915527344,45,1.5,1.3226333856582642,18.451000213623047,2.2271885871887207,5.70676851272583,84.34710784108283,2.3123308,48.8516988
1705850822704119800,905.3061198730469,45,1.5,1.3226333856582642,18.4689998626709,2.2145116329193115,5.83128023147583,84.34710784108283,2.3123337,48.8517082
1705850823262481400,905.8644814453125,45,1.5,1.323411226272583,18.59600067138672,2.2179501056671143,5.803808212280273,84.24637007854399,2.3123362,48.8517236
1705850823836653300,906.4386533203125,45,1.5,1.323411226272583,18.64900016784668,2.2210114002227783,5.763125896453857,84.24637007854399,2.3123376,48.8517306
1705850824435371000,907.03737109375,45,1.5,1.410325288772583,18.597000122070312,2.202188014984131,5.520549774169922,84.22510899564982,2.3123378,48.8517449
1705850824940577500,907.5425776367188,45,1.5,1.410325288772583,18.46299934387207,2.185136556625366,5.2152886390686035,84.22510899564982,2.3123364,48.8517528
1705850825490972000,908.0929719238281,45,1.5,1.412885069847107,18.48200035095215,2.1703481674194336,4.628227233886719,84.12612733210676,2.3123336,48.8517676
1705850826077416700,908.6794167480468,45,1.5,1.4044065475463867,18.34000015258789,2.1554489135742188,4.187005519866943,84.12258382921934,2.3123306,48.8517746
1705850826663861500,909.2658615722656,45,1.5,1.4044065475463867,18.215999603271484,2.1426467895507812,3.7504122257232666,84.12258382921934,2.3123283,48.851789
1705850827197449200,909.79944921875,45,1.5,1.404170036315918,18.202999114990234,2.1322622299194336,3.721229314804077,84.08360539549352,2.312327,48.8517951
1705850827719462400,910.3214624023437,45,1.5,1.404170036315918,18.086999893188477,2.1218600273132324,3.695556879043579,84.08360539549352,2.3123265,48.8518083
1705850828318812000,910.9208120117188,45,1.5,1.199318289756775,18.172000885009766,2.108502149581909,4.4247331619262695,84.18815533595915,2.3123278,48.8518145
1705850828892352000,911.4943520507812,45,1.5,1.1963651180267334,18.05500030517578,2.095871925354004,5.155451774597168,84.18815533595915,2.3123298,48.8518259
1705850829418051800,912.0200517578126,45,1.5,1.1963651180267334,18.11199951171875,2.070690393447876,5.564400672912598,84.18815533595915,2.3123305,48.8518331
1705850829947952600,912.5499526367188,45,1.5,1.1935690641403198,18.266000747680664,2.046093463897705,5.959781169891357,84.14411488402396,2.3123318,48.8518417
1705850830534397400,913.1363974609375,45,1.5,1.1935690641403198,18.36400032043457,2.0596351623535156,5.696578502655029,84.14411488402396,2.3123309,48.8518525
1705850831120842500,913.7228425292968,45,1.5,1.175000548362732,18.486000061035156,2.0329806804656982,5.637635231018066,84.04894779447748,2.3123289,48.8518638
1705850831658638000,914.2606381835938,45,1.5,1.175000548362732,18.552000045776367,2.0111749172210693,5.604193687438965,84.04894779447748,2.3123271,48.85187
1705850832176443100,914.7784431152344,45,1.5,1.2052756547927856,18.711999893188477,2.0326449871063232,5.499299049377441,84.11070503905731,2.3123263,48.8518849
1705850832762888000,915.3648879394531,45,1.5,1.2052756547927856,18.731000900268555,2.053677797317505,5.433964729309082,84.11070503905731,2.3123247,48.8518936
1705850833349332700,915.9513327636719,45,1.5,1.2136213779449463,18.750999450683594,2.0682222843170166,5.247613430023193,84.05097261501456,2.3123242,48.8519106
1705850833935777500,916.5377775878907,45,1.5,1.2136213779449463,18.608999252319336,2.0824224948883057,5.074134826660156,84.05097261501456,2.3123228,48.8519213
1705850834522222300,917.1242224121094,45,1.5,1.2123963832855225,18.604999542236328,2.0915794372558594,5.126674175262451,84.11070503905731,2.3123224,48.8519374
1705850835038394400,917.6403942871094,45,1.5,1.1471281051635742,18.59600067138672,2.103224515914917,5.287009239196777,84.08590084562607,2.3123202,48.8519481
1705850835577828900,918.1798288574219,45,1.5,1.1471281051635742,18.520000457763672,2.115089178085327,5.449871063232422,84.08590084562607,2.31232,48.851966
1705850836176463600,918.7784636230468,45,1.5,1.1497820615768433,18.566999435424805,2.130220890045166,5.660023212432861,84.11070503905731,2.3123211,48.8519762
1705850836750718500,919.3527185058593,45,1.5,1.1497820615768433,18.489999771118164,2.1439855098724365,5.930601596832275,84.11070503905731,2.3123234,48.8519927
1705850837278498800,919.8804987792969,45,1.5,1.1480439901351929,18.56800079345703,2.1641905307769775,5.857387065887451,84.36280076643462,2.3123221,48.852003
1705850837806319000,920.4083190917969,45,1.5,1.1552125215530396,18.584999084472656,2.1825222969055176,5.7922797203063965,84.55314308387076,2.3123216,48.8520187
1705850838397720600,920.9997204589844,45,1.5,1.1552125215530396,18.48699951171875,2.20284366607666,5.815790176391602,84.55314308387076,2.3123216,48.8520316
1705850838979208400,921.5812084960937,45,1.5,1.1530829668045044,18.611000061035156,2.22011661529541,5.908382415771484,84.68020909089357,2.3123223,48.8520462
1705850839536256300,922.1382563476562,45,1.5,1.1530829668045044,18.698999404907227,2.2300233840942383,6.189384460449219,84.68020909089357,2.312322,48.8520607
1705850840152098000,922.7540981445312,45,1.5,1.1327871084213257,18.798999786376953,2.233518362045288,6.50191068649292,84.69742136622028,2.3123237,48.8520763
1705850840669357000,923.2713571777343,45,1.5,1.1299432516098022,18.878999710083008,2.2353718280792236,6.793609142303467,84.76272708253029,2.3123247,48.8520901
1705850841207698400,923.8096984863281,45,1.5,1.1299432516098022,18.79199981689453,2.2333168983459473,6.738097667694092,84.76272708253029,2.3123231,48.8520991
1705850841777096000,924.3790959472656,45,1.5,1.1299432516098022,18.768999099731445,2.232618570327759,6.693221092224121,84.76272708253029,2.3123225,48.8521069
1705850842380587800,924.982587890625,45,1.5,1.1943385601043701,18.72800064086914,2.232322931289673,6.56724739074707,84.72473108376565,2.3123221,48.8521219
1705850842920027100,925.5220270996094,45,1.5,1.1943385601043701,18.738000869750977,2.2324562072753906,6.383124828338623,84.72473108376565,2.3123206,48.8521303
1705850843436188200,926.0381882324219,45,1.5,1.1847467422485352,18.775999069213867,2.2347617149353027,6.5579962730407715,84.67916978694865,2.3123231,48.8521461
1705850843969522000,926.5715219726562,45,1.5,1.1811325550079346,18.899999618530273,2.237704038619995,6.775998115539551,84.63664613147267,2.3123252,48.8521532
1705850844491788300,927.0937883300782,45,1.5,1.1811325550079346,18.89699935913086,2.241255283355713,6.90179967880249,84.63664613147267,2.3123292,48.8521709
1705850845078232800,927.6802329101563,45,1.5,1.1523654460906982,18.753000259399414,2.2494306564331055,6.730086326599121,84.53793132735856,2.3123313,48.8521806
1705850845664677400,928.2666774902344,45,1.5,1.1523654460906982,18.606000900268555,2.257659435272217,6.479339599609375,84.53793132735856,2.3123344,48.8521992
1705850846251122000,928.8531218261719,45,1.5,1.094696283340454,18.53499984741211,2.2648372650146484,6.292800426483154,84.7815161855585,2.3123385,48.8522088
1705850846837566500,929.43956640625,45,1.5,1.1859030723571777,18.593000411987305,2.2709028720855713,6.170875549316406,84.75156174010976,2.3123439,48.8522241
1705850847416626200,930.0186262207031,45,1.5,1.1859030723571777,18.58099937438965,2.27821946144104,6.169988632202148,84.75156174010976,2.312347,48.8522369
1705850847970319000,930.5723190917969,45,1.5,1.1847738027572632,18.59600067138672,2.2841155529022217,6.150610446929932,84.8361041764571,2.3123496,48.8522512
1705850848479611100,931.0816110839844,45,1.5,1.1847738027572632,18.665000915527344,2.290329694747925,6.162295818328857,84.8361041764571,2.3123525,48.8522671
1705850849066055400,931.6680554199219,45,1.5,1.1764525175094604,18.52899932861328,2.2868664264678955,6.339809894561768,85.01936673179767,2.3123565,48.8522845
1705850849652500000,932.2545,45,1.5,1.1764525175094604,18.489999771118164,2.2856738567352295,6.566279888153076,85.01936673179767,2.3123596,48.8522953
1705850850238944500,932.8409445800781,45,1.5,1.178929328918457,18.46299934387207,2.2874836921691895,6.726498603820801,85.29072411044694,2.3123613,48.8523119
1705850850817945000,933.4199450683594,45,1.5,1.178929328918457,18.4060001373291,2.289781332015991,6.8683390617370605,85.29072411044694,2.312362,48.8523217
1705850851411833300,934.0138332519531,45,1.5,1.1794356107711792,18.459999084472656,2.295647382736206,6.806890487670898,85.34185772618517,2.3123645,48.85234
1705850851917642000,934.5196420898437,45,1.5,1.1794356107711792,18.42300033569336,2.3007798194885254,6.758377552032471,85.34185772618517,2.3123664,48.8523502
1705850852467433200,935.0694331054688,45,1.5,1.2787859439849854,18.339000701904297,2.3030784130096436,6.417796611785889,85.36464012983114,2.3123666,48.8523672
1705850852968649200,935.5706491699219,45,1.5,1.2778338193893433,18.275999069213867,2.3045525550842285,6.033731460571289,85.36818406480637,2.3123661,48.8523754
1705850853523033000,936.125033203125,45,1.5,1.2778338193893433,18.025999069213867,2.306394100189209,5.632793426513672,85.36818406480637,2.3123667,48.8523945
1705850854109477400,936.7114772949219,45,1.5,1.3533357381820679,18.04599952697754,2.310014009475708,5.287125587463379,85.42488722646169,2.3123652,48.8524039
1705850854669357000,937.2713571777343,45,1.5,1.3533357381820679,18.038000106811523,2.313246965408325,4.926864147186279,85.42488722646169,2.3123641,48.8524214
1705850855297315300,937.8993154296875,45,1.5,1.2668157815933228,18.03499984741211,2.3186135292053223,4.946830749511719,85.44218096395986,2.3123641,48.8524312
1705850855868810000,938.4708100585938,45,1.5,1.26386559009552,18.034000396728516,2.3220808506011963,5.054900646209717,85.44775000530109,2.3123655,48.8524462
1705850856418543000,939.0205432128906,45,1.5,1.26386559009552,17.975000381469727,2.31858491897583,4.8993611335754395,85.44775000530109,2.3123638,48.852457
1705850856924409300,939.5264094238281,45,1.5,1.264326810836792,17.81800079345703,2.3140296936035156,4.784330368041992,85.38395938779502,2.3123626,48.852469
1705850857510853600,940.112853515625,45,1.5,1.264326810836792,17.92799949645996,2.3154375553131104,4.843043804168701,85.38395938779502,2.3123633,48.8524826
1705850858097297700,940.6992976074218,45,1.5,1.2745319604873657,17.966999053955078,2.312147617340088,4.6904706954956055,85.36674612903656,2.3123628,48.8524977
1705850858676340500,941.2783405761719,45,1.5,1.2745319604873657,18.030000686645508,2.3119113445281982,4.55247163772583,85.36674612903656,2.3123619,48.8525069
1705850859270186000,941.8721860351562,45,1.5,1.2196508646011353,18.083999633789062,2.3115696907043457,4.50784969329834,85.16317859182996,2.3123617,48.8525221
1705850859778283000,942.3802829589844,45,1.5,1.2196508646011353,18.261999130249023,2.3117082118988037,4.375728607177734,85.16317859182996,2.3123614,48.8525305
1705850860325785300,942.9277854003906,45,1.5,1.2200183868408203,18.44700050354004,2.3055994510650635,4.546651363372803,85.11913305989341,2.3123624,48.8525457
1705850860879074000,943.4810739746093,45,1.5,1.2200183868408203,18.496999740600586,2.300450325012207,4.654085636138916,85.11913305989341,2.3123624,48.8525534
1705850861967828500,944.5698283691406,45,1.5,1.194798231124878,18.913000106811523,2.2977516651153564,4.989367485046387,85.0816692248426,2.3123649,48.8525774
1705850862554272500,945.1562724609375,45,1.5,1.1911745071411133,19.030000686645508,2.295198440551758,4.834676742553711,85.0816692248426,2.3123647,48.8525924
1705850863118643000,945.7206428222656,45,1.5,1.1831064224243164,18.898000717163086,2.2917635440826416,4.540899276733398,85.0816692248426,2.312363,48.8525991
1705850863669357000,946.2713571777343,45,1.5,1.1831064224243164,18.844999313354492,2.2873542308807373,4.255123138427734,85.0816692248426,2.3123614,48.8526132
1705850864196315400,946.7983154296875,45,1.5,1.1864572763442993,18.86400032043457,2.288461446762085,3.980989694595337,85.14191520293133,2.3123602,48.8526227
1705850864782759200,947.3847592773437,45,1.5,1.1864572763442993,18.804000854492188,2.287405252456665,3.6495509147644043,85.14191520293133,2.3123592,48.8526381
1705850865369203000,947.9712028808593,45,1.5,1.1877763271331787,18.70599937438965,2.290247917175293,3.2833690643310547,85.21228709916895,2.3123583,48.8526487
1705850865955646700,948.5576467285156,45,1.5,1.1976100206375122,18.54199981689453,2.291968822479248,2.9303598403930664,85.22089377416623,2.3123575,48.8526622
1705850866478478300,949.0804782714844,45,1.5,1.1976100206375122,18.48200035095215,2.2979462146759033,2.855975866317749,85.22089377416623,2.3123573,48.8526751
1705850867011245300,949.6132453613282,45,1.5,1.1286541223526,18.496999740600586,2.297471284866333,2.7811243534088135,85.14343401465058,2.3123574,48.8526925
1705850867597955600,950.1999555664063,45,1.5,1.1286541223526,18.611000061035156,2.2992725372314453,2.6746039390563965,85.14343401465058,2.312357,48.852703
1705850868184132900,950.7861328125,45,1.5,1.1153204441070557,18.516000747680664,2.302772045135498,2.6952552795410156,85.11356410093344,2.3123575,48.8527208
1705850868716778200,951.3187783203125,45,1.5,1.1153204441070557,18.492000579833984,2.305894374847412,2.7977383136749268,85.11356410093344,2.3123579,48.8527311
1705850869239731500,951.8417314453125,45,1.5,1.1140297651290894,18.510000228881836,2.3083484172821045,3.0283820629119873,85.14343401465058,2.3123584,48.8527485
1705850869816397300,952.4183972167968,45,1.5,1.1140297651290894,18.444000244140625,2.3112335205078125,3.20790958404541,85.14343401465058,2.3123578,48.8527582
1705850870412618500,953.0146184082031,45,1.5,1.1147572994232178,18.389999389648438,2.3178348541259766,3.0830187797546387,85.21785612316732,2.3123583,48.8527764
1705850870957421000,953.5594211425781,45,1.5,1.1147572994232178,18.43600082397461,2.3226189613342285,2.9201948642730713,85.21785612316732,2.3123578,48.8527868
1705850871468216800,954.070216796875,45,1.5,1.115658164024353,18.42099952697754,2.329331874847412,3.52591872215271,85.33733788541156,2.3123614,48.8528041
1705850871969113300,954.57111328125,45,1.5,1.0708863735198975,18.35700035095215,2.336857795715332,4.327200889587402,85.37986569983812,2.3123649,48.8528122
1705850872523815200,955.1258151855469,45,1.5,1.0708863735198975,18.100000381469727,2.343801259994507,5.221992492675781,85.37986569983812,2.3123716,48.8528327
1705850873110258400,955.7122585449218,45,1.5,1.1875742673873901,18.075000762939453,2.3538880348205566,5.562404632568359,85.42543145271951,2.3123754,48.8528423
1705850873669357000,956.2713571777343,45,1.5,1.1875742673873901,18.110000610351562,2.3628249168395996,5.8355231285095215,85.42543145271951,2.3123798,48.8528593
1705850874297914400,956.8999143066407,45,1.5,1.0689680576324463,18.2189998626709,2.348616600036621,5.759690761566162,85.65583227041951,2.3123824,48.8528689
1705850874869588500,957.4715883789063,45,1.5,1.225243091583252,18.277000427246094,2.3335697650909424,5.629608631134033,85.4502395769961,2.3123858,48.8528843
1705850875436500500,958.0385004882812,45,1.5,1.225243091583252,18.316999435424805,2.327941656112671,5.5051188468933105,85.4502395769961,2.3123899,48.8528979
1705850875973447000,958.5754470214844,45,1.5,1.2250680923461914,18.26099967956543,2.307230234146118,4.912842750549316,85.59655836241703,2.3123943,48.8529114
1705850876511629300,959.1136293945312,45,1.5,1.2250680923461914,18.27400016784668,2.2768890857696533,3.5625386238098145,85.59655836241703,2.3123957,48.8529262
1705850877098072600,959.7000725097656,45,1.5,1.077889323234558,18.25,2.156061887741089,2.272587776184082,85.89176629034858,2.312399,48.8529418
1705850877669357000,960.2713571777343,45,1.5,1.077889323234558,18.118000030517578,1.9403008222579956,1.2704691886901855,85.89176629034858,2.3123996,48.8529463
1705850878270958600,960.8729584960937,45,1.5,1.0810643434524536,17.979000091552734,1.8190360069274902,358.865966796875,85.91809410011872,2.3123975,48.8529561
1705850878857401600,961.4594016113281,45,1.5,1.0810643434524536,17.816999435424805,1.7212293148040771,356.2811279296875,85.91809410011872,2.3123933,48.8529583
1705850879443844600,962.0458447265624,45,1.5,1.0825284719467163,17.4689998626709,1.5897079706192017,353.99859619140625,85.96062381219332,2.3123894,48.852966
1705850879998556200,962.6005561523438,45,1.5,1.0825284719467163,17.291000366210938,1.5073461532592773,351.6990966796875,85.96062381219332,2.3123852,48.852969
1705850880499442000,963.1014418945313,45,1.5,1.0551337003707886,17.106000900268555,1.4693127870559692,348.1953125,85.98543290971728,2.3123785,48.8529772
1705850881056512000,963.6585119628907,45,1.5,1.211625576019287,17.03499984741211,1.4368818998336792,344.65484619140625,85.78186537251068,2.3123763,48.8529805
1705850881669357000,964.2713571777343,45,1.5,1.2146739959716797,17.023000717163086,1.3859344720840454,340.8927001953125,85.84515421639139,2.312369,48.8529887
1705850882178412000,964.780412109375,45,1.5,1.2146739959716797,17.118000030517578,1.3764419555664062,336.9939270019531,85.84515421639139,2.3123625,48.8529891
1705850882727924700,965.3299248046875,45,1.5,1.2146739959716797,17.290000915527344,1.3690744638442993,333.00604248046875,85.84515421639139,2.3123499,48.8529943
1705850883277594600,965.8795947265625,45,1.5,1.219402551651001,17.32200050354004,1.3613251447677612,329.5472412109375,85.90844353411049,2.312342,48.8529967
1705850883783521800,966.3855217285156,45,1.5,1.0920525789260864,17.513999938964844,1.3571456670761108,326.1138916015625,86.30593249102722,2.31233,48.8530016
1705850884369964500,966.9719645996094,45,1.5,1.0920525789260864,17.518999099731445,1.3703842163085938,322.5593566894531,86.30593249102722,2.3123193,48.8530047
1705850884956407300,967.5584072265625,45,1.5,1.0931971073150635,17.59000015258789,1.3853611946105957,319.1405029296875,86.45428791216295,2.3123067,48.8530079
1705850885497366000,968.0993659667969,45,1.5,1.0931971073150635,17.61400032043457,1.4067890644073486,315.918212890625,86.45428791216295,2.3122922,48.8530108
1705850886012004000,968.6140041503907,45,1.5,1.2746268510818481,17.589000701904297,1.4268596172332764,312.8384094238281,86.66239495547039,2.3122772,48.8530164
1705850886598446800,969.2004467773437,45,1.5,1.2746268510818481,17.542999267578125,1.445982575416565,309.768798828125,86.66239495547039,2.3122637,48.8530179
1705850887184889300,969.7868894042969,45,1.5,1.285369634628296,17.382999420166016,1.4672191143035889,306.764404296875,86.45935128306449,2.3122456,48.8530214
1705850887778560000,970.3805600585938,45,1.5,1.285369634628296,17.437999725341797,1.4798901081085205,303.7731018066406,86.45935128306449,2.3122329,48.8530213
1705850888357774600,970.9597746582032,45,1.5,1.3828171491622925,17.309999465942383,1.4677541255950928,300.42510986328125,86.69024421855363,2.3122151,48.8530225
1705850888917229300,971.5192292480468,45,1.5,1.3828171491622925,17.24799919128418,1.4470287561416626,296.8758850097656,86.69024421855363,2.3122035,48.8530204
1705850889530659800,972.1326599121094,45,1.5,1.437445878982544,17.16200065612793,1.422615885734558,292.89508056640625,86.52618806319524,2.312185,48.8530184
1705850890036715300,972.6387153320312,45,1.5,1.6027934551239014,17.17300033569336,1.4027959108352661,288.9998474121094,86.6077093967449,2.3121759,48.8530152
1705850890586256400,973.1882563476563,45,1.5,1.6027934551239014,17.32200050354004,1.3894033432006836,284.89849853515625,86.6077093967449,2.3121591,48.8530112
1705850891177667000,973.7796669921875,45,1.5,1.5322538614273071,17.334999084472656,1.370046854019165,280.63043212890625,86.49022113959356,2.3121495,48.8530051
1705850891759141400,974.3611413574218,45,1.5,1.5322538614273071,17.466999053955078,1.355979561805725,276.3365783691406,86.49022113959356,2.3121349,48.8529992
1705850892277182200,974.8791821289062,45,1.5,1.3867987394332886,17.326000213623047,1.3484705686569214,271.89599609375,86.25780909506705,2.312127,48.8529905
1705850892814738000,975.4167380371093,45,1.5,1.343450665473938,17.214000701904297,1.348608374595642,267.69097900390625,86.19755516360723,2.3121143,48.8529821
1705850893419004700,976.0210046386719,45,1.5,1.343450665473938,17.131000518798828,1.3578742742538452,263.8849182128906,86.19755516360723,2.3121054,48.852974
1705850893987623000,976.5896228027344,45,1.5,1.2679792642593384,17.07200050354004,1.3711540699005127,260.2584228515625,86.11856746702227,2.312095,48.8529658
1705850894517837800,977.119837890625,45,1.5,1.2679792642593384,17.077999114990234,1.3922948837280273,257.0288391113281,86.11856746702227,2.3120827,48.8529575
1705850895043219200,977.6452192382812,45,1.5,1.2633386850357056,17.121000289916992,1.4134724140167236,254.05641174316406,86.13780799178505,2.3120691,48.8529501
1705850895629668400,978.2316684570312,45,1.5,1.2633386850357056,17.260000228881836,1.4356967210769653,250.84732055664062,86.13780799178505,2.3120612,48.8529422
1705850896216110800,978.8181108398437,45,1.5,1.216575026512146,17.048999786376953,1.4533305168151855,247.1326904296875,86.4780687175057,2.3120496,48.8529311
1705850896778159400,979.3801594238281,45,1.5,1.216575026512146,16.98900032043457,1.4730654954910278,243.5951385498047,86.4780687175057,2.3120456,48.8529218
1705850897388995600,979.9909956054687,45,1.5,1.19345223903656,17.097000122070312,1.4909605979919434,239.7059326171875,86.4780687175057,2.3120365,48.8529093
1705850897917959000,980.519958984375,45,1.5,1.19345223903656,17.158000946044922,1.509941816329956,236.06582641601562,86.4780687175057,2.3120344,48.8528993
1705850898444591600,981.0465915527344,45,1.5,1.2006498575210571,17.378999710083008,1.5310691595077515,232.5880126953125,86.49933546762398,2.3120285,48.8528853
1705850898968103000,981.5701030273437,45,1.5,1.1897244453430176,17.322999954223633,1.5550628900527954,229.5343017578125,86.4780687175057,2.3120298,48.8528754
1705850899500187600,982.1021877441407,45,1.5,1.1897244453430176,17.45199966430664,1.5822924375534058,226.56692504882812,86.4780687175057,2.3120234,48.8528595
1705850900086630100,982.6886301269532,45,1.5,1.17737877368927,17.413000106811523,1.6165657043457031,224.16488647460938,86.45680202089105,2.3120225,48.8528482
1705850900669357000,983.2713571777343,45,1.5,1.17737877368927,17.152999877929688,1.6511963605880737,221.7958526611328,86.45680202089105,2.3120172,48.8528324
1705850901277060900,983.8790607910156,45,1.5,1.1429499387741089,17.150999069213867,1.6852071285247803,219.94813537597656,86.43907981458167,2.3120154,48.852821
1705850901845956600,984.4479565429688,45,1.5,1.1632360219955444,17.297000885009766,1.7170023918151855,218.2337646484375,86.40566089805876,2.3120102,48.852807
1705850902437565700,985.0395656738282,45,1.5,1.1632360219955444,17.288999557495117,1.749947428703308,216.7156219482422,86.40566089805876,2.3120073,48.8527949
1705850902969694500,985.5716945800781,45,1.5,1.1769288778305054,17.142000198364258,1.7813066244125366,215.2809600830078,86.33679809274128,2.3120034,48.8527825
1705850903487994600,986.0899946289062,45,1.5,1.1769288778305054,17.148000717163086,1.813576102256775,213.9161376953125,86.33679809274128,2.3119983,48.8527686
1705850904074436600,986.6764365234375,45,1.5,1.1845476627349854,17.04800033569336,1.842232346534729,212.59559631347656,86.40566089805876,2.311992,48.8527534
1705850904660878600,987.2628786621094,45,1.5,1.1845476627349854,17.097999572753906,1.8725043535232544,211.4076690673828,86.40566089805876,2.3119893,48.8527417
1705850905247320600,987.8493205566406,45,1.5,1.186993956565857,17.055999755859375,1.898720383644104,210.013671875,86.25780909506705,2.311985,48.8527261
1705850905838590700,988.4405908203125,45,1.5,1.186993956565857,17.084999084472656,1.9239095449447632,208.7751922607422,86.25780909506705,2.3119843,48.8527159
1705850906420204500,989.0222045898438,45,1.5,1.2589625120162964,17.211999893188477,1.9189369678497314,206.9774169921875,86.22236555395953,2.3119814,48.8527005
1705850906958744000,989.560744140625,45,1.5,1.2589625120162964,17.31599998474121,1.9149813652038574,205.2577667236328,86.22236555395953,2.311982,48.8526901
1705850907475799800,990.0777998046875,45,1.5,1.2715150117874146,17.347999572753906,1.9252732992172241,203.82611083984375,86.17477017538653,2.3119817,48.8526755
1705850908062241500,990.6642414550781,45,1.5,1.279386043548584,17.424999237060547,1.9369052648544312,202.60324096679688,86.22236555395953,2.311981,48.8526625
1705850908648683300,991.2506833496094,45,1.5,1.279386043548584,17.51799964904785,1.9516897201538086,201.4468536376953,86.22236555395953,2.3119829,48.852653
1705850909176458800,991.7784587402343,45,1.5,1.2830320596694946,17.534000396728516,1.950667142868042,200.181396484375,86.27350556789408,2.3119851,48.8526445
1705850909704264700,992.3062646484375,45,1.5,1.2830320596694946,17.60300064086914,1.9494425058364868,198.92047119140625,86.27350556789408,2.3119853,48.852631
1705850910298210600,992.9002104492188,45,1.5,1.3683412075042725,17.635000228881836,1.9470378160476685,197.6800079345703,86.29831618116128,2.3119874,48.8526231
1705850910877148000,993.4791479492187,45,1.5,1.3781994581222534,17.80299949645996,1.9436668157577515,196.4340057373047,86.25426473426919,2.3119876,48.8526113
1705850911397531600,993.9995317382812,45,1.5,1.3781994581222534,17.905000686645508,1.9476971626281738,195.3871307373047,86.25426473426919,2.3119895,48.8526017
1705850911932742700,994.5347426757812,45,1.5,1.493635654449463,17.937000274658203,1.9512377977371216,194.4029541015625,86.35193660446046,2.3119911,48.8525902
1705850912519184100,995.1211840820313,45,1.5,1.493635654449463,17.922000885009766,1.9743623733520508,193.9236297607422,86.35193660446046,2.3119904,48.8525779
1705850913105625600,995.7076254882812,45,1.5,1.5716534852981567,18.02199935913086,1.9795787334442139,193.35311889648438,86.30434120593202,2.3119897,48.8525648
1705850913658729000,996.2607290039062,45,1.5,1.5716534852981567,18.16900062561035,1.9878015518188477,192.80323791503906,86.30434120593202,2.3119907,48.8525566
1705850914161219800,996.7632197265625,45,1.5,2.3107123374938965,18.06800079345703,1.9231683015823364,190.30711364746094,86.36965836386841,2.3119945,48.8525469
1705850914669357000,997.2713571777343,45,1.5,2.3107123374938965,17.94499969482422,1.869775652885437,188.22630310058594,86.36965836386841,2.3119996,48.8525433
1705850915178841900,997.780841796875,45,1.5,2.5618579387664795,18.075000762939453,1.8443843126296997,186.84735107421875,86.39953227097196,2.3120037,48.8525387
1705850915685967000,998.2879670410156,45,1.5,2.5618579387664795,18.0939998626709,1.820204734802246,185.48863220214844,86.39953227097196,2.3120076,48.8525285
1705850916272408000,998.8744079589844,45,1.5,2.0331456661224365,18.106000900268555,1.8057433366775513,185.5321502685547,86.51244646670679,2.3120089,48.8525249
1705850916858849300,999.4608493652344,45,1.5,2.6304433345794678,17.95800018310547,1.791645884513855,185.64247131347656,86.51599088291634,2.3120088,48.8525162
1705850917437922000,1000.0399221191407,45,1.5,2.6304433345794678,18.083999633789062,1.8134080171585083,185.35780334472656,86.51599088291634,2.3120094,48.8525082
1705850917973120300,1000.5751203613281,45,1.5,1.8861947059631348,18.16900062561035,1.8084825277328491,184.6615447998047,86.51750991888986,2.3120116,48.8525007
1705850918500884000,1001.1028840332032,45,1.5,1.8861947059631348,18.23200035095215,1.806539535522461,183.97715759277344,86.51750991888986,2.3120141,48.8524909
1705850919087325000,1001.6893249511719,45,1.5,1.5218822956085205,18.305999755859375,1.811052918434143,183.53965759277344,86.51599088291634,2.3120149,48.8524794
1705850919678704000,1002.2807041015625,45,1.5,1.5218822956085205,18.667999267578125,1.8185384273529053,183.10118103027344,86.51599088291634,2.3120164,48.8524717
1705850920260206300,1002.8622062988281,45,1.5,1.6096301078796387,18.884000778198242,1.8233915567398071,182.95346069335938,86.40105128601853,2.312016,48.8524589
1705850920798141700,1003.4001416015625,45,1.5,1.6096301078796387,18.926000595092773,1.828625202178955,182.8320770263672,86.40105128601853,2.3120161,48.8524529
1705850921315799600,1003.9177995605469,45,1.5,1.7984479665756226,19.073999404907227,1.8352257013320923,183.1826629638672,86.45935128306449,2.3120124,48.85244
1705850921902240300,1004.504240234375,45,1.5,1.7984479665756226,18.985000610351562,1.8407031297683716,183.5123748779297,86.45935128306449,2.3120089,48.8524335
1705850922488680700,1005.0906806640625,45,1.5,1.668501377105713,19.156999588012695,1.8506938219070435,183.60643005371094,86.53175781872721,2.3120074,48.8524202
1705850923038650000,1005.6406501464844,45,1.5,1.5443694591522217,19.349000930786133,1.859688401222229,183.55154418945312,86.53175781872721,2.3120056,48.8524138
1705850923544273700,1006.1462736816407,45,1.5,1.660365104675293,19.54800033569336,1.8693454265594482,183.45359802246094,86.54391002535202,2.3120031,48.8523971
1705850924130713900,1006.7327138671875,45,1.5,1.660365104675293,19.45199966430664,1.8817065954208374,183.3800048828125,86.54391002535202,2.3120019,48.8523931
1705850924669357000,1007.2713571777343,45,1.5,1.660365104675293,19.288000106811523,1.8934824466705322,183.3395538330078,86.54391002535202,2.3120001,48.8523792
1705850925186306300,1007.7883063964844,45,1.5,1.4513325691223145,19.507999420166016,1.908706784248352,183.2436981201172,86.42238874522909,2.3119971,48.852366
1705850925772746500,1008.3747465820312,45,1.5,1.3307069540023804,19.663999557495117,1.923115611076355,183.07533264160156,86.4102367132984,2.3119949,48.8523594
1705850926359186700,1008.9611867675782,45,1.5,1.3307069540023804,19.764999389648438,1.9428449869155884,182.98487854003906,86.4102367132984,2.3119939,48.8523493
1705850926945626600,1009.5476267089844,45,1.5,1.2942763566970825,20.05699920654297,1.960436224937439,182.90377807617188,86.12973216519168,2.3119921,48.8523374
1705850927497986300,1010.099986328125,45,1.5,1.2942763566970825,19.94300079345703,1.9780056476593018,182.872314453125,86.12973216519168,2.3119911,48.8523249
1705850928001218800,1010.60321875,45,1.5,1.2420234680175781,19.944000244140625,1.9914430379867554,182.86473083496094,86.09631527633763,2.3119895,48.8523103
1705850928587658800,1011.1896586914063,45,1.5,1.2420234680175781,20.034000396728516,2.0064895153045654,182.9172821044922,86.09631527633763,2.3119882,48.8523001
1705850929174098400,1011.7760983886719,45,1.5,1.2455451488494873,20.058000564575195,2.019019365310669,182.76792907714844,86.12973216519168,2.3119869,48.8522846
1705850929757986800,1012.3599868164063,45,1.5,1.2455451488494873,19.952999114990234,2.030017137527466,182.59825134277344,86.12973216519168,2.3119865,48.8522768
1705850930346978000,1012.9489780273437,45,1.5,1.2880076169967651,20.187999725341797,2.043977737426758,182.3411407470703,86.06033982994211,2.3119856,48.8522602
1705850930896752400,1013.4987524414063,45,1.5,1.2880076169967651,20.371999740600586,2.0562708377838135,182.09706115722656,86.06033982994211,2.3119853,48.8522504
1705850931402569500,1014.0045695800782,45,1.5,1.2865885496139526,20.319000244140625,2.0710387229919434,182.38829040527344,86.14287129505357,2.3119835,48.8522348
1705850931976821200,1014.5788212890625,45,1.5,1.2865885496139526,20.485000610351562,2.0841033458709717,182.68679809570312,86.14287129505357,2.311982,48.8522262
1705850932575448300,1015.1774482421876,45,1.5,1.271173357963562,20.55900001525879,2.0870656967163086,183.01512145996094,86.28669204693651,2.3119792,48.8522106
1705850933118646500,1015.720646484375,45,1.5,1.317221999168396,20.388999938964844,2.092770576477051,183.3682403564453,86.01274536362432,2.3119755,48.8522024
1705850933631039200,1016.2330393066406,45,1.5,1.317221999168396,20.229999542236328,2.099689245223999,183.6477508544922,86.01274536362432,2.3119711,48.8521864
1705850934198105900,1016.8001059570313,45,1.5,1.4200310707092285,20.090999603271484,2.101991653442383,183.83059692382812,86.01628962315868,2.3119697,48.8521792
1705850934803917800,1017.4059177246094,45,1.5,1.5564380884170532,20.17799949645996,2.1038877964019775,184.0619354248047,85.98591030394547,2.3119667,48.852164
1705850935317202700,1017.9192026367188,45,1.5,1.5564380884170532,20.016000747680664,2.096216917037964,185.4211883544922,85.98591030394547,2.3119608,48.8521583
1705850935859508200,1018.4615083007812,45,1.5,2.0943827629089355,19.441999435424805,2.089550018310547,186.7489776611328,85.86996357247048,2.3119534,48.852147
1705850936458081800,1019.0600817871094,45,1.5,2.0943827629089355,19.472000122070312,2.1193315982818604,187.2015380859375,85.86996357247048,2.3119489,48.8521363
1705850936972075000,1019.5740749511718,45,1.5,2.45275616645813,19.375,2.1299221515655518,187.15968322753906,85.70389416832663,2.3119465,48.8521272
1705850937501537500,1020.1035375976562,45,1.5,2.45275616645813,19.22599983215332,2.1421093940734863,187.089599609375,85.70389416832663,2.3119437,48.852115
1705850938087976400,1020.6899765625,45,1.5,1.8356791734695435,19.264999389648438,2.1483495235443115,187.5952606201172,85.67047815811998,2.3119388,48.8521015
1705850938669357000,1021.2713571777343,45,1.5,1.8356791734695435,19.257999420166016,2.1553902626037598,188.0746307373047,85.67047815811998,2.3119351,48.8520931
1705850939260854300,1021.8628542480469,45,1.5,2.2436888217926025,19.41699981689453,2.1637701988220215,187.8927764892578,85.70389416832663,2.3119323,48.85208
1705850939818533400,1022.4205334472656,45,1.5,2.2436888217926025,19.510000228881836,2.171565055847168,187.67247009277344,85.70389416832663,2.3119319,48.8520733
1705850940433731800,1023.0357319335938,45,1.5,1.9699665307998657,19.531999588012695,2.15069580078125,187.25265502929688,85.79553572266853,2.3119306,48.8520594
1705850940968844500,1023.5708444824219,45,1.5,1.6457380056381226,19.416000366210938,2.1356732845306396,187.2346649169922,85.78540953524397,2.3119301,48.8520534
1705850941489321500,1024.0913215332032,45,1.5,1.6457380056381226,19.375999450683594,2.1234166622161865,187.1848907470703,85.78540953524397,2.3119282,48.8520407
1705850942058958000,1024.6609580078125,45,1.5,1.4015328884124756,19.24799919128418,2.142238140106201,186.7039337158203,85.7262067503049,2.3119295,48.8520325
1705850942662198500,1025.264198486328,45,1.5,1.4015328884124756,19.159000396728516,2.1624860763549805,186.201171875,85.7262067503049,2.3119302,48.8520172
1705850943248637000,1025.8506369628906,45,1.5,1.5621984004974365,19.180999755859375,2.184885025024414,185.8524932861328,85.63811216997601,2.311931,48.852002
1705850943835075300,1026.437075439453,45,1.5,1.5621984004974365,19.309999465942383,2.2064716815948486,185.5850830078125,85.63811216997601,2.3119326,48.8519946
1705850944421513700,1027.023513671875,45,1.5,1.423658847808838,19.263999938964844,2.22041654586792,185.28858947753906,85.63811216997601,2.3119341,48.8519795
1705850944973235200,1027.5752351074218,45,1.5,1.3114171028137207,19.024999618530273,2.2240216732025146,185.02305603027344,85.62545497811583,2.3119368,48.851974
1705850945477102800,1028.079102783203,45,1.5,1.3114171028137207,19.03499984741211,2.2287628650665283,184.77505493164062,85.62545497811583,2.311938,48.8519576
1705850946063541000,1028.665541015625,45,1.5,1.3905059099197388,19.06999969482422,2.253582239151001,184.583740234375,85.6750712786724,2.311941,48.8519487
1705850946649979100,1029.2519792480468,45,1.5,1.3905059099197388,19.097999572753906,2.2792022228240967,184.38124084472656,85.6750712786724,2.3119425,48.8519303
1705850947236417300,1029.838417236328,45,1.5,1.3334932327270508,19.104999542236328,2.305039167404175,184.3216094970703,85.74190185809402,2.3119428,48.8519206
1705850947822855400,1030.42485546875,45,1.5,1.2542985677719116,19.040000915527344,2.3276069164276123,184.2423553466797,85.78949365341467,2.3119428,48.8519059
1705850948397034800,1030.9990346679688,45,1.5,1.2542985677719116,19.023000717163086,2.340709686279297,184.69100952148438,85.78949365341467,2.3119401,48.8518943
1705850948995731700,1031.5977316894532,45,1.5,1.2255114316940308,18.7549991607666,2.3520689010620117,185.1627197265625,85.88315913955572,2.3119363,48.8518803
1705850949539155500,1032.1411555175782,45,1.5,1.2255114316940308,18.718000411987305,2.347823143005371,185.5101776123047,85.88315913955572,2.3119321,48.8518654
1705850950051320000,1032.6533200683593,45,1.5,1.342538595199585,18.68899917602539,2.3263938426971436,185.47291564941406,85.72364005462977,2.3119295,48.8518502
1705850950661019000,1033.2630187988282,45,1.5,1.342538595199585,18.7549991607666,2.3099100589752197,185.38954162597656,85.72364005462977,2.3119281,48.8518411
1705850951224195800,1033.8261958007813,45,1.5,1.3428579568862915,18.749000549316406,2.282931089401245,184.7139892578125,85.71807069741271,2.3119279,48.8518252
1705850951798366000,1034.400365966797,45,1.5,1.3428579568862915,18.715999603271484,2.2585129737854004,184.09925842285156,85.71807069741271,2.3119294,48.8518177
1705850952397071400,1034.9990712890626,45,1.5,1.3413687944412231,18.735000610351562,2.251089334487915,183.7834930419922,85.64769459053244,2.3119286,48.8518011
1705850952999456500,1035.6014565429687,45,1.5,1.3413687944412231,18.780000686645508,2.243405818939209,183.41139221191406,85.64769459053244,2.3119294,48.8517919
1705850953569946600,1036.171946533203,45,1.5,1.3486182689666748,18.804000854492188,2.1710307598114014,182.30860900878906,85.64263158385255,2.3119303,48.8517786
1705850954117203200,1036.719203125,45,1.5,1.4089595079421997,18.687999725341797,2.159377336502075,181.95701599121094,85.55731773107432,2.3119295,48.8517724
1705850954625534200,1037.2275341796876,45,1.5,1.4089595079421997,18.667999267578125,2.1493492126464844,181.5244598388672,85.55731773107432,2.3119295,48.8517576
1705850955211971600,1037.8139716796875,45,1.5,1.498260736465454,18.70599937438965,2.128554105758667,180.83128356933594,85.34923077999119,2.3119313,48.8517459
1705850955798414000,1038.4004140625,45,1.5,1.466480016708374,18.673999786376953,2.1114208698272705,180.20899963378906,85.36062690014396,2.3119337,48.8517397
1705850956358259700,1038.960259765625,45,1.5,1.466480016708374,18.64299964904785,2.1087591648101807,179.7729949951172,85.36062690014396,2.311937,48.8517309
1705850956971288600,1039.5732885742189,45,1.5,1.6785000562667847,18.666000366210938,2.1057300567626953,179.43362426757812,85.27557167881844,2.3119395,48.8517185
1705850957497799200,1040.0997990722656,45,1.5,1.6785000562667847,18.718000411987305,2.104818344116211,179.0242919921875,85.27557167881844,2.3119415,48.8517066
1705850958026875600,1040.6288757324219,45,1.5,1.8120074272155762,18.770000457763672,2.08994722366333,179.0650177001953,85.24063853227108,2.3119427,48.8516931
1705850958618804700,1041.2208046875,45,1.5,1.8120074272155762,18.88800048828125,2.079347848892212,179.08056640625,85.24063853227108,2.3119437,48.8516843
1705850959199750000,1041.80175,45,1.5,2.505631685256958,18.97599983215332,2.0701048374176025,179.07557678222656,85.43251948079785,2.311944,48.8516693
1705850959786187000,1042.3881870117189,45,1.5,2.505631685256958,18.927000045776367,2.063049077987671,179.07179260253906,85.43251948079785,2.3119439,48.8516601
1705850960372624100,1042.9746240234374,45,1.5,2.9099786281585693,18.9689998626709,2.060312271118164,179.44810485839844,85.44163266848926,2.311944,48.8516454
1705850960937237500,1043.5392375488282,45,1.5,2.9099786281585693,18.878000259399414,2.058992385864258,179.87347412109375,85.44163266848926,2.3119436,48.8516356
1705850961545497900,1044.1474978027343,45,1.5,2.346261501312256,18.90399932861328,2.060372829437256,179.8970489501953,85.44163266848926,2.3119443,48.8516201
1705850962078261500,1044.6802614746093,45,1.5,2.807093620300293,18.777000427246094,2.078150987625122,179.92425537109375,85.45226473321291,2.3119443,48.8516107
1705850962601084200,1045.2030842285155,45,1.5,2.807093620300293,18.570999145507812,2.0948424339294434,179.9084930419922,85.45226473321291,2.3119443,48.8515948
1705850963187520800,1045.7895207519532,45,1.5,1.802701473236084,18.541000366210938,2.1155097484588623,180.05133056640625,85.39049768687505,2.3119437,48.8515839
1705850963773957400,1046.3759572753906,45,1.5,1.802701473236084,18.253999710083008,2.135684013366699,180.1953887939453,85.39049768687505,2.311943,48.851566
1705850964338514700,1046.9405146484376,45,1.5,1.4999735355377197,18.298999786376953,2.139335870742798,180.44503784179688,85.32873109185661,2.3119423,48.8515573
1705850964946830600,1047.5488305664062,45,1.5,1.4783645868301392,18.30299949645996,2.1429762840270996,180.7139129638672,85.295316564637,2.3119418,48.8515431
1705850965496539400,1048.0985393066405,45,1.5,1.4783645868301392,18.34600067138672,2.1409027576446533,180.6675262451172,85.295316564637,2.311941,48.8515321
1705850966002416000,1048.604416015625,45,1.5,1.5931094884872437,18.301000595092773,2.1421632766723633,180.38975524902344,85.342906991793,2.3119411,48.8515176
1705850966588852500,1049.1908525390625,45,1.5,1.5931094884872437,18.320999145507812,2.1446890830993652,180.0958251953125,85.342906991793,2.3119417,48.8515089
1705850967175288800,1049.7772888183595,45,1.5,1.4854648113250732,18.260000228881836,2.144240140914917,180.10768127441406,85.4026485455775,2.3119419,48.8514938
1705850967756829200,1050.3588291015626,45,1.5,1.4854648113250732,18.145999908447266,2.144876003265381,180.12123107910156,85.4026485455775,2.3119421,48.8514858
1705850968348161300,1050.950161376953,45,1.5,1.3978431224822998,18.11400032043457,2.1293914318084717,179.66049194335938,85.4289754660154,2.3119448,48.8514717
1705850968878258700,1051.4802587890624,45,1.5,1.3978431224822998,18.033000946044922,2.116661787033081,179.25328063964844,85.4289754660154,2.3119473,48.8514643
1705850969403746600,1052.0057465820312,45,1.5,1.457610845565796,17.753000259399414,2.0967934131622314,179.0189971923828,85.50137491999774,2.3119481,48.8514504
1705850969969646000,1052.5716459960938,45,1.5,1.4088869094848633,17.700000762939453,2.082388401031494,179.34954833984375,85.50137491999774,2.3119477,48.8514455
1705850970576618500,1053.1786184082032,45,1.5,1.4088869094848633,17.420000076293945,2.068896770477295,179.61978149414062,85.50137491999774,2.3119472,48.8514312
1705850971178520300,1053.7805202636719,45,1.5,1.3542189598083496,17.44099998474121,2.053203582763672,179.63218688964844,85.56466166390922,2.3119476,48.8514243
1705850971749490200,1054.351490234375,45,1.5,1.3542189598083496,17.243000030517578,2.0385513305664062,179.64122009277344,85.56466166390922,2.3119484,48.8514107
1705850972277432300,1054.879432373047,45,1.5,1.3520418405532837,17.319000244140625,2.021900177001953,179.88992309570312,85.46441568069959,2.3119465,48.8514059
1705850972805074400,1055.4070744628907,45,1.5,1.234176754951477,17.45199966430664,2.006463050842285,180.1206512451172,85.70494245720434,2.3119444,48.8513948
1705850973391510000,1055.9935100097657,45,1.5,1.234176754951477,17.40399932861328,2.0018398761749268,180.67108154296875,85.70494245720434,2.3119405,48.8513831
1705850973977945600,1056.5799455566407,45,1.5,1.2315864562988281,17.34000015258789,2.0015408992767334,181.1791229248047,85.63811216997601,2.3119364,48.8513795
1705850974537442600,1057.139442626953,45,1.5,1.2315864562988281,17.273000717163086,2.00594425201416,181.71847534179688,85.63811216997601,2.3119327,48.8513696
1705850975150816500,1057.75281640625,45,1.5,1.2218832969665527,17.426000595092773,2.028111457824707,181.50709533691406,85.69633549663253,2.3119319,48.8513555
1705850975678600000,1058.2805998535157,45,1.5,1.2218832969665527,17.48200035095215,2.0502560138702393,181.31439208984375,85.69633549663253,2.3119317,48.8513467
1705850976206400000,1058.8083999023438,45,1.5,1.2210381031036377,17.496000289916992,2.0685970783233643,181.265625,85.44669555478467,2.3119312,48.8513316
1705850976758731500,1059.3607314453125,45,1.5,1.2210381031036377,17.551000595092773,2.087303876876831,181.21261596679688,85.44669555478467,2.311931,48.8513229
1705850977261983200,1059.8639831542969,45,1.5,1.2158775329589844,17.422000885009766,2.1071929931640625,181.21209716796875,85.50137491999774,2.3119304,48.851306
1705850977848418300,1060.4504182128906,45,1.5,1.2158775329589844,17.402999877929688,2.1266751289367676,181.23191833496094,85.50137491999774,2.3119299,48.8512954
1705850978434853400,1061.0368532714845,45,1.5,1.2617716789245605,17.31399917602539,2.1338531970977783,181.43601989746094,85.6624140314736,2.3119278,48.8512816
1705850978970948000,1061.5729479980469,45,1.5,1.3902100324630737,17.434999465942383,2.154019832611084,181.70603942871094,85.62191096779023,2.3119261,48.8512725
1705850979490436400,1062.0924362792969,45,1.5,1.3902100324630737,17.510000228881836,2.173013687133789,181.98480224609375,85.62191096779023,2.3119238,48.8512554
1705850980076871400,1062.6788713378905,45,1.5,1.3925131559371948,17.433000564575195,2.1724178791046143,182.06983947753906,85.4988841018436,2.3119214,48.8512466
1705850980663306000,1063.2653059082031,45,1.5,1.3925131559371948,17.277999877929688,2.1716558933258057,182.0474395751953,85.4988841018436,2.3119189,48.8512301
1705850981218035000,1063.8200349121093,45,1.5,1.4899795055389404,17.33099937438965,2.1784279346466064,181.6961212158203,85.33485106574658,2.3119193,48.8512207
1705850981718888700,1064.320888671875,45,1.5,1.4899795055389404,17.260000228881836,2.183439016342163,181.2131805419922,85.33485106574658,2.3119202,48.8512046
1705850982305323300,1064.9073232421874,45,1.5,1.5609920024871826,17.39699935913086,2.187375545501709,181.05667114257812,85.20415206022759,2.3119204,48.851189
1705850982891757800,1065.4937578125,45,1.5,2.332850456237793,17.56399917602539,2.1922149658203125,181.0553741455078,85.27814902814924,2.3119202,48.8511802
1705850983398512400,1066.000512451172,45,1.5,2.332850456237793,17.56599998474121,2.2117831707000732,181.5655517578125,85.27814902814924,2.3119169,48.851169
1705850983947340000,1066.5493400878906,45,1.5,2.400655746459961,17.68400001525879,2.228118419647217,182.19737243652344,85.14086895871085,2.311913,48.8511548
1705850984516587800,1067.118587890625,45,1.5,2.400655746459961,17.684999465942383,2.233015775680542,182.50299072265625,85.14086895871085,2.3119091,48.8511413
1705850985120209000,1067.722208984375,45,1.5,2.022470235824585,17.774999618530273,2.207453727722168,182.42027282714844,85.0208854988553,2.3119066,48.8511263
1705850985638744300,1068.2407443847655,45,1.5,2.022470235824585,17.73699951171875,2.18498158454895,182.2676239013672,85.0208854988553,2.3119052,48.8511183
1705850986175790800,1068.7777907714844,45,1.5,2.527935743331909,17.788999557495117,2.168686628341675,182.2353057861328,84.85736647914106,2.3119027,48.8511039
1705850986776922400,1069.3789223632812,45,1.5,2.527935743331909,17.739999771118164,2.1555707454681396,182.19004821777344,84.85736647914106,2.3119015,48.8510963
1705850987348659200,1069.9506591796876,45,1.5,1.7982356548309326,17.634000778198242,2.1427552700042725,182.3080596923828,84.79003603744249,2.3118969,48.8510816
1705850987898724400,1070.5007243652344,45,1.5,1.7982356548309326,17.51799964904785,2.132251262664795,182.4049530029297,84.79003603744249,2.3118941,48.8510729
1705850988404240600,1071.0062407226562,45,1.5,1.4661287069320679,17.354000091552734,2.121570110321045,182.64248657226562,84.85888521709293,2.3118906,48.8510584
1705850988978672400,1071.5806723632813,45,1.5,1.4661287069320679,17.2549991607666,2.1131718158721924,182.83424377441406,84.85888521709293,2.3118885,48.8510505
1705850989577109000,1072.1791088867187,45,1.5,1.4430607557296753,17.239999771118164,2.106698989868164,183.04266357421875,84.76016781772981,2.311884,48.8510352
1705850990117071400,1072.7190712890624,45,1.5,1.5793389081954956,17.165000915527344,2.0987279415130615,183.3000946044922,84.71460632991773,2.3118798,48.8510273
1705850990632703700,1073.234703857422,45,1.5,1.5793389081954956,17.072999954223633,2.091020107269287,183.47840881347656,84.71460632991773,2.3118752,48.8510123
1705850991219124200,1073.8211242675782,45,1.5,1.450698971748352,17.08099937438965,2.0867204666137695,183.50753784179688,84.52932547598795,2.3118732,48.8510046
1705850991805558000,1074.4075581054688,45,1.5,1.3512156009674072,17.006000518798828,2.082249879837036,183.50457763671875,84.51160757428137,2.3118708,48.8509906
1705850992391992000,1074.9939919433593,45,1.5,1.3512156009674072,17.051000595092773,2.0761101245880127,183.7321319580078,84.51160757428137,2.3118669,48.8509814
1705850992978425900,1075.58042578125,45,1.5,1.422563076019287,17.131000518798828,2.0717928409576416,183.96121215820312,84.52071963337823,2.3118628,48.8509692
1705850993518611700,1076.1206118164062,45,1.5,1.422563076019287,17.072999954223633,2.0674567222595215,183.9970245361328,84.52071963337823,2.3118587,48.8509578
1705850994034006800,1076.6360068359375,45,1.5,1.3971648216247559,17.02899932861328,2.0676050186157227,183.7869110107422,84.5470434148302,2.3118551,48.8509431
1705850994620440300,1077.2224404296876,45,1.5,1.3971648216247559,17.052000045776367,2.0697708129882812,183.60464477539062,84.5470434148302,2.3118529,48.850934
1705850995206874000,1077.8088740234375,45,1.5,1.3355751037597656,17.018999099731445,2.07258939743042,183.76649475097656,84.5470434148302,2.3118493,48.8509179
1705850995793307600,1078.3953076171874,45,1.5,1.3355751037597656,16.986000061035156,2.076338529586792,183.9104766845703,84.5470434148302,2.3118466,48.8509081
1705850996379741400,1078.9817414550782,45,1.5,1.4506678581237793,17.035999298095703,2.0768752098083496,183.81784057617188,84.46657729644326,2.311844,48.8508928
1705850996938337000,1079.5403369140624,45,1.5,1.4506678581237793,17.097000122070312,2.0777225494384766,183.6619873046875,84.46657729644326,2.3118424,48.8508831
1705850997552608500,1080.1546083984374,45,1.5,1.4533370733261108,17.13800048828125,2.0786476135253906,183.56820678710938,84.65790793247199,2.311839,48.8508674
1705850998139055600,1080.7410556640625,45,1.5,1.4520283937454224,17.117000579833984,2.080824375152588,183.77102661132812,84.77231758928696,2.311836,48.8508513
1705850998669357000,1081.2713571777344,45,1.5,1.4520283937454224,17.261999130249023,2.082829236984253,183.9875030517578,84.77231758928696,2.3118342,48.8508422
1705850999177424600,1081.7794245605469,45,1.5,1.3736077547073364,17.20599937438965,2.087200880050659,184.52845764160156,84.77231758928696,2.3118284,48.850832
1705850999781056000,1082.3830559082032,45,1.5,1.3736077547073364,17.17099952697754,2.0909066200256348,185.0194091796875,84.77231758928696,2.3118221,48.8508144
1705851000318509300,1082.9205092773439,45,1.5,1.3808947801589966,17.124000549316406,2.096719264984131,185.15957641601562,84.77231758928696,2.3118177,48.8508044
1705851000836636200,1083.4386362304688,45,1.5,1.4493591785430908,17.177000045776367,2.101107120513916,185.14016723632812,84.81838563174023,2.3118128,48.8507896
1705851001423069400,1084.0250693359376,45,1.5,1.4493591785430908,17.179000854492188,2.10306978225708,185.44496154785156,84.81838563174023,2.3118073,48.8507781
1705851001969074700,1084.5710747070314,45,1.5,1.448409914970398,16.98900032043457,2.1088554859161377,185.68710327148438,84.82344806929817,2.3118034,48.8507669
1705851002478649600,1085.0806496582031,45,1.5,1.448409914970398,16.89299964904785,2.11476731300354,185.92852783203125,84.82344806929817,2.3117992,48.8507537
1705851003065083000,1085.667082763672,45,1.5,1.3272475004196167,16.711999893188477,2.1251091957092285,185.7754669189453,84.82344806929817,2.311796,48.8507371
1705851003651516200,1086.2535161132812,45,1.5,1.3272475004196167,16.472999572753906,2.135007619857788,185.58389282226562,84.82344806929817,2.3117932,48.8507202
1705851004237949400,1086.8399494628907,45,1.5,1.3928673267364502,16.45599937438965,2.146350860595703,185.53184509277344,84.86091020145454,2.3117913,48.850709
1705851004758482000,1087.3604819335937,45,1.5,1.3928673267364502,16.541000366210938,2.1574907302856445,185.55429077148438,84.86091020145454,2.3117891,48.8506978
1705851005293529000,1087.8955290527344,45,1.5,1.426542043685913,16.520999908447266,2.1687722206115723,185.4105987548828,84.82344806929817,2.3117862,48.8506806
1705851005879062300,1088.4810622558593,45,1.5,1.426542043685913,16.57900047302246,2.1794726848602295,185.12803649902344,84.82344806929817,2.3117843,48.850669
1705851006466395400,1089.0683955078125,45,1.5,1.5958396196365356,16.483999252319336,2.191389322280884,184.74591064453125,84.76016781772981,2.3117827,48.8506504
1705851006996767000,1089.5987670898437,45,1.5,1.5958396196365356,16.52400016784668,2.2025558948516846,184.3485870361328,84.76016781772981,2.3117825,48.850638
1705851007521975000,1090.1239750976563,45,1.5,2.4917778968811035,16.643999099731445,2.210089921951294,184.02456665039062,84.55111814304526,2.3117813,48.8506163
1705851008098595600,1090.700595703125,45,1.5,2.4917778968811035,16.68400001525879,2.218855142593384,183.78404235839844,84.55111814304526,2.3117829,48.85061
1705851008669357000,1091.2713571777344,45,1.5,2.4917778968811035,16.72599983215332,2.2272534370422363,183.60777282714844,84.55111814304526,2.3117827,48.8505908
1705851009237222400,1091.8392224121094,45,1.5,2.570006847381592,16.850000381469727,2.2338430881500244,183.40744018554688,84.4508841784371,2.3117828,48.8505805
1705851009750421000,1092.3524208984375,45,1.5,2.570006847381592,16.89699935913086,2.2385647296905518,183.23402404785156,84.4508841784371,2.3117825,48.8505632
1705851010336854000,1092.9388540039063,45,1.5,1.9677574634552002,16.833999633789062,2.243462324142456,183.1932830810547,84.3329336109664,2.3117816,48.8505524
1705851010923287000,1093.525287109375,45,1.5,2.373042106628418,16.77400016784668,2.247502326965332,183.094482421875,84.3329336109664,2.3117812,48.8505385
1705851011517062400,1094.1190625,45,1.5,2.373042106628418,16.791000366210938,2.2556331157684326,183.0800323486328,84.3329336109664,2.3117791,48.8505241
1705851012096153000,1094.6981530761718,45,1.5,1.777008056640625,16.827999114990234,2.257983446121216,183.17807006835938,84.3329336109664,2.311778,48.8505061
1705851012658367000,1095.2603669433595,45,1.5,1.777008056640625,16.808000564575195,2.2606139183044434,183.5294189453125,84.3329336109664,2.3117768,48.8504965
1705851013269019000,1095.8710187988281,45,1.5,1.5097527503967285,16.702999114990234,2.2661848068237305,183.94313049316406,84.3329336109664,2.3117737,48.8504765
1705851013796745500,1096.398745361328,45,1.5,1.5097527503967285,16.740999221801758,2.271059513092041,184.35113525390625,84.3329336109664,2.3117719,48.8504652
1705851014324598000,1096.9265979003906,45,1.5,1.4795626401901245,16.80699920654297,2.2739758491516113,184.4636993408203,84.33799583327936,2.311769,48.8504483
1705851014911030800,1097.5130307617187,45,1.5,1.4795626401901245,16.854999542236328,2.2768006324768066,184.28152465820312,84.33799583327936,2.311768,48.8504381
1705851015497469700,1098.0994697265626,45,1.5,1.5850168466567993,16.93199920654297,2.280949592590332,184.7997283935547,84.27623692816775,2.3117623,48.8504207
1705851016056940800,1098.6589409179687,45,1.5,1.4751838445663452,17.02899932861328,2.287335157394409,185.04812622070312,84.47980446537434,2.3117593,48.8504108
1705851016669357000,1099.2713571777344,45,1.5,1.4751838445663452,17.059999465942383,2.292760133743286,185.2749481201172,84.47980446537434,2.3117549,48.8503933
1705851017198828300,1099.8008283691406,45,1.5,1.3095152378082275,16.996000289916992,2.295851707458496,185.25709533691406,84.38463588839912,2.3117524,48.8503837
1705851017725914000,1100.3279140625,45,1.5,1.3095152378082275,16.999000549316406,2.297809600830078,185.2515106201172,84.38463588839912,2.311749,48.8503665
1705851018312346600,1100.9143466796875,45,1.5,1.3118706941604614,17.124000549316406,2.295750617980957,185.17343139648438,84.34262031502027,2.3117464,48.8503507
1705851018898779400,1101.500779296875,45,1.5,1.3718420267105103,17.24799919128418,2.29483962059021,184.9374237060547,84.34059547338552,2.3117455,48.8503435
1705851019477845200,1102.0798452148438,45,1.5,1.3718420267105103,17.2810001373291,2.291860580444336,184.58334350585938,84.34059547338552,2.3117451,48.8503312
1705851020071644700,1102.6736447753906,45,1.5,1.2978925704956055,17.174999237060547,2.289595365524292,184.3903350830078,84.32287812976631,2.3117433,48.8503146
1705851020616876800,1103.2188767089845,45,1.5,1.2978925704956055,17.150999069213867,2.2894792556762695,184.29049682617188,84.32287812976631,2.3117424,48.8503046
1705851021127223300,1103.729223388672,45,1.5,1.314368486404419,17.136999130249023,2.284575939178467,184.15194702148438,84.32287812976631,2.311741,48.8502895
1705851021669357000,1104.2713571777344,45,1.5,1.314368486404419,17.15399932861328,2.28114914894104,184.11122131347656,84.32287812976631,2.3117406,48.8502811
1705851022182801700,1104.7848017578126,45,1.5,1.2894593477249146,17.099000930786133,2.27695369720459,183.767578125,84.32642159551958,2.3117413,48.8502659
1705851022769234200,1105.3712341308594,45,1.5,1.2894593477249146,17.023000717163086,2.2748966217041016,183.50816345214844,84.32642159551958,2.311743,48.8502575
1705851023316593200,1105.9185932617188,45,1.5,1.2867367267608643,17.155000686645508,2.2808878421783447,183.6946563720703,84.43576355454672,2.3117397,48.8502487
1705851023824812500,1106.4268125,45,1.5,1.1524524688720703,17.166000366210938,2.2866926193237305,183.677978515625,84.54510692790899,2.3117362,48.8502348
1705851024418929700,1107.0209296875,45,1.5,1.1524524688720703,17.047000885009766,2.2914254665374756,183.5266876220703,84.54510692790899,2.3117352,48.8502234
1705851024968662300,1107.5706623535157,45,1.5,1.161784291267395,17.031999588012695,2.2920358180999756,183.35301208496094,84.66660122381202,2.3117352,48.8502121
1705851025518148000,1108.1201481933595,45,1.5,1.161784291267395,17.131000518798828,2.2941091060638428,183.35157775878906,84.66660122381202,2.3117349,48.8501999
1705851026053255200,1108.655255126953,45,1.5,1.1466572284698486,17.106000900268555,2.3005316257476807,183.4244842529297,84.8554270745481,2.3117331,48.8501835
1705851026658065400,1109.2600654296875,45,1.5,1.1466572284698486,17.04199981689453,2.308678150177002,183.59735107421875,84.8554270745481,2.3117316,48.8501742
1705851027226119700,1109.8281196289063,45,1.5,1.143731713294983,17.07200050354004,2.314619779586792,183.6292266845703,84.79214716404644,2.3117295,48.8501585
1705851027798804000,1110.4008039550781,45,1.5,1.143731713294983,17.26799964904785,2.321707248687744,183.6310272216797,84.79214716404644,2.3117279,48.8501489
1705851028398984200,1111.0009841308595,45,1.5,1.1624666452407837,17.368000030517578,2.332930088043213,183.44467163085938,84.63521503008954,2.3117279,48.850133
1705851028985416200,1111.5874162597656,45,1.5,1.1741271018981934,17.375,2.344231367111206,183.27407836914062,84.59826046750695,2.3117287,48.8501229
1705851029571848400,1112.1738483886718,45,1.5,1.1741271018981934,17.37700080871582,2.353914260864258,183.15342712402344,84.59826046750695,2.3117291,48.8501067
1705851030158294300,1112.7602941894531,45,1.5,1.1977605819702148,17.388999938964844,2.354811906814575,183.08261108398438,84.62104065821913,2.3117305,48.8500909
1705851030669357000,1113.2713571777344,45,1.5,1.1977605819702148,17.34600067138672,2.356137275695801,183.0692138671875,84.62104065821913,2.311732,48.8500824
1705851031177157600,1113.7791577148437,45,1.5,1.2903392314910889,17.329999923706055,2.3557021617889404,182.93331909179688,84.62104065821913,2.3117326,48.8500746
1705851031683004000,1114.28500390625,45,1.5,1.2903392314910889,17.41200065612793,2.3541040420532227,182.79302978515625,84.62104065821913,2.311733,48.8500593
1705851032269436000,1114.8714357910155,45,1.5,1.3102009296417236,17.36199951171875,2.3637216091156006,182.71466064453125,84.67723205778248,2.3117347,48.8500498
1705851032855868000,1115.457867919922,45,1.5,2.3268229961395264,17.231000900268555,2.3725972175598145,182.5762176513672,84.72684279308757,2.3117366,48.8500352
1705851033456958700,1116.0589587402344,45,1.5,2.3268229961395264,17.19099998474121,2.370995044708252,182.44659423828125,84.72684279308757,2.3117383,48.8500245
1705851033971063000,1116.5730629882812,45,1.5,2.1946189403533936,17.134000778198242,2.3820061683654785,182.3983917236328,84.6018040486966,2.311739,48.8500126
1705851034497877500,1117.0998774414063,45,1.5,2.1946189403533936,17.06399917602539,2.3934671878814697,182.33883666992188,84.6018040486966,2.3117393,48.8499986
1705851035084309200,1117.6863093261718,45,1.5,2.209284782409668,17.170000076293945,2.3991289138793945,182.218994140625,84.45348113476507,2.3117388,48.8499828
1705851035658764500,1118.2607646484375,45,1.5,2.209284782409668,17.253999710083008,2.406493663787842,182.0465087890625,84.45348113476507,2.311739,48.8499738
1705851036257173000,1118.8591730957032,45,1.5,1.9938548803329468,17.18600082397461,2.4104506969451904,181.68331909179688,84.39526636777785,2.3117412,48.8499561
1705851036797182700,1119.3991826171875,45,1.5,1.9938548803329468,17.134000778198242,2.4148707389831543,181.42218017578125,84.39526636777785,2.3117431,48.8499474
1705851037312750300,1119.9147502441406,45,1.5,2.5337536334991455,17.170000076293945,2.405583143234253,180.8834228515625,84.53295759435679,2.3117452,48.8499323
1705851037899182000,1120.5011821289063,45,1.5,2.5337536334991455,17.19099998474121,2.398355484008789,180.388916015625,84.53295759435679,2.3117482,48.8499252
1705851038485613800,1121.0876137695313,45,1.5,1.7507481575012207,17.115999221801758,2.3991940021514893,180.13809204101562,84.38311724957825,2.3117512,48.84991
1705851039058183400,1121.6601833496093,45,1.5,1.3948661088943481,17.118000030517578,2.4035592079162598,180.15115356445312,84.36539981683728,2.311751,48.8499011
1705851039658477300,1122.2604772949219,45,1.5,1.3948661088943481,17.143999099731445,2.408566474914551,180.09011840820312,84.36539981683728,2.3117509,48.8498843
1705851040198578700,1122.8005786132812,45,1.5,1.4306849241256714,17.136999130249023,2.404329776763916,180.20262145996094,84.2823814837911,2.3117513,48.8498771
1705851040714054400,1123.3160544433595,45,1.5,1.4306849241256714,16.97100067138672,2.399923324584961,180.3209228515625,84.2823814837911,2.3117509,48.8498637
1705851041298433300,1123.9004333496093,45,1.5,1.9052103757858276,16.933000564575195,2.3806638717651367,180.15896606445312,84.03831749461344,2.3117529,48.8498561
1705851041886918000,1124.48891796875,45,1.5,1.7811033725738525,16.98900032043457,2.36273193359375,179.95755004882812,84.0788139465845,2.3117552,48.8498423
1705851042473363200,1125.07536328125,45,1.5,1.7811033725738525,17.05900001525879,2.3407576084136963,179.4316864013672,84.0788139465845,2.3117585,48.849827
1705851042981456000,1125.5834558105469,45,1.5,1.6855099201202393,17.010000228881836,2.3619606494903564,179.53419494628906,84.03831749461344,2.3117593,48.8498233
1705851043516797400,1126.1187973632811,45,1.5,1.6855099201202393,17.025999069213867,2.3835692405700684,179.6761016845703,84.03831749461344,2.3117597,48.8498116
1705851044115358500,1126.7173583984375,45,1.5,1.6253687143325806,17.091999053955078,2.3875551223754883,180.0105438232422,84.40083471945411,2.3117589,48.8497949
1705851044657887500,1127.2598874511718,45,1.5,1.6253687143325806,17.038000106811523,2.3935391902923584,180.34915161132812,84.40083471945411,2.3117575,48.8497849
1705851045170935600,1127.772935546875,45,1.5,1.628259539604187,17.05699920654297,2.394498348236084,180.71238708496094,84.23682298896497,2.3117554,48.8497696
1705851045757702100,1128.3597021484375,45,1.5,1.628259539604187,17.104000091552734,2.397461175918579,181.1134796142578,84.23682298896497,2.3117527,48.849761
1705851046343798800,1128.945798828125,45,1.5,1.4618674516677856,17.131999969482422,2.427217483520508,181.3558349609375,84.00693287777294,2.3117495,48.8497429
1705851046930243800,1129.5322438964845,45,1.5,1.3690474033355713,17.086000442504883,2.4547646045684814,181.68692016601562,84.18721512939358,2.3117459,48.8497301
1705851047516661800,1130.1186618652343,45,1.5,1.3690474033355713,17.19700050354004,2.482778549194336,181.9976348876953,84.18721512939358,2.3117433,48.8497137
1705851048669357000,1131.2713571777344,45,1.5,1.3443304300308228,17.20800018310547,2.4809634685516357,182.3275146484375,83.90020394219158,2.3117394,48.8496872
1705851049275955700,1131.8779558105468,45,1.5,1.3053007125854492,17.371000289916992,2.4878852367401123,182.2913818359375,83.864771138071,2.3117379,48.8496707
1705851049819407000,1132.4214069824218,45,1.5,1.3053007125854492,17.47800064086914,2.4947288036346436,182.2568359375,83.864771138071,2.3117366,48.8496607
1705851050331531800,1132.9335317382813,45,1.5,1.2766331434249878,17.51300048828125,2.5216920375823975,182.45053100585938,83.83338792130787,2.311734,48.8496417
1705851050917963000,1133.519962890625,45,1.5,1.2766331434249878,17.56599998474121,2.5478737354278564,182.59727478027344,83.83338792130787,2.3117312,48.8496311
1705851051504394000,1134.1063940429688,45,1.5,1.2754132747650146,17.520999908447266,2.567302942276001,182.58584594726562,83.70988090943264,2.31173,48.8496116
1705851052078738700,1134.6807387695312,45,1.5,1.2442840337753296,17.59000015258789,2.5742931365966797,182.61753845214844,83.70988090943264,2.3117285,48.8496011
1705851052669357000,1135.2713571777344,45,1.5,1.2442840337753296,17.486000061035156,2.5809288024902344,182.7191925048828,83.70988090943264,2.3117259,48.8495828
1705851053263686700,1135.8656867675782,45,1.5,1.251855731010437,17.52199935913086,2.5960853099823,182.5301513671875,83.75897979232502,2.3117237,48.8495637
1705851053850117400,1136.4521174316405,45,1.5,1.251855731010437,17.47100067138672,2.6105451583862305,182.3281707763672,83.75897979232502,2.311723,48.8495524
1705851054436548000,1137.0385480957032,45,1.5,1.261046051979065,17.52199935913086,2.6202590465545654,182.10250854492188,83.75897979232502,2.3117227,48.8495334
1705851054968041700,1137.5700417480468,45,1.5,1.2659417390823364,17.46500015258789,2.6305646896362305,182.1519012451172,83.78732566899407,2.3117212,48.8495235
1705851055492123400,1138.0941232910156,45,1.5,1.2659417390823364,17.388999938964844,2.639937400817871,182.14898681640625,83.78732566899407,2.3117192,48.8495023
1705851056078553900,1138.680553955078,45,1.5,1.284589409828186,17.350000381469727,2.6429460048675537,182.30470275878906,83.78935037810751,2.3117167,48.8494925
1705851056664984300,1139.266984375,45,1.5,1.284589409828186,17.429000854492188,2.646324634552002,182.4572296142578,83.78935037810751,2.3117137,48.8494743
1705851057251415000,1139.8534150390626,45,1.5,1.3062227964401245,17.416000366210938,2.6467082500457764,182.5430450439453,83.77669595410462,2.311712,48.8494572
1705851057837845200,1140.4398452148437,45,1.5,1.3216819763183594,17.450000762939453,2.648252248764038,182.655517578125,83.7574612659,2.3117102,48.8494487
1705851058377765400,1140.9797653808594,45,1.5,1.3216819763183594,17.384000778198242,2.6039621829986572,182.3203125,83.7574612659,2.3117096,48.8494405
1705851058893433900,1141.4954338378907,45,1.5,1.3933135271072388,17.24799919128418,2.5609471797943115,181.94178771972656,83.72202906009232,2.3117096,48.8494281
1705851059479850500,1142.0818505859374,45,1.5,1.3933135271072388,17.136999130249023,2.5431466102600098,181.7316436767578,83.72202906009232,2.3117102,48.8494161
1705851060066280700,1142.6682807617187,45,1.5,1.4269651174545288,17.003000259399414,2.544879198074341,181.78396606445312,83.52200473678278,2.3117082,48.8494002
1705851060657805000,1143.2598051757811,45,1.5,1.4269651174545288,16.9950008392334,2.5493640899658203,181.85423278808594,83.52200473678278,2.3117067,48.8493904
1705851061239141000,1143.8411411132813,45,1.5,2.200413703918457,16.974000930786133,2.5541534423828125,181.953857421875,83.51846152288573,2.3117057,48.8493735
1705851061825571300,1144.4275712890626,45,1.5,2.485870599746704,16.93199920654297,2.5585453510284424,181.99635314941406,83.51846152288573,2.3117055,48.8493597
1705851062412001500,1145.0140014648437,45,1.5,2.485870599746704,17.020000457763672,2.5502772331237793,182.3278350830078,83.51846152288573,2.3117024,48.8493476
1705851062971210200,1145.573210205078,45,1.5,2.3079710006713867,16.968000411987305,2.5255987644195557,182.40036010742188,83.50631337222605,2.3116999,48.8493389
1705851063584861400,1146.186861328125,45,1.5,2.3079710006713867,17.02400016784668,2.5039305686950684,182.47952270507812,83.50631337222605,2.3116972,48.8493246
1705851064171291400,1146.7732915039062,45,1.5,2.770179033279419,17.143999099731445,2.4921634197235107,182.85166931152344,83.48505415057872,2.3116921,48.8493097
1705851064738340600,1147.340340576172,45,1.5,2.770179033279419,17.339000701904297,2.4830706119537354,183.17263793945312,83.48505415057872,2.3116877,48.8493019
1705851065344151300,1147.9461513671874,45,1.5,1.9828907251358032,17.378999710083008,2.486480712890625,183.17393493652344,83.47442455980467,2.3116863,48.8492855
1705851065930594800,1148.5325947265626,45,1.5,1.643277883529663,17.44499969482422,2.4906070232391357,183.15664672851562,83.43595567634011,2.3116856,48.8492749
1705851066517011000,1149.119010986328,45,1.5,1.643277883529663,17.4060001373291,2.4869868755340576,183.34432983398438,83.43595567634011,2.3116836,48.8492614
1705851067103440600,1149.7054406738282,45,1.5,1.6015985012054443,17.45599937438965,2.47359561920166,183.37054443359375,83.47442455980467,2.3116813,48.8492458
1705851067669357000,1150.2713571777344,45,1.5,1.6015985012054443,17.573999404907227,2.462125301361084,183.358642578125,83.47442455980467,2.3116801,48.849238
1705851068276300000,1150.8783000488281,45,1.5,1.4743136167526245,17.645999908447266,2.447603940963745,183.3054656982422,83.72911548937245,2.3116784,48.8492245
1705851068817186300,1151.4191862792968,45,1.5,1.4743136167526245,17.68400001525879,2.4340012073516846,183.271484375,83.72911548937245,2.311677,48.8492177
1705851069331873500,1151.9338735351562,45,1.5,1.6440014839172363,17.760000228881836,2.4225614070892334,183.56553649902344,83.57068459585048,2.3116733,48.8492035
1705851069918360800,1152.5203608398438,45,1.5,1.6440014839172363,17.868999481201172,2.412691116333008,183.9388885498047,83.57068459585048,2.3116696,48.8491969
1705851070504732700,1153.1067326660157,45,1.5,1.3899952173233032,17.929000854492188,2.4041709899902344,183.99658203125,83.53879630852134,2.3116671,48.8491806
1705851071037951700,1153.6399516601562,45,1.5,1.3170429468154907,17.920000076293945,2.3944272994995117,183.7599334716797,83.52664842118051,2.3116663,48.8491746
1705851071560305700,1154.1623056640624,45,1.5,1.3170429468154907,17.98699951171875,2.3852627277374268,183.43223571777344,83.52664842118051,2.3116653,48.8491592
1705851072157036300,1154.7590363769532,45,1.5,1.3856278657913208,17.910999298095703,2.3786189556121826,183.33009338378906,83.50032805849443,2.3116648,48.8491518
1705851072669357000,1155.2713571777344,45,1.5,1.3856278657913208,17.764999389648438,2.3711440563201904,183.24012756347656,83.50032805849443,2.3116635,48.8491373
1705851073202307800,1155.8043078613282,45,1.5,1.3215223550796509,17.759000778198242,2.363328456878662,183.2436065673828,83.45274914930263,2.3116624,48.8491303
1705851073788737300,1156.3907373046875,45,1.5,1.2494102716445923,17.73699951171875,2.3556368350982666,183.31387329101562,83.46287229904341,2.3116606,48.8491177
1705851074375166500,1156.9771665039063,45,1.5,1.2494102716445923,17.586000442504883,2.3492343425750732,183.17312622070312,83.46287229904341,2.3116603,48.8491034
1705851074961595600,1157.563595703125,45,1.5,1.2224435806274414,17.340999603271484,2.3455970287323,183.00816345214844,83.46287229904341,2.3116612,48.8490985
1705851075518716400,1158.1207163085937,45,1.5,1.2224435806274414,17.410999298095703,2.3446872234344482,182.80697631835938,83.46287229904341,2.3116603,48.8490863
1705851076134460000,1158.7364599609375,45,1.5,1.23017156124115,17.51099967956543,2.34704852104187,182.64947509765625,83.53373468667439,2.3116593,48.8490701
1705851076669357000,1159.2713571777344,45,1.5,1.23017156124115,17.624000549316406,2.348681926727295,182.44403076171875,83.53373468667439,2.3116587,48.8490542
1705851077190032100,1159.7920322265625,45,1.5,1.194488286972046,17.711000442504883,2.351630210876465,182.30715942382812,83.46287229904341,2.311659,48.8490465
1705851077738318800,1160.3403188476564,45,1.5,1.194488286972046,17.68400001525879,2.355664014816284,182.1993865966797,83.46287229904341,2.311659,48.8490367
1705851078245604400,1160.8476042480468,45,1.5,1.1664960384368896,17.731000900268555,2.3573720455169678,181.95079040527344,83.4562922503332,2.31166,48.8490214
1705851078778260500,1161.380260498047,45,1.5,1.1664960384368896,17.70199966430664,2.358937978744507,181.7728271484375,83.4562922503332,2.3116607,48.849014
1705851079301176300,1161.9031762695313,45,1.5,1.2025952339172363,17.753999710083008,2.3694679737091064,181.50270080566406,83.36771517008178,2.3116625,48.8489978
1705851079887605200,1162.4896052246095,45,1.5,1.175900936126709,17.816999435424805,2.37817120552063,181.1316680908203,83.27458369809418,2.3116647,48.8489839
1705851080474034000,1163.0760339355468,45,1.5,1.175900936126709,17.959999084472656,2.3869946002960205,180.9744110107422,83.27458369809418,2.3116652,48.8489709
1705851081060462600,1163.6624626464843,45,1.5,1.1795337200164795,17.878000259399414,2.399510383605957,180.65496826171875,83.27458369809418,2.3116677,48.8489529
1705851081617892900,1164.2198928222656,45,1.5,1.1795337200164795,17.913999557495117,2.412644863128662,180.28700256347656,83.27458369809418,2.3116706,48.8489427
1705851082233319700,1164.835319580078,45,1.5,1.1861745119094849,17.73200035095215,2.423314332962036,180.0174102783203,83.2518071355528,2.3116727,48.8489244
1705851082819748400,1165.4217482910155,45,1.5,1.1872708797454834,17.72100067138672,2.433805465698242,179.9395294189453,83.28318819324792,2.3116741,48.8489091
1705851083406176500,1166.008176513672,45,1.5,1.1872708797454834,17.753999710083008,2.4560294151306152,179.8994140625,83.28318819324792,2.3116751,48.8488955
1705851083992605000,1166.5946049804688,45,1.5,1.20660400390625,17.93600082397461,2.4770283699035645,179.84922790527344,83.30090335790591,2.3116762,48.8488813
1705851084537498600,1167.1394985351562,45,1.5,1.20660400390625,17.966999053955078,2.4939255714416504,179.99876403808594,83.30090335790591,2.3116752,48.8488645
1705851085048175900,1167.65017578125,45,1.5,1.2263751029968262,17.906999588012695,2.508357286453247,180.30429077148438,83.54942572426502,2.3116726,48.8488447
1705851085637380600,1168.2393806152343,45,1.5,1.2263751029968262,17.80900001525879,2.523362398147583,180.60824584960938,83.54942572426502,2.31167,48.8488315
1705851086221032200,1168.8230322265624,45,1.5,1.2572687864303589,17.805999755859375,2.5319905281066895,181.1503143310547,83.54942572426502,2.3116657,48.8488133
1705851086807474000,1169.4094738769531,45,1.5,1.2413606643676758,17.76799964904785,2.5413899421691895,181.61660766601562,83.60915316604843,2.311661,48.8487967
1705851087393888500,1169.9958884277344,45,1.5,1.2413606643676758,17.84600067138672,2.550950765609741,181.91571044921875,83.60915316604843,2.3116592,48.8487842
1705851087980316400,1170.58231640625,45,1.5,1.421533465385437,17.923999786376953,2.5612614154815674,182.21719360351562,83.56005515337537,2.3116569,48.8487695
1705851088537460700,1171.1394606933593,45,1.5,1.421533465385437,17.89299964904785,2.569016218185425,182.47486877441406,83.56005515337537,2.3116541,48.8487543
1705851089153172700,1171.7551728515625,45,1.5,2.5934810638427734,17.70199966430664,2.5579519271850586,182.45994567871094,83.56005515337537,2.3116509,48.8487358
1705851089698312000,1172.3003120117187,45,1.5,2.5934810638427734,17.625999450683594,2.5485754013061523,182.41561889648438,83.56005515337537,2.3116488,48.848725
1705851090758579200,1173.3605791015625,45,1.5,2.412991762161255,17.81800079345703,2.548125982284546,182.32940673828125,83.31001402847279,2.311649,48.8486988
1705851091264313300,1173.8663132324218,45,1.5,2.2498340606689453,17.797000885009766,2.5448079109191895,182.2279510498047,83.20564735911921,2.3116479,48.8486818
1705851091858658800,1174.460658935547,45,1.5,2.2498340606689453,17.799999237060547,2.5435335636138916,182.1471405029297,83.20564735911921,2.3116472,48.8486714
1705851092437169200,1175.039169189453,45,1.5,2.2515721321105957,17.80299949645996,2.5423569679260254,182.1420440673828,83.15098365647854,2.3116477,48.8486534
1705851092977049000,1175.5790490722657,45,1.5,2.2515721321105957,17.81800079345703,2.542483329772949,182.2015838623047,83.15098365647854,2.3116481,48.8486428
1705851093492739000,1176.0947390136719,45,1.5,2.5161213874816895,17.672000885009766,2.5255074501037598,182.1045684814453,83.31700043941926,2.3116483,48.8486272
1705851094058100000,1176.6600998535157,45,1.5,1.787539005279541,17.6200008392334,2.5119526386260986,181.7465362548828,83.19097373634138,2.3116501,48.8486198
1705851094665594600,1177.2675947265625,45,1.5,1.787539005279541,17.632999420166016,2.49910831451416,181.39454650878906,83.19097373634138,2.3116516,48.8486031
1705851095198667500,1177.8006674804687,45,1.5,1.4946305751800537,17.549999237060547,2.4893882274627686,181.29534912109375,83.22437994646374,2.3116524,48.8485938
1705851095721164500,1178.3231645507813,45,1.5,1.4946305751800537,17.468000411987305,2.479620933532715,181.1891326904297,83.22437994646374,2.3116529,48.8485771
1705851096278405000,1178.880405029297,45,1.5,1.5290368795394897,17.533000946044922,2.459773063659668,181.22706604003906,83.37774651448552,2.3116539,48.8485705
1705851096894033400,1179.4960334472655,45,1.5,1.6417745351791382,17.5939998626709,2.4410362243652344,181.3154296875,83.37774651448552,2.3116538,48.848556
1705851097480447500,1180.0824475097656,45,1.5,1.6417745351791382,17.569000244140625,2.434004306793213,181.6393280029297,83.37774651448552,2.3116527,48.8485414
1705851098066875000,1180.668875,45,1.5,1.652713418006897,17.562999725341797,2.424283027648926,181.36444091796875,83.70978483486536,2.3116539,48.8485342
1705851098653302500,1181.2553024902343,45,1.5,1.652713418006897,17.695999145507812,2.415231704711914,181.07998657226562,83.70978483486536,2.3116551,48.8485189
1705851099257731300,1181.8597314453125,45,1.5,1.52169930934906,17.666000366210938,2.389171838760376,180.96595764160156,83.50428868214627,2.3116561,48.8485116
1705851099826157600,1182.4281574707031,45,1.5,1.52169930934906,17.608999252319336,2.3647704124450684,180.87469482421875,83.50428868214627,2.3116574,48.8484974
1705851100412585000,1183.0145849609376,45,1.5,1.4610893726348877,17.687000274658203,2.3620617389678955,181.04196166992188,83.25930476183682,2.3116587,48.8484828
1705851100969394000,1183.571393798828,45,1.5,1.5087056159973145,17.785999298095703,2.36305832862854,181.20880126953125,83.30536524622698,2.3116584,48.8484764
1705851101585439700,1184.1874396972655,45,1.5,1.5087056159973145,17.79800033569336,2.364114284515381,181.29014587402344,83.30536524622698,2.3116575,48.8484574
1705851102157187000,1184.7591870117187,45,1.5,1.4580973386764526,17.684999465942383,2.3671953678131104,181.0919952392578,83.25778628860314,2.3116572,48.8484507
1705851102669357000,1185.2713571777344,45,1.5,1.399614930152893,17.660999298095703,2.3693554401397705,180.86422729492188,83.30536524622698,2.3116572,48.8484338
1705851103227436300,1185.829436279297,45,1.5,1.399614930152893,17.590999603271484,2.3777687549591064,180.5082550048828,83.30536524622698,2.3116591,48.8484259
1705851103813863700,1186.4158637695311,45,1.5,1.380704641342163,17.527000427246094,2.386042356491089,180.11451721191406,83.3898944803847,2.3116614,48.8484094
1705851104357305600,1186.9593056640624,45,1.5,1.380704641342163,17.711000442504883,2.406651258468628,180.3572235107422,83.3898944803847,2.3116613,48.8483993
1705851104869432600,1187.4714326171875,45,1.5,1.3701839447021484,17.91200065612793,2.4223289489746094,180.8355255126953,83.28967428379839,2.3116596,48.8483847
1705851105455859700,1188.0578596191406,45,1.5,1.3701839447021484,17.992000579833984,2.4429094791412354,180.9110870361328,83.28967428379839,2.3116583,48.8483699
1705851105970930000,1188.5729299316406,45,1.5,1.3398022651672363,17.959999084472656,2.4306185245513916,181.27650451660156,83.16971530772602,2.311657,48.848359
1705851106511428600,1189.1134287109376,45,1.5,1.3398022651672363,17.91200065612793,2.4196224212646484,181.5740509033203,83.16971530772602,2.3116554,48.848345
1705851107097855700,1189.6998557128907,45,1.5,1.3250212669372559,17.792999267578125,2.4121553897857666,181.8330841064453,83.16414763287518,2.3116543,48.8483283
1705851107669357000,1190.2713571777344,45,1.5,1.3250212669372559,17.684999465942383,2.406851053237915,182.10574340820312,83.16414763287518,2.3116534,48.8483195
1705851108270709800,1190.8727097167969,45,1.5,1.3247902393341064,17.57699966430664,2.4040958881378174,181.8437957763672,83.09227434129429,2.3116524,48.8483039
1705851108818095000,1191.4200952148437,45,1.5,1.3247902393341064,17.464000701904297,2.4032959938049316,181.55870056152344,83.09227434129429,2.3116522,48.848295
1705851109326278400,1191.9282783203125,45,1.5,1.2861542701721191,17.277000427246094,2.3849387168884277,181.30661010742188,83.04267200350407,2.3116515,48.8482802
1705851109912705500,1192.5147055664063,45,1.5,1.2861542701721191,17.259000778198242,2.3695735931396484,181.03451538085938,83.04267200350407,2.3116516,48.8482717
1705851110499132400,1193.1011323242187,45,1.5,1.2756140232086182,16.96500015258789,2.357630729675293,181.13865661621094,83.09936041331,2.3116503,48.848256
1705851111036989200,1193.6389892578125,45,1.5,1.5483304262161255,16.996999740600586,2.3522541522979736,181.10162353515625,83.09936041331,2.3116492,48.8482482
1705851111554701000,1194.156701171875,45,1.5,1.5483304262161255,17.03700065612793,2.3467791080474854,181.0284881591797,83.09936041331,2.3116481,48.8482325
1705851112141128000,1194.7431279296875,45,1.5,1.5619540214538574,17.12299919128418,2.3466646671295166,180.97250366210938,83.11656947007774,2.3116482,48.8482231
1705851112669357000,1195.2713571777344,45,1.5,1.5619540214538574,17.32699966430664,2.346545934677124,180.87063598632812,83.11656947007774,2.3116488,48.8482065
1705851113196696300,1195.7986962890625,45,1.5,1.57539701461792,17.256999969482422,2.35083270072937,180.481201171875,83.07607762756435,2.3116493,48.8481984
1705851113783123000,1196.385123046875,45,1.5,1.5479521751403809,17.371000289916992,2.355478048324585,180.06443786621094,83.07607762756435,2.3116507,48.8481837
1705851114369549800,1196.9715498046876,45,1.5,1.5479521751403809,17.320999145507812,2.3588860034942627,179.72665405273438,83.07607762756435,2.3116514,48.8481729
1705851114955976400,1197.5579765625,45,1.5,1.5470595359802246,17.35700035095215,2.362522840499878,179.3716278076172,83.16769069826553,2.3116529,48.8481587
1705851115542403300,1198.1444033203124,45,1.5,1.5470595359802246,17.270000457763672,2.367391586303711,179.4505157470703,83.16769069826553,2.3116512,48.8481391
1705851116128829700,1198.7308295898438,45,1.5,1.5443772077560425,17.179000854492188,2.3716721534729004,179.51988220214844,83.35648761616878,2.3116488,48.8481301
1705851116669357000,1199.2713571777344,45,1.5,1.5443772077560425,17.086000442504883,2.374999761581421,179.47738647460938,83.35648761616878,2.3116472,48.8481141
1705851117184397800,1199.7863977050781,45,1.5,1.2966233491897583,16.8799991607666,2.378807544708252,179.43646240234375,83.58637570202856,2.3116441,48.8481043
1705851117712102700,1200.3141025390626,45,1.5,1.2966233491897583,16.77199935913086,2.384495973587036,179.3671417236328,83.58637570202856,2.3116428,48.8480947
1705851118239965400,1200.8419653320314,45,1.5,1.3091728687286377,16.645999908447266,2.3910553455352783,179.58033752441406,83.58637570202856,2.3116401,48.8480767
1705851118838466000,1201.4404660644532,45,1.5,1.3091728687286377,16.650999069213867,2.3969829082489014,179.96087646484375,83.58637570202856,2.3116375,48.8480652
1705851119412818400,1202.014818359375,45,1.5,2.4899556636810303,16.736000061035156,2.401968002319336,180.28826904296875,83.53373468667439,2.3116341,48.8480477
1705851119978012000,1202.5800119628907,45,1.5,2.4899556636810303,16.84600067138672,2.407468795776367,180.58143615722656,83.53373468667439,2.3116307,48.8480371
1705851120585671400,1203.1876713867186,45,1.5,2.1836886405944824,16.941999435424805,2.4076952934265137,181.08499145507812,83.36113519544092,2.3116251,48.8480212
1705851121172097800,1203.7740979003906,45,1.5,2.16721773147583,17.19499969482422,2.410781145095825,181.2655792236328,83.20220505614742,2.3116207,48.8480043
1705851121968412000,1204.5704118652343,20.629343032836914,0.9741663336753845,1.9806370735168457,16.43400001525879,2.422382354736328,181.30589294433594,83.17588570363384,2.3116125,48.847988
1705851122335190300,1204.9371901855468,45,1.5,1.9806370735168457,16.59600067138672,2.4245426654815674,181.25477600097656,83.17588570363384,2.311611,48.8479752
1705851122897410300,1205.4994104003906,45,1.5,1.9806370735168457,16.83799934387207,2.4277944564819336,181.13970947265625,83.17588570363384,2.31161,48.8479661
1705851123508042800,1206.1100427246095,45,1.5,2.4435229301452637,16.847000122070312,2.4340553283691406,181.2437286376953,83.1262840697145,2.3116069,48.8479476
1705851124038164000,1206.6401640625,45,1.5,1.7880449295043945,16.86199951171875,2.4397683143615723,181.35052490234375,83.10705086140024,2.311605,48.8479364
1705851124563609900,1207.1656098632814,45,1.5,1.7880449295043945,16.79599952697754,2.4446451663970947,181.49758911132812,83.10705086140024,2.3116028,48.847918
1705851125158412000,1207.760412109375,45,1.5,1.4291497468948364,16.780000686645508,2.4084136486053467,180.87289428710938,83.10705086140024,2.3116017,48.8479086
1705851125669357000,1208.2713571777344,45,1.5,1.4291497468948364,16.823999404907227,2.3723065853118896,180.18389892578125,83.10705086140024,2.3116011,48.8478926
1705851126218575000,1208.8205751953126,45,1.5,1.3702235221862793,16.881000518798828,2.369551420211792,179.9024200439453,83.09136064492274,2.3116021,48.8478828
1705851126792029000,1209.3940288085937,45,1.5,1.3702235221862793,17.44499969482422,2.365337610244751,179.48333740234375,83.09136064492274,2.3116032,48.8478648
1705851127317347300,1209.9193474121093,45,1.5,1.3721961975097656,17.344999313354492,2.3543760776519775,179.4407196044922,83.19360064342519,2.3116008,48.8478561
1705851127847595800,1210.449595703125,45,1.5,1.5258082151412964,17.14699935913086,2.343535900115967,179.33238220214844,83.19360064342519,2.3115994,48.8478409
1705851128434022000,1211.0360219726563,45,1.5,1.5258082151412964,17.145000457763672,2.338712692260742,179.25767517089844,83.19360064342519,2.3115982,48.847828
1705851128971467500,1211.573467529297,45,1.5,1.3994264602661133,17.114999771118164,2.341623306274414,179.45252990722656,83.14045593542059,2.3115929,48.8478148
1705851129497228000,1212.0992280273438,45,1.5,1.3994264602661133,17.111000061035156,2.344855785369873,179.66073608398438,83.14045593542059,2.3115883,48.847801
1705851130076014300,1212.6780144042968,45,1.5,1.2932583093643188,17.06399917602539,2.359510660171509,179.86021423339844,82.9557174069667,2.311582,48.8477826
1705851130596336600,1213.198336669922,45,1.5,1.2932583093643188,17.1200008392334,2.3741416931152344,180.05801391601562,82.9557174069667,2.3115767,48.8477717
1705851131131581000,1213.733580810547,45,1.5,1.3829174041748047,17.006000518798828,2.389829158782959,180.42369079589844,83.0139222611325,2.3115694,48.8477521
1705851131669357000,1214.2713571777344,45,1.5,1.3829174041748047,17.055999755859375,2.403857707977295,180.8053436279297,83.0139222611325,2.3115626,48.8477415
1705851132187147300,1214.789147216797,45,1.5,1.3312875032424927,17.152000427246094,2.4163005352020264,181.28257751464844,83.06504163751936,2.3115546,48.8477219
1705851132773572900,1215.3755727539062,45,1.5,1.3312875032424927,17.158000946044922,2.4289164543151855,181.69082641601562,83.06504163751936,2.3115483,48.8477104
1705851133359998500,1215.9619985351562,45,1.5,1.3320409059524536,17.253999710083008,2.4376606941223145,182.36219787597656,83.13691296676727,2.3115394,48.8476909
1705851133958513400,1216.5605134277343,45,1.5,1.3320409059524536,17.312000274658203,2.4456231594085693,182.98281860351562,83.13691296676727,2.3115318,48.8476803
1705851134532849700,1217.134849609375,45,1.5,1.2626392841339111,17.430999755859375,2.4558053016662598,183.53521728515625,83.2624361904355,2.3115203,48.8476609
1705851135059901700,1217.6619016113282,45,1.5,1.2193727493286133,17.45199966430664,2.467329263687134,183.76077270507812,83.26901608825035,2.311513,48.8476499
1705851135588422700,1218.1904226074219,45,1.5,1.2193727493286133,17.47100067138672,2.4779200553894043,183.9300994873047,83.26901608825035,2.3115054,48.8476302
1705851136174848300,1218.7768481445312,45,1.5,1.1773308515548706,17.391000747680664,2.4887747764587402,184.13600158691406,83.32368005273283,2.3114989,48.8476185
1705851136761273600,1219.3632736816405,45,1.5,1.1773308515548706,17.29400062561035,2.4981179237365723,184.37234497070312,83.32368005273283,2.3114925,48.8476
1705851137276740400,1219.878740234375,45,1.5,1.1564273834228516,17.32200050354004,2.506701707839966,184.69863891601562,83.3378522493756,2.3114846,48.847589
1705851137816839200,1220.4188391113282,45,1.5,1.2472271919250488,17.395000457763672,2.514317035675049,185.0426483154297,83.85603064924788,2.311476,48.8475713
1705851138356661800,1220.9586618652343,45,1.5,1.2472271919250488,17.398000717163086,2.522043466567993,185.2340545654297,83.85603064924788,2.3114705,48.8475607
1705851138872404700,1221.4744047851561,45,1.5,1.2546254396438599,17.47599983215332,2.529489040374756,185.37905883789062,83.8914612448049,2.3114651,48.847545
1705851139458829800,1222.0608298339844,45,1.5,1.2546254396438599,17.5939998626709,2.5381369590759277,185.56451416015625,83.8914612448049,2.3114598,48.8475314
1705851139968762000,1222.5707622070313,45,1.5,1.2192237377166748,17.599000930786133,2.5450172424316406,185.76356506347656,83.98661843644098,2.311454,48.8475188
1705851140514395100,1223.1163950195312,45,1.5,1.2192237377166748,17.579999923706055,2.5520026683807373,185.87828063964844,83.98661843644098,2.311448,48.8475025
1705851141100820000,1223.7028200683594,45,1.5,1.195034384727478,17.59000015258789,2.5552585124969482,185.83273315429688,84.1308747325071,2.3114441,48.847485
1705851141669357000,1224.2713571777344,45,1.5,1.195034384727478,17.54599952697754,2.5600035190582275,185.79568481445312,84.1308747325071,2.3114422,48.8474751
1705851142273670000,1224.875669921875,45,1.5,1.2057238817214966,17.573999404907227,2.5657095909118652,185.89794921875,84.26652851295154,2.3114376,48.847456
1705851142796942300,1225.3989423828125,45,1.5,1.2057238817214966,17.518999099731445,2.571207046508789,186.02320861816406,84.26652851295154,2.3114344,48.847446
1705851143329234700,1225.9312346191407,45,1.5,1.2778631448745728,17.308000564575195,2.5745694637298584,186.0941162109375,83.77315271877882,2.3114307,48.8474283
1705851143898943200,1226.5009431152343,45,1.5,1.2778631448745728,17.209999084472656,2.5791964530944824,186.19094848632812,83.77315271877882,2.311428,48.8474176
1705851144502084000,1227.104083984375,45,1.5,1.2778663635253906,16.854999542236328,2.583495855331421,186.498046875,83.76454772488401,2.3114219,48.8473977
1705851145088509000,1227.6905090332032,45,1.5,1.2631555795669556,16.797000885009766,2.586568832397461,186.7401123046875,83.56098018767742,2.3114166,48.8473804
1705851145669357000,1228.2713571777344,45,1.5,1.2631555795669556,16.75,2.5911335945129395,186.8793487548828,83.56098018767742,2.3114127,48.8473712
1705851146818563800,1229.420563720703,45,1.5,1.3171814680099487,16.676000595092773,2.599565029144287,186.89500427246094,83.49720227068792,2.3114065,48.8473427
1705851147434207000,1230.03620703125,45,1.5,1.3335075378417969,16.68400001525879,2.6088504791259766,186.75503540039062,83.37217870261611,2.3114041,48.847323
1705851147971088100,1230.5730881347656,45,1.5,1.3187127113342285,16.74799919128418,2.6064865589141846,186.58740234375,83.37066020910623,2.3114031,48.8473119
1705851148489771000,1231.0917709960938,45,1.5,1.3187127113342285,16.94700050354004,2.603302240371704,186.37342834472656,83.37066020910623,2.3114008,48.8472926
1705851149078559200,1231.680559326172,45,1.5,1.3573174476623535,17.055999755859375,2.6025938987731934,186.19219970703125,83.34585818705843,2.3114006,48.8472832
1705851149662620000,1232.264619873047,45,1.5,1.3573174476623535,17.180999755859375,2.601722478866577,186.1767578125,83.34585818705843,2.3113986,48.8472642
1705851150217232600,1232.8192326660155,45,1.5,1.376285195350647,17.218000411987305,2.6123600006103516,186.09519958496094,83.30688372800685,2.3113978,48.8472537
1705851150718183400,1233.3201833496094,45,1.5,1.376285195350647,17.34000015258789,2.6213574409484863,185.91859436035156,83.30688372800685,2.3113953,48.8472364
1705851151316716000,1233.918716064453,45,1.5,2.14721941947937,17.253000259399414,2.6268274784088135,185.6815185546875,83.19249219757333,2.3113957,48.8472242
1705851151891031800,1234.4930317382812,45,1.5,2.500154972076416,17.242000579833984,2.6318445205688477,185.49258422851562,83.134284712169,2.3113949,48.8472062
1705851152416660200,1235.01866015625,45,1.5,2.500154972076416,17.21299934387207,2.6348190307617188,185.21353149414062,83.134284712169,2.3113963,48.8471931
1705851152946595000,1235.548594970703,45,1.5,1.890007495880127,17.250999450683594,2.6363472938537598,184.94459533691406,83.17680144465784,2.3113965,48.8471783
1705851153538817300,1236.1408173828124,45,1.5,1.890007495880127,17.15399932861328,2.6376471519470215,184.72816467285156,83.17680144465784,2.3113977,48.8471631
1705851154119443000,1236.7214428710938,45,1.5,2.014036178588867,16.992000579833984,2.635730743408203,184.46456909179688,83.39605973477993,2.3113991,48.8471464
1705851154669357000,1237.2713571777344,45,1.5,2.2052884101867676,16.85099983215332,2.6335155963897705,184.19692993164062,83.24563851255073,2.3114005,48.8471299
1705851155175006000,1237.777005859375,45,1.5,2.2052884101867676,16.67799949645996,2.634486198425293,184.0764617919922,83.24563851255073,2.3114012,48.8471204
1705851155756595700,1238.358595703125,45,1.5,2.2052884101867676,16.67300033569336,2.6371545791625977,184.00692749023438,83.24563851255073,2.3114012,48.8471094
1705851156347853600,1238.949853515625,45,1.5,1.7535321712493896,16.650999069213867,2.641742467880249,183.78111267089844,83.24563851255073,2.3114029,48.8470907
1705851156858461700,1239.4604616699219,45,1.5,1.7535321712493896,16.80299949645996,2.6462831497192383,183.56729125976562,83.24563851255073,2.3114045,48.8470816
1705851157403416000,1240.005416015625,45,1.5,1.547040343284607,16.891000747680664,2.645293951034546,183.42027282714844,83.24563851255073,2.3114036,48.8470634
1705851157970868200,1240.5728681640626,45,1.5,1.5001236200332642,16.784000396728516,2.6456217765808105,183.39630126953125,83.25576165804846,2.311404,48.8470551
1705851158576263400,1241.1782634277345,45,1.5,1.5001236200332642,16.81999969482422,2.6460154056549072,183.42288208007812,83.25576165804846,2.3114031,48.8470364
1705851159077054200,1241.6790541992189,45,1.5,1.4742276668548584,16.863000869750977,2.647533655166626,183.38441467285156,83.37572185519988,2.3114031,48.8470274
1705851159631825700,1242.2338256835938,45,1.5,1.4742276668548584,16.999000549316406,2.648834466934204,183.2998809814453,83.37572185519988,2.3114022,48.847009
1705851160198812200,1242.8008122558595,45,1.5,1.6027016639709473,17.104000091552734,2.649219512939453,183.1322784423828,83.24209541448974,2.3114037,48.8469993
1705851160804672800,1243.4066728515625,45,1.5,1.6027016639709473,17.341999053955078,2.6491267681121826,183.0004425048828,83.24209541448974,2.3114041,48.8469824
1705851161391096000,1243.9930959472656,45,1.5,1.528525948524475,17.29400062561035,2.6494011878967285,182.9055938720703,83.34940132861065,2.311405,48.8469636
1705851161977519400,1244.5795192871094,45,1.5,1.467384696006775,17.15399932861328,2.6507046222686768,182.86282348632812,83.28258805224797,2.3114057,48.8469558
1705851162563942700,1245.1659426269532,45,1.5,1.467384696006775,17.270999908447266,2.6537413597106934,182.9561004638672,83.28258805224797,2.3114058,48.8469358
1705851163150366000,1245.7523659667968,45,1.5,1.8205078840255737,17.26300048828125,2.6543772220611572,183.07810974121094,83.19451681297502,2.3114058,48.8469259
1705851163669357000,1246.2713571777344,45,1.5,1.8205078840255737,17.25,2.6534321308135986,183.20892333984375,83.19451681297502,2.3114052,48.8469083
1705851164205927700,1246.807927734375,45,1.5,1.7842533588409424,17.264999389648438,2.654933452606201,183.22116088867188,83.19451681297502,2.3114058,48.8468993
1705851164792350700,1247.394350830078,45,1.5,1.7771129608154297,17.27199935913086,2.6552445888519287,183.2595672607422,83.24209541448974,2.3114058,48.8468825
1705851165378774000,1247.9807739257812,45,1.5,1.7771129608154297,17.2450008392334,2.6208362579345703,182.73876953125,83.24209541448974,2.3114087,48.8468722
1705851165965197000,1248.5671970214844,45,1.5,1.696303129196167,17.17099952697754,2.5890560150146484,182.1950225830078,83.24209541448974,2.3114117,48.846858
1705851166518317800,1249.1203178710937,45,1.5,1.696303129196167,17.14299964904785,2.5850086212158203,181.8162841796875,83.24209541448974,2.3114147,48.8468453
1705851167020758300,1249.6227583007812,45,1.5,1.6634018421173096,17.191999435424805,2.5831708908081055,181.8531494140625,83.22589841369708,2.311415,48.8468295
1705851167617736000,1250.2197358398437,45,1.5,1.6634018421173096,17.19300079345703,2.583930253982544,181.92469787597656,83.22589841369708,2.3114151,48.8468199
1705851168193604400,1250.7956042480469,45,1.5,1.5323560237884521,17.19099998474121,2.5801494121551514,182.07847595214844,83.0844014549478,2.3114139,48.8468039
1705851168697015300,1251.2990153808594,45,1.5,1.5323560237884521,17.29199981689453,2.5785181522369385,182.24920654296875,83.0844014549478,2.3114129,48.8467959
1705851169249165300,1251.851165283203,45,1.5,1.4905186891555786,17.39900016784668,2.5577685832977295,182.4419403076172,83.0823768454873,2.3114117,48.8467797
1705851169838570800,1252.4405708007812,45,1.5,1.4905186891555786,17.365999221801758,2.5393290519714355,182.58302307128906,83.0823768454873,2.3114109,48.8467728
1705851170422011100,1253.0240112304687,45,1.5,1.3608288764953613,17.47599983215332,2.516554594039917,182.6902313232422,83.39454127354797,2.3114091,48.8467584
1705851170976699600,1253.5786997070313,45,1.5,1.3608288764953613,17.608999252319336,2.496189832687378,182.80838012695312,83.39454127354797,2.3114076,48.8467513
1705851171477572000,1254.0795720214844,45,1.5,1.3637701272964478,17.665000915527344,2.4817581176757812,182.62606811523438,83.31659396332115,2.3114084,48.8467381
1705851172078621400,1254.6806213378907,45,1.5,1.3387207984924316,17.69099998474121,2.468654155731201,182.70278930664062,83.31355706967798,2.3114081,48.8467313
1705851172650417400,1255.2524174804687,45,1.5,1.3387207984924316,17.881000518798828,2.456775665283203,182.74534606933594,83.31355706967798,2.3114072,48.8467165
1705851173197773000,1255.7997729492188,45,1.5,1.3283005952835083,17.73900032043457,2.4429638385772705,182.94601440429688,83.09996495357834,2.3114054,48.8467096
1705851173705977900,1256.3079777832031,45,1.5,1.3283005952835083,17.55299949645996,2.42905855178833,183.1519775390625,83.09996495357834,2.3114033,48.8466955
1705851174292400600,1256.8944006347656,45,1.5,1.232995867729187,17.479000091552734,2.421388626098633,182.97882080078125,83.0488453660002,2.3114033,48.8466879
1705851174878823200,1257.4808232421874,45,1.5,1.151556134223938,17.459999084472656,2.4145915508270264,182.76234436035156,82.98557897773713,2.3114039,48.8466744
1705851175397029000,1257.9990290527344,45,1.5,1.151556134223938,17.40399932861328,2.4085683822631836,182.6226806640625,82.98557897773713,2.3114044,48.8466654
1705851175934383900,1258.5363837890625,45,1.5,1.14333975315094,17.250999450683594,2.4028775691986084,182.51190185546875,83.02758780672431,2.3114045,48.8466532
1705851176496365600,1259.0983654785157,45,1.5,1.14333975315094,17.16699981689453,2.3967177867889404,182.63450622558594,83.02758780672431,2.3114027,48.8466418
1705851177107229400,1259.7092294921874,45,1.5,1.1643315553665161,17.02199935913086,2.392695188522339,182.59140014648438,82.9997506075559,2.311401,48.8466258
1705851177618826200,1260.220826171875,45,1.5,1.1643315553665161,17.013999938964844,2.3912248611450195,182.52247619628906,82.9997506075559,2.3114002,48.846618
1705851178162790100,1260.7647900390625,45,1.5,1.2093485593795776,16.95400047302246,2.3891711235046387,182.73602294921875,83.02100809682996,2.3113987,48.8466029
1705851178669357000,1261.2713571777344,45,1.5,1.2093485593795776,17.01300048828125,2.3882110118865967,182.9775390625,83.02100809682996,2.3113968,48.8465946
1705851179218351000,1261.8203510742187,45,1.5,1.2149274349212646,17.222999572753906,2.3944694995880127,183.050537109375,82.93800296568043,2.3113939,48.8465791
1705851179804774000,1262.4067739257812,45,1.5,1.214928388595581,17.312000274658203,2.4000918865203857,183.1176300048828,82.91674568513795,2.3113909,48.8465678
1705851180391196700,1262.9931967773437,45,1.5,1.214928388595581,17.378999710083008,2.403609275817871,183.13937377929688,82.91674568513795,2.3113885,48.8465535
1705851180958183200,1263.5601831054687,45,1.5,1.214928388595581,17.354000091552734,2.407160758972168,183.18447875976562,82.91674568513795,2.3113857,48.8465432
1705851181564042200,1264.1660422363282,45,1.5,1.2396270036697388,17.488000869750977,2.4043517112731934,183.13140869140625,82.89548845804993,2.3113845,48.8465259
1705851182150465300,1264.7524653320313,45,1.5,1.2133432626724243,17.547000885009766,2.40139102935791,182.87274169921875,82.84993743714695,2.3113853,48.8465102
1705851182669357000,1265.2713571777344,45,1.5,1.2133432626724243,17.58300018310547,2.3992624282836914,182.5888671875,82.84993743714695,2.3113863,48.8465017
1705851183206026200,1265.8080261230468,45,1.5,1.2074626684188843,17.68400001525879,2.3994805812835693,182.62982177734375,82.83576605848246,2.3113856,48.8464866
1705851183792449000,1266.3944489746093,45,1.5,1.2074626684188843,17.7189998626709,2.4005484580993652,182.61683654785156,82.83576605848246,2.3113848,48.8464771
1705851184378871800,1266.9808718261718,45,1.5,2.4286904335021973,17.607999801635742,2.403594493865967,182.4100341796875,82.7320120455258,2.311385,48.8464603
1705851184965294600,1267.5672946777345,45,1.5,2.4286904335021973,17.51300048828125,2.406641721725464,182.1529541015625,82.7320120455258,2.3113851,48.84645
1705851185551717000,1268.1537170410156,45,1.5,2.264139413833618,17.579999923706055,2.4074771404266357,181.7909698486328,82.7320120455258,2.3113863,48.8464336
1705851186057455000,1268.659455078125,45,1.5,2.2572028636932373,17.69499969482422,2.4057083129882812,181.3987579345703,82.73555484448084,2.3113879,48.8464253
1705851186607277800,1269.2092778320311,45,1.5,2.2572028636932373,17.75,2.404001235961914,180.95469665527344,82.73555484448084,2.3113898,48.8464081
1705851187199366100,1269.8013662109374,45,1.5,2.031827449798584,17.766000747680664,2.403735399246216,180.58596801757812,82.80033771575707,2.3113926,48.8463989
1705851187780123000,1270.3821228027343,45,1.5,2.031827449798584,17.908000946044922,2.4031522274017334,180.28936767578125,82.80033771575707,2.3113946,48.8463825
1705851188299500000,1270.9015,45,1.5,2.510246753692627,17.882999420166016,2.4047398567199707,180.09519958496094,82.80742337242425,2.3113961,48.8463737
1705851188835683300,1271.4376833496094,45,1.5,1.862342119216919,17.823999404907227,2.4048497676849365,179.91184997558594,82.91674568513795,2.3113985,48.8463592
1705851189418289000,1272.0202888183594,45,1.5,1.862342119216919,17.80299949645996,2.4064574241638184,179.8379364013672,82.91674568513795,2.3113994,48.8463486
1705851189969980400,1272.57198046875,45,1.5,1.4974538087844849,17.95800018310547,2.40732741355896,179.713134765625,82.80742337242425,2.3114007,48.8463358
1705851190477666000,1273.079666015625,45,1.5,1.4974538087844849,18.132999420166016,2.4091527462005615,179.62918090820312,82.80742337242425,2.311402,48.8463226
1705851191064088300,1273.6660883789064,45,1.5,1.499563217163086,18.12299919128418,2.4125940799713135,179.8973846435547,82.81450903502956,2.3114005,48.8463062
1705851191638381800,1274.2403818359376,45,1.5,1.499563217163086,18.14900016784668,2.4178974628448486,180.1794891357422,82.81450903502956,2.3113987,48.8462962
1705851192236932900,1274.8389328613282,45,1.5,1.4514552354812622,18.003999710083008,2.4135537147521973,180.51783752441406,82.79325206503084,2.3113953,48.846281
1705851192738328000,1275.340328125,45,1.5,1.4514552354812622,17.875,2.4112212657928467,180.7714385986328,82.79325206503084,2.3113929,48.8462721
1705851193292493000,1275.8944931640624,45,1.5,1.6379587650299072,17.81100082397461,2.413309097290039,180.84194946289062,82.77604408084824,2.3113914,48.8462546
1705851193838087200,1276.4400871582031,45,1.5,1.6379587650299072,17.80900001525879,2.415297269821167,180.83123779296875,82.77604408084824,2.3113909,48.8462461
1705851194348053000,1276.9500529785157,45,1.5,1.526398777961731,17.847000122070312,2.4166605472564697,180.90037536621094,82.73909764492069,2.311389,48.846229
1705851194936913400,1277.5389133300782,45,1.5,1.526398777961731,17.805999755859375,2.418274402618408,180.89968872070312,82.73909764492069,2.3113882,48.84622
1705851195520902100,1278.1229020996093,45,1.5,1.426615595817566,17.5939998626709,2.420726776123047,180.87074279785156,82.75630555389287,2.3113876,48.8462022
1705851196058971400,1278.6609714355468,45,1.5,1.4164906740188599,17.597000122070312,2.4145596027374268,181.10911560058594,82.75630555389287,2.3113845,48.8461932
1705851196576461800,1279.1784619140626,45,1.5,1.4164906740188599,17.489999771118164,2.4088988304138184,181.31236267089844,82.75630555389287,2.3113813,48.8461759
1705851197177706500,1279.7797065429688,45,1.5,1.4727421998977661,17.46500015258789,2.4124622344970703,181.40179443359375,82.82716201874075,2.3113794,48.8461662
1705851197749306000,1280.3513061523438,45,1.5,1.4727421998977661,17.533000946044922,2.4152276515960693,181.4669952392578,82.82716201874075,2.311377,48.8461486
1705851198297124600,1280.8991245117188,45,1.5,1.4315403699874878,17.579999923706055,2.4164769649505615,181.45046997070312,82.75124440055845,2.3113742,48.8461394
1705851198804865800,1281.4068657226562,45,1.5,1.2780596017837524,17.635000228881836,2.4157488346099854,181.4029541015625,82.67370356642974,2.3113718,48.846125
1705851199398980600,1282.0009807128906,45,1.5,1.2780596017837524,17.559999465942383,2.419393301010132,181.18275451660156,82.67370356642974,2.3113713,48.8461128
1705851199977709800,1282.579709716797,45,1.5,1.318525791168213,17.503999710083008,2.422661304473877,180.99974060058594,82.57247654364164,2.3113711,48.8460979
1705851200498033400,1283.1000334472656,45,1.5,1.318525791168213,17.44099998474121,2.423483371734619,180.79556274414062,82.57247654364164,2.31137,48.8460847
1705851201033269200,1283.6352692871094,45,1.5,1.3097314834594727,17.349000930786133,2.4240286350250244,180.58058166503906,82.67623109704198,2.3113699,48.8460674
1705851201619691300,1284.2216911621094,45,1.5,1.3097314834594727,17.386999130249023,2.4267497062683105,180.36764526367188,82.67623109704198,2.3113702,48.8460565
1705851202206113000,1284.8081130371095,45,1.5,1.2817878723144531,17.40399932861328,2.4288437366485596,180.30174255371094,82.55830528885298,2.31137,48.8460394
1705851202778240500,1285.3802404785156,45,1.5,1.2817878723144531,17.389999389648438,2.430344820022583,180.2865447998047,82.55830528885298,2.3113689,48.8460304
1705851203378956800,1285.9809567871093,45,1.5,1.2571519613265991,17.448999404907227,2.4334640502929688,180.09127807617188,82.55830528885298,2.3113693,48.8460121
1705851203965378600,1286.5673786621094,45,1.5,1.2468132972717285,17.45800018310547,2.436814785003662,179.89471435546875,82.55830528885298,2.3113706,48.8460007
1705851204551800300,1287.1538002929688,45,1.5,1.2468132972717285,17.457000732421875,2.4399333000183105,179.8214111328125,82.55830528885298,2.3113715,48.8459839
1705851205138222000,1287.7402221679688,45,1.5,1.249494194984436,17.386999130249023,2.4375436305999756,179.94744873046875,82.55830528885298,2.3113702,48.8459679
1705851205669357000,1288.2713571777344,45,1.5,1.249494194984436,17.250999450683594,2.4373390674591064,180.08316040039062,82.55830528885298,2.3113692,48.8459584
1705851206193781000,1288.7957810058595,45,1.5,1.2479925155639648,17.225000381469727,2.4342572689056396,180.13539123535156,82.6058803096418,2.3113696,48.8459421
1705851206780202500,1289.3822023925782,45,1.5,1.2479925155639648,17.159000396728516,2.43302583694458,180.14779663085938,82.6058803096418,2.3113696,48.845933
1705851207366624000,1289.9686240234375,45,1.5,1.2983413934707642,17.034000396728516,2.43221116065979,180.18887329101562,82.63371688213928,2.3113694,48.8459168
1705851207957885000,1290.5598850097656,45,1.5,1.2983413934707642,16.920000076293945,2.432328701019287,180.26205444335938,82.63371688213928,2.3113681,48.8459075
1705851208539467000,1291.1414670410156,45,1.5,1.3255391120910645,16.937999725341797,2.432861328125,180.22914123535156,82.65497396286361,2.3113677,48.8458899
1705851209077026300,1291.6790263671876,45,1.5,1.2919929027557373,16.822999954223633,2.431628704071045,180.08700561523438,82.75974358521717,2.3113682,48.8458813
1705851209595025700,1292.1970256347656,45,1.5,1.2919929027557373,16.76099967956543,2.4290013313293457,179.68292236328125,82.75974358521717,2.3113694,48.8458638
1705851210198424300,1292.8004243164062,45,1.5,1.3018912076950073,16.83099937438965,2.4302797317504883,179.2222442626953,82.68787480340085,2.3113708,48.845854
1705851210767868400,1293.369868408203,45,1.5,1.3018912076950073,17.149999618530273,2.4201858043670654,178.08566284179688,82.68787480340085,2.311374,48.8458375
1705851211298432800,1293.9004328613282,45,1.5,1.3290448188781738,17.11199951171875,2.417793035507202,177.36659240722656,82.65244675551729,2.3113763,48.8458275
1705851211823426800,1294.4254267578126,45,1.5,1.3623231649398804,17.128999710083008,2.415860891342163,176.7558135986328,82.70558888302257,2.3113799,48.8458123
1705851212409848000,1295.0118481445313,45,1.5,1.3623231649398804,17.113000869750977,2.417452096939087,176.35096740722656,82.70558888302257,2.3113824,48.8457932
1705851212969778200,1295.5717780761718,45,1.5,1.3646258115768433,17.139999389648438,2.429917573928833,176.1077880859375,82.72988253829554,2.3113818,48.8457866
1705851213539865900,1296.1418659667968,45,1.5,1.3646258115768433,17.124000549316406,2.445143461227417,176.17642211914062,82.72988253829554,2.3113822,48.8457708
1705851214051827500,1296.653827392578,45,1.5,1.3859477043151855,17.156999588012695,2.467623710632324,176.4396514892578,82.82149049138988,2.3113811,48.8457516
1705851214638290000,1297.2402900390625,45,1.5,1.3859477043151855,17.264999389648438,2.4892373085021973,176.80557250976562,82.82149049138988,2.3113791,48.8457397
1705851215224669400,1297.8266694335937,45,1.5,1.361197829246521,17.344999313354492,2.5098063945770264,177.0933074951172,82.78100066594149,2.3113778,48.8457194
1705851215776860000,1298.3788598632811,45,1.5,1.361197829246521,17.413000106811523,2.5291006565093994,177.31640625,82.78100066594149,2.3113761,48.845707
1705851216280227300,1298.882227294922,45,1.5,1.3442518711090088,17.590999603271484,2.5395848751068115,177.46615600585938,82.81086189343708,2.3113738,48.8456885
1705851216856784100,1299.4587841796874,45,1.5,1.3442518711090088,17.7189998626709,2.5484955310821533,177.43890380859375,82.81086189343708,2.3113713,48.8456777
1705851217453069300,1300.0550693359376,45,1.5,1.3234071731567383,17.812000274658203,2.5502421855926514,176.9890899658203,82.81440475793633,2.3113719,48.8456581
1705851217997910800,1300.599910888672,45,1.5,1.3234071731567383,18.240999221801758,2.5492115020751953,176.33628845214844,82.81440475793633,2.3113735,48.8456465
1705851218508627000,1301.110626953125,45,1.5,1.3288291692733765,18.415000915527344,2.479836940765381,175.57675170898438,82.81086189343708,2.311375,48.8456298
1705851219098735600,1301.7007355957032,45,1.5,2.6402251720428467,18.316999435424805,2.4654147624969482,174.853759765625,82.88840272756579,2.3113769,48.845622
1705851219669357000,1302.2713571777344,45,1.5,2.6402251720428467,18.264999389648438,2.448382616043091,173.98446655273438,82.88840272756579,2.3113806,48.8456073
1705851220197347000,1302.7993471679688,45,1.5,2.5254852771759033,18.225000381469727,2.415811777114868,172.7057647705078,82.8307048575731,2.3113851,48.845601
1705851220737026000,1303.3390261230468,45,1.5,2.5254852771759033,18.391000747680664,2.378490924835205,171.1808319091797,82.8307048575731,2.3113915,48.845588
1705851221323447000,1303.9254470214844,45,1.5,2.5033118724823,18.329999923706055,2.34521746635437,169.06275939941406,82.84791295302625,2.3114016,48.8455763
1705851221909867800,1304.5118676757813,45,1.5,2.3211655616760254,18.214000701904297,2.3107333183288574,166.74136352539062,82.84791295302625,2.3114107,48.8455743
1705851222438905300,1305.0409052734376,45,1.5,2.3211655616760254,18.253999710083008,2.2759339809417725,164.78843688964844,82.84791295302625,2.3114197,48.8455679
1705851222965425200,1305.5674250488282,45,1.5,2.8522465229034424,18.35300064086914,2.2380588054656982,162.62930297851562,82.81299067825697,2.3114306,48.8455609
1705851223517791000,1306.119791015625,45,1.5,2.8522465229034424,18.249000549316406,2.1737873554229736,160.63356018066406,82.81299067825697,2.3114411,48.8455553
1705851224020982500,1306.622982421875,45,1.5,2.1072182655334473,18.27899932861328,2.1489663124084473,158.123291015625,82.6915230200589,2.3114528,48.8455471
1705851224607403300,1307.2094033203125,45,1.5,2.1072182655334473,18.275999069213867,2.1230974197387695,155.45272827148438,82.6915230200589,2.3114644,48.8455451
1705851225193824000,1307.7958239746094,45,1.5,2.106520891189575,18.42799949645996,2.0774481296539307,152.7517852783203,82.49920279742265,2.311479,48.8455389
1705851225739652400,1308.34165234375,45,1.5,2.106520891189575,18.417999267578125,2.030407428741455,150.01596069335938,82.49920279742265,2.3114903,48.8455392
1705851226249381000,1308.8513811035157,45,1.5,1.8535405397415161,18.197999954223633,1.9672950506210327,147.07908630371094,82.33168532684047,2.3115073,48.8455368
1705851226835801900,1309.4378017578124,45,1.5,1.8535405397415161,18.04599952697754,1.8904050588607788,144.0756378173828,82.33168532684047,2.311519,48.8455407
1705851227422222600,1310.02422265625,45,1.5,1.7262578010559082,17.957000732421875,1.8007887601852417,140.84994506835938,82.36002641786189,2.3115336,48.8455407
1705851227970391300,1310.5723913574218,45,1.5,1.8636542558670044,17.832000732421875,1.7102313041687012,137.57118225097656,82.36002641786189,2.3115399,48.8455436
1705851228477779700,1311.0797797851562,45,1.5,1.8636542558670044,17.864999771118164,1.6213669776916504,133.8805389404297,82.36002641786189,2.3115539,48.8455444
1705851229064200400,1311.6662004394532,45,1.5,1.9511756896972656,17.882999420166016,1.5397931337356567,130.0411376953125,82.479971015807,2.3115607,48.8455494
1705851229650621000,1312.2526208496095,45,1.5,1.9511756896972656,17.88800048828125,1.4564361572265625,125.66130828857422,82.479971015807,2.3115741,48.8455541
1705851230237041700,1312.8390417480468,45,1.5,2.5504627227783203,17.85099983215332,1.3630565404891968,121.01712799072266,82.62977762959875,2.3115828,48.845559
1705851230823462400,1313.4254624023438,45,1.5,3.373582601547241,17.798999786376953,1.2793487310409546,116.0132827758789,82.67026635932172,2.3115864,48.8455674
1705851231409883000,1314.0118828125,45,1.5,3.373582601547241,18.058000564575195,1.224847435951233,110.15577697753906,82.67026635932172,2.3115964,48.8455742
1705851231968791600,1314.5707915039063,45,1.5,3.6306674480438232,18.145000457763672,1.178853988647461,104.52649688720703,82.63129595346317,2.3115987,48.8455815
1705851232582724000,1315.1847241210937,45,1.5,3.6306674480438232,18.176000595092773,1.1506246328353882,98.66951751708984,82.63129595346317,2.3116103,48.84559
1705851233176518100,1315.7785180664061,45,1.5,3.2289178371429443,18.1299991607666,1.1323953866958618,93.14240264892578,82.54525803124531,2.3116135,48.8455977
1705851233755565300,1316.3575654296876,45,1.5,3.2289178371429443,18.097999572753906,1.1219805479049683,87.49317932128906,82.54525803124531,2.3116225,48.8456057
1705851234317537800,1316.919537841797,45,1.5,2.467383623123169,18.111000061035156,1.1356358528137207,82.97765350341797,82.45162952264876,2.3116276,48.8456133
1705851234928406500,1317.5304064941406,45,1.5,3.096863031387329,18.051000595092773,1.1503480672836304,78.28466033935547,82.45162952264876,2.3116362,48.8456218
1705851235514827000,1318.1168269042969,45,1.5,3.096863031387329,18.163999557495117,1.165427327156067,73.47355651855469,82.45162952264876,2.3116481,48.8456319
1705851236101247700,1318.7032478027343,45,1.5,2.4438064098358154,18.347000122070312,1.1761014461517334,70.31214141845703,82.53260546948329,2.3116515,48.8456377
1705851236669357000,1319.2713571777344,45,1.5,2.4438064098358154,18.319000244140625,1.1894704103469849,67.19160461425781,82.53260546948329,2.3116618,48.8456462
1705851237274088700,1319.8760886230468,45,1.5,2.617018461227417,18.39699935913086,1.2158316373825073,63.12145233154297,82.45669049660123,2.3116647,48.8456551
1705851237860509400,1320.4625095214844,45,1.5,2.414177656173706,18.489999771118164,1.2469738721847534,59.402305603027344,82.55538009429029,2.3116726,48.8456658
1705851238417714700,1321.0197145996094,45,1.5,2.414177656173706,18.5939998626709,1.282486915588379,55.14728927612305,82.55538009429029,2.311675,48.8456761
1705851238972172500,1321.5741726074218,45,1.5,2.5482378005981445,18.61400032043457,1.2937583923339844,51.242618560791016,82.57309373378367,2.3116777,48.8456863
1705851239517228500,1322.119228515625,45,1.5,2.5482378005981445,18.6560001373291,1.3114433288574219,47.569156646728516,82.57309373378367,2.3116801,48.8456978
1705851240088907500,1322.6909074707032,45,1.5,2.048109769821167,18.739999771118164,1.3230340480804443,44.22165298461914,82.53260546948329,2.3116807,48.8457091
1705851240616609000,1323.2186091308595,45,1.5,2.048109769821167,18.76099967956543,1.3406400680541992,41.179969787597656,82.53260546948329,2.3116777,48.8457186
1705851241144464600,1323.7464645996095,45,1.5,1.7519521713256836,18.70599937438965,1.3577581644058228,38.183502197265625,82.52552004316775,2.3116789,48.84573
1705851241669357000,1324.2713571777344,45,1.5,1.7519521713256836,18.773000717163086,1.3775289058685303,35.381710052490234,82.52552004316775,2.3116758,48.8457392
1705851242200021800,1324.8020217285157,45,1.5,1.5006928443908691,18.756000518798828,1.3997795581817627,32.75318908691406,82.51337361187393,2.3116765,48.8457511
1705851242786442500,1325.3884423828124,45,1.5,1.5006928443908691,18.740999221801758,1.4230704307556152,30.427309036254883,82.51337361187393,2.3116738,48.8457588
1705851243372863200,1325.97486328125,45,1.5,2.541292428970337,18.722000122070312,1.4643564224243164,28.23586082458496,82.52552004316775,2.3116758,48.8457734
1705851243976359000,1326.5783588867187,45,1.5,2.541292428970337,18.790000915527344,1.504371166229248,26.2930850982666,82.52552004316775,2.3116742,48.8457832
1705851244545704400,1327.1477043457032,45,1.5,2.4866058826446533,18.849000930786133,1.5458693504333496,24.632144927978516,82.57866088529039,2.3116769,48.8457979
1705851245078350800,1327.6803508300782,45,1.5,1.838102102279663,18.790000915527344,1.5864852666854858,23.384483337402344,82.55183737084567,2.3116758,48.8458081
1705851245601261600,1328.2032614746095,45,1.5,1.6217107772827148,18.76099967956543,1.6279429197311401,22.244924545288086,82.52552004316775,2.3116793,48.8458262
1705851246198550300,1328.8005502929686,45,1.5,1.6217107772827148,18.836000442504883,1.6633704900741577,21.497337341308594,82.52552004316775,2.3116794,48.845834
1705851246774103000,1329.3761030273438,45,1.5,1.6217107772827148,18.945999145507812,1.6965769529342651,20.826213836669922,82.52552004316775,2.3116838,48.8458484
1705851247298695000,1329.9006948242188,45,1.5,1.4382251501083374,18.777000427246094,1.7310941219329834,20.039663314819336,82.46377586522462,2.311685,48.8458584
1705851247829660200,1330.43166015625,45,1.5,1.3506828546524048,18.617000579833984,1.763007640838623,19.276865005493164,82.46731855176242,2.3116884,48.8458725
1705851248419103500,1331.021103515625,45,1.5,1.3506828546524048,18.517000198364258,1.7940750122070312,18.293851852416992,82.46731855176242,2.311689,48.8458837
1705851248968998100,1331.570998046875,45,1.5,1.319893717765808,18.410999298095703,1.815963625907898,16.983516693115234,82.49920279742265,2.3116888,48.8458952
1705851249471638300,1332.0736381835939,45,1.5,1.319893717765808,18.304000854492188,1.839010238647461,15.720927238464355,82.49920279742265,2.3116881,48.8459079
1705851250058059000,1332.6600590820312,45,1.5,1.3257548809051514,18.288000106811523,1.8630212545394897,14.603178024291992,82.50274549880848,2.3116886,48.8459225
1705851250656526300,1333.2585263671874,45,1.5,1.3257548809051514,18.395999908447266,1.8885315656661987,13.55199146270752,82.50274549880848,2.3116868,48.8459334
1705851251230900500,1333.832900390625,45,1.5,1.3481800556182861,18.441999435424805,1.9091482162475586,12.716085433959961,82.49920279742265,2.3116868,48.845948
1705851251736674800,1334.3386748046876,45,1.5,1.3481800556182861,18.586000442504883,1.9299238920211792,11.967978477478027,82.49920279742265,2.3116844,48.8459567
1705851252286457900,1334.8884577636718,45,1.5,1.3249131441116333,18.57699966430664,1.9487836360931396,10.648343086242676,82.41620278982438,2.311683,48.8459714
1705851252877717500,1335.479717529297,45,1.5,1.3249131441116333,18.697999954223633,1.9680765867233276,9.389656066894531,82.41620278982438,2.3116798,48.8459809
1705851253459299300,1336.0612993164063,45,1.5,1.3261436223983765,19.20599937438965,1.9772396087646484,7.943260192871094,82.39545291525886,2.3116761,48.8459954
1705851253973494800,1336.5754948730469,45,1.5,1.38814115524292,19.364999771118164,2.011754274368286,7.412691116333008,82.39697119703656,2.3116731,48.8460051
1705851254514856700,1337.116856689453,45,1.5,1.38814115524292,19.4950008392334,2.0447099208831787,6.86548376083374,82.39697119703656,2.3116711,48.8460208
1705851255058406700,1337.6604067382812,45,1.5,1.386465311050415,19.469999313354492,2.0551819801330566,6.536279678344727,82.44100148721179,2.3116695,48.8460299
1705851255570419700,1338.1724196777343,45,1.5,1.386465311050415,19.533000946044922,2.065065622329712,6.253017902374268,82.44100148721179,2.3116691,48.8460458
1705851256156840400,1338.7588403320312,45,1.5,2.5979974269866943,19.57200050354004,2.078094959259033,5.960556983947754,82.43745881170284,2.3116679,48.8460556
1705851256669357000,1339.2713571777344,45,1.5,2.5979974269866943,19.54599952697754,2.090632438659668,5.721159934997559,82.43745881170284,2.3116681,48.8460718
1705851257212397800,1339.8143977050781,45,1.5,2.569183826446533,19.458999633789062,2.098539352416992,6.007027626037598,82.41974545642503,2.3116701,48.8460802
1705851257798818600,1340.4008186035155,45,1.5,2.4931156635284424,19.39699935913086,2.107273817062378,6.265120029449463,82.3777396480027,2.3116733,48.846095
1705851258358251000,1340.9602509765625,45,1.5,2.4931156635284424,19.35300064086914,2.1168384552001953,6.2348151206970215,82.3777396480027,2.3116751,48.8461044
1705851258971660000,1341.5736599121094,45,1.5,2.73087739944458,19.240999221801758,2.1265978813171387,6.211782455444336,82.29474083299203,2.3116777,48.8461185
1705851259498481000,1342.1004809570313,45,1.5,2.73087739944458,19.23900032043457,2.1361875534057617,6.237724781036377,82.29474083299203,2.3116799,48.8461313
1705851260027217400,1342.629217529297,45,1.5,3.2400310039520264,19.229999542236328,2.149568557739258,6.167611598968506,82.31245392633177,2.3116831,48.8461478
1705851260618457600,1343.2204575195312,45,1.5,3.2400310039520264,19.208999633789062,2.1631546020507812,6.074958324432373,82.31245392633177,2.3116851,48.8461582
1705851261200059000,1343.8020588378906,45,1.5,3.4121007919311523,19.052000045776367,2.1728992462158203,6.0330328941345215,82.3337096873336,2.3116883,48.8461753
1705851261786479600,1344.3884797363282,45,1.5,3.117985725402832,18.941999435424805,2.1820967197418213,6.0062055587768555,82.29119821877796,2.3116912,48.84619
1705851262372900600,1344.9749006347656,45,1.5,3.117985725402832,18.92099952697754,2.188107490539551,6.0620927810668945,82.29119821877796,2.3116936,48.8462015
1705851262959321300,1345.5613212890626,45,1.5,2.2591304779052734,18.88599967956543,2.194568157196045,6.1363844871521,82.11242901224715,2.311696,48.8462139
1705851263558109700,1346.1601096191407,45,1.5,2.2591304779052734,18.798999786376953,2.200533151626587,6.043891429901123,82.11242901224715,2.3116997,48.846227
1705851264638460000,1347.2404599609374,45,1.5,2.6866705417633057,18.672000885009766,2.2053990364074707,5.900060176849365,82.0663750274642,2.311702,48.84625
1705851265187720400,1347.7897204589844,45,1.5,2.462740421295166,18.576000213623047,2.2056477069854736,5.8348212242126465,82.11242901224715,2.3117046,48.8462635
1705851265776508400,1348.3785083007813,45,1.5,2.462740421295166,18.533000946044922,2.2080979347229004,5.787535190582275,82.11242901224715,2.3117065,48.8462716
1705851266360562200,1348.9625622558594,45,1.5,2.632923126220703,18.554000854492188,2.2171223163604736,6.114554405212402,82.10534376748832,2.3117104,48.8462862
1705851266878532600,1349.4805327148438,45,1.5,2.632923126220703,18.606000900268555,2.2263431549072266,6.446959495544434,82.10534376748832,2.3117135,48.8462947
1705851267416119800,1350.0181198730468,45,1.5,2.3867669105529785,18.649999618530273,2.212188243865967,6.783736705780029,82.01880304289341,2.3117178,48.8463094
1705851267969726200,1350.5717263183594,45,1.5,2.425274610519409,18.566999435424805,2.20896577835083,6.675411701202393,82.0577715636162,2.3117185,48.8463162
1705851268471677400,1351.0736774902343,45,1.5,2.1758463382720947,18.52899932861328,2.204437732696533,6.561849117279053,82.01880304289341,2.3117212,48.8463348
1705851269058098400,1351.660098388672,45,1.5,2.1758463382720947,18.559999465942383,2.1982369422912598,6.32598876953125,82.01880304289341,2.3117216,48.8463374
1705851269644519700,1352.2465197753907,45,1.5,2.1758463382720947,18.634000778198242,2.192631244659424,6.1445207595825195,82.01880304289341,2.3117239,48.8463529
1705851270238190600,1352.8401906738281,45,1.5,1.9852420091629028,18.608999252319336,2.1992509365081787,6.0855913162231445,81.99248674090823,2.311726,48.8463616
1705851270817362200,1353.419362060547,45,1.5,1.9852420091629028,18.57200050354004,2.205732822418213,5.99149751663208,81.99248674090823,2.3117284,48.8463763
1705851271318184200,1353.9201840820313,45,1.5,1.7731590270996094,18.402000427246094,2.2037501335144043,6.081783294677734,82.03297339328059,2.3117301,48.8463841
1705851271872920800,1354.4749208984374,45,1.5,2.444843053817749,18.097999572753906,2.202436923980713,6.1615471839904785,82.07700284783704,2.311733,48.8463976
1705851272457403600,1355.059403564453,45,1.5,2.444843053817749,18.15399932861328,2.206989049911499,5.929624080657959,82.07700284783704,2.3117329,48.8464079
1705851272968313000,1355.5703129882813,45,1.5,2.35640811920166,18.058000564575195,2.209148645401001,5.705374717712402,81.99957189107604,2.3117339,48.8464186
1705851273514901000,1356.1169008789063,45,1.5,2.35640811920166,18.125,2.2119171619415283,5.513273239135742,81.99957189107604,2.3117349,48.8464313
1705851274101322200,1356.703322265625,45,1.5,1.9234970808029175,18.100000381469727,2.201618194580078,4.755832672119141,81.99957189107604,2.3117327,48.8464454
1705851274698104000,1357.3001040039062,45,1.5,1.9234970808029175,18.17300033569336,2.1945321559906006,4.058689117431641,81.99957189107604,2.3117295,48.8464532
1705851275274165000,1357.8761650390625,45,1.5,1.758573293685913,18.091999053955078,2.173093557357788,2.9585483074188232,81.99451106892124,2.3117252,48.8464653
1705851275797700000,1358.3997001953126,45,1.5,1.758573293685913,18.12299919128418,2.154595375061035,1.8958522081375122,81.99451106892124,2.3117202,48.8464722
1705851276329723400,1358.9317233886718,45,1.5,1.595291256904602,18.475000381469727,2.1344780921936035,0.9858245253562927,82.03651598458842,2.3117166,48.8464855
1705851276877105400,1359.47910546875,45,1.5,1.595291256904602,18.604999542236328,2.116697311401367,0.10840442776679993,82.03651598458842,2.3117125,48.8464915
1705851277385282000,1359.9872819824218,45,1.5,1.5006177425384521,18.926000595092773,2.1208138465881348,0.2923416495323181,82.01728479247447,2.311711,48.8465052
1705851277971703300,1360.5737033691407,45,1.5,1.469254732131958,19.10300064086914,2.126465082168579,0.4584210216999054,82.01728479247447,2.31171,48.8465119
1705851278558124800,1361.1601247558594,45,1.5,1.469254732131958,18.992000579833984,2.109976291656494,0.8026232123374939,82.01728479247447,2.3117115,48.8465265
1705851279156670000,1361.758669921875,45,1.5,1.783672571182251,18.899999618530273,2.100255012512207,0.7413050532341003,82.01526045900765,2.3117123,48.8465334
1705851279669357000,1362.2713571777344,45,1.5,1.783672571182251,18.856000900268555,2.0912232398986816,0.7638496160507202,82.01526045900765,2.3117133,48.8465469
1705851280200104700,1362.8021047363281,45,1.5,1.7665189504623413,18.781999588012695,2.0936195850372314,0.8823531270027161,81.99451106892124,2.3117147,48.8465544
1705851280786526200,1363.3885261230469,45,1.5,1.7665189504623413,18.79400062561035,2.0963728427886963,0.9863483905792236,81.99451106892124,2.311716,48.8465686
1705851281358294500,1363.9602944335938,45,1.5,1.6724839210510254,18.71299934387207,2.0971949100494385,1.546972632408142,81.96110971869203,2.3117183,48.846576
1705851281959369200,1364.561369140625,45,1.5,1.6723394393920898,18.37700080871582,2.098479986190796,2.078786611557007,81.95402460076173,2.3117211,48.8465882
1705851282477303600,1365.0793034667968,45,1.5,1.6723394393920898,18.482999801635742,2.097560405731201,2.9973702430725098,81.95402460076173,2.3117256,48.8465992
1705851283014928100,1365.6169282226563,45,1.5,1.7010968923568726,18.131000518798828,2.125710964202881,3.2070345878601074,81.91151401788551,2.3117295,48.8466159
1705851283576957400,1366.1789575195312,45,1.5,1.7010968923568726,18.131000518798828,2.1534876823425293,3.371823787689209,81.91151401788551,2.3117326,48.8466261
1705851284187771100,1366.7897712402344,45,1.5,1.6967822313308716,18.190000534057617,2.18711519241333,3.4676151275634766,81.92720242239088,2.3117345,48.8466457
1705851284715583000,1367.3175830078126,45,1.5,1.6967822313308716,18.214000701904297,2.2169570922851562,3.6638433933258057,81.92720242239088,2.3117361,48.8466582
1705851285243330000,1367.845330078125,45,1.5,1.6663343906402588,18.382999420166016,2.224581241607666,3.7391936779022217,81.9697130841623,2.311739,48.8466768
1705851285798136800,1368.40013671875,45,1.5,1.6663343906402588,18.503999710083008,2.231785535812378,3.883626699447632,81.9697130841623,2.311741,48.8466876
1705851286298888700,1368.900888671875,45,1.5,1.7494380474090576,18.639999389648438,2.248342275619507,3.995323657989502,81.9697130841623,2.3117435,48.846707
1705851286885310500,1369.487310546875,45,1.5,1.7494380474090576,18.68400001525879,2.2633354663848877,4.191876411437988,81.9697130841623,2.3117456,48.8467192
1705851287471732000,1370.0737319335938,45,1.5,1.552172303199768,18.785999298095703,2.2820687294006348,4.0896196365356445,82.19099346020278,2.3117467,48.8467396
1705851288058153700,1370.6601538085938,45,1.5,1.6918110847473145,18.84000015258789,2.3000802993774414,4.435312747955322,82.20313942828264,2.3117473,48.8467521
1705851288644575500,1371.2465754394532,45,1.5,1.6918110847473145,19.07699966430664,2.317781925201416,4.756463050842285,82.20313942828264,2.3117494,48.8467715
1705851289238252800,1371.8402526855468,45,1.5,2.4029884338378906,19.003000259399414,2.3372955322265625,4.737250804901123,82.14696447220783,2.3117491,48.8467855
1705851289817419000,1372.4194189453126,45,1.5,2.4029884338378906,19.131999969482422,2.3549463748931885,4.600003242492676,82.14696447220783,2.3117492,48.846805
1705851290338049800,1372.9400498046875,45,1.5,3.1457552909851074,19.091999053955078,2.3677663803100586,4.5780768394470215,82.20313942828264,2.3117497,48.8468175
1705851290872978200,1373.4749782714844,45,1.5,3.4271130561828613,18.94700050354004,2.3805484771728516,4.553928375244141,82.2223705801,2.311751,48.8468357
1705851291476963300,1374.0789633789063,45,1.5,3.4271130561828613,18.868999481201172,2.392646074295044,4.340187072753906,82.2223705801,2.3117498,48.8468505
1705851292045821700,1374.6478217773438,45,1.5,3.305063247680664,18.8700008392334,2.4021334648132324,4.035748481750488,82.30182606587371,2.3117477,48.8468696
1705851292556775700,1375.1587756347656,45,1.5,3.305063247680664,18.916000366210938,2.411414623260498,3.7592811584472656,82.30182606587371,2.3117453,48.8468812
1705851293101381000,1375.7033811035155,45,1.5,2.6071836948394775,18.763999938964844,2.4198102951049805,3.5828795433044434,82.40253823255502,2.3117452,48.8469012
1705851293679222000,1376.281221923828,45,1.5,2.6071836948394775,18.76099967956543,2.428339719772339,3.3880045413970947,82.40253823255502,2.3117443,48.846913
1705851294274225000,1376.8762248535156,45,1.5,3.33610463142395,18.809999465942383,2.4373319149017334,3.256078004837036,82.48857470217413,2.3117439,48.8469333
1705851294797150200,1377.3991501464843,45,1.5,3.33610463142395,18.895000457763672,2.4453203678131104,3.1856772899627686,82.48857470217413,2.3117434,48.8469446
1705851295329784300,1377.931784423828,45,1.5,3.1150500774383545,18.878999710083008,2.452507495880127,3.128047466278076,82.548294648886,2.311743,48.8469639
1705851295916206300,1378.518206298828,45,1.5,3.1150500774383545,18.81399917602539,2.460299253463745,3.062370777130127,82.548294648886,2.3117422,48.8469755
1705851296502628400,1379.1046284179688,45,1.5,3.24422287940979,18.839000701904297,2.473769426345825,3.1045565605163574,82.548294648886,2.3117451,48.8469947
1705851297038478600,1379.640478515625,45,1.5,2.8682701587677,18.77199935913086,2.4864015579223633,3.2345550060272217,82.548294648886,2.311747,48.8470063
1705851297558187800,1380.1601877441406,45,1.5,2.8682701587677,18.628999710083008,2.4972634315490723,3.429352045059204,82.548294648886,2.3117498,48.8470259
1705851298144609800,1380.7466098632813,45,1.5,2.8067917823791504,18.566999435424805,2.508664131164551,3.487531900405884,82.5609472341313,2.3117525,48.8470386
1705851298669357000,1381.2713571777344,45,1.5,2.844057083129883,18.541000366210938,2.517411708831787,3.394361972808838,82.58574635614663,2.3117552,48.8470588
1705851299200169500,1381.8021694335937,45,1.5,2.844057083129883,18.562000274658203,2.5285630226135254,3.351109266281128,82.58574635614663,2.3117579,48.8470698
1705851299786591700,1382.388591796875,45,1.5,2.189188003540039,18.374000549316406,2.537911891937256,3.5218868255615234,82.66318081762088,2.3117617,48.847087
1705851300373013800,1382.975013671875,45,1.5,2.189188003540039,18.42799949645996,2.5530972480773926,4.0190958976745605,82.66318081762088,2.3117667,48.8470999
1705851300959436000,1383.5614360351562,45,1.5,1.6681017875671387,18.540000915527344,2.5668883323669434,4.502726078033447,82.66318081762088,2.311772,48.8471146
1705851301545858000,1384.147858154297,45,1.5,1.6681017875671387,18.617000579833984,2.5629653930664062,4.789444923400879,82.66318081762088,2.3117779,48.8471373
1705851302132280300,1384.7342802734374,45,1.5,2.338433265686035,18.57200050354004,2.5630524158477783,4.9203619956970215,82.68595579422302,2.3117807,48.8471479
1705851302661089300,1385.2630893554688,45,1.5,2.338433265686035,18.516000747680664,2.5638256072998047,4.985104560852051,82.68595579422302,2.3117834,48.8471599
1705851303187840300,1385.7898403320312,45,1.5,2.4980175495147705,18.641000747680664,2.563516616821289,5.027098178863525,82.71117008160542,2.3117884,48.8471786
1705851303757079600,1386.3590795898438,45,1.5,2.4980175495147705,18.70800018310547,2.563845634460449,4.998114109039307,82.71117008160542,2.311791,48.8471889
1705851304360684800,1386.962684814453,45,1.5,2.058077096939087,18.60300064086914,2.5623295307159424,4.927125930786133,82.6651150214939,2.3117949,48.8472069
1705851304878724400,1387.4807243652344,45,1.5,2.058077096939087,18.559999465942383,2.560896396636963,4.839481353759766,82.6651150214939,2.3117976,48.8472157
1705851305416245000,1388.0182448730468,45,1.5,1.82463800907135,18.340999603271484,2.564485788345337,4.765168190002441,82.58928909380215,2.3118008,48.8472342
1705851305998228500,1388.600228515625,45,1.5,1.82463800907135,18.208999633789062,2.568922519683838,4.700444221496582,82.58928909380215,2.3118033,48.8472443
1705851306589089800,1389.19108984375,45,1.5,1.740028738975525,18.136999130249023,2.5721468925476074,4.529366493225098,82.80783591390343,2.3118057,48.8472627
1705851307138305000,1389.7403049316406,45,1.5,1.605198860168457,18.038000106811523,2.576458692550659,4.393498420715332,82.81520273577858,2.3118087,48.8472725
1705851307644650000,1390.2466499023437,45,1.5,1.605198860168457,18.075000762939453,2.5798935890197754,4.221765041351318,82.81520273577858,2.311812,48.8472903
1705851308239044000,1390.8410441894532,45,1.5,1.5765806436538696,18.141000747680664,2.5822598934173584,4.0578999519348145,82.58928909380215,2.3118126,48.8473
1705851308817495000,1391.4194951171876,45,1.5,1.5765806436538696,17.990999221801758,2.5830934047698975,3.932738780975342,82.58928909380215,2.3118135,48.8473164
1705851309338125300,1391.9401252441405,45,1.5,1.5360167026519775,18.0310001373291,2.5865490436553955,3.546424627304077,82.53260546948329,2.3118126,48.847327
1705851309873055500,1392.4750554199218,45,1.5,1.4733142852783203,18.15399932861328,2.587869167327881,3.0943408012390137,82.53260546948329,2.3118121,48.8473427
1705851310459478000,1393.0614780273438,45,1.5,1.4733142852783203,18.110000610351562,2.5909581184387207,3.089953899383545,82.53260546948329,2.3118127,48.8473633
1705851310966877700,1393.5688776855468,45,1.5,1.4625822305679321,18.006999969482422,2.599289655685425,3.1447505950927734,82.5113492083553,2.3118138,48.8473691
1705851311515038700,1394.1170388183593,45,1.5,1.4625822305679321,17.929000854492188,2.606283664703369,3.351989984512329,82.5113492083553,2.3118162,48.8473864
1705851312101461500,1394.7034614257811,45,1.5,1.428835391998291,17.959999084472656,2.6059255599975586,3.5736770629882812,82.53462987809242,2.3118195,48.8474044
1705851312697586400,1395.2995864257812,45,1.5,1.428835391998291,17.96299934387207,2.607842445373535,3.715259313583374,82.53462987809242,2.3118218,48.847414
1705851313274306800,1395.8763068847657,45,1.5,1.614206314086914,18.009000778198242,2.607438325881958,3.8908402919769287,82.4302656692352,2.3118253,48.8474332
1705851313858848500,1396.4608486328125,45,1.5,1.614206314086914,18.166000366210938,2.6077308654785156,4.012454509735107,82.4302656692352,2.3118276,48.8474424
1705851314447152400,1397.04915234375,45,1.5,1.5912514925003052,18.128999710083008,2.609083890914917,4.143459320068359,82.47075381475729,2.3118321,48.8474607
1705851314957695200,1397.5596953125,45,1.5,1.5912514925003052,18.233999252319336,2.610640287399292,4.247437000274658,82.47075381475729,2.3118355,48.8474702
1705851315502719500,1398.1047194824218,45,1.5,1.5236138105392456,18.19300079345703,2.619079113006592,4.353450775146484,82.42520466467977,2.3118397,48.8474894
1705851316077033700,1398.6790336914062,45,1.5,1.5547758340835571,18.48900032043457,2.6273200511932373,4.2724995613098145,82.38623503109591,2.3118417,48.8474997
1705851316669357000,1399.2713571777344,45,1.5,1.5547758340835571,18.625999450683594,2.634113311767578,4.154275894165039,82.38623503109591,2.3118441,48.8475187
1705851317176458800,1399.7784587402343,45,1.5,1.481484055519104,18.63599967956543,2.6401443481445312,4.041326522827148,82.56803269014108,2.3118464,48.8475288
1705851317731126300,1400.3331262207032,45,1.5,1.481484055519104,18.849000930786133,2.6449644565582275,3.96406626701355,82.56803269014108,2.3118499,48.8475481
1705851318298115600,1400.9001154785155,45,1.5,1.4516159296035767,18.663000106811523,2.6501100063323975,3.887796640396118,82.44089378866335,2.3118511,48.8475588
1705851318903972000,1401.5059721679688,45,1.5,1.4505500793457031,18.31999969482422,2.6541597843170166,3.7459723949432373,82.49049185601237,2.3118521,48.8475763
1705851319417405000,1402.0194050292969,45,1.5,1.4505500793457031,18.280000686645508,2.6584620475769043,3.675281524658203,82.49049185601237,2.3118536,48.8475887
1705851319959533600,1402.5615334472657,45,1.5,1.9822771549224854,18.136999130249023,2.661870002746582,3.609145402908325,82.44089378866335,2.3118551,48.8476032
1705851320516649000,1403.1186489257811,45,1.5,1.9822771549224854,18.13599967956543,2.665247917175293,3.515899658203125,82.44089378866335,2.3118562,48.8476179
1705851321132379600,1403.734379638672,45,1.5,2.691761016845703,18.05699920654297,2.669602870941162,3.6190974712371826,82.42014366315456,2.3118594,48.8476369
1705851321669357000,1404.2713571777344,45,1.5,2.9786205291748047,18.045000076293945,2.6723484992980957,3.7684226036071777,82.39686309516522,2.3118626,48.8476544
1705851322187941400,1404.78994140625,45,1.5,2.9786205291748047,17.89699935913086,2.671962022781372,3.779048442840576,82.39686309516522,2.3118638,48.8476641
1705851322757402600,1405.3594025878906,45,1.5,2.9786205291748047,17.871000289916992,2.6731834411621094,3.7692413330078125,82.39686309516522,2.3118646,48.847674
1705851323360788000,1405.9627880859375,45,1.5,2.7495172023773193,17.843000411987305,2.6714632511138916,3.655301332473755,82.51781612036206,2.3118655,48.8476921
1705851323876468000,1406.478468017578,45,1.5,2.7495172023773193,17.81999969482422,2.670048236846924,3.514052152633667,82.51781612036206,2.3118655,48.8477008
1705851324416350200,1407.0183500976561,45,1.5,2.2014265060424805,17.833999633789062,2.671117067337036,3.408184051513672,82.55476247886781,2.3118678,48.8477187
1705851324971488000,1407.5734880371094,45,1.5,2.7623467445373535,17.85099983215332,2.6699562072753906,3.394002914428711,82.54565240286698,2.3118688,48.8477262
1705851325471912700,1408.0739125976563,45,1.5,2.7623467445373535,17.905000686645508,2.6681861877441406,3.4107134342193604,82.54565240286698,2.3118708,48.8477443
1705851326058336500,1408.6603364257812,45,1.5,2.352381706237793,17.906999588012695,2.665897846221924,3.505150318145752,82.65699844953011,2.3118726,48.8477522
1705851326644760000,1409.2467600097657,45,1.5,2.352381706237793,17.915000915527344,2.6637163162231445,3.6183829307556152,82.65699844953011,2.3118754,48.8477699
1705851327231184000,1409.8331838378906,45,1.5,2.5354013442993164,17.934999465942383,2.665466547012329,3.685678005218506,82.56539091327772,2.3118775,48.8477793
1705851327817607700,1410.4196076660157,45,1.5,2.5354013442993164,18.10099983215332,2.6662042140960693,3.7568750381469727,82.56539091327772,2.3118801,48.8477968
1705851328378999800,1410.9809997558593,45,1.5,2.3383970260620117,18.097999572753906,2.667282819747925,4.012425899505615,82.62359448153416,2.3118824,48.8478059
1705851328990455300,1411.5924553222656,45,1.5,2.404862403869629,18.142000198364258,2.667335033416748,4.302662372589111,82.62359448153416,2.311886,48.8478194
1705851329576878800,1412.17887890625,45,1.5,2.404862403869629,18.224000930786133,2.6624834537506104,4.851348876953125,82.62359448153416,2.3118917,48.847839
1705851330163302700,1412.765302734375,45,1.5,2.190894603729248,18.18199920654297,2.658703565597534,5.390176296234131,82.65143111236424,2.3118963,48.8478476
1705851330669357000,1413.2713571777344,45,1.5,2.190894603729248,18.16200065612793,2.6535823345184326,5.904494285583496,82.65143111236424,2.3119022,48.847864
1705851331218865400,1413.8208654785155,45,1.5,2.237569808959961,18.264999389648438,2.655231475830078,6.135517120361328,82.81035472392591,2.3119063,48.8478723
1705851331727844600,1414.3298447265624,45,1.5,2.237569808959961,18.357999801635742,2.6572208404541016,6.365240573883057,82.81035472392591,2.3119105,48.8478816
1705851332274428400,1414.8764284667968,45,1.5,2.3492791652679443,18.295000076293945,2.660857677459717,6.806845188140869,82.81541603453238,2.3119182,48.8478996
1705851332858898700,1415.4608986816406,45,1.5,2.3492791652679443,18.280000686645508,2.6650583744049072,7.2145185470581055,82.81541603453238,2.3119237,48.8479094
1705851333447276000,1416.0492761230469,45,1.5,3.055237054824829,18.347999572753906,2.6602845191955566,7.176875591278076,82.75012536030539,2.3119291,48.8479275
1705851333958385400,1416.5603854980468,45,1.5,3.055237054824829,18.429000854492188,2.6564009189605713,7.0985589027404785,82.75012536030539,2.3119318,48.8479371
1705851334502838800,1417.1048388671875,45,1.5,3.185929536819458,18.65399932861328,2.632453203201294,6.805760860443115,82.79770146066733,2.311935,48.8479547
1705851335037827800,1417.6398278808595,45,1.5,3.235280752182007,18.68600082397461,2.6222171783447266,6.6819071769714355,82.81035472392591,2.3119361,48.8479611
1705851335558401500,1418.160401611328,45,1.5,3.235280752182007,18.739999771118164,2.6121485233306885,6.53427267074585,82.81035472392591,2.3119387,48.8479778
1705851336144825300,1418.7468254394532,45,1.5,3.8243019580841064,18.825000762939453,2.606149673461914,6.260865688323975,82.79770146066733,2.3119395,48.8479869
1705851336669357000,1419.2713571777344,45,1.5,3.8243019580841064,18.8799991607666,2.599195718765259,5.949954986572266,82.79770146066733,2.3119405,48.8480033
1705851337200388000,1419.8023881835938,45,1.5,3.6706504821777344,18.895999908447266,2.5947775840759277,5.518436431884766,83.0139222611325,2.3119402,48.8480124
1705851337786812000,1420.3888120117188,45,1.5,3.436415433883667,19.05900001525879,2.5908401012420654,5.058745861053467,83.0139222611325,2.3119398,48.848028
1705851338373235700,1420.9752355957032,45,1.5,3.436415433883667,19.097000122070312,2.5863730907440186,4.7424421310424805,83.0139222611325,2.3119405,48.8480388
1705851338959659500,1421.5616594238281,45,1.5,2.487936496734619,19.200000762939453,2.5822129249572754,4.45922327041626,83.0139222611325,2.3119413,48.8480519
1705851339546083600,1422.1480834960937,45,1.5,2.487936496734619,19.024999618530273,2.515070676803589,4.509878158569336,83.0139222611325,2.3119429,48.8480692
1705851340132507400,1422.7345073242188,45,1.5,2.127734661102295,19.104999542236328,2.5003745555877686,4.930099010467529,83.01746517823892,2.3119463,48.8480754
1705851340669357000,1423.2713571777344,45,1.5,2.127734661102295,19.15999984741211,2.485854387283325,5.3599982261657715,83.01746517823892,2.3119507,48.8480894
1705851341188070400,1423.7900703125,45,1.5,2.2050788402557373,19.22800064086914,2.493021011352539,5.523435115814209,83.07516432297771,2.3119539,48.8480972
1705851341738397700,1424.3403977050782,45,1.5,2.2050788402557373,19.322999954223633,2.5009775161743164,5.645665168762207,83.07516432297771,2.3119558,48.8481045
1705851342243633400,1424.8456333007812,45,1.5,2.1893959045410156,19.440000534057617,2.505148410797119,5.755370616912842,83.19866206161255,2.31196,48.8481211
1705851342830057200,1425.4320571289063,45,1.5,2.1893959045410156,19.51799964904785,2.51043963432312,5.870811462402344,83.19866206161255,2.3119629,48.8481287
1705851343416481000,1426.0184809570312,45,1.5,2.0840020179748535,19.753000259399414,2.5144901275634766,5.881007194519043,83.24117809403583,2.3119671,48.8481448
1705851343978442800,1426.5804428710937,45,1.5,2.0840020179748535,19.770999908447266,2.518883466720581,5.862919330596924,83.24117809403583,2.3119688,48.8481525
1705851344589329000,1427.191328857422,45,1.5,1.9490771293640137,19.708999633789062,2.5017964839935303,6.110900402069092,83.45274914930263,2.3119737,48.8481677
1705851345117482800,1427.7194826660157,45,1.5,2.101956605911255,19.70599937438965,2.485161066055298,6.156685829162598,83.34493835660666,2.3119747,48.8481743
1705851345644892200,1428.2468920898436,45,1.5,2.101956605911255,19.672000885009766,2.469449996948242,6.199093341827393,83.34493835660666,2.3119772,48.8481896
1705851346238571500,1428.840571533203,45,1.5,2.012927532196045,19.573999404907227,2.4603166580200195,6.066988945007324,83.34493835660666,2.3119789,48.8481971
1705851346817740000,1429.4197399902343,45,1.5,2.012927532196045,19.391000747680664,2.450991153717041,5.954564094543457,83.34493835660666,2.3119818,48.8482125
1705851347377168100,1429.9791682128907,45,1.5,1.8460452556610107,19.253000259399414,2.444364309310913,5.87381649017334,83.52529855574296,2.3119841,48.8482212
1705851347990588000,1430.592587890625,45,1.5,1.6857030391693115,18.929000854492188,2.4380602836608887,5.744679927825928,83.56579049281174,2.3119865,48.8482343
1705851348577012000,1431.1790119628906,45,1.5,1.6857030391693115,18.677000045776367,2.4265918731689453,5.584181785583496,83.56579049281174,2.3119883,48.8482532
1705851349163436000,1431.7654360351562,45,1.5,1.5652439594268799,18.299999237060547,2.416307210922241,5.53945255279541,83.58525159446708,2.311988,48.8482591
1705851349669357000,1432.2713571777344,45,1.5,1.5652439594268799,18.09000015258789,2.4062752723693848,5.459656238555908,83.58525159446708,2.3119889,48.848274
1705851350218999600,1432.8209995117188,45,1.5,2.253575325012207,18.07900047302246,2.3971595764160156,5.5873541831970215,83.57968391028272,2.3119905,48.8482812
1705851350725764000,1433.3277641601562,45,1.5,2.253575325012207,18.163999557495117,2.389805555343628,5.735508441925049,83.57968391028272,2.3119924,48.8482888
1705851351274562800,1433.8765627441405,45,1.5,2.9626901149749756,18.070999145507812,2.378626823425293,5.940853595733643,83.38188744055124,2.311993,48.8483028
1705851351859006700,1434.4610068359375,45,1.5,2.9626901149749756,18.099000930786133,2.369152307510376,6.169548034667969,83.38188744055124,2.3119937,48.8483102
1705851352447411200,1435.0494111328126,45,1.5,3.2484564781188965,18.000999450683594,2.3536603450775146,6.802196025848389,83.38188744055124,2.3119979,48.848323
1705851352958696700,1435.5606967773438,45,1.5,3.2484564781188965,18.01300048828125,2.3405139446258545,7.3891682624816895,83.38188744055124,2.3120015,48.8483291
1705851353502975000,1436.1049750976563,45,1.5,3.2862391471862793,17.91900062561035,2.333936929702759,7.5356974601745605,83.37125823547213,2.3120024,48.8483435
1705851354096640300,1436.6986401367187,45,1.5,2.6176278591156006,17.972999572753906,2.326352834701538,7.556159019470215,83.35202446977809,2.3120012,48.84835
1705851354669357000,1437.2713571777344,45,1.5,2.6176278591156006,18.18199920654297,2.3189189434051514,7.606715202331543,83.35202446977809,2.3120017,48.8483643
1705851355237719800,1437.8397197265624,45,1.5,3.2286622524261475,18.19700050354004,2.3104934692382812,7.532039165496826,83.4066889710447,2.3120004,48.8483706
1705851355848671700,1438.4506716308595,45,1.5,3.2286622524261475,17.968000411987305,2.301205635070801,7.719034671783447,83.4066889710447,2.3120016,48.8483831
1705851356435096000,1439.0370959472657,45,1.5,2.728614568710327,18.016000747680664,2.303961992263794,8.503973960876465,83.3874551247356,2.3120052,48.8483974
1705851356970007300,1439.5720073242187,45,1.5,2.9565112590789795,17.937999725341797,2.3053994178771973,9.0640230178833,83.40517050790294,2.3120065,48.8484044
1705851357490659800,1440.0926599121094,45,1.5,2.9565112590789795,17.941999435424805,2.306645154953003,9.647420883178711,83.40517050790294,2.312012,48.8484228
1705851358077084200,1440.6790842285156,45,1.5,2.4942238330841064,17.854999542236328,2.3242247104644775,9.321343421936035,83.37672678686211,2.3120119,48.8484324
1705851358597422300,1441.1994223632812,45,1.5,2.4942238330841064,17.836999893188477,2.3385417461395264,8.68272876739502,83.37672678686211,2.3120114,48.8484436
1705851359132648200,1441.7346481933594,45,1.5,2.6687331199645996,17.819000244140625,2.3405284881591797,7.923189640045166,83.32914813691599,2.312012,48.848461
1705851359669357000,1442.2713571777344,45,1.5,2.6687331199645996,17.801000595092773,2.3434579372406006,7.2070465087890625,83.32914813691599,2.3120105,48.8484714
1705851360188212200,1442.790212158203,45,1.5,2.3946080207824707,17.7549991607666,2.330817937850952,6.013285160064697,83.32914813691599,2.3120057,48.848487
1705851360774636500,1443.3766364746093,45,1.5,2.3946080207824707,17.825000762939453,2.31947922706604,4.841454029083252,83.32914813691599,2.3119992,48.8484957
1705851361361061000,1443.9630610351562,45,1.5,2.400871992111206,17.948999404907227,2.3172719478607178,3.9615318775177,83.26739752247795,2.3119947,48.8485124
1705851361937705500,1444.5397055664062,45,1.5,2.400871992111206,17.922000885009766,2.315075397491455,3.0494656562805176,83.26739752247795,2.3119886,48.8485209
1705851362533910000,1445.1359099121094,45,1.5,2.5954363346099854,17.95400047302246,2.316568613052368,2.8378548622131348,83.26739752247795,2.3119869,48.8485391
1705851363077351200,1445.6793510742189,45,1.5,3.2264111042022705,17.98900032043457,2.2955009937286377,2.5624382495880127,83.26739752247795,2.3119845,48.8485467
1705851363589474300,1446.1914743652344,45,1.5,3.2264111042022705,18.163999557495117,2.275636672973633,2.3378875255584717,83.26739752247795,2.3119827,48.8485622
1705851364175899000,1446.7778989257813,45,1.5,3.403994560241699,18.201000213623047,2.2875125408172607,1.9365990161895752,83.32013700728433,2.3119805,48.8485712
1705851364762323500,1447.3643234863282,45,1.5,3.403994560241699,18.285999298095703,2.2993550300598145,1.595436930656433,83.32013700728433,2.3119778,48.8485873
1705851365317117000,1447.9191169433593,45,1.5,3.666865587234497,18.336999893188477,2.3069121837615967,1.528124451637268,83.3555675285918,2.3119771,48.8485969
1705851365817887700,1448.4198876953126,45,1.5,4.012120723724365,18.40399932861328,2.3134870529174805,1.4548124074935913,83.33987685083531,2.3119758,48.8486118
1705851366404312300,1449.0063122558595,45,1.5,4.012120723724365,18.360000610351562,2.324007511138916,1.9270106554031372,83.33987685083531,2.311977,48.848624
1705851366968690000,1449.5706899414063,45,1.5,3.7601184844970703,18.509000778198242,2.3375000953674316,2.3920183181762695,83.35050601645557,2.3119797,48.8486374
1705851367577161700,1450.1791616210937,45,1.5,3.7601184844970703,18.625,2.35099196434021,2.8968145847320557,83.35050601645557,2.3119833,48.8486534
1705851368163586300,1450.7655864257813,45,1.5,3.067732095718384,18.733999252319336,2.3769454956054688,3.179387331008911,83.24826412022873,2.3119886,48.84867
1705851368669357000,1451.2713571777344,45,1.5,3.067732095718384,18.68400001525879,2.4013843536376953,3.473177909851074,83.24826412022873,2.3119941,48.8486881
1705851369219150800,1451.8211508789063,45,1.5,2.2918641567230225,18.663000106811523,2.4066267013549805,3.6002306938171387,83.13691296676727,2.3119983,48.8486981
1705851369805575700,1452.4075756835937,45,1.5,2.255892276763916,18.655000686645508,2.4113056659698486,3.7490158081054688,83.09996495357834,2.3120036,48.848715
1705851370392000500,1452.9940004882812,45,1.5,2.255892276763916,18.56599998474121,2.426464319229126,3.8355419635772705,83.09996495357834,2.3120072,48.8487292
1705851370978425000,1453.5804250488281,45,1.5,2.531407117843628,18.55900001525879,2.4389829635620117,3.861741065979004,83.09996495357834,2.3120104,48.8487427
1705851371537847600,1454.13984765625,45,1.5,2.531407117843628,18.674999237060547,2.4521515369415283,3.881321668624878,83.09996495357834,2.3120128,48.8487581
1705851372151274800,1454.753274658203,45,1.5,2.830233573913574,18.483999252319336,2.440239667892456,3.74231219291687,83.94162007172096,2.3120141,48.8487767
1705851372676576300,1455.278576171875,45,1.5,2.830233573913574,18.295000076293945,2.4305198192596436,3.5494606494903564,83.94162007172096,2.3120143,48.848787
1705851373206839600,1455.8088395996094,45,1.5,2.9664549827575684,18.209999084472656,2.4177746772766113,3.510359048843384,84.0630923117618,2.3120148,48.8488029
1705851373798195000,1456.4001948242187,45,1.5,2.9664549827575684,18.14699935913086,2.4066131114959717,3.4766719341278076,84.0630923117618,2.3120148,48.8488113
1705851374379689200,1456.9816892089843,45,1.5,2.006702184677124,18.106000900268555,2.394822597503662,3.466092586517334,83.46861016969655,2.3120152,48.8488266
1705851374936693500,1457.5386936035156,45,1.5,2.006702184677124,18.062000274658203,2.384133815765381,3.49067759513855,83.46861016969655,2.3120154,48.8488347
1705851375552544800,1458.1545446777343,45,1.5,1.7885220050811768,18.072999954223633,2.377279281616211,3.583484411239624,83.45466505832334,2.312015,48.8488511
1705851376078623700,1458.6806237792969,45,1.5,1.7758125066757202,17.989999771118164,2.3692078590393066,3.628887891769409,83.4582080772536,2.3120145,48.8488602
1705851376608109600,1459.2101096191407,45,1.5,1.7758125066757202,17.85300064086914,2.3617494106292725,3.683899402618408,83.4582080772536,2.3120149,48.8488771
1705851377196937000,1459.7989370117189,45,1.5,1.7541285753250122,17.798999786376953,2.352933645248413,3.49214506149292,83.43340697592481,2.3120142,48.8488847
1705851377780959200,1460.3829592285156,45,1.5,1.7541285753250122,17.81100082397461,2.3436877727508545,3.308825731277466,83.43340697592481,2.3120141,48.8489003
1705851378318584800,1460.9205847167968,45,1.5,1.626945972442627,17.875,2.3353469371795654,3.2283644676208496,83.50201577975577,2.3120139,48.8489072
1705851378836524300,1461.438524169922,45,1.5,1.772949457168579,18.024999618530273,2.3272857666015625,3.13167142868042,83.60780108252767,2.3120143,48.8489202
1705851379438838300,1462.0408383789063,45,1.5,1.772949457168579,18.072999954223633,2.301051139831543,3.8796215057373047,83.60780108252767,2.3120164,48.8489282
1705851379971657700,1462.5736577148436,45,1.5,2.201498508453369,18.023000717163086,2.295166015625,4.417557716369629,83.4031458908051,2.3120196,48.848938
1705851380478514200,1463.0805141601563,45,1.5,2.201498508453369,17.951000213623047,2.2905240058898926,4.994190216064453,83.4031458908051,2.3120238,48.8489508
1705851381064939000,1463.6669389648437,45,1.5,3.52947998046875,17.951000213623047,2.2803313732147217,5.022775650024414,83.92132429067739,2.3120272,48.8489645
1705851381651364000,1464.253364013672,45,1.5,3.52947998046875,17.98900032043457,2.273526191711426,5.006557464599609,83.92132429067739,2.3120296,48.8489732
1705851382237789000,1464.8397888183595,45,1.5,3.324129819869995,18.091999053955078,2.265977382659912,4.813024044036865,83.92132429067739,2.3120313,48.8489888
1705851382824214000,1465.4262141113281,45,1.5,3.324129819869995,18.14699935913086,2.2600796222686768,4.576201438903809,83.92132429067739,2.3120315,48.848997
1705851383410638800,1466.0126389160157,45,1.5,3.0786426067352295,18.211999893188477,2.258549451828003,4.581204891204834,83.41529360066701,2.3120328,48.8490129
1705851383970180900,1466.572180908203,45,1.5,2.4101836681365967,18.256000518798828,2.2591335773468018,4.286041259765625,83.41529360066701,2.3120321,48.8490205
1705851384583489000,1467.185489013672,45,1.5,2.4101836681365967,18.246999740600586,2.261031150817871,4.0426177978515625,83.41529360066701,2.3120322,48.8490376
1705851385118735000,1467.720735107422,45,1.5,3.1031830310821533,18.341999053955078,2.2594799995422363,3.692584753036499,83.47906936384507,2.3120319,48.8490455
1705851385639053800,1468.2410537109374,45,1.5,3.1031830310821533,18.45400047302246,2.258239507675171,3.2920544147491455,83.47906936384507,2.3120319,48.8490615
1705851386237523000,1468.8395229492187,45,1.5,2.693720817565918,18.586000442504883,2.2607386112213135,3.2274885177612305,83.5246237749867,2.3120303,48.8490696
1705851386811903700,1469.4139038085937,45,1.5,2.693720817565918,18.77199935913086,2.262653350830078,3.1696770191192627,83.5246237749867,2.3120295,48.8490848
1705851387376344000,1469.9783439941407,45,1.5,2.8588688373565674,18.788999557495117,2.2317044734954834,3.797140598297119,83.4896006127455,2.3120313,48.8490927
1705851387984754000,1470.58675390625,45,1.5,2.651787281036377,18.9060001373291,2.202011823654175,4.411814212799072,83.5123780249391,2.3120345,48.8491042
1705851388571178800,1471.1731787109375,45,1.5,2.651787281036377,18.990999221801758,2.1777305603027344,5.475583553314209,83.5123780249391,2.3120401,48.8491203
1705851389157603800,1471.7596037597657,45,1.5,2.833620309829712,19.045000076293945,2.1581239700317383,6.560688018798828,83.60409150207357,2.3120458,48.8491266
1705851389669357000,1472.2713571777344,45,1.5,2.833620309829712,18.996000289916992,2.1398065090179443,7.641351699829102,83.60409150207357,2.3120533,48.8491398
1705851390213169000,1472.8151689453125,45,1.5,2.529694080352783,19.121999740600586,2.145951747894287,8.186909675598145,83.70785621935286,2.3120593,48.8491475
1705851390799594000,1473.4015939941405,45,1.5,2.5482826232910156,19.191999435424805,2.1526198387145996,8.69173812866211,83.70785621935286,2.3120664,48.84916
1705851391386018800,1473.988018798828,45,1.5,2.5482826232910156,19.16200065612793,2.1418697834014893,9.003250122070312,83.70785621935286,2.3120713,48.8491702
1705851391972444000,1474.5744438476563,45,1.5,3.2064645290374756,19.18000030517578,2.132054090499878,9.31076431274414,83.72911548937245,2.3120763,48.8491803
1705851392558869000,1475.1608688964843,45,1.5,3.2064645290374756,19.191999435424805,2.135364532470703,9.029202461242676,83.72911548937245,2.3120789,48.8491951
1705851393145294000,1475.7472941894532,45,1.5,3.948525905609131,19.28700065612793,2.1482608318328857,9.009544372558594,84.70287491601745,2.3120819,48.8492107
1705851393669357000,1476.2713571777344,45,1.5,3.948525905609131,19.357999801635742,2.160771369934082,9.065010070800781,84.70287491601745,2.3120839,48.8492188
1705851394200859000,1476.8028588867187,45,1.5,3.7836809158325195,19.37700080871582,2.187035083770752,8.891800880432129,84.67959083928949,2.3120854,48.8492335
1705851394787284000,1477.389283935547,45,1.5,3.7836809158325195,19.34000015258789,2.2123634815216064,8.725630760192871,84.67959083928949,2.3120854,48.8492422
1705851395373709000,1477.975708984375,45,1.5,3.625903606414795,19.341999053955078,2.234032154083252,8.652969360351562,84.78680354131427,2.3120873,48.8492596
1705851395960134000,1478.5621337890625,45,1.5,3.4098546504974365,19.263999938964844,2.2547659873962402,8.624382019042969,84.7670627923545,2.3120885,48.8492692
1705851396546559000,1479.1485590820312,45,1.5,3.4098546504974365,19.18000030517578,2.272134780883789,8.755438804626465,84.7670627923545,2.3120913,48.8492875
1705851397132984000,1479.7349841308594,45,1.5,4.10821533203125,19.20400047302246,2.278102159500122,9.285558700561523,84.65883769452287,2.3120927,48.849297
1705851397669357000,1480.2713571777344,45,1.5,4.10821533203125,19.232999801635742,2.282851219177246,9.815644264221191,84.65883769452287,2.3120962,48.849313
1705851398188549000,1480.7905490722655,45,1.5,4.026369571685791,19.093000411987305,2.291168689727783,10.311029434204102,85.17249528987156,2.3120989,48.8493217
1705851398774974200,1481.3769741210938,45,1.5,3.466611862182617,18.773000717163086,2.2986910343170166,10.837432861328125,85.19881668329498,2.3121041,48.8493377
1705851399361399300,1481.9633994140625,45,1.5,3.466611862182617,18.833999633789062,2.309574604034424,10.919548034667969,85.19881668329498,2.3121064,48.8493484
1705851399947824000,1482.54982421875,45,1.5,2.9800643920898438,18.86199951171875,2.3192338943481445,11.010687828063965,85.23424945771171,2.3121093,48.8493608
1705851400517001700,1483.1190017089843,45,1.5,2.9800643920898438,18.874000549316406,2.330641269683838,10.910866737365723,85.23424945771171,2.3121118,48.8493752
1705851401120674600,1483.722674560547,45,1.5,2.2190513610839844,19.006999969482422,2.328549861907959,10.34292984008789,84.14912514818394,2.3121121,48.849391
1705851401658451700,1484.2604516601561,45,1.5,2.2190513610839844,19.02899932861328,2.3289997577667236,9.801358222961426,84.14912514818394,2.3121105,48.8494005
1705851402176239600,1484.778239501953,45,1.5,1.9850513935089111,18.99799919128418,2.334219455718994,9.69419002532959,84.15418702008222,2.3121126,48.849416
1705851402777816000,1485.3798161621094,45,1.5,1.9850513935089111,19.180999755859375,2.340975046157837,9.637587547302246,84.15418702008222,2.312114,48.8494261
1705851403349090000,1485.9510900878906,45,1.5,1.887608289718628,19.184999465942383,2.381253957748413,9.157401084899902,84.2123987647646,2.3121135,48.8494449
1705851403935515100,1486.5375151367186,45,1.5,2.044640064239502,19.222000122070312,2.4195713996887207,8.75394058227539,84.5327806949054,2.3121119,48.8494572
1705851404521940200,1487.1239401855469,45,1.5,2.044640064239502,19.167999267578125,2.4273996353149414,8.442617416381836,84.5327806949054,2.3121122,48.8494735
1705851405108365600,1487.7103654785155,45,1.5,1.818457841873169,19.065000534057617,2.4206981658935547,8.472062110900879,84.20356408739644,2.3121138,48.8494902
1705851405669357000,1488.2713571777344,45,1.5,1.818457841873169,18.993999481201172,2.415088415145874,8.511626243591309,84.20356408739644,2.3121136,48.8494981
1705851406281216000,1488.883216064453,45,1.5,2.20314884185791,19.0049991607666,2.4177517890930176,8.340987205505371,84.56821412706346,2.3121138,48.8495162
1705851406877581300,1489.4795812988282,45,1.5,2.20314884185791,18.933000564575195,2.420351266860962,8.256747245788574,84.56821412706346,2.3121136,48.8495261
1705851407454066400,1490.05606640625,45,1.5,2.1434996128082275,18.732999801635742,2.4253580570220947,8.14620590209961,84.54543547505511,2.312115,48.8495457
1705851407996356400,1490.5983564453124,45,1.5,2.1434996128082275,18.35099983215332,2.4301815032958984,8.063372611999512,84.54543547505511,2.3121155,48.8495558
1705851408509632000,1491.1116320800782,45,1.5,2.058932065963745,18.402999877929688,2.4387640953063965,8.103930473327637,84.56821412706346,2.3121189,48.8495754
1705851409096057000,1491.6980571289062,45,1.5,3.0733156204223633,18.42099952697754,2.451301336288452,8.225175857543945,84.61377161522286,2.3121192,48.8495875
1705851409669357000,1492.2713571777344,45,1.5,3.0733156204223633,18.461000442504883,2.461658239364624,8.34717845916748,84.61377161522286,2.3121218,48.8496066
1705851410256755200,1492.8587551269532,45,1.5,3.0058276653289795,18.437000274658203,2.4700746536254883,8.063403129577637,84.15380591863071,2.3121226,48.8496191
1705851410855333000,1493.4573330078124,45,1.5,3.0058276653289795,18.4060001373291,2.4778358936309814,7.833064556121826,84.15380591863071,2.3121253,48.8496383
1705851411378820900,1493.9808208007812,45,1.5,3.2768044471740723,18.400999069213867,2.4728055000305176,7.912009239196777,84.17354770903091,2.3121269,48.8496505
1705851411910899000,1494.5128989257812,45,1.5,3.4178338050842285,18.222000122070312,2.466073751449585,8.053733825683594,84.7458897193355,2.3121297,48.8496656
1705851412477900800,1495.0799008789063,45,1.5,3.4178338050842285,18.20599937438965,2.4689412117004395,8.360685348510742,84.7458897193355,2.3121335,48.8496811
1705851413083749600,1495.6857495117188,45,1.5,2.5605309009552,18.35099983215332,2.4664065837860107,8.501882553100586,84.18721512939358,2.3121375,48.8496994
1705851413596754700,1496.198754638672,45,1.5,2.5605309009552,18.32900047302246,2.4652888774871826,8.650671005249023,84.18721512939358,2.3121405,48.8497113
1705851414139315500,1496.7413154296876,45,1.5,3.265652656555176,18.323999404907227,2.4671947956085205,8.945262908935547,84.22771131946321,2.3121455,48.84973
1705851414669357000,1497.2713571777344,45,1.5,3.265652656555176,18.45599937438965,2.4679887294769287,9.3474702835083,84.22771131946321,2.3121492,48.8497418
1705851415194881300,1497.7968813476562,45,1.5,2.7923049926757812,18.31999969482422,2.463393211364746,9.760089874267578,84.24897189691042,2.312154,48.8497596
1705851415781307000,1498.3833068847657,45,1.5,2.7923049926757812,18.233999252319336,2.4605860710144043,10.12177562713623,84.24897189691042,2.3121575,48.8497704
1705851416367732200,1498.9697321777344,45,1.5,3.85579776763916,18.232999801635742,2.4550750255584717,10.498209953308105,85.245077055734,2.3121627,48.8497884
1705851416954157800,1499.5561577148437,45,1.5,4.222936153411865,18.375,2.4508652687072754,10.722969055175781,85.25216399636471,2.3121655,48.8497989
1705851417540583200,1500.142583251953,45,1.5,4.222936153411865,18.33099937438965,2.430875539779663,10.438949584960938,85.25216399636471,2.3121665,48.849816
1705851418127008800,1500.7290087890624,45,1.5,4.147760391235352,18.274999618530273,2.4086012840270996,9.388916969299316,85.30524614859863,2.3121644,48.8498332
1705851418669357000,1501.2713571777344,45,1.5,4.147760391235352,18.13800048828125,2.387815237045288,8.303181648254395,85.30524614859863,2.3121597,48.8498428
1705851419182574800,1501.7845749511719,45,1.5,3.945368766784668,18.13599967956543,2.372992515563965,7.796135902404785,85.59925127647536,2.3121587,48.8498583
1705851419769000700,1502.3710007324219,45,1.5,3.945368766784668,18.07900047302246,2.3607237339019775,7.367715835571289,85.59925127647536,2.3121556,48.8498672
1705851420355426300,1502.9574262695312,45,1.5,3.805238962173462,18.079999923706055,2.347559928894043,7.3977179527282715,85.40537036205072,2.312156,48.8498849
1705851420941852000,1503.5438518066405,45,1.5,3.8642685413360596,18.13800048828125,2.3358359336853027,7.51824951171875,85.40537036205072,2.3121561,48.8498934
1705851421528277800,1504.1302778320312,45,1.5,3.8642685413360596,18.1560001373291,2.327068328857422,7.3867363929748535,85.40537036205072,2.3121571,48.849911
1705851422114703400,1504.7167033691405,45,1.5,4.0357985496521,18.040000915527344,2.3232998847961426,7.6026082038879395,85.45649779550949,2.3121585,48.849922
1705851422669357000,1505.2713571777344,45,1.5,4.0357985496521,18.104999542236328,2.319084405899048,7.762846946716309,85.45649779550949,2.3121612,48.8499388
1705851423170269700,1505.7722697753907,45,1.5,4.015012741088867,18.073999404907227,2.310547113418579,8.068928718566895,85.3285319487181,2.3121634,48.8499486
1705851423756695600,1506.3586955566407,45,1.5,4.015012741088867,18.34000015258789,2.3013551235198975,8.377991676330566,85.3285319487181,2.3121679,48.849966
1705851424359103700,1506.9611037597656,45,1.5,3.639230251312256,18.28700065612793,2.2976183891296387,8.28692626953125,85.90158855691146,2.3121694,48.8499758
1705851424929547300,1507.5315473632813,45,1.5,3.6464357376098633,18.024999618530273,2.292487144470215,8.21656322479248,85.87475907508212,2.3121713,48.8499899
1705851425477033700,1508.0790336914063,45,1.5,3.6464357376098633,18.024999618530273,2.2856667041778564,8.063640594482422,85.87475907508212,2.3121733,48.8500025
1705851425985113900,1508.5871137695312,45,1.5,3.7289600372314453,18.06100082397461,2.2773399353027344,7.835672378540039,85.81384949498762,2.3121756,48.8500138
1705851426571539700,1509.173539794922,45,1.5,3.7289600372314453,18.016000747680664,2.2716689109802246,7.578184127807617,85.81384949498762,2.3121772,48.8500297
1705851427157965600,1509.759965576172,45,1.5,3.7228715419769287,17.80299949645996,2.2620553970336914,7.1298370361328125,85.81384949498762,2.3121786,48.8500464
1705851427669357000,1510.2713571777344,45,1.5,4.429865837097168,17.518999099731445,2.2532362937927246,6.7012176513671875,85.4039581329723,2.312179,48.8500606
1705851428213532400,1510.8155324707031,45,1.5,4.429865837097168,17.489999771118164,2.2416393756866455,6.085010051727295,85.4039581329723,2.3121785,48.8500708
1705851428799958500,1511.4019584960938,45,1.5,4.429865837097168,17.44099998474121,2.2327418327331543,5.592717170715332,85.4039581329723,2.3121775,48.8500806
1705851429386384600,1511.9883845214845,45,1.5,2.3231213092803955,17.35700035095215,2.222330093383789,4.931294918060303,84.67051387649356,2.3121772,48.8500962
1705851429959468500,1512.5614685058595,45,1.5,2.3231213092803955,17.43400001525879,2.212162971496582,4.194717884063721,84.67051387649356,2.3121756,48.8501047
1705851430559236900,1513.1612368164062,45,1.5,2.1147208213806152,17.305999755859375,2.204232692718506,3.5323028564453125,84.54902236711246,2.312173,48.8501218
1705851431116343800,1513.71834375,45,1.5,2.3046963214874268,17.10300064086914,2.204883575439453,3.5567257404327393,84.5419354162972,2.3121741,48.8501308
1705851431669357000,1514.2713571777344,45,1.5,2.3046963214874268,16.934999465942383,2.203047037124634,3.906316041946411,84.5419354162972,2.3121766,48.8501453
1705851432176771000,1514.7787709960937,45,1.5,2.3065025806427,16.930999755859375,2.199895143508911,3.8909807205200195,84.9190131193264,2.3121766,48.8501545
1705851432787656700,1515.3896567382812,45,1.5,2.3065025806427,17.01799964904785,2.1955299377441406,3.9302661418914795,84.9190131193264,2.3121779,48.8501712
1705851433337243600,1515.9392436523437,45,1.5,2.3248541355133057,17.100000381469727,2.199063777923584,4.062351226806641,84.95039844283107,2.3121785,48.8501803
1705851433843224000,1516.4452241210938,45,1.5,2.004478931427002,17.131999969482422,2.2012202739715576,4.194059371948242,84.97014088344876,2.3121798,48.850194
1705851434429650400,1517.031650390625,45,1.5,2.004478931427002,17.163999557495117,2.204753875732422,4.164174556732178,84.97014088344876,2.3121817,48.8502069
1705851434968857300,1517.570857421875,45,1.5,3.1734495162963867,16.964000701904297,2.2087607383728027,4.051187515258789,85.88076683038916,2.3121831,48.8502187
1705851435485224700,1518.087224609375,45,1.5,3.1734495162963867,17.007999420166016,2.213508129119873,3.908677577972412,85.88076683038916,2.3121846,48.8502341
1705851435998318800,1518.6003188476564,45,1.5,3.1734495162963867,17.05699920654297,2.2175798416137695,3.771395444869995,85.88076683038916,2.312185,48.8502448
1705851436540792300,1519.1427922363282,45,1.5,2.3885068893432617,17.28499984741211,2.21862530708313,3.736088991165161,85.18123601533088,2.3121867,48.8502618
1705851437117403000,1519.7194028320312,45,1.5,2.464012861251831,17.283000946044922,2.222524404525757,3.5603039264678955,85.18123601533088,2.312186,48.8502719
1705851437669357000,1520.2713571777344,45,1.5,2.464012861251831,17.253999710083008,2.224958658218384,3.327038288116455,85.18123601533088,2.3121858,48.8502881
1705851438182786600,1520.7847866210936,45,1.5,2.373335599899292,17.413000106811523,2.2269740104675293,2.949122190475464,84.62964652402023,2.3121846,48.8502989
1705851438769213200,1521.3712131347656,45,1.5,3.0952374935150146,17.360000610351562,2.2273025512695312,2.5395944118499756,84.65090811238412,2.3121834,48.8503146
1705851439338371800,1521.940371826172,45,1.5,3.0952374935150146,17.430999755859375,2.23490834236145,2.4326250553131104,84.65090811238412,2.3121826,48.8503248
1705851439942066700,1522.5440666503907,45,1.5,3.415574789047241,17.472000122070312,2.2430572509765625,2.3960022926330566,84.71418696560139,2.3121823,48.8503409
1705851440458619000,1523.0606188964844,45,1.5,3.415574789047241,17.48900032043457,2.249042272567749,2.394599199295044,84.71418696560139,2.3121815,48.8503541
1705851440967791000,1523.569791015625,45,1.5,3.3004045486450195,17.48900032043457,2.2573533058166504,2.1115570068359375,84.75114203497432,2.3121796,48.8503677
1705851441599063300,1524.2010632324218,45,1.5,3.3004045486450195,17.533000946044922,2.2669289112091064,1.8273214101791382,84.75114203497432,2.3121776,48.8503849
1705851442170488300,1524.77248828125,45,1.5,2.6658055782318115,17.586999893188477,2.270937919616699,1.2477936744689941,84.88023292870676,2.3121731,48.8504027
1705851442716276000,1525.3182758789062,45,1.5,2.6658055782318115,17.6299991607666,2.276111602783203,0.6708899140357971,84.88023292870676,2.3121684,48.8504149
1705851443226056700,1525.828056640625,45,1.5,3.545114278793335,17.77400016784668,2.2804911136627197,0.42606860399246216,85.86166311855142,2.3121655,48.8504314
1705851443812483800,1526.4144838867187,45,1.5,3.545114278793335,17.72800064086914,2.284724473953247,0.20927511155605316,85.86166311855142,2.3121629,48.8504413
1705851444398910700,1527.0009106445314,45,1.5,4.101882457733154,17.77899932861328,2.2922120094299316,0.1900939792394638,85.8039511852312,2.3121613,48.8504609
1705851444977850600,1527.5798505859375,45,1.5,4.101882457733154,17.79400062561035,2.0895328521728516,359.8892822265625,85.8039511852312,2.31216,48.8504669
1705851445571765000,1528.1737648925782,45,1.5,3.881862163543701,17.854999542236328,2.1077373027801514,359.76348876953125,85.84090702698694,2.3121576,48.8504858
1705851446077545500,1528.6795454101562,45,1.5,4.23360013961792,17.82900047302246,2.123276948928833,359.8289489746094,85.90064420873604,2.3121556,48.8504964
1705851446627333600,1529.2293337402343,45,1.5,4.23360013961792,17.805999755859375,2.138932228088379,359.9252014160156,85.90064420873604,2.3121542,48.8505148
1705851447197373700,1529.799373779297,45,1.5,4.193861961364746,17.93400001525879,2.148435115814209,0.43656036257743835,85.91373529165753,2.3121552,48.850524
1705851447800188200,1530.4021882324218,45,1.5,4.193861961364746,18.13800048828125,2.1579198837280273,0.8993598818778992,85.91373529165753,2.3121558,48.8505401
1705851448386615300,1530.988615234375,45,1.5,3.9229142665863037,18.173999786376953,2.178088665008545,0.8500149250030518,86.05536986679073,2.3121564,48.8505576
1705851448973042700,1531.5750427246094,45,1.5,3.872663736343384,18.323999404907227,2.1969423294067383,0.7820690274238586,86.47215613237044,2.3121568,48.8505679
1705851449559470000,1532.1614699707031,45,1.5,3.872663736343384,18.393999099731445,2.2053840160369873,0.46895697712898254,86.47215613237044,2.3121555,48.8505867
1705851450116599000,1532.7185991210938,45,1.5,3.8547122478485107,18.3799991607666,2.2009806632995605,0.1338171511888504,86.08371989232809,2.3121542,48.8505962
1705851450669357000,1533.2713571777344,45,1.5,3.8547122478485107,18.371999740600586,2.1963255405426025,359.8201599121094,86.08371989232809,2.3121522,48.8506141
1705851451201467000,1533.803466796875,45,1.5,3.2267887592315674,18.53499984741211,2.1939353942871094,359.21673583984375,86.40883365186022,2.3121501,48.8506229
1705851451787894300,1534.3898942871094,45,1.5,3.2267887592315674,18.673999786376953,2.191281795501709,358.61236572265625,86.40883365186022,2.3121471,48.8506388
1705851452376662000,1534.978662109375,45,1.5,3.240966796875,18.395000457763672,2.1785051822662354,358.1607666015625,86.31299543579922,2.3121438,48.8506484
1705851452960749300,1535.562749267578,45,1.5,3.396242141723633,18.048999786376953,2.166510820388794,357.7710876464844,86.30742670796243,2.312141,48.8506622
1705851453479420700,1536.0814206542968,45,1.5,3.396242141723633,18.108999252319336,2.1807737350463867,358.101318359375,86.30742670796243,2.3121424,48.8506752
1705851454016318700,1536.6183186035157,45,1.5,3.4367828369140625,18.093000411987305,2.2149658203125,358.35198974609375,86.43247084394004,2.3121431,48.8506922
1705851454598790700,1537.2007907714844,45,1.5,3.4367828369140625,18.222000122070312,2.24930477142334,358.5887145996094,86.43247084394004,2.3121443,48.8507035
1705851455189174000,1537.7911740722657,45,1.5,3.6910314559936523,18.10099983215332,2.2509665489196777,358.950439453125,86.38488297903012,2.3121478,48.8507209
1705851455737093400,1538.3390932617187,45,1.5,3.6910314559936523,17.9950008392334,2.252664804458618,359.26690673828125,86.38488297903012,2.3121515,48.8507305
1705851456244743700,1538.8467436523438,45,1.5,3.490201473236084,17.868999481201172,2.2602176666259766,359.54522705078125,85.18535352457981,2.3121549,48.850748
1705851456831171300,1539.4331713867186,45,1.5,3.490201473236084,17.833999633789062,2.2673606872558594,359.8902282714844,85.18535352457981,2.3121589,48.8507588
1705851457417599000,1540.019598876953,45,1.5,3.0658717155456543,17.96500015258789,2.2699646949768066,0.18089666962623596,85.20307226136057,2.3121605,48.8507758
1705851457977147000,1540.5791469726562,45,1.5,3.0658717155456543,18.24799919128418,2.2716872692108154,0.5219483375549316,85.20307226136057,2.3121625,48.8507854
1705851458590454300,1541.192454345703,45,1.5,2.2189528942108154,18.23200035095215,2.2749462127685547,0.7889774441719055,85.22230978905795,2.3121644,48.8508032
1705851459118298400,1541.7202983398438,45,1.5,2.0080230236053467,18.22599983215332,2.2723114490509033,1.1421924829483032,85.24711613939795,2.3121665,48.8508113
1705851459646024400,1542.2480244140625,45,1.5,2.0080230236053467,18.065000534057617,2.2714247703552246,1.4220916032791138,85.24711613939795,2.3121691,48.8508269
1705851460237292000,1542.8392919921876,45,1.5,2.627176523208618,18.159000396728516,2.2745063304901123,1.6397708654403687,85.70317490621672,2.3121712,48.8508362
1705851460818880000,1543.4208798828124,45,1.5,2.627176523208618,18.4689998626709,2.276369333267212,1.7771012783050537,85.70317490621672,2.3121733,48.8508512
1705851461356387000,1543.9583869628907,45,1.5,2.396669626235962,18.36199951171875,2.2785162925720215,1.474643588066101,85.7421570866351,2.312174,48.850861
1705851461874450200,1544.4764501953125,45,1.5,2.304356813430786,18.356000900268555,2.278456926345825,1.1352893114089966,85.7421570866351,2.3121742,48.8508739
1705851462478499800,1545.0804997558594,45,1.5,2.304356813430786,18.302000045776367,2.2603366374969482,1.3556041717529297,85.7421570866351,2.3121752,48.8508858
1705851463047305700,1545.6493056640625,45,1.5,2.1336734294891357,18.15999984741211,2.2661046981811523,1.1420594453811646,85.80544022984105,2.3121769,48.8509011
1705851463596983600,1546.198983642578,45,1.5,2.1336734294891357,18.200000762939453,2.2746047973632812,0.9767028093338013,85.80544022984105,2.3121777,48.8509107
1705851464102876000,1546.7048759765626,45,1.5,2.3206446170806885,18.06999969482422,2.273637533187866,0.9402072429656982,85.85657335559651,2.3121782,48.8509258
1705851464669357000,1547.2713571777344,45,1.5,2.3206446170806885,18.031999588012695,2.273739814758301,0.9008248448371887,85.85657335559651,2.3121782,48.8509347
1705851465275731700,1547.8777316894532,45,1.5,2.1856529712677,17.81800079345703,2.273383855819702,1.0080583095550537,85.85657335559651,2.3121797,48.8509505
1705851465862159600,1548.4641596679687,45,1.5,2.133193254470825,17.625999450683594,2.2731549739837646,1.0603642463684082,85.85657335559651,2.3121808,48.8509622
1705851466448587800,1549.050587890625,45,1.5,2.133193254470825,17.67300033569336,2.2671098709106445,1.1140007972717285,85.85657335559651,2.3121832,48.8509755
1705851466969179400,1549.5711794433594,45,1.5,2.0615413188934326,17.812999725341797,2.2640585899353027,1.0940537452697754,85.86011724706091,2.3121832,48.8509841
1705851467504158000,1550.1061579589843,45,1.5,2.0615413188934326,17.875,2.2626473903656006,1.0733578205108643,85.86011724706091,2.3121834,48.8509993
1705851468090586000,1550.6925861816405,45,1.5,3.147038459777832,17.79400062561035,2.2614266872406006,1.4444183111190796,85.38598447936546,2.3121853,48.8510128
1705851468669357000,1551.2713571777344,45,1.5,3.147038459777832,17.614999771118164,2.261430263519287,1.8177387714385986,85.38598447936546,2.3121878,48.8510212
1705851469263442200,1551.8654421386718,45,1.5,3.390657424926758,17.740999221801758,2.2591376304626465,2.5255186557769775,86.33451081426163,2.3121909,48.8510369
1705851469849870300,1552.451870361328,45,1.5,3.390657424926758,17.81399917602539,2.256566047668457,3.244211435317993,86.33451081426163,2.3121931,48.8510457
1705851470436298200,1553.0382983398438,45,1.5,3.565779209136963,17.829999923706055,2.2747161388397217,3.8028552532196045,86.3588120528228,2.3122002,48.8510639
1705851470978668300,1553.5806682128907,45,1.5,3.565779209136963,17.865999221801758,2.292538642883301,4.266526222229004,86.3588120528228,2.3122055,48.8510737
1705851471491869000,1554.0938688964843,45,1.5,3.8686375617980957,17.801000595092773,2.2850048542022705,4.218648433685303,86.39070753445225,2.3122087,48.8510907
1705851472078297000,1554.6802971191407,45,1.5,3.862727165222168,17.857999801635742,2.2557497024536133,3.987245798110962,86.39425148428478,2.3122096,48.8510979
1705851472664725200,1555.266725341797,45,1.5,3.862727165222168,17.923999786376953,2.2292401790618896,3.7434329986572266,86.39425148428478,2.312211,48.8511138
1705851473197318100,1555.7993181152344,45,1.5,3.475325107574463,18.025999069213867,2.218560218811035,4.201729774475098,86.42614709963277,2.3122126,48.8511211
1705851473720296000,1556.3222958984375,45,1.5,3.475325107574463,18.243000030517578,2.207319974899292,4.705281734466553,86.42614709963277,2.312216,48.8511363
1705851474306724000,1556.9087241210937,45,1.5,3.9167087078094482,18.17799949645996,2.2011868953704834,5.189729690551758,86.44430067195529,2.3122191,48.8511445
1705851474893152300,1557.49515234375,45,1.5,3.910001277923584,18.124000549316406,2.19425368309021,5.665226459503174,86.45088232184747,2.3122232,48.8511567
1705851475479580400,1558.0815803222656,45,1.5,3.910001277923584,18.02199935913086,2.1932506561279297,5.942299842834473,86.45088232184747,2.3122273,48.8511732
1705851476066008600,1558.6680085449218,45,1.5,4.1415300369262695,17.95400047302246,2.1950130462646484,5.936822414398193,86.60011199561978,2.3122289,48.851181
1705851476652437000,1559.2544370117187,45,1.5,4.1415300369262695,18.01799964904785,2.1986594200134277,5.937694549560547,86.60011199561978,2.3122317,48.8511971
1705851477238865200,1559.840865234375,45,1.5,3.9687414169311523,17.979999542236328,2.2059221267700195,6.1975321769714355,86.67605467147754,2.3122338,48.8512064
1705851477825293600,1560.4272934570313,45,1.5,3.9687414169311523,17.93899917602539,2.2128849029541016,6.424980163574219,86.67605467147754,2.3122372,48.8512218
1705851478378937900,1560.9809377441406,45,1.5,3.770659923553467,17.770999908447266,2.21889066696167,6.615688800811768,86.6831426893672,2.3122399,48.8512311
1705851478880864500,1561.4828645019531,45,1.5,3.8324289321899414,17.68400001525879,2.224189519882202,6.816441059112549,86.76060498655612,2.3122435,48.8512439
1705851479476975600,1562.0789755859375,45,1.5,3.8324289321899414,17.753999710083008,2.2036731243133545,6.176922798156738,86.76060498655612,2.3122427,48.851255
1705851480053721000,1562.6557211914062,45,1.5,3.837217330932617,17.599000930786133,2.2150497436523438,5.838676929473877,86.69529359100608,2.312242,48.8512709
1705851480599550200,1563.2015502929687,45,1.5,3.837217330932617,17.52899932861328,2.226959705352783,5.523526191711426,86.69529359100608,2.3122404,48.8512804
1705851481109292300,1563.711292236328,45,1.5,3.352123975753784,17.709999084472656,2.218343496322632,5.321603775024414,87.07862605012778,2.3122413,48.8512943
1705851481678840800,1564.2808408203125,45,1.5,3.352123975753784,17.746000289916992,2.2122840881347656,5.149836540222168,87.07862605012778,2.3122413,48.8513015
1705851482282149400,1564.8841494140624,45,1.5,3.428560495376587,17.743999481201172,2.2114315032958984,5.182632923126221,87.01417820607298,2.3122413,48.8513168
1705851482817328000,1565.419328125,45,1.5,3.428560495376587,17.83300018310547,2.211663246154785,5.234452724456787,87.01417820607298,2.3122413,48.8513259
1705851483337720600,1565.9397204589843,45,1.5,3.474907398223877,17.770000457763672,2.209503650665283,5.376930236816406,87.05113746750618,2.3122422,48.8513411
1705851483916678700,1566.5186787109376,45,1.5,3.474907398223877,17.739999771118164,2.2087154388427734,5.497697830200195,87.05113746750618,2.3122424,48.8513503
1705851484510578000,1567.1125778808594,45,1.5,3.68509578704834,17.81100082397461,2.2033140659332275,5.89300012588501,87.09012206906749,2.3122444,48.8513642
1705851485016757800,1567.6187578125,45,1.5,3.7701990604400635,17.902999877929688,2.196368455886841,6.209742069244385,87.072401773343,2.3122459,48.8513711
1705851485566149400,1568.1681494140626,45,1.5,3.7701990604400635,18.249000549316406,2.1893041133880615,6.606193542480469,87.072401773343,2.3122492,48.8513854
1705851486152578000,1568.754578125,45,1.5,3.581111192703247,18.16200065612793,2.1826939582824707,6.873635768890381,85.837427504004,2.3122511,48.8513933
1705851486669357000,1569.2713571777344,45,1.5,3.581111192703247,18.125999450683594,2.1763596534729004,7.099618911743164,85.837427504004,2.3122552,48.8514085
1705851487208149500,1569.8101494140626,45,1.5,3.188227891921997,18.124000549316406,2.1576969623565674,7.3612284660339355,85.65060924307234,2.3122569,48.8514142
1705851487777319700,1570.3793195800781,45,1.5,3.188227891921997,18.12700080871582,2.141711711883545,7.5837507247924805,85.65060924307234,2.3122591,48.8514215
1705851488967435800,1571.5694357910156,45,1.5,2.5015811920166016,18.10700035095215,2.0679666996002197,8.190874099731445,85.88998724843452,2.3122662,48.8514398
1705851489553864700,1572.1558647460938,45,1.5,2.885134696960449,18.048999786376953,1.9857652187347412,7.934581279754639,85.86366114001021,2.3122705,48.8514527
1705851490669357000,1573.2713571777344,45,1.5,2.5262584686279297,17.108999252319336,1.9022859334945679,6.60945987701416,85.79328982959774,2.3122753,48.8514631
1705851491195865300,1573.797865234375,45,1.5,2.2834744453430176,16.332000732421875,1.83076012134552,6.089568138122559,85.75582620545427,2.3122788,48.8514603
1705851491782294500,1574.3842944335938,45,1.5,2.027940273284912,15.534000396728516,1.833863615989685,6.397393703460693,85.757851261974,2.3122996,48.8514922
1705851492955152400,1575.55715234375,45,1.5,2.1702463626861572,13.670999526977539,1.7535151243209839,8.797883987426758,85.6839370132982,2.3123153,48.8515032
1705851493541581300,1576.1435812988282,45,1.5,2.139683723449707,13.413000106811523,1.3694093227386475,11.039295196533203,85.66773671637623,2.3123273,48.8515053
1705851494669357000,1577.2713571777344,45,1.5,1.7584986686706543,12.656999588012695,1.263176679611206,10.714159965515137,85.12171412870848,2.3123327,48.8515086
1705851495770017000,1578.3720170898437,45,1.5,2.161229372024536,11.96399974822998,1.166840672492981,10.194585800170898,85.1055139161956,2.312336,48.8515111
1705851496942875100,1579.5448752441407,45,1.5,3.387070894241333,11.852999687194824,1.0769702196121216,9.626663208007812,85.57104183981525,2.312338,48.8515125
1705851497529304300,1580.1313041992187,45,1.5,3.2588024139404297,12.088000297546387,0.993190348148346,9.124246597290039,84.99261954728169,2.3123399,48.8515135
1705851498669357000,1581.2713571777344,45,1.5,3.117096185684204,12.232000350952148,0.9151248335838318,8.585115432739258,85.0159070515234,2.3123409,48.8515138
1705851499757735000,1582.3597348632813,45,1.5,2.4579880237579346,12.232000350952148,0.843739926815033,7.989247798919678,85.0159070515234,2.3123415,48.8515138
1705851500930593000,1583.5325930175782,45,1.5,3.4077467918395996,12.230999946594238,0.7775359153747559,7.464233875274658,85.98366946749871,2.3123423,48.8515137
1705851501517022200,1584.1190222167968,45,1.5,4.036642074584961,12.229000091552734,0.7212885618209839,5.919647693634033,86.0469514623556,2.3123427,48.8515137
1705851502103451100,1584.705451171875,45,1.5,3.6640889644622803,12.208999633789062,0.6774228811264038,4.044781684875488,86.0469514623556,2.3123416,48.8515094
1705851502669357000,1585.2713571777344,45,1.5,2.5859692096710205,12.244000434875488,0.6558887958526611,4.5630693435668945,85.13386430846788,2.3123529,48.8515154
1705851503862738400,1586.4647385253907,45,1.5,4.072504043579102,12.291000366210938,0.5660929679870605,5.26287317276001,86.08434285501298,2.3123592,48.8515107
1705851504449167400,1587.0511674804688,45,1.5,4.072504043579102,12.329000473022461,0.5973426699638367,8.531670570373535,86.08434285501298,2.3123639,48.8515089
1705851504968431900,1587.5704318847656,45,1.5,3.8671467304229736,12.333000183105469,0.6619989275932312,9.730937004089355,86.08991170591219,2.312366,48.8515076
1705851505504739600,1588.1067395019531,45,1.5,3.5631401538848877,12.430000305175781,0.727928638458252,10.399645805358887,86.21495868763785,2.3123686,48.8515098
1705851506091168500,1588.6931684570313,45,1.5,3.6313881874084473,13.123000144958496,0.7867094874382019,8.677849769592285,86.21495868763785,2.3123632,48.851516
1705851506669357000,1589.2713571777344,45,1.5,4.040043830871582,13.64900016784668,0.8421482443809509,7.029078483581543,86.29444295338267,2.3123583,48.8515255
1705851507178447400,1589.780447265625,45,1.5,4.040043830871582,14.12399959564209,0.9118061661720276,7.6390862464904785,86.29444295338267,2.3123558,48.8515316
1705851507733169700,1590.3351696777345,45,1.5,4.040043830871582,14.359999656677246,0.9722281098365784,8.689827919006348,86.29444295338267,2.3123548,48.8515416
1705851508319598600,1590.9215986328124,45,1.5,3.9228549003601074,14.769000053405762,1.0878558158874512,8.09056282043457,86.30659348024483,2.3123538,48.8515567
1705851508906027300,1591.50802734375,45,1.5,3.808271646499634,14.949999809265137,1.1968425512313843,7.585668563842773,86.42658087079272,2.3123527,48.851567
1705851509492456200,1592.0944562988282,45,1.5,3.808271646499634,15.829000473022461,1.2879599332809448,7.045130252838135,86.42658087079272,2.3123529,48.8515827
1705851510078885000,1592.6808850097657,45,1.5,3.403002977371216,16.451000213623047,1.373070240020752,6.485177516937256,86.93939801535026,2.3123504,48.8515947
1705851510665314000,1593.2673139648437,45,1.5,3.403002977371216,17.06599998474121,1.452252745628357,6.060571193695068,86.93939801535026,2.3123488,48.851611
1705851511237093000,1593.839093017578,45,1.5,3.447305917739868,17.131000518798828,1.5086761713027954,5.721968173980713,87.02597226916805,2.3123466,48.8516225
1705851511838172000,1594.440171875,45,1.5,3.447305917739868,17.18000030517578,1.560655117034912,5.4203314781188965,87.02597226916805,2.3123451,48.8516382
1705851512424600800,1595.0266008300782,45,1.5,4.064746856689453,17.413000106811523,1.6221057176589966,4.962521553039551,86.53593795070144,2.3123431,48.8516552
1705851512968397800,1595.5703977050782,45,1.5,4.385976791381836,17.56100082397461,1.6716848611831665,5.025501728057861,86.57644093190609,2.3123415,48.8516657
1705851513480172800,1596.0821728515625,45,1.5,3.220364570617676,17.84600067138672,1.7167936563491821,5.096109867095947,86.68225588607146,2.3123414,48.8516855
1705851514066601500,1596.6686015625,45,1.5,3.220364570617676,18.006999969482422,1.7566134929656982,5.327352046966553,86.68225588607146,2.3123411,48.8516933
1705851514653030400,1597.2550305175782,45,1.5,3.220364570617676,18.149999618530273,1.7928999662399292,5.579549312591553,86.68225588607146,2.3123421,48.8517089
1705851515239459300,1597.8414592285155,45,1.5,2.070080280303955,18.201000213623047,1.820266842842102,5.628197193145752,86.05260270395092,2.3123416,48.8517182
1705851515825888000,1598.427887939453,45,1.5,2.250427722930908,18.256999969482422,1.8447349071502686,5.643314361572266,86.07741149091945,2.3123416,48.8517311
1705851516397603300,1598.9996032714844,45,1.5,2.250427722930908,18.31100082397461,1.8731813430786133,5.479527950286865,86.07741149091945,2.3123396,48.8517418
1705851516969546800,1599.5715466308593,45,1.5,1.8468586206436157,18.31800079345703,1.9015756845474243,4.897586822509766,86.11589056985021,2.3123363,48.851755
1705851517497130200,1600.099130126953,45,1.5,1.8468586206436157,18.381000518798828,1.9272516965866089,4.405836582183838,86.11589056985021,2.3123332,48.8517665
1705851518054317800,1600.6563178710937,45,1.5,1.8844337463378906,18.566999435424805,1.934098243713379,5.182589530944824,86.27109120779241,2.3123335,48.8517814
1705851518596739300,1601.1987392578126,45,1.5,1.8844337463378906,18.625999450683594,1.9402153491973877,5.886796474456787,86.27109120779241,2.3123335,48.8517896
1705851519109889800,1601.711889892578,45,1.5,1.829359531402588,18.645999908447266,1.9530665874481201,6.825047016143799,86.56335596568826,2.312337,48.8518031
1705851519669357000,1602.2713571777344,45,1.5,1.829359531402588,18.63800048828125,1.9647217988967896,7.712690830230713,86.56335596568826,2.3123398,48.8518103
1705851520282747600,1602.8847475585937,45,1.5,2.0576210021972656,18.607999801635742,1.994223952293396,7.96838903427124,86.61955683269639,2.3123426,48.8518243
1705851520798268400,1603.4002683105468,45,1.5,2.0576210021972656,18.6560001373291,2.0223679542541504,8.213481903076172,86.61955683269639,2.312345,48.8518327
1705851521338320000,1603.9403198242187,45,1.5,2.031505584716797,18.625999450683594,2.0450541973114014,8.20500373840332,86.65854323922039,2.3123468,48.8518486
1705851521878216000,1604.4802158203124,45,1.5,2.031505584716797,18.576000213623047,2.0663132667541504,8.25084114074707,86.65854323922039,2.3123475,48.8518575
1705851522393892000,1604.9958920898437,45,1.5,2.1022491455078125,18.70800018310547,2.0903444290161133,8.14750862121582,86.65854323922039,2.3123496,48.8518735
1705851522997860900,1605.5998608398438,45,1.5,2.1022491455078125,18.893999099731445,2.1125285625457764,8.03785228729248,86.65854323922039,2.3123494,48.851882
1705851523566750200,1606.1687502441407,45,1.5,2.1309897899627686,18.795000076293945,2.1310508251190186,8.206682205200195,86.14036483934811,2.3123524,48.8518973
1705851524077405700,1606.6794057617187,45,1.5,2.149705171585083,18.881000518798828,2.1530585289001465,7.993131637573242,86.15606071611691,2.3123533,48.8519081
1705851524622322700,1607.2243227539063,45,1.5,2.149705171585083,19.062999725341797,2.172128438949585,7.759329319000244,86.15606071611691,2.3123554,48.8519246
1705851525158038300,1607.760038330078,45,1.5,2.878657102584839,18.98200035095215,2.214446544647217,7.5354509353637695,86.15606071611691,2.3123552,48.8519364
1705851525669357000,1608.2713571777344,45,1.5,2.878657102584839,18.905000686645508,2.253751277923584,7.340533256530762,86.15606071611691,2.3123569,48.8519551
1705851526257062000,1608.8590617675782,45,1.5,2.941861867904663,18.77199935913086,2.2725131511688232,7.530031204223633,86.18079695396816,2.3123572,48.8519652
1705851526850753300,1609.4527531738281,45,1.5,2.944744348526001,18.86199951171875,2.288501501083374,7.798802375793457,86.18079695396816,2.3123599,48.8519819
1705851527378658600,1609.9806584472656,45,1.5,2.944744348526001,18.756999969482422,2.3148763179779053,7.704019069671631,86.18079695396816,2.3123608,48.8519936
1705851527906326000,1610.5083259277344,45,1.5,3.374819755554199,18.621999740600586,2.338505744934082,7.531307697296143,87.17142494198458,2.3123619,48.852008
1705851528436469200,1611.0384692382813,45,1.5,3.374819755554199,18.400999069213867,2.3458714485168457,7.1496901512146,87.17142494198458,2.3123617,48.8520206
1705851528961898500,1611.5638984375,45,1.5,4.062743186950684,18.45599937438965,2.3523969650268555,6.830078601837158,87.132944314253,2.312362,48.852034
1705851529558953700,1612.1609536132812,45,1.5,4.062743186950684,18.316999435424805,2.3559460639953613,6.578286170959473,87.132944314253,2.3123612,48.8520488
1705851530134757000,1612.7367570800782,45,1.5,2.817667007446289,18.091999053955078,2.36216402053833,6.087342262268066,86.29884390126705,2.3123602,48.8520667
1705851530658120400,1613.260120361328,45,1.5,2.817667007446289,18.05299949645996,2.366612434387207,5.618884563446045,86.29884390126705,2.3123583,48.8520775
1705851531190330000,1613.792330078125,45,1.5,4.287171363830566,18.093000411987305,2.3697280883789062,5.704675674438477,87.29185682375774,2.3123584,48.8520946
1705851531737697800,1614.3396977539062,45,1.5,4.287171363830566,18.052000045776367,2.373382806777954,5.791844844818115,87.29185682375774,2.3123587,48.8521043
1705851532245903000,1614.8479030761719,45,1.5,4.263878345489502,18.167999267578125,2.387949228286743,5.679161071777344,87.43906328289866,2.3123593,48.8521219
1705851532817959400,1615.4199594726563,45,1.5,4.263878345489502,18.204999923706055,2.4015958309173584,5.6409912109375,87.43906328289866,2.3123591,48.8521311
1705851533418762000,1616.0207619628907,45,1.5,4.197348594665527,18.18400001525879,2.4198074340820312,5.56007719039917,87.82749952294101,2.3123615,48.852149
1705851533969522700,1616.5715227050782,45,1.5,4.248459815979004,18.107999801635742,2.4407005310058594,5.309913158416748,87.84522117832283,2.3123621,48.852163
1705851534474335000,1617.0763349609374,45,1.5,4.248459815979004,18.11400032043457,2.4580559730529785,5.021387577056885,87.84522117832283,2.3123632,48.8521811
1705851534997190700,1617.5991906738282,45,1.5,4.2721405029296875,18.158000946044922,2.4740781784057617,4.78948974609375,87.86142386718416,2.3123637,48.8521912
1705851535529908200,1618.131908203125,45,1.5,4.296010971069336,18.35099983215332,2.490680456161499,4.641017913818359,87.86496820951194,2.3123665,48.8522111
1705851536116382700,1618.7183828125,45,1.5,4.334254741668701,18.256000518798828,2.5011038780212402,4.614869594573975,87.47653196946959,2.3123694,48.8522242
1705851536669357000,1619.2713571777344,45,1.5,4.334254741668701,18.26300048828125,2.5086138248443604,4.541351318359375,87.47653196946959,2.3123722,48.8522438
1705851537171911000,1619.773910888672,45,1.5,3.4881770610809326,18.243000030517578,2.520266532897949,4.646376132965088,87.98860146060935,2.3123746,48.8522548
1705851537758340600,1620.360340576172,45,1.5,3.4881770610809326,18.202999114990234,2.5300822257995605,4.7046332359313965,87.98860146060935,2.3123773,48.8522745
1705851538318729200,1620.9207292480469,45,1.5,3.9931063652038574,18.20800018310547,2.543459892272949,4.812326431274414,87.8598644285913,2.3123799,48.8522858
1705851538931200000,1621.5331999511718,45,1.5,3.9971394538879395,18.232999801635742,2.5551698207855225,4.940288066864014,87.91454875570827,2.3123832,48.8523031
1705851539517629700,1622.1196296386718,45,1.5,3.9971394538879395,18.211000442504883,2.569732904434204,5.104128360748291,87.91454875570827,2.312387,48.8523245
1705851540104059400,1622.706059326172,45,1.5,4.084539413452148,18.204999923706055,2.58485746383667,4.9973907470703125,87.76554617380802,2.3123894,48.8523438
1705851540669357000,1623.2713571777344,45,1.5,4.084539413452148,18.152000427246094,2.5986578464508057,4.8449177742004395,87.76554617380802,2.3123902,48.8523552
1705851541218440400,1623.8204404296876,45,1.5,4.256253242492676,18.191999435424805,2.6111507415771484,4.741024017333984,87.76554617380802,2.3123927,48.852368
1705851541746062600,1624.3480625,45,1.5,4.459733963012695,18.200000762939453,2.6213090419769287,4.673623085021973,87.86934551664456,2.3123961,48.8523883
1705851542279286500,1624.8812866210938,45,1.5,4.459733963012695,18.23699951171875,2.6335904598236084,4.9500908851623535,87.86934551664456,2.3123992,48.8523988
1705851542801636400,1625.4036362304687,45,1.5,2.527416706085205,18.15399932861328,2.6446642875671387,5.225250244140625,86.72094648600225,2.3124033,48.8524178
1705851543397944000,1625.9999440917968,45,1.5,2.527416706085205,18.106000900268555,2.650010347366333,5.610409259796143,86.72094648600225,2.3124081,48.85243
1705851543974496000,1626.57649609375,45,1.5,2.4183549880981445,18.089000701904297,2.6532435417175293,6.0660576820373535,86.73816209967936,2.3124136,48.8524448
1705851544560926000,1627.1629260253906,45,1.5,2.4183549880981445,18.07200050354004,2.6456234455108643,6.561865329742432,86.73816209967936,2.312419,48.8524669
1705851545147356000,1627.7493559570312,45,1.5,2.6237640380859375,17.966999053955078,2.655212163925171,6.8031229972839355,86.7751251533798,2.3124229,48.8524779
1705851545669357000,1628.2713571777344,45,1.5,2.7850615978240967,17.756999969482422,2.661466360092163,7.039210796356201,87.10107687274726,2.3124279,48.8524969
1705851546202929700,1628.8049296875,45,1.5,2.7850615978240967,17.81100082397461,2.654937982559204,7.016905307769775,87.10107687274726,2.3124296,48.8525072
1705851546789359600,1629.3913596191405,45,1.5,2.4131016731262207,17.878999710083008,2.6477954387664795,6.921905517578125,87.0955070835206,2.3124323,48.8525242
1705851547375789800,1629.9777897949218,45,1.5,2.4131016731262207,17.868000030517578,2.648486614227295,6.859967231750488,87.0955070835206,2.3124329,48.8525371
1705851547962219800,1630.5642197265624,45,1.5,2.215240716934204,17.96500015258789,2.6489388942718506,6.759256362915039,87.090443641953,2.3124341,48.8525514
1705851548516993300,1631.1189931640624,45,1.5,2.215240716934204,17.93400001525879,2.647030830383301,6.968006610870361,87.090443641953,2.3124368,48.8525654
1705851549017793800,1631.6197937011718,45,1.5,2.382870674133301,18.038999557495117,2.6409177780151367,7.13908576965332,87.07626602169906,2.3124403,48.8525835
1705851549604224000,1632.2062241210938,45,1.5,2.382870674133301,18.150999069213867,2.6346471309661865,7.323502540588379,87.07626602169906,2.3124424,48.8525938
1705851550190654000,1632.7926540527344,45,1.5,2.351194143295288,18.20199966430664,2.631743907928467,7.283757209777832,87.06411379469344,2.3124453,48.8526118
1705851550737960200,1633.3399602050781,45,1.5,2.351194143295288,18.18600082397461,2.6292552947998047,7.234247207641602,87.06411379469344,2.3124465,48.8526209
1705851551246228500,1633.848228515625,45,1.5,1.926868200302124,18.395999908447266,2.612919569015503,6.962409973144531,86.67100289971782,2.312448,48.8526377
1705851551818144800,1634.4201447753906,45,1.5,1.926868200302124,18.489999771118164,2.5990536212921143,6.747168064117432,86.67100289971782,2.312448,48.8526459
1705851552419088600,1635.0210886230468,45,1.5,1.9015744924545288,18.506999969482422,2.5935869216918945,6.416935443878174,86.69733313653344,2.312447,48.8526633
1705851552967155700,1635.5691557617188,45,1.5,2.47595477104187,18.45199966430664,2.5890982151031494,6.042405605316162,86.67100289971782,2.3124444,48.8526738
1705851553474663200,1636.0766630859375,45,1.5,2.47595477104187,18.475000381469727,2.582974910736084,5.69477653503418,86.67100289971782,2.3124429,48.8526897
1705851554059580000,1636.6615798339844,45,1.5,3.258267879486084,18.392000198364258,2.5801327228546143,5.422818183898926,86.69733313653344,2.3124403,48.8526996
1705851554647523800,1637.2495239257812,45,1.5,3.258267879486084,18.152999877929688,2.575418710708618,5.138984203338623,86.69733313653344,2.312439,48.8527161
1705851555158082800,1637.7600827636718,45,1.5,3.582280158996582,18.12299919128418,2.5738790035247803,4.987455368041992,86.70644746838504,2.3124386,48.8527251
1705851555669357000,1638.2713571777344,45,1.5,3.582280158996582,18.165000915527344,2.570268154144287,4.855739116668701,86.70644746838504,2.3124394,48.852741
1705851556172248300,1638.7742482910157,45,1.5,3.63372802734375,18.150999069213867,2.564014196395874,4.881674766540527,87.70055133730827,2.3124376,48.8527506
1705851556758678800,1639.3606787109375,45,1.5,4.219295501708984,17.888999938964844,2.5580413341522217,4.809248447418213,87.74814901948282,2.3124371,48.8527666
1705851557345109000,1639.9471088867188,45,1.5,4.219295501708984,17.954999923706055,2.548048734664917,4.861795902252197,87.74814901948282,2.3124368,48.8527767
1705851557931539500,1640.5335395507811,45,1.5,3.718548536300659,18.014999389648438,2.5375382900238037,5.050937652587891,87.7020704081312,2.3124377,48.8527906
1705851558517970000,1641.119969970703,45,1.5,3.718548536300659,18.06999969482422,2.5224664211273193,5.259365558624268,87.7020704081312,2.3124395,48.8528097
1705851559104400100,1641.7064001464844,45,1.5,4.392554759979248,18.10700035095215,2.490408420562744,4.958248138427734,87.74257906410566,2.3124368,48.8528172
1705851559669357000,1642.2713571777344,45,1.5,4.392554759979248,18.19700050354004,2.4585204124450684,4.701389312744141,87.74257906410566,2.3124351,48.8528324
1705851560277261000,1642.879260986328,45,1.5,4.050618648529053,18.285999298095703,2.448848009109497,4.7112650871276855,87.88869848321957,2.3124347,48.8528424
1705851560863691800,1643.4656918945313,45,1.5,4.488336086273193,18.360000610351562,2.4389841556549072,4.810172080993652,87.95250001001901,2.3124363,48.8528571
1705851561457661200,1644.0596611328126,45,1.5,4.488336086273193,18.416000366210938,2.4349048137664795,4.971175670623779,87.95250001001901,2.3124371,48.8528697
1705851561968564200,1644.5705642089845,45,1.5,4.377301216125488,18.488000869750977,2.4013566970825195,4.633309364318848,88.4022064235042,2.3124363,48.8528815
1705851562505697300,1645.107697265625,45,1.5,4.377301216125488,18.486000061035156,2.3672285079956055,4.067973613739014,88.4022064235042,2.3124351,48.8528943
1705851563092127700,1645.6941276855468,45,1.5,4.562502861022949,18.39900016784668,2.3442273139953613,2.8270695209503174,88.46246429995138,2.3124324,48.8529111
1705851563669357000,1646.2713571777344,45,1.5,4.628475189208984,18.36400032043457,2.3042194843292236,0.8836262226104736,88.47816180047306,2.3124271,48.8529243
1705851564264989200,1646.8669892578125,45,1.5,4.628475189208984,18.256999969482422,2.2697181701660156,358.21673583984375,88.47816180047306,2.3124189,48.8529352
1705851564817176600,1647.4191765136718,45,1.5,4.628475189208984,18.174999237060547,2.2322919368743896,355.2981262207031,88.47816180047306,2.3124092,48.8529423
1705851565320564200,1647.9225642089843,45,1.5,4.692906379699707,17.975000381469727,2.1694464683532715,352.37835693359375,88.81194181735572,2.3124002,48.8529567
1705851565906995000,1648.508994873047,45,1.5,4.368724822998047,17.884000778198242,2.0902960300445557,349.459228515625,88.89650837555749,2.3123908,48.8529622
1705851566493425700,1649.09542578125,45,1.5,3.9309191703796387,17.673999786376953,2.0161478519439697,346.3856506347656,88.7870141515838,2.3123773,48.8529766
1705851567023777500,1649.6257775878905,45,1.5,3.9309191703796387,17.63599967956543,1.9626569747924805,343.4956970214844,88.7870141515838,2.3123704,48.8529762
1705851567549001000,1650.1510009765625,45,1.5,3.9309191703796387,17.511999130249023,1.915752649307251,340.54473876953125,88.7870141515838,2.3123577,48.852986
1705851568139335000,1650.7413349609376,45,1.5,4.515670299530029,17.46500015258789,1.8733361959457397,337.5871276855469,89.01449786138704,2.3123477,48.8529908
1705851568669357000,1651.2713571777344,45,1.5,4.515670299530029,17.356000900268555,1.8383220434188843,334.5707092285156,89.01449786138704,2.3123325,48.8529995
1705851569191007200,1651.7930073242187,45,1.5,4.355147838592529,17.260000228881836,1.8121339082717896,331.5782775878906,88.7843538854712,2.3123227,48.8530034
1705851569777438200,1652.3794382324218,45,1.5,4.531729221343994,17.288999557495117,1.7912862300872803,328.5592346191406,88.94754138873722,2.312308,48.8530103
1705851570363869000,1652.9658688964844,45,1.5,4.531729221343994,17.288999557495117,1.7695541381835938,325.65521240234375,88.94754138873722,2.3122972,48.8530129
1705851570950300000,1653.5522998046874,45,1.5,4.5268874168396,17.31800079345703,1.7527797222137451,322.7698974609375,88.90943466660507,2.3122838,48.8530159
1705851571536717600,1654.1387175292969,45,1.5,4.5268874168396,17.163000106811523,1.7736554145812988,319.8572998046875,88.90943466660507,2.3122669,48.8530201
1705851572123161900,1654.7251618652344,45,1.5,4.879090785980225,16.944000244140625,1.7921020984649658,316.9089660644531,88.89689306542284,2.3122437,48.8530259
1705851572669357000,1655.2713571777344,45,1.5,4.879090785980225,16.76799964904785,1.8021043539047241,313.9810791015625,88.89689306542284,2.3122215,48.8530302
1705851573178737400,1655.7807373046876,45,1.5,2.976916551589966,16.666000366210938,1.788942813873291,311.0845947265625,87.82433567077976,2.3122075,48.8530302
1705851573757694200,1656.3596940917969,45,1.5,2.976916551589966,16.66699981689453,1.757187843322754,308.02325439453125,87.82433567077976,2.3121945,48.8530286
1705851574351599600,1656.953599609375,45,1.5,3.167760133743286,16.68000030517578,1.7038116455078125,304.4267883300781,88.15687138147024,2.3121745,48.8530287
1705851574938030600,1657.540030517578,45,1.5,3.4342217445373535,16.718000411987305,1.6468784809112549,300.490478515625,88.15687138147024,2.3121603,48.8530245
1705851575524461600,1658.1264616699218,45,1.5,3.4342217445373535,16.625,1.605637550354004,296.5079345703125,88.15687138147024,2.3121422,48.8530204
1705851576110892800,1658.7128928222655,45,1.5,2.865504741668701,16.677000045776367,1.5653597116470337,292.20037841796875,88.17662131213393,2.312123,48.8530158
1705851576669357000,1659.2713571777344,45,1.5,2.865504741668701,16.893999099731445,1.5324888229370117,287.845703125,88.17662131213393,2.3121115,48.8530087
1705851577283754800,1659.8857546386719,45,1.5,2.6362836360931396,17.040000915527344,1.5073798894882202,283.3103332519531,88.14978167402558,2.3120932,48.8530008
1705851577877572000,1660.4795720214843,45,1.5,2.6362836360931396,17.03700065612793,1.4920958280563354,278.9112243652344,88.14978167402558,2.3120826,48.8529914
1705851578456617000,1661.0586169433593,45,1.5,2.7303247451782227,17.208999633789062,1.4799726009368896,274.54742431640625,88.15332652700485,2.3120677,48.852982
1705851578996463000,1661.5984631347656,45,1.5,2.7303247451782227,17.184999465942383,1.477326512336731,270.4243469238281,88.15332652700485,2.3120586,48.8529724
1705851579512193300,1662.114193359375,45,1.5,2.6915135383605957,17.104999542236328,1.4721269607543945,265.5662536621094,88.14978167402558,2.3120441,48.8529611
1705851580098624500,1662.7006245117188,45,1.5,2.6391568183898926,16.98200035095215,1.4690992832183838,260.17254638671875,88.14978167402558,2.3120323,48.8529481
1705851580669357000,1663.2713571777344,45,1.5,2.6391568183898926,17.072999954223633,1.4752558469772339,255.08909606933594,88.14978167402558,2.3120272,48.8529365
1705851581217776600,1663.819776611328,45,1.5,2.756795883178711,17.084999084472656,1.4888888597488403,250.634033203125,88.16953158812532,2.3120224,48.8529249
1705851581740631800,1664.3426318359375,45,1.5,2.756795883178711,16.975000381469727,1.5079166889190674,246.38751220703125,88.16953158812532,2.3120122,48.8529116
1705851582317767200,1664.9197670898438,45,1.5,4.460875034332275,16.961999893188477,1.5339367389678955,242.69125366210938,89.05595841838704,2.3120091,48.8528996
1705851582913494500,1665.5154946289063,45,1.5,3.806126594543457,17.01300048828125,1.5635820627212524,239.18812561035156,89.03317011330246,2.3120005,48.8528856
1705851583436761000,1666.038760986328,45,1.5,3.806126594543457,17.04199981689453,1.6014173030853271,235.40325927734375,89.03317011330246,2.3119957,48.8528722
1705851583969070800,1666.5710708007812,45,1.5,3.6669459342956543,17.160999298095703,1.642120361328125,231.86920166015625,89.08988778645016,2.3119894,48.852858
1705851584558038800,1667.1600388183595,45,1.5,3.6669459342956543,17.191999435424805,1.6721934080123901,228.8379364013672,89.08988778645016,2.3119846,48.8528431
1705851585141933600,1667.74393359375,45,1.5,3.894594669342041,17.16699981689453,1.7080880403518677,225.61990356445312,88.83564362209779,2.3119801,48.8528259
1705851585658516700,1668.260516845703,45,1.5,3.894594669342041,17.172000885009766,1.743938684463501,222.7417755126953,88.83564362209779,2.3119809,48.852813
1705851586197510000,1668.7995100097655,45,1.5,4.415134429931641,17.0939998626709,1.7818000316619873,220.2230224609375,88.89185600040292,2.3119754,48.8527966
1705851586776470000,1669.3784699707032,45,1.5,4.415134429931641,17.118000030517578,1.8192858695983887,217.96766662597656,88.89185600040292,2.3119752,48.8527848
1705851587370372600,1669.9723725585939,45,1.5,4.474049091339111,17.027000427246094,1.8501205444335938,215.4632568359375,89.04137540578458,2.3119703,48.8527637
1705851587956803800,1670.558803955078,45,1.5,4.638823509216309,17.041000366210938,1.8817954063415527,213.30885314941406,88.80931002389826,2.3119769,48.8527552
1705851588543235000,1671.145235107422,45,1.5,4.638823509216309,16.947999954223633,1.9081287384033203,210.99659729003906,88.80931002389826,2.3119767,48.8527389
1705851589129666600,1671.7316665039064,45,1.5,4.422064781188965,16.92099952697754,1.9319260120391846,208.97360229492188,89.2397787770204,2.3119771,48.8527219
1705851589669357000,1672.2713571777344,45,1.5,4.422064781188965,17.006999969482422,1.9563353061676025,207.1636199951172,89.2397787770204,2.3119819,48.8527112
1705851590185243000,1672.787242919922,45,1.5,4.408966541290283,17.0310001373291,1.9785304069519043,205.6146697998047,89.31928663237281,2.3119809,48.8526937
1705851590771674000,1673.3736740722657,45,1.5,4.408966541290283,17.07200050354004,2.0006680488586426,204.25843811035156,89.31928663237281,2.3119831,48.8526821
1705851591358105300,1673.9601052246094,45,1.5,4.979386806488037,17.138999938964844,2.0058624744415283,203.0244140625,89.34764630311975,2.3119838,48.8526658
1705851591944536600,1674.5465366210938,45,1.5,4.979386806488037,17.159000396728516,2.0126466751098633,201.9561004638672,89.34764630311975,2.3119873,48.8526555
1705851592530968000,1675.1329680175782,45,1.5,4.093479633331299,17.243000030517578,2.0266146659851074,200.8243408203125,89.3634120281178,2.3119868,48.8526394
1705851593097827600,1675.6998276367187,45,1.5,4.154431343078613,17.389999389648438,2.0417375564575195,199.80137634277344,89.28238568375949,2.3119893,48.85263
1705851593669357000,1676.2713571777344,45,1.5,4.154431343078613,17.517000198364258,2.0564327239990234,198.83306884765625,89.28238568375949,2.3119887,48.8526145
1705851594172975400,1676.7749753417968,45,1.5,4.085498809814453,17.547000885009766,2.0719947814941406,198.019287109375,89.21908439261972,2.3119912,48.8526046
1705851594759406600,1677.3614064941407,45,1.5,4.085498809814453,17.569000244140625,2.0864908695220947,197.25588989257812,89.21908439261972,2.3119902,48.8525878
1705851595339010000,1677.9410100097657,45,1.5,3.575474262237549,17.610000610351562,2.101870059967041,196.43350219726562,88.94906058850785,2.311993,48.8525784
1705851595932268800,1678.5342687988282,45,1.5,3.4615514278411865,17.80699920654297,2.1163766384124756,195.59275817871094,88.97387422341279,2.3119938,48.8525641
1705851596479379700,1679.081379638672,45,1.5,3.4615514278411865,17.81399917602539,2.1307878494262695,194.8101348876953,88.97387422341279,2.3119947,48.8525516
1705851596987844900,1679.589844970703,45,1.5,3.9441144466400146,17.923999786376953,2.145078182220459,194.13449096679688,88.97387422341279,2.3119952,48.8525395
1705851597576635400,1680.1786354980468,45,1.5,3.9441144466400146,17.917999267578125,2.1581647396087646,193.16416931152344,88.97387422341279,2.3119964,48.8525243
1705851598160706800,1680.7627067871094,45,1.5,3.80617094039917,17.797000885009766,2.176955223083496,192.74880981445312,87.72913166102094,2.3119955,48.8525081
1705851598678585300,1681.2805854492187,45,1.5,3.80617094039917,17.722000122070312,2.1949851512908936,192.46414184570312,87.72913166102094,2.311996,48.8524982
1705851599216282600,1681.8182827148437,45,1.5,3.692938804626465,17.66200065612793,2.194892168045044,191.9677276611328,87.72913166102094,2.3119968,48.8524841
1705851599798962000,1682.4009619140625,45,1.5,3.692938804626465,17.64900016784668,2.197096109390259,191.53903198242188,87.72913166102094,2.3119981,48.852475
1705851600389144600,1682.99114453125,45,1.5,3.2967569828033447,17.670000076293945,2.1991331577301025,191.04385375976562,87.79445770120668,2.3119967,48.8524601
1705851600917246000,1683.5192458496094,45,1.5,3.2967569828033447,17.69300079345703,2.20175838470459,190.54954528808594,87.79445770120668,2.3119977,48.8524516
1705851601444720000,1684.0467202148438,45,1.5,2.843752145767212,17.608999252319336,2.203030824661255,189.90988159179688,88.11838446967423,2.3119987,48.852437
1705851601967171600,1684.5691716308593,45,1.5,2.7957189083099365,17.599000930786133,2.214383602142334,189.47616577148438,88.16041623742264,2.3119996,48.8524291
1705851602500295700,1685.1022956542968,45,1.5,2.7957189083099365,17.530000686645508,2.2243402004241943,189.0413818359375,88.16041623742264,2.3119987,48.8524125
1705851603086726700,1685.6887265625,45,1.5,2.4981024265289307,17.659000396728516,2.2361063957214355,188.93006896972656,88.16041623742264,2.3119994,48.8524038
1705851603669357000,1686.2713571777344,45,1.5,2.4981024265289307,17.875999450683594,2.2467780113220215,188.85092163085938,88.16041623742264,2.3119979,48.8523878
1705851604257906000,1686.8599060058593,45,1.5,3.6299843788146973,17.98200035095215,2.2591042518615723,188.7087860107422,89.32883232948514,2.3119956,48.8523779
1705851604846018800,1687.4480187988281,45,1.5,3.6299843788146973,18.30500030517578,2.270256757736206,188.5697021484375,89.32883232948514,2.3119916,48.8523617
1705851605378711800,1687.9807119140626,45,1.5,3.5033135414123535,18.381999969482422,2.277763843536377,188.31614685058594,89.33946690626075,2.3119914,48.8523528
1705851605901594000,1688.5035939941406,45,1.5,2.0043835639953613,18.469999313354492,2.284719228744507,188.1151580810547,88.16396109486112,2.3119901,48.8523399
1705851606478288100,1689.0802880859376,45,1.5,2.0043835639953613,18.444000244140625,2.2973928451538086,187.8810577392578,88.16396109486112,2.3119881,48.8523265
1705851607074455300,1689.6764553222656,45,1.5,1.7053735256195068,18.57900047302246,2.3090927600860596,187.70614624023438,87.6670518708369,2.3119848,48.852309
1705851607598320000,1690.2003200683594,45,1.5,1.7053735256195068,18.52899932861328,2.320145845413208,187.52516174316406,87.6670518708369,2.3119831,48.8522989
1705851608130030300,1690.7320302734374,45,1.5,2.0118095874786377,18.641000747680664,2.3297207355499268,187.30238342285156,88.19586487870178,2.3119805,48.852281
1705851608669357000,1691.2713571777344,45,1.5,2.0118095874786377,18.690000534057617,2.339296579360962,187.0463104248047,88.19586487870178,2.3119799,48.8522701
1705851609185605400,1691.78760546875,45,1.5,2.9612245559692383,18.628999710083008,2.3463025093078613,186.88148498535156,89.10204162306324,2.3119784,48.8522534
1705851609772035800,1692.3740358886719,45,1.5,2.9612245559692383,18.53499984741211,2.3541502952575684,186.7640838623047,89.10204162306324,2.3119779,48.8522427
1705851610358466300,1692.9604663085938,45,1.5,3.7151169776916504,18.45400047302246,2.358172655105591,186.53599548339844,89.0630481258317,2.3119765,48.8522259
1705851610937406200,1693.53940625,45,1.5,3.7151169776916504,18.558000564575195,2.3627846240997314,186.29978942871094,89.0630481258317,2.3119766,48.8522174
1705851611531327200,1694.1333271484375,45,1.5,2.898744821548462,18.493999481201172,2.3675248622894287,185.8603973388672,87.53994402041837,2.3119752,48.8522003
1705851612057305600,1694.6593056640625,45,1.5,2.8833744525909424,18.604000091552734,2.3726813793182373,185.3953094482422,87.48170799431662,2.3119753,48.8521911
1705851612586901800,1695.1889018554687,45,1.5,2.8833744525909424,18.861000061035156,2.3771510124206543,184.94229125976562,87.48170799431662,2.3119749,48.852175
1705851613178181600,1695.780181640625,45,1.5,3.168358087539673,18.829999923706055,2.382049560546875,184.63217163085938,87.39916544464137,2.3119756,48.8521646
1705851613759762400,1696.361762451172,45,1.5,3.168358087539673,18.76099967956543,2.38606858253479,184.3147735595703,87.39916544464137,2.3119761,48.8521473
1705851614277696800,1696.8796967773437,45,1.5,2.424455165863037,18.76099967956543,2.393728017807007,184.1579132080078,87.35156458609762,2.3119761,48.8521381
1705851614815337000,1697.4173369140624,45,1.5,2.583143949508667,18.871999740600586,2.4001924991607666,183.95362854003906,87.35156458609762,2.3119757,48.8521222
1705851615377386800,1697.97938671875,45,1.5,2.583143949508667,18.767000198364258,2.3907105922698975,184.01820373535156,87.35156458609762,2.3119766,48.8521128
1705851615968818700,1698.5708186035156,45,1.5,3.305263042449951,18.516000747680664,2.3856394290924072,184.26657104492188,88.39811140141852,2.3119748,48.8520996
1705851616496442400,1699.0984423828124,45,1.5,3.305263042449951,18.52899932861328,2.380481004714966,184.59439086914062,88.39811140141852,2.3119726,48.8520878
1705851617043777500,1699.6457775878907,45,1.5,3.3753671646118164,18.45800018310547,2.3739376068115234,184.7743682861328,88.82553975584818,2.3119708,48.8520715
1705851617637958400,1700.2399584960938,45,1.5,3.3753671646118164,18.437999725341797,2.3694629669189453,184.9107666015625,88.82553975584818,2.3119697,48.8520634
1705851618216637700,1700.8186376953124,45,1.5,3.665861129760742,18.363000869750977,2.372647762298584,184.40086364746094,88.82199501074408,2.31197,48.8520468
1705851618779180500,1701.3811806640624,45,1.5,3.665861129760742,18.400999069213867,2.3768739700317383,183.93673706054688,88.82199501074408,2.3119715,48.8520377
1705851619389497600,1701.9914975585937,45,1.5,3.5784802436828613,18.316999435424805,2.381789207458496,183.44793701171875,88.9071425535358,2.3119739,48.8520217
1705851619898757600,1702.5007575683594,45,1.5,3.5784802436828613,18.28700065612793,2.3870136737823486,182.9536590576172,88.9071425535358,2.3119768,48.852012
1705851620445071400,1703.0470712890624,45,1.5,3.830315351486206,18.51300048828125,2.3688225746154785,182.80523681640625,88.88739337650995,2.3119784,48.8519966
1705851620998462200,1703.600462158203,45,1.5,3.830315351486206,18.608999252319336,2.3529632091522217,182.65200805664062,88.88739337650995,2.3119805,48.8519886
1705851621500645000,1704.1026450195313,45,1.5,4.150150299072266,18.56999969482422,2.3400678634643555,182.82861328125,88.88739337650995,2.31198,48.8519732
1705851622087075000,1704.689074951172,45,1.5,4.123640060424805,18.64900016784668,2.3355729579925537,182.58206176757812,88.88739337650995,2.3119814,48.8519659
1705851622669357000,1705.2713571777344,45,1.5,4.123640060424805,18.825000762939453,2.330432176589966,182.2594757080078,88.88739337650995,2.3119833,48.8519511
1705851623259934700,1705.8619348144532,45,1.5,3.899362087249756,18.797000885009766,2.3204805850982666,181.80287170410156,88.76574578734632,2.311986,48.8519373
1705851623846364700,1706.4483647460938,45,1.5,3.899362087249756,18.797000885009766,2.3128433227539062,181.3854217529297,88.76574578734632,2.311989,48.8519301
1705851624376648700,1706.9786486816406,45,1.5,3.927227020263672,18.867000579833984,2.314415693283081,181.1084442138672,88.8417044767647,2.3119912,48.8519206
1705851624901938700,1707.5039387207032,45,1.5,3.9329833984375,19.18899917602539,2.3151779174804688,180.91163635253906,88.7586563444919,2.311993,48.8519072
1705851625478675200,1708.0806752929689,45,1.5,3.9329833984375,19.204999923706055,2.305522918701172,180.80494689941406,88.7586563444919,2.3119939,48.851897
1705851626074798600,1708.6767985839845,45,1.5,3.562194585800171,19.139999389648438,2.2662622928619385,180.7600860595703,87.51239461654794,2.3119952,48.8518845
1705851626617695700,1709.2196958007812,45,1.5,3.562194585800171,19.13599967956543,2.2314229011535645,180.75704956054688,87.51239461654794,2.3119962,48.8518787
1705851627130372400,1709.7323723144532,45,1.5,3.6845614910125732,19.22100067138672,2.2062618732452393,180.22647094726562,87.51239461654794,2.3119985,48.8518666
1705851627669357000,1710.2713571777344,45,1.5,3.6845614910125732,19.23200035095215,2.1840898990631104,179.6844482421875,87.51239461654794,2.3120015,48.8518612
1705851628185945900,1710.7879458007812,45,1.5,3.584303140640259,19.1299991607666,2.1616318225860596,179.2581024169922,87.79935497360727,2.3120051,48.8518488
1705851628772375600,1711.3743754882812,45,1.5,3.584303140640259,19.093000411987305,2.142500400543213,178.8510284423828,87.79935497360727,2.3120086,48.8518427
1705851629358805000,1711.9608049316407,45,1.5,4.173281192779541,18.961999893188477,2.122300148010254,178.83216857910156,87.78872086442831,2.3120112,48.8518311
1705851629957362700,1712.5593627929688,45,1.5,4.173281192779541,18.895000457763672,2.1049392223358154,178.78927612304688,87.78872086442831,2.3120134,48.8518242
1705851630531664100,1713.1336640625,45,1.5,3.761265277862549,18.81399917602539,2.0870120525360107,178.46766662597656,87.81150825762097,2.3120154,48.851812
1705851631098464500,1713.7004645996094,45,1.5,2.6896398067474365,18.847999572753906,2.0741286277770996,178.28036499023438,87.76897184001643,2.3120168,48.8518056
1705851631669357000,1714.2713571777344,45,1.5,2.6896398067474365,18.861000061035156,2.0609278678894043,178.03147888183594,87.76897184001643,2.3120185,48.8517921
1705851632173666800,1714.775666748047,45,1.5,2.4460134506225586,18.91699981689453,2.0478618144989014,178.3761444091797,87.66516362419816,2.3120192,48.8517862
1705851632760096300,1715.3620961914062,45,1.5,3.973149538040161,18.856000900268555,2.033264636993408,179.0283203125,88.75053406144066,2.3120192,48.8517736
1705851633346526000,1715.9485258789061,45,1.5,3.973149538040161,18.90399932861328,2.010364294052124,179.91387939453125,88.75053406144066,2.312018,48.8517662
1705851633857157400,1716.459157470703,45,1.5,3.973149538040161,18.965999603271484,1.9872560501098633,180.94720458984375,88.75053406144066,2.3120158,48.8517605
1705851634402099200,1717.0040991210938,45,1.5,3.46502685546875,19.094999313354492,1.963913917541504,182.10987854003906,88.33278628201288,2.3120116,48.851746
1705851634968918000,1717.57091796875,45,1.5,2.1871073246002197,19.051000595092773,1.9030269384384155,182.56961059570312,87.12234337446316,2.3120102,48.8517458
1705851635574957800,1718.176957763672,45,1.5,1.9551573991775513,18.851999282836914,1.8428674936294556,181.6852264404297,86.9866437582005,2.3120095,48.8517326
1705851636669357000,1719.2713571777344,45,1.5,1.993585228919983,18.891000747680664,1.7746055126190186,181.17062377929688,86.80993371732352,2.3120085,48.8517201
1705851637803388700,1720.405388671875,45,1.5,2.7983880043029785,17.97599983215332,1.7745540142059326,180.80978393554688,87.64421230459902,2.3120278,48.8517041
1705851638976246500,1721.5782465820312,45,1.5,3.625772476196289,16.847999572753906,1.675245761871338,180.1442108154297,87.64421230459902,2.3120407,48.851693
1705851639562675200,1722.1646752929687,45,1.5,2.808377504348755,15.980999946594238,1.6166882514953613,180.02914428710938,86.27808449402028,2.3120492,48.8516831
1705851640149104000,1722.7511042480469,45,1.5,2.808377504348755,15.152999877929688,1.5906705856323242,180.19989013671875,86.27808449402028,2.3120543,48.8516824
1705851640669357000,1723.2713571777344,45,1.5,3.099130868911743,14.289999961853027,1.5657217502593994,180.42222595214844,86.31656538681308,2.3120578,48.8516771
1705851641204675800,1723.80667578125,45,1.5,3.099130868911743,14.0600004196167,1.5672557353973389,180.45013427734375,86.31656538681308,2.3120596,48.8516726
1705851641791104500,1724.3931044921876,45,1.5,3.099130868911743,13.97599983215332,1.570763111114502,180.71836853027344,86.31656538681308,2.3120605,48.851669
1705851642338302000,1724.9403020019531,45,1.5,3.0623581409454346,13.668999671936035,1.5861064195632935,181.1587371826172,87.57172343363376,2.3120545,48.8516625
1705851642846676000,1725.4486760253906,45,1.5,3.579875946044922,14.225000381469727,1.5942267179489136,181.88699340820312,87.84312625889787,2.3120481,48.8516533
1705851643396317000,1725.9983168945312,45,1.5,3.579875946044922,14.619999885559082,1.6402997970581055,182.1859588623047,87.84312625889787,2.3120405,48.8516442
1705851643902247400,1726.504247314453,45,1.5,3.0809836387634277,14.96399974822998,1.687994122505188,182.19015502929688,86.7712607782965,2.312033,48.8516332
1705851644488675800,1727.09067578125,45,1.5,3.0809836387634277,15.432999610900879,1.7700719833374023,182.11129760742188,86.7712607782965,2.3120257,48.8516196
1705851645075104300,1727.6771042480468,45,1.5,3.523132085800171,15.701000213623047,1.8356074094772339,182.0924530029297,88.32675809137952,2.3120161,48.8516007
1705851645637238300,1728.23923828125,45,1.5,3.523132085800171,16.023000717163086,1.8948174715042114,182.1119384765625,88.32675809137952,2.3120088,48.8515897
1705851646247960800,1728.8499609375,45,1.5,3.317948579788208,16.57200050354004,1.9302054643630981,182.06967163085938,88.22801800290166,2.3120048,48.8515726
1705851646778991000,1729.3809912109375,45,1.5,3.317948579788208,17.152000427246094,1.9625544548034668,182.00350952148438,88.22801800290166,2.3120015,48.8515616
1705851647303531800,1729.9055317382813,45,1.5,3.8089685440063477,17.565000534057617,1.9965137243270874,182.04962158203125,88.34093625006136,2.3119963,48.8515443
1705851647889960000,1730.4919599609375,45,1.5,3.8089685440063477,17.549999237060547,2.027221441268921,182.07562255859375,88.34093625006136,2.3119922,48.8515337
1705851648476388000,1731.0783881835937,45,1.5,3.717564821243286,17.604999542236328,2.0543622970581055,182.1358184814453,88.46456950115876,2.311989,48.8515174
1705851649016327700,1731.6183276367187,45,1.5,4.119226455688477,17.59000015258789,2.0694472789764404,182.29739379882812,88.46456950115876,2.3119851,48.8515073
1705851649531959000,1732.133958984375,45,1.5,4.119226455688477,17.584999084472656,2.0815696716308594,182.46669006347656,88.46456950115876,2.311981,48.8514922
1705851650118424600,1732.720424560547,45,1.5,4.323832988739014,17.54199981689453,2.097123861312866,182.5362548828125,88.44482135807272,2.3119777,48.8514826
1705851650669357000,1733.2713571777344,45,1.5,4.323832988739014,17.888999938964844,2.1100754737854004,182.62225341796875,88.44482135807272,2.3119744,48.8514677
1705851651173957600,1733.7759575195312,45,1.5,4.306328773498535,17.79199981689453,2.156203508377075,182.6305389404297,88.52432057402356,2.3119711,48.8514561
1705851651760385800,1734.3623857421876,45,1.5,4.306328773498535,17.538999557495117,2.1981096267700195,182.60140991210938,88.52432057402356,2.3119683,48.8514393
1705851652317517800,1734.9195178222656,45,1.5,3.953143835067749,17.533000946044922,2.239640235900879,182.93695068359375,88.4239401311432,2.3119636,48.8514263
1705851652933241900,1735.5352419433593,45,1.5,3.9543468952178955,17.625,2.2754266262054443,183.35183715820312,88.44520763542012,2.3119587,48.8514089
1705851653519669800,1736.1216696777344,45,1.5,3.9543468952178955,17.52400016784668,2.314910888671875,183.53439331054688,88.44520763542012,2.3119543,48.8513886
1705851654106098000,1736.7080979003906,45,1.5,4.1149821281433105,17.493000030517578,2.3519327640533447,183.70993041992188,88.4239401311432,2.3119497,48.851375
1705851654669357000,1737.2713571777344,45,1.5,4.1149821281433105,17.44700050354004,2.385232448577881,183.8845977783203,88.4239401311432,2.3119446,48.8513552
1705851655218865700,1737.8208657226562,45,1.5,4.11685848236084,17.459999084472656,2.415983200073242,184.1310272216797,88.50850409569885,2.3119392,48.851343
1705851655748096300,1738.3500961914062,45,1.5,4.11685848236084,17.336999893188477,2.443584680557251,184.38018798828125,88.50850409569885,2.3119332,48.8513237
1705851656337338600,1738.939338623047,45,1.5,3.927645444869995,17.481000900268555,2.4735500812530518,184.2978973388672,87.22122625976675,2.3119311,48.8513112
1705851656920952600,1739.5229526367189,45,1.5,3.9189600944519043,17.6200008392334,2.5009970664978027,184.2389678955078,87.22122625976675,2.3119283,48.8512942
1705851657507380700,1740.1093806152344,45,1.5,3.9189600944519043,17.584999084472656,2.519757032394409,184.04806518554688,87.22122625976675,2.3119237,48.8512734
1705851658093808600,1740.69580859375,45,1.5,3.820943593978882,17.5,2.5401546955108643,183.97032165527344,87.20046507302827,2.3119215,48.8512622
1705851658669357000,1741.2713571777344,45,1.5,3.9556262493133545,17.481000900268555,2.556969404220581,183.87063598632812,87.4783120481207,2.3119185,48.8512416
1705851659266665200,1741.8686652832032,45,1.5,3.9556262493133545,17.500999450683594,2.56653094291687,183.83204650878906,87.4783120481207,2.3119167,48.8512321
1705851659853093400,1742.4550932617187,45,1.5,2.868107318878174,17.652999877929688,2.5740468502044678,183.8360595703125,87.43071366170777,2.3119142,48.8512157
1705851660378425300,1742.9804252929687,45,1.5,2.868107318878174,17.680999755859375,2.575204849243164,183.62527465820312,87.43071366170777,2.311914,48.8512052
1705851660908664600,1743.5106645507813,45,1.5,2.634685754776001,17.750999450683594,2.574632406234741,183.38751220703125,87.30209808576852,2.3119139,48.8511913
1705851661478160100,1744.08016015625,45,1.5,2.634685754776001,17.68400001525879,2.577345848083496,183.25584411621094,87.30209808576852,2.3119137,48.8511796
1705851662081521700,1744.6835217285156,45,1.5,3.7663803100585938,17.566999435424805,2.5786468982696533,183.0676727294922,88.43000574023966,2.3119124,48.8511623
1705851662597237800,1745.1992377929687,45,1.5,3.7663803100585938,17.523000717163086,2.5797882080078125,182.88067626953125,88.43000574023966,2.3119121,48.8511551
1705851663137092900,1745.7390927734375,45,1.5,3.6403708457946777,17.56599998474121,2.584573984146118,182.68896484375,88.31506410542605,2.3119122,48.851137
1705851663669357000,1746.2713571777344,45,1.5,3.6403708457946777,17.524999618530273,2.5892066955566406,182.55210876464844,88.31506410542605,2.3119127,48.851127
1705851664192664000,1746.7946640625,45,1.5,1.8734633922576904,17.493000030517578,2.5894055366516113,182.43386840820312,86.59859517135123,2.3119122,48.8511101
1705851664779092200,1747.3810922851562,45,1.5,1.8734633922576904,17.53700065612793,2.590620517730713,182.37258911132812,86.59859517135123,2.3119118,48.8511012
1705851665365520400,1747.967520263672,45,1.5,1.94049870967865,17.268999099731445,2.592392683029175,182.40054321289062,86.57732868364832,2.3119113,48.8510839
1705851665938132500,1748.5401325683595,45,1.5,1.94049870967865,17.187999725341797,2.594378709793091,182.39022827148438,86.57732868364832,2.3119112,48.8510748
1705851666538376700,1749.1403767089844,45,1.5,2.2291626930236816,17.316999435424805,2.593179702758789,182.49697875976562,87.07981042453369,2.3119098,48.8510584
1705851667056359400,1749.658359375,45,1.5,2.2611947059631348,17.277999877929688,2.593719005584717,182.4534149169922,87.04639182829129,2.31191,48.8510482
1705851667593947000,1750.1959467773438,45,1.5,2.2611947059631348,17.29199981689453,2.5919113159179688,182.44569396972656,87.04639182829129,2.3119098,48.8510323
1705851668158898400,1750.7608984375,45,1.5,3.1845481395721436,17.323999404907227,2.5904414653778076,182.4947509765625,87.81838917546455,2.3119076,48.851023
1705851668669357000,1751.2713571777344,45,1.5,3.1845481395721436,17.356000900268555,2.587336540222168,182.5053253173828,87.81838917546455,2.3119046,48.851007
1705851669238429000,1751.840428955078,45,1.5,3.9756767749786377,17.35300064086914,2.5829038619995117,182.44252014160156,87.7956042063507,2.3119031,48.8509992
1705851669822372900,1752.4243728027343,45,1.5,3.1575698852539062,17.285999298095703,2.5771539211273193,182.34646606445312,86.37124906211696,2.3119011,48.8509831
1705851670357726700,1752.9597268066407,45,1.5,3.1575698852539062,17.32699966430664,2.570002555847168,182.3100128173828,86.37124906211696,2.3118979,48.8509751
1705851670877942800,1753.4799428710937,45,1.5,3.4423282146453857,17.56399917602539,2.5622830390930176,182.27664184570312,86.37124906211696,2.3118952,48.8509626
1705851671456897800,1754.0588977050782,45,1.5,3.4423282146453857,17.514999389648438,2.5584349632263184,182.53842163085938,86.37124906211696,2.3118899,48.8509526
1705851671968045300,1754.5700454101564,45,1.5,3.4023396968841553,17.42799949645996,2.5414884090423584,182.7470703125,87.43045563511859,2.3118851,48.8509418
1705851672519940000,1755.121940185547,45,1.5,3.4023396968841553,17.545000076293945,2.524127721786499,182.92620849609375,87.43045563511859,2.3118807,48.8509295
1705851673106367500,1755.7083674316407,45,1.5,3.519932270050049,17.68600082397461,2.523163080215454,182.9035186767578,87.39703779150943,2.3118755,48.8509122
1705851673669357000,1756.2713571777344,45,1.5,3.519932270050049,17.753999710083008,2.5224649906158447,182.87216186523438,87.39703779150943,2.3118721,48.8509035
1705851674279222500,1756.8812224121093,45,1.5,3.8684158325195312,17.875,2.5210659503936768,182.84629821777344,87.85433518698568,2.3118671,48.850888
1705851674816730600,1757.4187307128907,45,1.5,3.8684158325195312,17.929000854492188,2.520031213760376,182.7324981689453,87.85433518698568,2.3118638,48.8508798
1705851675334797600,1757.9367976074218,45,1.5,3.6373074054718018,18.05900001525879,2.524122953414917,182.69859313964844,87.85939852937794,2.3118588,48.8508637
1705851675938853600,1758.540853515625,45,1.5,3.6373074054718018,18.052000045776367,2.5288686752319336,182.68096923828125,87.85939852937794,2.3118544,48.8508542
1705851676507652000,1759.1096520996093,45,1.5,3.991542339324951,18.222000122070312,2.5312089920043945,182.74545288085938,87.85939852937794,2.3118505,48.8508373
1705851677038060300,1759.6400603027344,45,1.5,4.160446643829346,18.218000411987305,2.5355613231658936,182.76429748535156,87.84876551385781,2.3118476,48.8508263
1705851677563221000,1760.1652209472657,45,1.5,4.160446643829346,18.20599937438965,2.537522077560425,182.84378051757812,87.84876551385781,2.3118443,48.8508094
1705851678117754600,1760.719754638672,45,1.5,4.127408027648926,18.197999954223633,2.542725086212158,182.91439819335938,87.70952487829442,2.3118411,48.8507992
1705851678618790000,1761.220789794922,45,1.5,4.127408027648926,18.16200065612793,2.5452535152435303,183.03451538085938,87.70952487829442,2.3118374,48.8507813
1705851679205217300,1761.8072172851562,45,1.5,4.60471773147583,18.07200050354004,2.5494635105133057,183.0887908935547,87.76429815357591,2.3118342,48.8507711
1705851679791644400,1762.39364453125,45,1.5,4.6691155433654785,17.96299934387207,2.5526986122131348,183.0336456298828,87.65898398141192,2.3118308,48.8507547
1705851680378071600,1762.980071533203,45,1.5,4.6691155433654785,17.926000595092773,2.5534188747406006,183.0861053466797,87.65898398141192,2.3118278,48.8507418
1705851680964498700,1763.5664987792968,45,1.5,4.55285120010376,17.82200050354004,2.55334734916687,183.25418090820312,87.51266021817811,2.3118244,48.8507279
1705851681550925800,1764.15292578125,45,1.5,4.3127055168151855,17.698999404907227,2.550222635269165,183.28880310058594,87.36772140272865,2.3118203,48.850705
1705851682669357000,1765.2713571777344,45,1.5,4.421451568603516,17.635000228881836,2.541020631790161,183.94204711914062,87.30595238826726,2.3118162,48.8506815
1705851683779348700,1766.3813486328124,45,1.5,4.560052394866943,17.302000045776367,2.422220468521118,181.97769165039062,87.36417726674264,2.3118188,48.8506637
1705851684952202800,1767.5542026367189,45,1.5,4.243802547454834,17.07200050354004,2.306377649307251,180.90933227539062,86.12500406156785,2.3118191,48.8506491
1705851685538629600,1768.140629638672,45,1.5,4.298681259155273,16.743000030517578,2.187382221221924,180.3661651611328,86.15285090269192,2.3118191,48.8506374
1705851686669357000,1769.2713571777344,45,1.5,3.4740021228790283,16.702999114990234,2.116849899291992,180.574951171875,86.12854819988914,2.3117979,48.8506589
1705851687180625000,1769.782625,45,1.5,3.621305465698242,16.743000030517578,2.0790505409240723,180.92709350585938,86.47323283283272,2.3117996,48.8506524
1705851687737579300,1770.3395793457032,45,1.5,3.621305465698242,16.843000411987305,2.047929048538208,181.08204650878906,86.47323283283272,2.311801,48.8506483
1705851688353478400,1770.955478515625,45,1.5,2.568964719772339,16.812999725341797,2.0575366020202637,181.15499877929688,86.70765624102435,2.3118012,48.8506352
1705851688876414500,1771.4784145507813,45,1.5,2.568964719772339,16.94300079345703,2.0657315254211426,181.24307250976562,86.70765624102435,2.3118012,48.8506288
1705851689409046500,1772.0110466308595,45,1.5,2.284419298171997,16.98200035095215,2.0908586978912354,181.32501220703125,86.83322480075384,2.3118003,48.8506134
1705851689970617600,1772.5726176757812,45,1.5,2.542724370956421,17.208999633789062,2.1448516845703125,181.3577880859375,86.88942746198924,2.3117991,48.8506042
1705851690581900000,1773.1839001464843,45,1.5,2.542724370956421,17.54400062561035,2.194479465484619,181.36338806152344,86.88942746198924,2.3117976,48.8505877
1705851691137299000,1773.739298828125,45,1.5,2.3224220275878906,17.659000396728516,2.2527663707733154,181.2810821533203,86.99677052001952,2.311797,48.8505761
1705851691637468200,1774.2394682617187,45,1.5,2.2365808486938477,17.750999450683594,2.303337812423706,181.13833618164062,87.15576227096784,2.3117964,48.8505581
1705851692216385000,1774.8183850097657,45,1.5,2.2365808486938477,17.80900001525879,2.343001127243042,181.0417938232422,87.15576227096784,2.3117953,48.85055
1705851692810321400,1775.4123212890624,45,1.5,2.0797157287597656,18.045000076293945,2.379120349884033,180.9811248779297,87.21044802295617,2.3117937,48.8505321
1705851693338373600,1775.9403735351561,45,1.5,1.8758183717727661,18.018999099731445,2.4236679077148438,180.91368103027344,87.20690356534587,2.3117934,48.8505216
1705851693865889300,1776.4678891601563,45,1.5,1.6474926471710205,18.023000717163086,2.4642527103424072,180.85560607910156,86.69226962308389,2.3117931,48.8505058
1705851694438100000,1777.0400998535156,45,1.5,1.6474926471710205,17.934999465942383,2.4900922775268555,180.85752868652344,86.69226962308389,2.3117928,48.8504933
1705851694967668000,1777.56966796875,45,1.5,1.5861150026321411,17.95599937438965,2.5160253047943115,180.9469757080078,86.6234061412917,2.3117908,48.8504784
1705851695507883300,1778.1098833007813,45,1.5,1.5861150026321411,17.7549991607666,2.5364627838134766,181.14561462402344,86.6234061412917,2.3117888,48.8504641
1705851696094310000,1778.6963098144531,45,1.5,1.6946269273757935,17.385000228881836,2.557370901107788,181.5410614013672,86.6234061412917,2.3117836,48.8504452
1705851696637778400,1779.2397783203126,45,1.5,1.6946269273757935,17.18600082397461,2.574920415878296,181.92364501953125,86.6234061412917,2.3117795,48.850436
1705851697149877200,1779.7518771972657,45,1.5,2.10064959526062,17.01099967956543,2.6006784439086914,182.06895446777344,86.62846961349126,2.3117758,48.8504165
1705851697669357000,1780.2713571777344,45,1.5,2.10064959526062,17.003000259399414,2.624025583267212,182.08609008789062,86.62846961349126,2.3117735,48.8504062
1705851698205444900,1780.8074448242187,45,1.5,2.814548969268799,16.545000076293945,2.6415421962738037,182.27015686035156,86.60213959116975,2.3117682,48.8503871
1705851698791871200,1781.3938713378907,45,1.5,2.814548969268799,16.474000930786133,2.6569292545318604,182.41253662109375,86.60213959116975,2.3117642,48.8503777
1705851699378297600,1781.9802976074218,45,1.5,3.1131861209869385,16.413000106811523,2.6761765480041504,182.37310791015625,86.47352873772074,2.3117618,48.8503577
1705851699976805000,1782.5788051757813,45,1.5,3.1131861209869385,16.530000686645508,2.6939680576324463,182.3345489501953,86.47352873772074,2.3117605,48.8503483
1705851700551150600,1783.1531506347656,45,1.5,2.9665379524230957,16.513999938964844,2.7102837562561035,182.50830078125,86.45783227147578,2.3117563,48.850329
1705851701077195800,1783.6791958007811,45,1.5,2.97609806060791,16.604000091552734,2.7214584350585938,182.77049255371094,86.45783227147578,2.311753,48.850318
1705851701606718200,1784.2087182617188,45,1.5,2.97609806060791,16.97599983215332,2.7289910316467285,183.0227813720703,86.45783227147578,2.3117492,48.8502988
1705851702193144600,1784.79514453125,45,1.5,2.5366873741149902,16.940000534057617,2.7398157119750977,183.24850463867188,86.51403588204732,2.3117451,48.8502886
1705851702779571200,1785.3815712890625,45,1.5,2.5366873741149902,16.93400001525879,2.748169422149658,183.47239685058594,86.51403588204732,2.31174,48.8502703
1705851703358544100,1785.9605441894532,45,1.5,2.7875025272369385,16.950000762939453,2.7456448078155518,183.40069580078125,86.52973245265474,2.311739,48.8502595
1705851703952424200,1786.5544240722656,45,1.5,2.8975863456726074,17.218000411987305,2.741703510284424,183.3316192626953,86.52973245265474,2.3117376,48.8502446
1705851704538850600,1787.1408505859374,45,1.5,2.8975863456726074,17.1299991607666,2.7300357818603516,183.1461944580078,86.52973245265474,2.3117359,48.8502259
1705851705125277000,1787.7272768554687,45,1.5,3.8775155544281006,17.014999389648438,2.720383644104004,182.8537139892578,86.61986171255609,2.311736,48.8502166
1705851705669357000,1788.2713571777344,45,1.5,3.8775155544281006,16.992000579833984,2.708348035812378,182.54017639160156,86.61986171255609,2.311736,48.8502002
1705851706180844500,1788.782844482422,45,1.5,4.0541486740112305,16.985000610351562,2.700113534927368,182.4931640625,87.78641450062308,2.3117357,48.8501849
1705851706767271000,1789.3692709960937,45,1.5,4.143726825714111,16.972000122070312,2.6934802532196045,182.42111206054688,87.78641450062308,2.3117365,48.8501779
1705851707358664200,1789.9606643066406,45,1.5,4.143726825714111,17.0049991607666,2.688575029373169,182.5430908203125,87.78641450062308,2.3117349,48.8501694
1705851707940123600,1790.5421235351562,45,1.5,4.323987007141113,17.011999130249023,2.682983160018921,182.6328125,88.29848399176284,2.3117335,48.8501562
1705851708478084900,1791.0800849609375,45,1.5,4.323987007141113,16.990999221801758,2.679889440536499,182.83456420898438,88.29848399176284,2.3117313,48.8501448
1705851709539238100,1792.1412380371094,45,1.5,4.4494500160217285,17.041000366210938,2.675814390182495,182.88485717773438,88.12923879391624,2.3117275,48.8501202
1705851710051258600,1792.653258544922,45,1.5,4.174935817718506,17.225000381469727,2.66680908203125,182.98536682128906,88.02341212667298,2.3117249,48.8501046
1705851710637686500,1793.2396865234375,45,1.5,4.174935817718506,17.334999084472656,2.658748149871826,183.08116149902344,88.02341212667298,2.3117232,48.850098
1705851711756700400,1794.358700439453,45,1.5,4.028838634490967,17.416000366210938,2.6665713787078857,183.00546264648438,87.94884148497044,2.3117223,48.8500713
1705851712279678700,1794.8816787109374,45,1.5,4.123392581939697,17.558000564575195,2.6696887016296387,182.89913940429688,87.77921723388776,2.3117222,48.8500547
1705851712856200000,1795.4581999511718,45,1.5,4.123392581939697,17.665000915527344,2.673393487930298,182.81822204589844,87.77921723388776,2.3117225,48.8500459
1705851713452531500,1796.0545314941405,45,1.5,4.084960460662842,17.840999603271484,2.6752946376800537,182.72607421875,87.84301580659343,2.3117239,48.8500284
1705851713967652600,1796.5696525878907,45,1.5,4.102853775024414,17.854000091552734,2.680546283721924,182.5786590576172,87.9220051827752,2.3117256,48.8500186
1705851714508098600,1797.1100986328124,45,1.5,4.102853775024414,17.905000686645508,2.68328857421875,182.45681762695312,87.9220051827752,2.3117266,48.8500029
1705851715094524700,1797.696524658203,45,1.5,3.9637811183929443,17.884000778198242,2.683068037033081,182.2606658935547,86.74727626229138,2.3117287,48.8499842
1705851715669357000,1798.2713571777344,45,1.5,3.9637811183929443,17.854999542236328,2.6830828189849854,182.09034729003906,86.74727626229138,2.3117307,48.849974
1705851716267377000,1798.869376953125,45,1.5,3.846011161804199,17.784000396728516,2.6797537803649902,182.16046142578125,86.85107714084674,2.3117326,48.849958
1705851716853803000,1799.4558029785155,45,1.5,3.846011161804199,17.83799934387207,2.677394151687622,182.26174926757812,86.85107714084674,2.3117334,48.8499489
1705851717440229000,1800.0422290039062,45,1.5,3.9706292152404785,17.77400016784668,2.677549362182617,182.2532196044922,87.236778326013,2.3117338,48.8499328
1705851717968938800,1800.5709387207032,45,1.5,2.8922173976898193,17.66900062561035,2.673288106918335,182.20053100585938,87.25804516912387,2.3117363,48.8499245
1705851718495795700,1801.097795654297,45,1.5,2.8922173976898193,17.691999435424805,2.6667511463165283,182.1987762451172,87.25804516912387,2.3117379,48.8499087
1705851719097501400,1801.6995014648437,45,1.5,2.630056619644165,17.61400032043457,2.66776180267334,182.14956665039062,87.21905599762482,2.3117379,48.8498997
1705851719668647400,1802.2706474609374,45,1.5,2.630056619644165,17.54199981689453,2.666701078414917,182.09153747558594,87.21905599762482,2.3117375,48.849884
1705851720218941200,1802.8209411621094,45,1.5,2.5631279945373535,17.548999786376953,2.666529417037964,182.03321838378906,86.96021051857554,2.3117382,48.849874
1705851720724213800,1803.3262138671876,45,1.5,2.5631279945373535,17.47800064086914,2.664903163909912,181.9682159423828,86.96021051857554,2.3117385,48.8498568
1705851721298344200,1803.9003442382811,45,1.5,2.560419797897339,17.513999938964844,2.6633987426757812,181.7769012451172,87.18411780191221,2.3117411,48.8498489
1705851721897065200,1804.499065185547,45,1.5,2.3765945434570312,17.621000289916992,2.66176438331604,181.6194610595703,87.19070034948423,2.3117433,48.8498335
1705851722483490800,1805.0854907226562,45,1.5,2.3765945434570312,17.652999877929688,2.657996892929077,181.55709838867188,87.19070034948423,2.3117434,48.8498174
1705851723069916400,1805.6719165039062,45,1.5,2.1959075927734375,17.547000885009766,2.654256582260132,181.69717407226562,87.13449568517862,2.3117436,48.8498089
1705851723656342000,1806.2583420410156,45,1.5,2.1959075927734375,17.44300079345703,2.648725748062134,181.81593322753906,87.13449568517862,2.3117433,48.8497934
1705851724238240800,1806.8402407226563,45,1.5,1.9156869649887085,17.604000091552734,2.645474433898926,181.73153686523438,86.52973245265474,2.3117432,48.8497844
1705851724829192700,1807.4311926269531,45,1.5,1.9156869649887085,17.785999298095703,2.641824960708618,181.6451873779297,86.52973245265474,2.3117433,48.8497672
1705851725967884000,1808.5698840332032,45,1.5,2.3533904552459717,17.69700050354004,2.623429536819458,181.55137634277344,87.07120259165683,2.3117439,48.8497455
1705851726471184000,1809.0731838378906,45,1.5,2.3533904552459717,17.589000701904297,2.6027112007141113,181.48687744140625,87.07120259165683,2.3117447,48.8497289
1705851727057609200,1809.6596091308593,45,1.5,2.4238369464874268,17.511999130249023,2.549368143081665,181.2481689453125,86.55302419178454,2.3117461,48.8497253
1705851727644034300,1810.2460344238282,45,1.5,2.4238369464874268,17.55299949645996,2.4969053268432617,180.94090270996094,86.55302419178454,2.3117473,48.8497132
1705851728262763300,1810.8647631835938,45,1.5,3.148031711578369,17.52400016784668,2.4589381217956543,181.0274200439453,86.49631398252058,2.3117471,48.8497094
1705851728816884700,1811.418884765625,45,1.5,3.438631057739258,17.604000091552734,2.422811985015869,181.03549194335938,86.44365484314413,2.3117466,48.849698
1705851729376455700,1811.9784555664062,45,1.5,3.438631057739258,17.492000579833984,2.389169692993164,181.38784790039062,86.44365484314413,2.3117451,48.849693
1705851729968771600,1812.570771484375,45,1.5,3.2897801399230957,17.549999237060547,2.3618104457855225,181.60919189453125,86.32365399143401,2.3117418,48.849684
1705851730576160300,1813.17816015625,45,1.5,3.2897801399230957,17.441999435424805,2.3334336280822754,181.86436462402344,86.32365399143401,2.3117383,48.84967
1705851731162585300,1813.7645854492187,45,1.5,2.6920578479766846,17.559999465942383,2.3059864044189453,181.97377014160156,86.20719909742496,2.3117366,48.8496666
1705851731669357000,1814.2713571777344,45,1.5,2.6920578479766846,17.756000518798828,2.279817581176758,182.03689575195312,86.20719909742496,2.3117349,48.8496549
1705851732218150400,1814.820150390625,45,1.5,3.4756782054901123,17.69499969482422,2.2848470211029053,181.71035766601562,86.29529960861609,2.3117339,48.8496479
1705851732804575200,1815.4065751953126,45,1.5,3.1059861183166504,17.645000457763672,2.289332389831543,181.35707092285156,86.23909745233487,2.3117332,48.8496364
1705851733391000300,1815.9930002441406,45,1.5,3.1059861183166504,17.78499984741211,2.3044934272766113,181.37136840820312,86.23909745233487,2.3117313,48.849628
1705851733977425200,1816.5794250488282,45,1.5,3.3509790897369385,17.753999710083008,2.319303274154663,181.43931579589844,86.23909745233487,2.3117292,48.8496172
1705851734556919800,1817.158919921875,45,1.5,3.3509790897369385,17.81100082397461,2.3246729373931885,181.67279052734375,86.23909745233487,2.311727,48.8496051
1705851735150274800,1817.7522749023437,45,1.5,4.445715427398682,17.759000778198242,2.33500337600708,181.7867431640625,87.25931716345953,2.3117233,48.8495899
1705851735669357000,1818.2713571777344,45,1.5,4.3921895027160645,17.733999252319336,2.3435111045837402,181.8677978515625,87.1696986951442,2.3117201,48.8495762
1705851736205845200,1818.8078452148438,45,1.5,4.3921895027160645,17.680999755859375,2.332746982574463,181.8799591064453,87.1696986951442,2.3117174,48.8495689
1705851736759023900,1819.3610239257812,45,1.5,4.3921895027160645,17.663000106811523,2.3233470916748047,181.9169921875,87.1696986951442,2.3117149,48.8495608
1705851737261409500,1819.8634094238282,45,1.5,4.574563026428223,17.524999618530273,2.316964864730835,181.7912139892578,87.59012542438384,2.3117144,48.8495456
1705851737847834000,1820.4498342285156,45,1.5,4.574563026428223,17.53499984741211,2.31203556060791,181.7137451171875,87.59012542438384,2.3117142,48.8495378
1705851738434258700,1821.0362587890625,45,1.5,4.741515636444092,17.56100082397461,2.311838388442993,181.62355041503906,87.48619766077411,2.3117136,48.8495225
1705851738999676000,1821.6016760253906,45,1.5,4.741515636444092,17.636999130249023,2.3125839233398438,181.52780151367188,87.48619766077411,2.3117134,48.8495144
1705851739607107800,1822.2091079101563,45,1.5,4.813313007354736,17.613000869750977,2.3152220249176025,181.5917510986328,87.49126078572132,2.3117116,48.849499
1705851740117692200,1822.719692138672,45,1.5,4.508721828460693,17.558000564575195,2.3161115646362305,181.7344207763672,87.46138839236579,2.3117091,48.8494903
1705851740662671600,1823.2646716308593,45,1.5,4.508721828460693,17.527000427246094,2.3155198097229004,181.80740356445312,87.46138839236579,2.3117066,48.8494751
1705851741217249500,1823.8192495117187,45,1.5,4.411979675292969,17.531999588012695,2.317249298095703,182.00437927246094,87.43506026879257,2.3117052,48.8494667
1705851741718235400,1824.3202353515626,45,1.5,4.411979675292969,17.615999221801758,2.3171942234039307,182.18174743652344,87.43506026879257,2.3117036,48.8494515
1705851742316713000,1824.918712890625,45,1.5,4.503514766693115,17.590999603271484,2.319195032119751,182.2675323486328,87.21365887713625,2.3117014,48.8494434
1705851742891084000,1825.493083984375,45,1.5,4.263527870178223,17.636999130249023,2.3212897777557373,182.37806701660156,87.10936128934136,2.311699,48.8494291
1705851743438420500,1826.0404204101562,45,1.5,4.263527870178223,17.674999237060547,2.321971893310547,182.59771728515625,87.10936128934136,2.3116956,48.8494184
1705851743946647600,1826.5486474609374,45,1.5,4.2802042961120605,17.724000930786133,2.32198166847229,182.8321990966797,85.82679545965759,2.3116928,48.8494069
1705851744538196700,1827.1401967773438,45,1.5,4.2802042961120605,17.618000030517578,2.3246610164642334,183.06100463867188,85.82679545965759,2.31169,48.8493933
1705851745119496000,1827.7214958496095,45,1.5,4.170969486236572,17.621000289916992,2.328476905822754,182.89125061035156,85.82527659727077,2.3116879,48.8493757
1705851745657055000,1828.2590549316405,45,1.5,4.170969486236572,17.577999114990234,2.332289695739746,182.75816345214844,85.82527659727077,2.3116869,48.8493672
1705851746175059000,1828.7770588378905,45,1.5,4.325610637664795,17.513999938964844,2.339867115020752,182.93429565429688,86.13300135147097,2.3116826,48.8493495
1705851746779294500,1829.3812944335937,45,1.5,4.325610637664795,17.461999893188477,2.3474979400634766,183.08575439453125,86.13300135147097,2.3116791,48.8493399
1705851747347906800,1829.9499067382812,45,1.5,3.267148733139038,17.422000885009766,2.3487260341644287,183.17596435546875,86.0995864980453,2.3116752,48.8493229
1705851747917055500,1830.5190554199219,45,1.5,3.267148733139038,17.461999893188477,2.3510565757751465,183.15179443359375,86.0995864980453,2.3116733,48.8493139
1705851748520754400,1831.1227543945313,45,1.5,2.9681999683380127,17.295000076293945,2.356722354888916,183.20941162109375,86.00086156636644,2.3116682,48.8492968
1705851749036270300,1831.638270263672,45,1.5,2.9585037231445312,17.222000122070312,2.36354660987854,182.99945068359375,86.05553984761258,2.311667,48.8492854
1705851749576317200,1832.178317138672,45,1.5,2.9585037231445312,17.26799964904785,2.3685834407806396,182.8294677734375,86.05553984761258,2.3116655,48.8492678
1705851750138708000,1832.7407080078126,45,1.5,2.9313852787017822,17.298999786376953,2.391692638397217,183.02651977539062,85.67366364727752,2.3116626,48.8492567
1705851750669357000,1833.2713571777344,45,1.5,2.9313852787017822,17.354000091552734,2.4113476276397705,183.30807495117188,85.67366364727752,2.3116592,48.8492384
1705851751218303500,1833.820303466797,45,1.5,2.945195436477661,17.30900001525879,2.4147965908050537,183.98919677734375,85.98719205131619,2.3116548,48.8492283
1705851751804727000,1834.4067270507812,45,1.5,2.6772823333740234,17.31999969482422,2.417328119277954,184.62091064453125,85.99934273026935,2.31165,48.8492106
1705851752376412400,1834.9784123535155,45,1.5,2.6772823333740234,17.302000045776367,2.4235782623291016,185.00889587402344,85.99934273026935,2.3116459,48.8491994
1705851752977574100,1835.57957421875,45,1.5,2.511824607849121,17.29599952697754,2.429074764251709,185.36386108398438,86.08743567500206,2.3116415,48.8491847
1705851753478336500,1836.0803364257813,45,1.5,2.511824607849121,17.23699951171875,2.435713529586792,185.42645263671875,86.08743567500206,2.3116374,48.849171
1705851754033136400,1836.6351364746095,45,1.5,2.223402261734009,17.26300048828125,2.46126389503479,185.3821563720703,85.74747109689551,2.3116332,48.8491518
1705851754617536300,1837.219536376953,45,1.5,2.223402261734009,17.270000457763672,2.4847288131713867,185.2779541015625,85.74747109689551,2.3116307,48.8491402
1705851755205983200,1837.8079831542968,45,1.5,2.328042984008789,17.259000778198242,2.5220210552215576,185.20970153808594,85.76468513093306,2.3116265,48.8491199
1705851755792406500,1838.3944064941406,45,1.5,2.364642858505249,17.340999603271484,2.555924892425537,185.1983184814453,85.73481374129014,2.3116233,48.8491022
1705851756378829600,1838.9808295898438,45,1.5,2.364642858505249,17.44700050354004,2.5914132595062256,185.13787841796875,85.73481374129014,2.3116201,48.8490867
1705851756965252900,1839.5672529296876,45,1.5,2.754011869430542,17.652999877929688,2.6236603260040283,185.01370239257812,85.67304611784743,2.3116179,48.8490706
1705851757551676200,1840.1536762695312,45,1.5,2.754011869430542,17.802000045776367,2.6548073291778564,184.91392517089844,85.67304611784743,2.3116141,48.8490518
1705851758138099200,1840.7400991210939,45,1.5,3.759540319442749,17.851999282836914,2.6822855472564697,184.79080200195312,85.62191096779023,2.3116105,48.84903
1705851758658445800,1841.2604458007813,45,1.5,3.759540319442749,18.076000213623047,2.7071080207824707,184.67799377441406,85.62191096779023,2.3116085,48.8490181
1705851759722796800,1842.324796875,45,1.5,3.615220546722412,18.339000701904297,2.7314236164093018,184.63902282714844,85.64317505202618,2.3116048,48.8489878
1705851760249222400,1842.8512224121093,45,1.5,3.010075092315674,18.437000274658203,2.7349746227264404,184.4246368408203,85.57432011594238,2.311603,48.8489669
1705851760835645400,1843.4376455078125,45,1.5,3.1898679733276367,18.48200035095215,2.7376723289489746,184.20396423339844,85.4280052389193,2.311602,48.8489537
1705851761422068500,1844.024068359375,45,1.5,3.1898679733276367,18.520999908447266,2.7461843490600586,183.81114196777344,85.4280052389193,2.3116031,48.8489372
1705851761957267500,1844.5592673339843,45,1.5,3.1898679733276367,18.426000595092773,2.7534384727478027,183.3540802001953,85.4280052389193,2.3116057,48.8489262
1705851762477629700,1845.0796296386718,45,1.5,3.4210453033447266,18.40999984741211,2.7675693035125732,183.266357421875,85.40876679295808,2.3116044,48.848908
1705851762998022000,1845.6000219726564,45,1.5,3.4210453033447266,18.34000015258789,2.781541585922241,183.1563720703125,85.40876679295808,2.3116035,48.8488962
1705851763533191200,1846.1351911621093,45,1.5,3.6697447299957275,18.32699966430664,2.7920591831207275,182.8935089111328,85.49685898322693,2.3116026,48.8488763
1705851764119614000,1846.7216140136718,45,1.5,4.760050296783447,18.447999954223633,2.8028059005737305,182.78843688964844,86.57884816863887,2.3116016,48.8488582
1705851764669357000,1847.2713571777344,45,1.5,4.760050296783447,18.554000854492188,2.81363844871521,182.694580078125,86.57884816863887,2.3116007,48.8488476
1705851765177602800,1847.779602783203,45,1.5,4.783084392547607,18.632999420166016,2.8266732692718506,182.67637634277344,86.60568110200123,2.3115996,48.8488365
1705851765761597700,1848.36359765625,45,1.5,4.783084392547607,18.72100067138672,2.8383145332336426,182.748779296875,86.60568110200123,2.3115973,48.8488162
1705851766297591000,1848.899591064453,45,1.5,4.883568286895752,18.677000045776367,2.8489341735839844,182.6533966064453,87.11775059314098,2.3115987,48.848804
1705851766817158700,1849.4191586914062,45,1.5,5.013873100280762,18.857999801635742,2.857675790786743,182.55886840820312,87.11775059314098,2.3115996,48.8487857
1705851767377615400,1849.9796154785156,45,1.5,5.013873100280762,18.840999603271484,2.8686046600341797,182.54837036132812,87.11775059314098,2.3115986,48.8487727
1705851767990004000,1850.59200390625,45,1.5,5.176492691040039,18.849000930786133,2.878462314605713,182.5244140625,87.23571525389283,2.3115973,48.8487554
1705851768499065600,1851.101065673828,45,1.5,5.176492691040039,18.94499969482422,2.8875906467437744,182.443603515625,87.23571525389283,2.3115969,48.8487401
1705851769045564400,1851.647564453125,45,1.5,4.827070713043213,18.972000122070312,2.898878574371338,182.36468505859375,86.85925484112516,2.3115966,48.8487195
1705851769631987200,1852.2339873046874,45,1.5,4.827070713043213,18.898000717163086,2.908090114593506,182.29197692871094,86.85925484112516,2.3115965,48.8487002
1705851770218409500,1852.820409423828,45,1.5,4.4912214279174805,18.92099952697754,2.9193928241729736,182.3360137939453,85.81289087321449,2.3115952,48.8486875
1705851770804832000,1853.40683203125,45,1.5,3.466839551925659,18.89900016784668,2.929319143295288,182.39181518554688,85.80732174014945,2.3115928,48.8486667
1705851771378564900,1853.9805649414063,45,1.5,3.466839551925659,18.98900032043457,2.9384024143218994,182.19659423828125,85.80732174014945,2.3115943,48.8486533
1705851771977676800,1854.5796767578124,45,1.5,3.6316802501678467,19.018999099731445,2.9465103149414062,182.0501708984375,85.75112432998645,2.3115951,48.8486355
1705851772564099300,1855.1660993652345,45,1.5,3.6316802501678467,19.160999298095703,2.950434684753418,181.8875274658203,85.75112432998645,2.3115971,48.848612
1705851773150521600,1855.752521484375,45,1.5,3.685926675796509,19.23900032043457,2.95045804977417,181.8493194580078,85.7230071577415,2.3115981,48.8486001
1705851773669357000,1856.2713571777344,45,1.5,3.685926675796509,19.3700008392334,2.9489524364471436,181.78302001953125,85.7230071577415,2.3115988,48.8485819
1705851774206081800,1856.8080817871094,45,1.5,3.657338857650757,19.37299919128418,2.950535774230957,181.860595703125,85.75112432998645,2.3115986,48.848572
1705851774792504300,1857.3945043945312,45,1.5,3.203394889831543,19.510000228881836,2.9509708881378174,181.91268920898438,85.73694846570933,2.3115981,48.848554
1705851775378926600,1857.9809265136719,45,1.5,3.203394889831543,19.39699935913086,2.948585271835327,182.23660278320312,85.73694846570933,2.311596,48.8485345
1705851775965348600,1858.5673486328126,45,1.5,2.3257572650909424,19.445999145507812,2.9489142894744873,182.58323669433594,85.72125378655892,2.3115934,48.8485276
1705851776551771000,1859.1537709960937,45,1.5,2.3257572650909424,19.510000228881836,2.9520621299743652,182.8479766845703,85.72125378655892,2.3115899,48.8485056
1705851777138193000,1859.7401928710938,45,1.5,2.0875799655914307,19.413000106811523,2.9507055282592773,183.02935791015625,85.73694846570933,2.3115879,48.8484951
1705851777669357000,1860.2713571777344,45,1.5,2.6480894088745117,19.35700035095215,2.947326898574829,183.19351196289062,86.01351854445477,2.3115854,48.8484766
1705851777968272000,1860.5702719726562,17.65252685546875,0.8820430636405945,2.6480894088745117,18.44499969482422,2.9103636741638184,181.97645568847656,86.01351854445477,2.3115879,48.8484716
1705851778780174800,1861.3821748046876,45,1.5,2.6414854526519775,18.43400001525879,2.743217706680298,180.8876953125,85.93757696018616,2.3115889,48.8484582
1705851779376490000,1861.9784899902343,45,1.5,2.342069625854492,18.493000030517578,2.710024833679199,181.31874084472656,85.93757696018616,2.3115882,48.8484495
1705851779953018600,1862.5550185546874,45,1.5,2.230844736099243,18.614999771118164,2.6778581142425537,181.779052734375,85.94112088560931,2.3115867,48.8484356
1705851780478959000,1863.080958984375,45,1.5,2.230844736099243,18.49799919128418,2.6495540142059326,182.22161865234375,85.94112088560931,2.3115853,48.8484234
1705851781008578300,1863.6105783691405,45,1.5,1.5467802286148071,18.551000595092773,2.649233102798462,182.61216735839844,85.46192576345305,2.3115834,48.8484074
1705851781558144000,1864.1601440429688,45,1.5,1.5467802286148071,18.72100067138672,2.6498279571533203,182.97410583496094,85.46192576345305,2.3115816,48.8483977
1705851782064137500,1864.6661374511718,45,1.5,1.591963291168213,18.725000381469727,2.6305527687072754,182.909423828125,85.50749086137715,2.3115808,48.848381
1705851782661843700,1865.26384375,45,1.5,1.591963291168213,18.82699966430664,2.6134085655212402,182.83612060546875,85.50749086137715,2.3115806,48.8483727
1705851783236981200,1865.838981201172,45,1.5,1.5190951824188232,19.812999725341797,2.605443000793457,182.572021484375,85.54293055178698,2.3115806,48.848348
1705851783823402800,1866.4254028320313,45,1.5,1.508866548538208,19.764999389648438,2.5993494987487793,182.29054260253906,85.53381747434813,2.3115824,48.8483416
1705851784409824500,1867.0118244628907,45,1.5,1.508866548538208,19.56599998474121,2.5646703243255615,182.29673767089844,85.53381747434813,2.3115821,48.8483305
1705851784969865200,1867.571865234375,45,1.5,1.5061521530151367,19.437999725341797,2.5408921241760254,182.0886993408203,85.48622711844902,2.3115849,48.8483194
1705851785577881300,1868.1798813476562,45,1.5,1.5061521530151367,19.316999435424805,2.51812744140625,181.92999267578125,85.48622711844902,2.3115872,48.8483057
1705851786169089000,1868.7710891113281,45,1.5,2.7115068435668945,19.204999923706055,2.511106491088867,182.14779663085938,85.44775000530109,2.3115867,48.848289
1705851786677666800,1869.2796667480468,45,1.5,2.7115068435668945,19.113000869750977,2.5049073696136475,182.40208435058594,85.44775000530109,2.3115862,48.8482805
1705851787224647400,1869.8266474609375,45,1.5,3.005305051803589,19.136999130249023,2.504026174545288,182.6197509765625,85.44775000530109,2.3115847,48.8482641
1705851787776810200,1870.3788103027343,45,1.5,3.005305051803589,19.172000885009766,2.503394603729248,182.88998413085938,85.44775000530109,2.311583,48.8482551
1705851788817989600,1871.4199897460937,45,1.5,2.8453140258789062,18.961999893188477,2.52850341796875,182.63613891601562,85.50749086137715,2.3115839,48.8482293
1705851789335764200,1871.9377641601563,45,1.5,2.909747838973999,18.985000610351562,2.5551788806915283,182.4714813232422,85.48622711844902,2.3115844,48.8482096
1705851789922185200,1872.5241853027344,45,1.5,2.909747838973999,19.02899932861328,2.5807714462280273,182.26463317871094,85.48622711844902,2.3115859,48.8481979
1705851790508606500,1873.1106064453124,45,1.5,2.590888261795044,19.155000686645508,2.6012330055236816,182.19021606445312,85.46192576345305,2.3115867,48.8481788
1705851791038536200,1873.6405361328125,45,1.5,2.6066434383392334,19.065000534057617,2.6251089572906494,182.05511474609375,85.48622711844902,2.3115884,48.8481663
1705851791564164600,1874.1661645507813,45,1.5,2.6066434383392334,18.944000244140625,2.6462972164154053,181.97422790527344,85.48622711844902,2.3115893,48.848147
1705851792138744600,1874.7407446289062,45,1.5,2.855280637741089,18.788999557495117,2.6357877254486084,181.8915252685547,85.46192576345305,2.3115896,48.8481363
1705851792669357000,1875.2713571777344,45,1.5,2.855280637741089,18.344999313354492,2.624443531036377,181.8204803466797,85.46192576345305,2.3115887,48.8481194
1705851793218188500,1875.8201884765624,45,1.5,3.6694328784942627,18.225000381469727,2.6198830604553223,181.8860626220703,85.38395938779502,2.3115863,48.8481101
1705851793792564500,1876.394564453125,45,1.5,3.6694328784942627,18.09000015258789,2.6135036945343018,181.7396240234375,85.38395938779502,2.3115846,48.8480939
1705851794318530800,1876.9205307617187,45,1.5,3.8023672103881836,18.06100082397461,2.6074397563934326,181.64747619628906,85.61482295159868,2.3115829,48.8480852
1705851794848122000,1877.4501220703125,45,1.5,3.836592197418213,17.726999282836914,2.6010689735412598,181.56077575683594,85.43154916795056,2.3115809,48.8480706
1705851795397840100,1877.9998400878906,45,1.5,3.836592197418213,17.739999771118164,2.597165107727051,181.28466796875,85.43154916795056,2.3115783,48.8480604
1705851795903685600,1878.505685546875,45,1.5,3.5430803298950195,17.649999618530273,2.593165636062622,181.00245666503906,85.5464745289996,2.3115765,48.8480472
1705851796478086700,1879.080086669922,45,1.5,3.5430803298950195,17.63599967956543,2.59249210357666,180.85276794433594,85.5464745289996,2.3115757,48.8480354
1705851797076527400,1879.67852734375,45,1.5,3.082791328430176,17.43199920654297,2.588794708251953,180.923828125,85.48116433039706,2.311574,48.8480186
1705851797577324000,1880.1793239746094,45,1.5,3.082791328430176,17.363000869750977,2.585233688354492,181.16677856445312,85.48116433039706,2.3115723,48.8480095
1705851798132084700,1880.7340847167968,45,1.5,3.4354848861694336,17.40999984741211,2.57991886138916,181.325927734375,85.56099869690392,2.3115698,48.8479932
1705851798638512400,1881.240512451172,45,1.5,3.4354848861694336,17.472999572753906,2.5748088359832764,181.62713623046875,85.56099869690392,2.3115674,48.8479846
1705851799187642000,1881.7896420898437,45,1.5,3.713381767272949,17.506000518798828,2.5738422870635986,181.81182861328125,85.53973531692012,2.3115651,48.8479666
1705851799738008600,1882.3400085449218,45,1.5,3.713381767272949,17.566999435424805,2.574287176132202,181.93234252929688,85.53973531692012,2.3115634,48.8479567
1705851800243199200,1882.84519921875,45,1.5,3.7994399070739746,17.54400062561035,2.5771501064300537,181.74514770507812,85.54861423907644,2.3115627,48.8479377
1705851800829620000,1883.4316198730469,45,1.5,3.7994399070739746,17.56100082397461,2.5795068740844727,181.44065856933594,85.54861423907644,2.3115632,48.8479272
1705851801416040400,1884.0180405273438,45,1.5,3.761906385421753,17.444000244140625,2.5747978687286377,181.3165740966797,85.51115040402563,2.3115617,48.8479091
1705851801958378800,1884.5603786621093,45,1.5,3.761906385421753,17.51799964904785,2.5705370903015137,181.12139892578125,85.51115040402563,2.3115614,48.8478981
1705851802471597300,1885.0735974121094,45,1.5,3.2728610038757324,17.732999801635742,2.567692279815674,180.9423065185547,85.37029003238555,2.3115618,48.84788
1705851803016958000,1885.6189580078126,45,1.5,3.2558491230010986,17.652000427246094,2.5687618255615234,180.6397247314453,85.37029003238555,2.3115636,48.8478695
1705851803527154400,1886.1291545410156,45,1.5,3.2558491230010986,17.54199981689453,2.5686254501342773,180.41030883789062,85.37029003238555,2.3115652,48.8478509
1705851804118953200,1886.720953125,45,1.5,3.728700876235962,17.524999618530273,2.5705299377441406,180.18130493164062,85.89504997099195,2.3115659,48.8478392
1705851804669357000,1887.2713571777344,45,1.5,3.728700876235962,17.44099998474121,2.5713114738464355,180.14588928222656,85.89504997099195,2.3115659,48.8478195
1705851805257109200,1887.8591091308595,45,1.5,2.3686389923095703,17.340999603271484,2.5682430267333984,180.466552734375,85.75582620545427,2.3115634,48.847809
1705851805872836000,1888.4748361816405,45,1.5,2.359041213989258,17.19099998474121,2.5648303031921387,180.71041870117188,85.70823751689372,2.3115605,48.8477914
1705851806459256300,1889.0612563476564,45,1.5,2.359041213989258,17.24799919128418,2.534374475479126,180.89767456054688,85.70823751689372,2.3115555,48.8477795
1705851806971970000,1889.573969970703,45,1.5,2.1079368591308594,17.132999420166016,2.4338841438293457,180.7886962890625,84.96477587641814,2.3115505,48.8477724
1705851807514812700,1890.1168127441406,45,1.5,1.821436882019043,17.104999542236328,2.332350015640259,180.92007446289062,84.74607968715428,2.311545,48.8477552
1705851808669357000,1891.2713571777344,45,1.5,1.2451214790344238,17.009000778198242,1.7971785068511963,181.2886199951172,83.0999984741211,2.3115355,48.8477563
1705851809860493300,1892.462493408203,45,1.5,2.0290780067443848,16.231000900268555,1.4753482341766357,181.77622985839844,83.0999984741211,2.3115212,48.8477584
1705851810968431900,1893.5704318847656,45,1.5,2.0526866912841797,15.23900032043457,1.3277697563171387,183.85833740234375,83.0999984741211,2.3115058,48.8477599
1705851811502469400,1894.1044694824218,45,1.5,2.327213764190674,13.8149995803833,1.1917537450790405,186.35951232910156,83.0999984741211,2.3114969,48.8477596
1705851812669357000,1895.2713571777344,45,1.5,2.7758493423461914,12.463000297546387,1.104939341545105,189.18345642089844,83.0999984741211,2.3114894,48.8477585
1705851813848149500,1896.4501494140625,45,1.5,2.184457778930664,11.097999572753906,1.0975697040557861,192.11985778808594,83.0999984741211,2.3114824,48.8477541
1705851814434569500,1897.036569580078,45,1.5,2.184457778930664,11.112000465393066,1.1373507976531982,191.7880096435547,83.0999984741211,2.311478,48.847743
1705851814937864200,1897.5398642578125,45,1.5,2.184457778930664,11.88599967956543,1.173604965209961,191.10787963867188,83.0999984741211,2.3114747,48.8477344
1705851815490125300,1898.0921252441406,45,1.5,3.2035138607025146,12.479000091552734,1.215541124343872,189.58274841308594,84.99008830068644,2.3114718,48.8477197
1705851816076545000,1898.678544921875,45,1.5,2.701371908187866,13.614999771118164,1.2729253768920898,188.94908142089844,85.01033829467269,2.3114696,48.847705
1705851816662965000,1899.2649650878907,45,1.5,3.2546546459198,14.697999954223633,1.3254880905151367,189.00076293945312,85.13690185613653,2.3114674,48.847692
1705851817249384700,1899.851384765625,45,1.5,3.2546546459198,14.89799976348877,1.4145210981369019,188.88137817382812,85.13690185613653,2.3114629,48.8476761
1705851817835804700,1900.4378046875,45,1.5,3.2546546459198,15.069999694824219,1.4958298206329346,188.8255615234375,85.13690185613653,2.3114595,48.8476634
1705851818422224400,1901.0242243652344,45,1.5,2.5113348960876465,15.829000473022461,1.5773781538009644,188.69284057617188,83.0999984741211,2.3114541,48.8476444
1705851818974695000,1901.5766948242187,45,1.5,2.5628058910369873,16.584999084472656,1.6621299982070923,188.68316650390625,83.0999984741211,2.3114478,48.8476255
1705851819477780200,1902.0797802734376,45,1.5,2.5628058910369873,16.57699966430664,1.7422574758529663,188.62530517578125,83.0999984741211,2.3114413,48.8476053
1705851820064200000,1902.6661999511718,45,1.5,3.2604663372039795,16.68199920654297,1.781682014465332,188.49154663085938,85.21689100422445,2.3114365,48.8475873
1705851820650620000,1903.2526198730468,45,1.5,3.2604663372039795,16.791000366210938,1.816598892211914,188.29489135742188,85.21689100422445,2.3114334,48.8475757
1705851821818731500,1904.4207314453124,45,1.5,3.9412779808044434,16.843000411987305,1.8635982275009155,188.1685028076172,85.19613425383528,2.3114278,48.8475511
1705851822918148900,1905.5201489257813,45,1.5,4.2194952964782715,16.981000900268555,1.9131184816360474,187.9933624267578,85.21537221588301,2.3114217,48.8475235
1705851823465435000,1906.0674348144532,45,1.5,4.03950309753418,17.187000274658203,1.9575506448745728,187.6514892578125,85.26296104694666,2.3114195,48.8475003
1705851823967617500,1906.5696174316406,45,1.5,3.8691890239715576,17.118000030517578,2.001520872116089,187.63658142089844,85.30346239079444,2.3114176,48.8474891
1705851824520990500,1907.1229904785157,45,1.5,3.8691890239715576,17.325000762939453,2.0392935276031494,187.60638427734375,85.30346239079444,2.3114138,48.8474693
1705851825059288300,1907.6612883300782,45,1.5,3.7266459465026855,17.134000778198242,2.0774362087249756,187.53036499023438,85.42699268803966,2.3114112,48.847456
1705851825576546300,1908.1785463867188,45,1.5,3.7266459465026855,16.844999313354492,2.109891653060913,187.43832397460938,85.42699268803966,2.3114076,48.8474371
1705851826162966000,1908.7649660644531,45,1.5,3.744781017303467,16.899999618530273,2.1430106163024902,187.2766876220703,85.44471234593308,2.3114039,48.8474182
1705851826669357000,1909.2713571777344,45,1.5,3.744781017303467,16.761999130249023,2.173034191131592,187.08609008789062,85.44471234593308,2.3114033,48.8474067
1705851827218521600,1909.820521484375,45,1.5,3.900313138961792,16.80500030517578,2.202935218811035,186.84844970703125,85.38294684219176,2.3114029,48.8473947
1705851827804941600,1910.4069416503905,45,1.5,3.8855936527252197,16.735000610351562,2.2304165363311768,186.6281280517578,85.3247256739948,2.311401,48.8473766
1705851828358643200,1910.9606433105469,45,1.5,3.8855936527252197,16.825000762939453,2.255322217941284,186.390625,85.3247256739948,2.3114007,48.8473648
1705851828860497400,1911.4624973144532,45,1.5,4.250253200531006,16.878000259399414,2.2766692638397217,186.2261962890625,85.31966298266764,2.3113996,48.84735
1705851829456705800,1912.0587058105468,45,1.5,4.250253200531006,16.915000915527344,2.2997777462005615,186.08160400390625,85.31966298266764,2.3113985,48.8473357
1705851829974590000,1912.57658984375,45,1.5,3.815122127532959,16.909000396728516,2.3249378204345703,186.0223388671875,85.19410920774507,2.3113972,48.8473199
1705851830502473200,1913.1044731445313,45,1.5,3.815122127532959,16.996999740600586,2.3458802700042725,186.02137756347656,85.19410920774507,2.3113956,48.8473036
1705851831088893200,1913.6908930664063,45,1.5,2.8314692974090576,17.143999099731445,2.3687028884887695,185.99464416503906,85.00453363032796,2.3113932,48.8472845
1705851831677668600,1914.2796687011719,45,1.5,2.8314692974090576,17.152000427246094,2.3886351585388184,185.8993377685547,85.00453363032796,2.3113921,48.8472731
1705851832261733400,1914.8637333984375,45,1.5,2.392258644104004,17.155000686645508,2.4173223972320557,185.73814392089844,84.34024909793726,2.3113903,48.8472533
1705851832848153300,1915.4501533203124,45,1.5,2.4528398513793945,17.14299964904785,2.4428296089172363,185.61798095703125,84.11091709883917,2.3113886,48.8472369
1705851833434573300,1916.0365732421874,45,1.5,2.4528398513793945,16.951000213623047,2.4677627086639404,185.29830932617188,84.11091709883917,2.3113888,48.8472191
1705851833967060700,1916.5690607910155,45,1.5,2.373763084411621,16.972000122070312,2.494570732116699,185.14358520507812,83.0999984741211,2.3113882,48.8472026
1705851834490129400,1917.0921293945312,45,1.5,2.373763084411621,16.8700008392334,2.5174717903137207,185.02171325683594,83.0999984741211,2.3113874,48.8471854
1705851835076549600,1917.6785495605468,45,1.5,2.691514015197754,17.006999969482422,2.5399675369262695,184.92877197265625,83.0999984741211,2.3113868,48.8471636
1705851835679316200,1918.2813161621093,45,1.5,2.691514015197754,17.148000717163086,2.559309482574463,184.85789489746094,83.0999984741211,2.311387,48.8471509
1705851836757741300,1919.3597412109375,45,1.5,2.0607800483703613,17.101999282836914,2.5768697261810303,184.8172149658203,83.0999984741211,2.3113841,48.8471213
1705851837304946200,1919.9069462890625,45,1.5,2.11865496635437,17.135000228881836,2.6082327365875244,184.80282592773438,83.0999984741211,2.3113829,48.8470978
1705851837891366100,1920.4933662109374,45,1.5,2.0380568504333496,17.163999557495117,2.6359965801239014,184.81834411621094,83.0999984741211,2.3113824,48.8470832
1705851838477786400,1921.079786376953,45,1.5,2.0380568504333496,17.33799934387207,2.655670404434204,184.60366821289062,83.0999984741211,2.3113824,48.8470634
1705851838998485000,1921.600485107422,45,1.5,2.0644664764404297,17.4950008392334,2.67285418510437,184.48440551757812,83.0999984741211,2.3113817,48.8470497
1705851839533342500,1922.1353425292968,45,1.5,2.3116867542266846,17.461000442504883,2.6881110668182373,184.54940795898438,83.0999984741211,2.3113816,48.8470288
1705851840079692800,1922.6816928710937,45,1.5,2.3165547847747803,17.3799991607666,2.703166961669922,184.54627990722656,83.0999984741211,2.3113819,48.8470152
1705851840588898800,1923.1908989257813,45,1.5,2.3165547847747803,17.17799949645996,2.7144529819488525,184.5398406982422,83.0999984741211,2.3113813,48.846997
1705851841175319000,1923.777319091797,45,1.5,2.3962392807006836,17.23900032043457,2.7369112968444824,184.45787048339844,83.0999984741211,2.3113801,48.8469755
1705851841761739300,1924.3637392578125,45,1.5,2.3962392807006836,17.31800079345703,2.757596969604492,184.31832885742188,83.0999984741211,2.3113802,48.8469637
1705851842348159200,1924.9501591796875,45,1.5,1.5910462141036987,17.28499984741211,2.77176833152771,184.1272430419922,81,2.3113807,48.8469427
1705851842934579500,1925.536579345703,45,1.5,1.5910462141036987,17.215999603271484,2.7840912342071533,183.97439575195312,81,2.3113821,48.8469303
1705851843520999700,1926.1229997558594,45,1.5,1.6290384531021118,17.13599967956543,2.7948858737945557,183.9711456298828,81,2.3113818,48.8469092
1705851844078074400,1926.6800744628906,45,1.5,1.6111866235733032,17.014999389648438,2.801082134246826,184.1554412841797,81,2.311381,48.846897
1705851844669357000,1927.2713571777344,45,1.5,1.6111866235733032,17.070999145507812,2.8037126064300537,184.38082885742188,81,2.311379,48.8468755
1705851845278953700,1927.8809536132812,45,1.5,2.4654505252838135,17.099000930786133,2.8057398796081543,184.6237030029297,83.0999984741211,2.3113775,48.8468635
1705851845866680300,1928.4686804199218,45,1.5,2.544295072555542,17.138999938964844,2.8066117763519287,184.75204467773438,83.0999984741211,2.3113751,48.8468456
1705851846438496800,1929.0404968261719,45,1.5,2.544295072555542,17.239999771118164,2.8023157119750977,184.66793823242188,83.0999984741211,2.3113736,48.8468333
1705851846968321000,1929.570321044922,45,1.5,2.7679784297943115,17.17099952697754,2.78680157661438,184.44361877441406,83.0999984741211,2.3113725,48.8468198
1705851847508657000,1930.110656982422,45,1.5,2.7679784297943115,17.28700065612793,2.7691032886505127,184.1040802001953,83.0999984741211,2.3113717,48.8468046
1705851848095077000,1930.6970771484375,45,1.5,2.8010756969451904,17.302000045776367,2.734074831008911,183.68507385253906,83.0999984741211,2.311373,48.8467874
1705851848669357000,1931.2713571777344,45,1.5,2.8010756969451904,17.365999221801758,2.7025814056396484,183.52862548828125,83.0999984741211,2.3113747,48.8467805
1705851849267917600,1931.8699174804688,45,1.5,2.922515869140625,17.440000534057617,2.64750337600708,183.19851684570312,83.0999984741211,2.3113744,48.8467676
1705851849837173000,1932.4391730957032,45,1.5,2.922515869140625,17.510000228881836,2.597712993621826,183.03587341308594,83.0999984741211,2.3113741,48.8467605
1705851850440758000,1933.0427580566407,45,1.5,3.546685218811035,17.534000396728516,2.5586955547332764,182.6104278564453,83.0999984741211,2.3113769,48.8467476
1705851850971475200,1933.5734750976562,45,1.5,3.5732853412628174,17.764999389648438,2.526207447052002,182.22862243652344,83.0999984741211,2.3113792,48.8467418
1705851851496314400,1934.098314453125,45,1.5,4.466641426086426,17.886999130249023,2.490248441696167,181.70437622070312,83.0999984741211,2.3113814,48.8467239
1705851852078214400,1934.6802143554687,45,1.5,4.466641426086426,18.02899932861328,2.4651172161102295,181.64747619628906,83.0999984741211,2.311383,48.8467236
1705851852669154800,1935.2711547851563,45,1.5,4.466641426086426,18.173999786376953,2.4392285346984863,181.71278381347656,83.0999984741211,2.3113838,48.8467098
1705851853255575000,1935.857574951172,45,1.5,4.121722221374512,18.229000091552734,2.4149422645568848,181.6353759765625,83.0999984741211,2.3113843,48.8466987
1705851853841995000,1936.4439951171876,45,1.5,4.121722221374512,18.26300048828125,2.39469575881958,181.48756408691406,83.0999984741211,2.3113855,48.8466939
1705851854428415200,1937.0304152832032,45,1.5,4.139388561248779,18.356000900268555,2.3768317699432373,181.36163330078125,83.0999984741211,2.3113859,48.8466795
1705851854969636900,1937.5716369628906,45,1.5,4.205024242401123,18.295000076293945,2.3576319217681885,181.59230041503906,83.0999984741211,2.3113853,48.8466744
1705851855483977700,1938.0859777832031,45,1.5,4.205024242401123,18.35099983215332,2.337174654006958,181.80201721191406,83.0999984741211,2.3113842,48.8466599
1705851856070397700,1938.672397705078,45,1.5,3.3455865383148193,18.106000900268555,2.3292453289031982,181.92332458496094,83.0999984741211,2.3113841,48.8466534
1705851856656818000,1939.2588178710937,45,1.5,3.3455865383148193,18.011999130249023,2.3201186656951904,182.02169799804688,83.0999984741211,2.3113835,48.8466395
1705851857257909500,1939.8599094238282,45,1.5,2.8654263019561768,17.79599952697754,2.267110586166382,182.02801513671875,83.0999984741211,2.3113826,48.8466341
1705851857829658000,1940.431658203125,45,1.5,2.8654263019561768,17.711999893188477,2.2162859439849854,182.1322479248047,83.0999984741211,2.3113812,48.8466211
1705851858357510700,1940.9595107421876,45,1.5,2.6991841793060303,17.648000717163086,2.196373224258423,182.1256866455078,82.9223379040349,2.3113795,48.8466167
1705851858885214200,1941.487214111328,45,1.5,2.6887223720550537,17.618000030517578,2.1782429218292236,182.2366485595703,82.9000662944922,2.3113779,48.8466066
1705851859476444200,1942.0784440917969,45,1.5,2.6887223720550537,17.542999267578125,2.168527603149414,182.4713592529297,82.9000662944922,2.3113746,48.8465978
1705851860578947000,1943.1809470214844,45,1.5,2.758951425552368,17.270999908447266,2.156492233276367,182.6884765625,82.88083176983528,2.3113714,48.8465789
1705851861113610200,1943.7156103515624,45,1.5,2.7199552059173584,17.190000534057617,2.1194660663604736,181.38711547851562,82.77504266653074,2.3113743,48.8465683
1705851861669357000,1944.2713571777344,45,1.5,2.7199552059173584,17.174999237060547,2.0873284339904785,180.05816650390625,82.77504266653074,2.3113786,48.8465625
1705851862286450200,1944.8884501953125,45,1.5,2.7144432067871094,17.052000045776367,2.078472852706909,178.9500732421875,82.69051356903037,2.3113837,48.8465511
1705851862796990200,1945.398990234375,45,1.5,2.7144432067871094,17.097000122070312,2.0718913078308105,177.875732421875,82.69051356903037,2.3113892,48.846545
1705851863342006000,1945.9440061035157,45,1.5,2.627023696899414,16.881999969482422,2.0745089054107666,177.39169311523438,83.0999984741211,2.3113938,48.8465325
1705851863938085600,1946.5400856933593,45,1.5,2.627023696899414,16.863000869750977,2.0793368816375732,176.9555206298828,83.0999984741211,2.3113972,48.8465249
1705851864514845700,1947.116845703125,45,1.5,1.849101185798645,16.82900047302246,2.1010141372680664,176.88633728027344,81,2.3113995,48.8465094
1705851865038536000,1947.6405358886718,45,1.5,1.8714185953140259,16.9689998626709,2.1308212280273438,176.77789306640625,81,2.3114006,48.8464993
1705851865570401300,1948.1724013671876,45,1.5,1.7871394157409668,17.15999984741211,2.157177686691284,176.60012817382812,81,2.3114028,48.8464796
1705851866137920000,1948.739919921875,45,1.5,1.7871394157409668,17.108999252319336,2.1849350929260254,176.48980712890625,81,2.3114039,48.846472
1705851866669357000,1949.2713571777344,45,1.5,1.7871394157409668,17.155000686645508,2.210188627243042,176.3717041015625,81,2.3114067,48.8464535
1705851867212376600,1949.8143764648437,45,1.5,1.8217350244522095,17.281999588012695,2.2245757579803467,176.42201232910156,81,2.3114072,48.846444
1705851867798796300,1950.4007963867186,45,1.5,1.8217350244522095,17.381000518798828,2.2382397651672363,176.416015625,81,2.3114084,48.8464274
1705851868377810000,1950.9798098144531,45,1.5,1.8308345079421997,17.37700080871582,2.2453949451446533,176.50331115722656,81,2.311408,48.8464177
1705851868971635500,1951.5736354980468,45,1.5,1.8594985008239746,17.525999069213867,2.251856803894043,176.6448211669922,81,2.3114081,48.846404
1705851869478544000,1952.0805439453125,45,1.5,1.8594985008239746,17.409000396728516,2.2462711334228516,176.68360900878906,81,2.3114089,48.8463922
1705851870027190500,1952.6291904296875,45,1.5,1.881877064704895,17.381000518798828,2.240776777267456,176.69032287597656,81,2.311409,48.8463756
1705851870621058800,1953.2230588378907,45,1.5,1.881877064704895,17.33099937438965,2.2357683181762695,176.7334747314453,81,2.3114085,48.8463666
1705851871200029700,1953.8020297851563,45,1.5,1.8985425233840942,17.256000518798828,2.2339389324188232,176.8919677734375,81,2.3114079,48.8463502
1705851871727658200,1954.329658203125,45,1.5,1.8985425233840942,17.18899917602539,2.2324469089508057,177.08335876464844,81,2.3114066,48.8463409
1705851872255584500,1954.8575844726563,45,1.5,1.8922593593597412,17.01799964904785,2.2324514389038086,177.30734252929688,81,2.3114058,48.8463251
1705851872837119000,1955.4391188964844,45,1.5,1.8922593593597412,16.993000030517578,2.233365058898926,177.46983337402344,81,2.3114048,48.8463149
1705851873428423400,1956.0304233398438,45,1.5,1.9173020124435425,16.827999114990234,2.2208049297332764,177.17218017578125,81,2.3114061,48.8462991
1705851873958631000,1956.560630859375,45,1.5,1.9173020124435425,16.937999725341797,2.209786891937256,176.81834411621094,81,2.3114077,48.84629
1705851874483978000,1957.0859780273438,45,1.5,2.024272918701172,17.01799964904785,2.204226493835449,177.01968383789062,81,2.3114077,48.8462746
1705851875058382300,1957.6603823242187,45,1.5,2.7336864471435547,17.045000076293945,2.224632978439331,177.22262573242188,81,2.3114063,48.8462649
1705851875656816400,1958.25881640625,45,1.5,2.7336864471435547,17.145000457763672,2.242990493774414,177.4320068359375,81,2.3114055,48.8462481
1705851876177174500,1958.7791745605468,45,1.5,2.833094596862793,17.14699935913086,2.258305072784424,177.87954711914062,81,2.3114017,48.846238
1705851876712370700,1959.3143706054686,45,1.5,2.833094596862793,17.295000076293945,2.2725398540496826,178.32025146484375,81,2.3113986,48.8462208
1705851877277255400,1959.8792553710937,45,1.5,2.4484710693359375,17.28499984741211,2.261306047439575,178.80825805664062,81,2.3113954,48.8462123
1705851877885208800,1960.4872087402343,45,1.5,1.9882264137268066,17.395000457763672,2.249844551086426,179.34353637695312,81,2.3113919,48.8461973
1705851878471627800,1961.0736276855469,45,1.5,1.9882264137268066,17.4060001373291,2.245318651199341,179.89138793945312,81,2.3113875,48.8461802
1705851879058046700,1961.6600466308594,45,1.5,3.9602253437042236,17.26300048828125,2.249912738800049,180.10964965820312,83.0999984741211,2.3113832,48.8461714
1705851879644465400,1962.2464653320312,45,1.5,3.9602253437042236,17.18400001525879,2.2529492378234863,180.2776336669922,83.0999984741211,2.3113794,48.8461554
1705851880238116900,1962.8401169433594,45,1.5,3.8007988929748535,17.198999404907227,2.258026361465454,180.4495086669922,81,2.311376,48.8461449
1705851880817303000,1963.4193029785156,45,1.5,3.8007988929748535,17.218000411987305,2.2607204914093018,180.7624053955078,81,2.3113727,48.8461278
1705851881337848800,1963.9398488769532,45,1.5,3.5047850608825684,17.266000747680664,2.265666961669922,180.8875732421875,81,2.3113694,48.8461181
1705851881872856600,1964.4748566894532,45,1.5,3.5219199657440186,17.273000717163086,2.270049571990967,180.98446655273438,81,2.3113658,48.8461026
1705851882459275000,1965.0612749023437,45,1.5,3.5219199657440186,17.341999053955078,2.2641537189483643,181.07579040527344,81,2.3113608,48.8460846
1705851882970123800,1965.5721237792968,45,1.5,3.632438898086548,17.368999481201172,2.26257586479187,181.30642700195312,81,2.3113569,48.8460796
1705851883514828300,1966.1168283691406,45,1.5,3.632438898086548,17.385000228881836,2.2604973316192627,181.44815063476562,81,2.3113533,48.8460665
1705851884101246700,1966.7032468261718,45,1.5,3.349043369293213,17.533000946044922,2.261598587036133,181.47007751464844,81,2.31135,48.8460489
1705851884658399500,1967.2603994140625,45,1.5,3.349043369293213,17.583999633789062,2.2628026008605957,181.47596740722656,81,2.3113477,48.8460401
1705851885274083300,1967.876083251953,45,1.5,3.17445969581604,17.68400001525879,2.261016607284546,181.20811462402344,81,2.3113459,48.8460239
1705851885860501500,1968.4625014648439,45,1.5,2.957918405532837,17.701000213623047,2.25980806350708,180.86732482910156,81,2.3113457,48.8460116
1705851886446919700,1969.0489196777344,45,1.5,2.957918405532837,17.591999053955078,2.259305715560913,180.60984802246094,81,2.3113456,48.8459997
1705851886969653000,1969.571653076172,45,1.5,2.9539458751678467,17.648000717163086,2.2594311237335205,180.29466247558594,81,2.3113461,48.8459889
1705851887502472200,1970.1044721679687,45,1.5,3.067554235458374,17.71500015258789,2.2570128440856934,179.9520721435547,81,2.3113468,48.8459688
1705851888088890000,1970.6908901367187,45,1.5,3.067554235458374,17.676000595092773,2.259922981262207,179.84519958496094,81,2.3113467,48.8459601
1705851888669357000,1971.2713571777344,45,1.5,3.067554235458374,17.701000213623047,2.2635180950164795,179.68946838378906,81,2.311347,48.8459505
1705851889261726000,1971.8637258300782,45,1.5,2.234692096710205,17.746999740600586,2.2655842304229736,179.65011596679688,81,2.3113466,48.8459337
1705851889816304400,1972.4183044433594,45,1.5,2.234692096710205,17.763999938964844,2.267834186553955,179.5033416748047,81,2.3113469,48.8459244
1705851890317278000,1972.9192778320312,45,1.5,2.233360528945923,17.93400001525879,2.276106595993042,179.17800903320312,81,2.3113466,48.8459077
1705851890903696000,1973.5056958007813,45,1.5,2.2379698753356934,18.014999389648438,2.2819252014160156,178.64810180664062,81,2.311347,48.8458976
1705851891490113300,1974.09211328125,45,1.5,2.2379698753356934,18.166000366210938,2.2713520526885986,177.32781982421875,81,2.3113505,48.8458824
1705851892018705700,1974.6207055664063,45,1.5,2.130756378173828,18.21299934387207,2.2731199264526367,176.67648315429688,81,2.3113533,48.8458737
1705851892545665000,1975.1476650390625,45,1.5,2.130756378173828,18.268999099731445,2.2730202674865723,175.9874725341797,81,2.3113573,48.8458567
1705851893136978700,1975.7389787597656,45,1.5,2.1565046310424805,18.302000045776367,2.271165370941162,175.6992645263672,81,2.3113569,48.8458479
1705851893669357000,1976.2713571777344,45,1.5,2.1565046310424805,18.454999923706055,2.269324779510498,175.93328857421875,81,2.3113566,48.8458314
1705851894187634000,1976.7896340332031,45,1.5,1.1840636730194092,18.422000885009766,2.282329797744751,175.8237762451172,81,2.3113564,48.8458204
1705851894774051300,1977.3760512695312,45,1.5,1.182046890258789,18.413000106811523,2.294193744659424,175.84913635253906,81,2.3113567,48.8458042
1705851895378982400,1977.980982421875,45,1.5,1.182046890258789,18.354999542236328,2.3239800930023193,175.9022979736328,81,2.3113557,48.8457907
1705851895946886000,1978.548885986328,45,1.5,1.1879425048828125,18.236000061035156,2.3515594005584717,176.04417419433594,81,2.3113552,48.8457741
1705851896518746000,1979.12074609375,45,1.5,1.1879425048828125,18.309999465942383,2.3705830574035645,175.95919799804688,81,2.311356,48.8457586
1705851897119720400,1979.7217204589845,45,1.5,1.2113312482833862,18.371999740600586,2.3940329551696777,175.71734619140625,81,2.3113583,48.8457369
1705851897669357000,1980.2713571777344,45,1.5,1.2113312482833862,18.322999954223633,2.411565065383911,175.2233123779297,81,2.3113621,48.8457162
1705851898175271200,1980.7772712402343,45,1.5,1.2248263359069824,18.319000244140625,2.4317023754119873,174.7745819091797,81,2.3113647,48.8457038
1705851898737311700,1981.3393117675782,45,1.5,1.2248263359069824,18.378999710083008,2.447650909423828,174.17501831054688,81,2.3113681,48.8456905
1705851899348105200,1981.9501052246094,45,1.5,1.2441834211349487,18.211999893188477,2.4644339084625244,173.53758239746094,81,2.3113744,48.8456686
1705851899934522000,1982.5365222167968,45,1.5,1.2403048276901245,18.042999267578125,2.478131055831909,172.8188018798828,81,2.3113807,48.845652
1705851900520939000,1983.1229389648438,45,1.5,1.2403048276901245,18.132999420166016,2.4826204776763916,171.96351623535156,81,2.3113874,48.8456358
1705851901107355600,1983.7093557128906,45,1.5,1.2286098003387451,17.979000091552734,2.445600748062134,170.28787231445312,81,2.3113967,48.8456189
1705851901669357000,1984.2713571777344,45,1.5,1.2257418632507324,17.743999481201172,2.405829668045044,168.4282684326172,81,2.3114076,48.8456053
1705851902280189400,1984.882189453125,45,1.5,1.2257418632507324,17.62700080871582,2.391371011734009,166.53744506835938,81,2.3114175,48.8455935
1705851902818556400,1985.4205563964845,45,1.5,1.2257418632507324,17.586999893188477,2.3752493858337402,164.40011596679688,81,2.311428,48.8455847
1705851903335739400,1985.937739501953,45,1.5,2.044983148574829,17.445999145507812,2.335353374481201,162.25730895996094,81,2.3114417,48.8455701
1705851903922156000,1986.5241560058594,45,1.5,2.044983148574829,17.334999084472656,2.291668653488159,159.94375610351562,81,2.3114538,48.8455629
1705851904508572700,1987.1105727539064,45,1.5,2.122173547744751,17.533000946044922,2.2588109970092773,158.22740173339844,81,2.3114663,48.8455493
1705851905060244500,1987.6622443847657,45,1.5,2.116201877593994,17.832000732421875,2.228766918182373,156.8858642578125,81,2.3114739,48.8455392
1705851905564122400,1988.166122314453,45,1.5,2.116201877593994,17.905000686645508,2.1918299198150635,155.27285766601562,81,2.3114856,48.8455255
1705851906138498000,1988.740498046875,45,1.5,1.7214351892471313,17.965999603271484,1.7070692777633667,148.10772705078125,81,2.311491,48.8455301
1705851906669357000,1989.2713571777344,45,1.5,1.7214351892471313,18.101999282836914,1.3720778226852417,139.5636749267578,81,2.3115024,48.8455279
1705851907206088400,1989.8080883789062,45,1.5,1.481342077255249,18.275999069213867,1.342448353767395,136.93038940429688,81,2.3115082,48.8455241
1705851907792504800,1990.3945048828125,45,1.5,1.4794206619262695,18.51799964904785,1.3004350662231445,134.16673278808594,81,2.311518,48.8455201
1705851908378921200,1990.9809211425782,45,1.5,1.4794206619262695,18.530000686645508,1.2421574592590332,131.45091247558594,81,2.3115225,48.8455197
1705851908965337600,1991.5673376464845,45,1.5,1.4533181190490723,18.628000259399414,1.1780575513839722,128.43870544433594,81,2.3115289,48.8455211
1705851909518523400,1992.1205234375,45,1.5,1.4533181190490723,18.538999557495117,1.1409953832626343,124.83800506591797,81,2.3115355,48.8455223
1705851910020886800,1992.62288671875,45,1.5,1.417954444885254,18.426000595092773,1.0882713794708252,121.09150695800781,81,2.3115421,48.8455231
1705851910607303200,1993.2093032226562,45,1.5,1.417954444885254,18.395999908447266,1.0439972877502441,117.020751953125,81,2.3115452,48.8455272
1705851911193719300,1993.7957192382812,45,1.5,1.42207670211792,18.139999389648438,0.9845979809761047,112.88386535644531,81,2.3115516,48.8455302
1705851911778822700,1994.3808227539062,45,1.5,1.42207670211792,18.038999557495117,0.9348064064979553,108.3159408569336,81,2.3115543,48.8455357
1705851912366551800,1994.9685517578125,45,1.5,1.4029731750488281,17.917999267578125,0.8821803331375122,104.46819305419922,81,2.3115586,48.8455401
1705851912897412600,1995.4994125976561,45,1.5,1.4029731750488281,17.902000427246094,0.8373051285743713,100.27245330810547,81,2.3115594,48.8455461
1705851913422100700,1996.0241008300782,45,1.5,1.3818714618682861,17.735000610351562,0.8321221470832825,94.98543548583984,81,2.3115654,48.8455507
1705851913998715400,1996.6007153320313,45,1.5,1.3818714618682861,17.63599967956543,0.8313538432121277,89.68498992919922,81,2.3115679,48.8455573
1705851914594933000,1997.1969331054688,45,1.5,1.3507016897201538,17.65399932861328,0.836410641670227,84.39128875732422,81,2.3115752,48.8455634
1705851915098229000,1997.7002290039063,45,1.5,1.343794345855713,17.624000549316406,0.8225371241569519,79.41069793701172,81,2.3115773,48.8455683
1705851915650487800,1998.2524877929689,45,1.5,1.343794345855713,17.535999298095703,0.8086108565330505,74.08243560791016,81,2.3115832,48.845575
1705851916236904000,1998.8389040527343,45,1.5,1.405762791633606,17.639999389648438,0.8222461342811584,67.09558868408203,81,2.3115875,48.8455829
1705851916823319800,1999.4253198242188,45,1.5,1.405762791633606,17.83300018310547,0.8435945510864258,60.53998947143555,81,2.3115883,48.845591
1705851917336491300,1999.9384912109374,45,1.5,1.3963119983673096,17.761999130249023,0.8775134086608887,55.12348175048828,81,2.3115907,48.8456
1705851917878868700,2000.4808686523438,45,1.5,1.3920416831970215,17.660999298095703,0.9171580672264099,50.11859130859375,81,2.3115951,48.8456115
1705851918457906400,2001.0599064941407,45,1.5,1.3920416831970215,17.68400001525879,0.9526511430740356,46.57350158691406,81,2.3115986,48.8456209
1705851918970214000,2001.5722138671874,45,1.5,1.3895173072814941,17.746000289916992,0.9769378304481506,42.665916442871094,81,2.3116027,48.8456292
1705851919520833300,2002.1228332519531,45,1.5,1.3895173072814941,17.874000549316406,1.0037388801574707,38.96761703491211,81,2.3116066,48.8456387
1705851920107249400,2002.7092495117188,45,1.5,1.369847059249878,17.95800018310547,1.0327248573303223,35.85554504394531,81,2.3116112,48.8456497
1705851920669357000,2003.2713571777344,45,1.5,1.369847059249878,17.94300079345703,1.063869595527649,33.073551177978516,81,2.3116133,48.8456591
1705851921280081200,2003.8820810546874,45,1.5,1.2639000415802002,17.988000869750977,1.099440097808838,30.44253158569336,81,2.3116166,48.8456713
1705851921798047000,2004.400046875,45,1.5,1.2639000415802002,17.993999481201172,1.1356407403945923,28.218902587890625,81,2.311617,48.8456806
1705851922335629800,2004.9376298828124,45,1.5,1.2878141403198242,18.04800033569336,1.1685770750045776,25.769214630126953,81,2.3116194,48.8456919
1705851922897749200,2005.4997492675782,45,1.5,1.2878141403198242,18.108999252319336,1.2018879652023315,23.530296325683594,81,2.3116186,48.8457005
1705851923508461600,2006.110461669922,45,1.5,1.1918350458145142,18.236000061035156,1.2416785955429077,21.79114532470703,81,2.311621,48.8457149
1705851924017547500,2006.619547607422,45,1.5,1.1845217943191528,18.231000900268555,1.2753593921661377,20.71429443359375,81,2.3116211,48.8457236
1705851924564010000,2007.1660100097656,45,1.5,1.1845217943191528,18.229000091552734,1.3089244365692139,19.731586456298828,81,2.3116238,48.845737
1705851925138123500,2007.7401235351563,45,1.5,1.1910204887390137,18.132999420166016,1.3427693843841553,18.3928165435791,81,2.3116231,48.8457461
1705851925669357000,2008.2713571777344,45,1.5,1.1910204887390137,18.076000213623047,1.3758443593978882,17.16165542602539,81,2.3116241,48.8457596
1705851926205974300,2008.8079743652345,45,1.5,1.204994797706604,18.100000381469727,1.4040807485580444,15.807622909545898,81,2.3116226,48.8457696
1705851926792390100,2009.3943901367188,45,1.5,1.204994797706604,18.145000457763672,1.432183861732483,14.48405647277832,81,2.3116218,48.8457838
1705851927356811000,2009.9588110351563,45,1.5,1.234019160270691,18.170000076293945,1.4626340866088867,13.637116432189941,81,2.3116204,48.8457934
1705851927965222000,2010.5672219238281,45,1.5,1.224549651145935,18.145000457763672,1.4928902387619019,12.907614707946777,81,2.3116204,48.8458066
1705851928498942000,2011.1009418945312,45,1.5,1.224549651145935,18.158000946044922,1.5298993587493896,12.445354461669922,81,2.3116213,48.8458199
1705851929020770300,2011.6227702636718,45,1.5,1.1995316743850708,18.201000213623047,1.5625170469284058,12.023411750793457,81,2.3116227,48.8458352
1705851929577806800,2012.1798068847656,45,1.5,1.1995316743850708,18.236000061035156,1.5935336351394653,11.65469741821289,81,2.3116229,48.8458453
1705851930193601800,2012.7956018066407,45,1.5,1.2168450355529785,18.30299949645996,1.6256927251815796,11.827590942382812,81,2.3116257,48.8458609
1705851930723352600,2013.3253525390626,45,1.5,1.2168450355529785,18.299999237060547,1.6560591459274292,12.066646575927734,81,2.3116281,48.8458717
1705851931249150000,2013.8511499023436,45,1.5,1.3123117685317993,18.187000274658203,1.690468430519104,11.870377540588379,81,2.311632,48.8458881
1705851931835565800,2014.4375659179686,45,1.5,2.020036458969116,18.0049991607666,1.7222334146499634,11.739713668823242,81,2.3116355,48.8459007
1705851932421981400,2015.0239814453125,45,1.5,2.020036458969116,17.993000030517578,1.7505643367767334,11.32651138305664,81,2.3116373,48.8459147
1705851932938383000,2015.5403830566406,45,1.5,2.020036458969116,18.065000534057617,1.7771999835968018,10.963665008544922,81,2.3116384,48.8459249
1705851933477529900,2016.0795297851562,45,1.5,1.9976800680160522,17.940000534057617,1.8029146194458008,9.774188041687012,81,2.3116377,48.8459414
1705851934037038600,2016.6390385742188,45,1.5,1.6373542547225952,18.12700080871582,1.829726219177246,9.106892585754395,81,2.3116369,48.8459512
1705851934650361000,2017.2523610839844,45,1.5,1.6373542547225952,18.246999740600586,1.856081247329712,8.464681625366211,81,2.3116372,48.8459675
1705851935158588200,2017.7605881347656,45,1.5,1.2360224723815918,18.21299934387207,1.8662590980529785,8.150771141052246,81,2.3116359,48.8459767
1705851935669357000,2018.2713571777344,45,1.5,1.2360224723815918,18.148000717163086,1.8754397630691528,7.839500427246094,81,2.3116356,48.8459915
1705851936175041800,2018.777041748047,45,1.5,1.4681966304779053,18.172000885009766,1.8910362720489502,8.301403999328613,81,2.3116375,48.8460003
1705851936761457400,2019.3634575195313,45,1.5,1.451796293258667,18.676000595092773,1.905829668045044,8.771486282348633,81,2.3116411,48.8460146
1705851937347873000,2019.949873046875,45,1.5,1.451796293258667,18.591999053955078,1.9193506240844727,8.876154899597168,81,2.3116415,48.846023
1705851937934288600,2020.5362885742188,45,1.5,1.410993218421936,18.50200080871582,1.9331129789352417,8.992340087890625,81,2.3116431,48.8460345
1705851938519211500,2021.1212114257812,45,1.5,1.410993218421936,18.426000595092773,1.945652961730957,9.287029266357422,81,2.3116469,48.8460459
1705851939107120000,2021.7091201171875,45,1.5,1.4078333377838135,18.384000778198242,1.9553477764129639,8.990280151367188,81,2.3116495,48.8460601
1705851939637297200,2022.2392971191407,45,1.5,1.4078333377838135,18.447999954223633,1.965343952178955,8.726982116699219,81,2.3116508,48.8460694
1705851940162668000,2022.76466796875,45,1.5,1.4065109491348267,18.332000732421875,1.986788272857666,8.585821151733398,81,2.3116542,48.8460846
1705851940669357000,2023.2713571777344,45,1.5,1.4065109491348267,18.343000411987305,2.006883144378662,8.472609519958496,81,2.3116554,48.8460932
1705851941218216200,2023.8202163085937,45,1.5,1.386376142501831,18.35099983215332,2.0146806240081787,8.3157320022583,81,2.3116597,48.8461087
1705851941804631800,2024.4066318359376,45,1.5,1.386376142501831,18.315000534057617,2.022362232208252,8.108203887939453,81,2.3116617,48.8461182
1705851942391047200,2024.9930471191406,45,1.5,1.3672192096710205,18.38599967956543,2.0311601161956787,8.100617408752441,81,2.3116645,48.8461333
1705851942977778400,2025.5797783203125,45,1.5,1.3672192096710205,18.558000564575195,2.040400743484497,8.104696273803711,81,2.3116658,48.8461419
1705851943563878400,2026.1658784179688,45,1.5,1.3355308771133423,18.55900001525879,2.057426929473877,8.2118558883667,81,2.3116713,48.8461595
1705851944118761200,2026.7207612304687,45,1.5,1.3195501565933228,18.469999313354492,2.0722475051879883,8.319223403930664,81,2.3116752,48.8461693
1705851944619426300,2027.2214262695313,45,1.5,1.3195501565933228,18.29599952697754,2.0857954025268555,8.422442436218262,81,2.3116806,48.8461855
1705851945217902800,2027.8199028320312,45,1.5,1.356687307357788,18.208999633789062,2.09806752204895,8.682381629943848,81,2.3116836,48.8461957
1705851945792257500,2028.3942575683593,45,1.5,1.356687307357788,18.013999938964844,2.1101672649383545,8.933684349060059,81,2.311689,48.846213
1705851946338539500,2028.9405395507813,45,1.5,1.3808180093765259,17.993000030517578,2.129725217819214,9.128474235534668,81,2.3116921,48.8462231
1705851946847806000,2029.4498059082032,45,1.5,1.3730130195617676,18.00200080871582,2.147923707962036,9.317166328430176,81,2.3116967,48.8462374
1705851947434221600,2030.0362216796875,45,1.5,1.3730130195617676,17.89900016784668,2.1781442165374756,9.125323295593262,81,2.3116994,48.8462535
1705851947966831600,2030.5688315429688,45,1.5,1.3677700757980347,17.704999923706055,2.214991331100464,8.772239685058594,81,2.3117026,48.8462707
1705851948489770000,2031.0917700195312,45,1.5,1.3677700757980347,17.492000579833984,2.2489776611328125,8.434198379516602,81,2.3117059,48.8462895
1705851949076185900,2031.6781857910157,45,1.5,1.3600538969039917,17.510000228881836,2.2859976291656494,8.162446022033691,81,2.3117094,48.8463119
1705851949662601700,2032.2646018066407,45,1.5,1.3600538969039917,17.590999603271484,2.3200979232788086,7.903266429901123,81,2.3117112,48.8463267
1705851950249017600,2032.851017578125,45,1.5,1.2900692224502563,17.55900001525879,2.3427131175994873,7.944755554199219,81,2.3117154,48.8463478
1705851950819572700,2033.4215727539063,45,1.5,1.2900692224502563,17.55299949645996,2.3628714084625244,8.010231971740723,81,2.3117183,48.8463609
1705851951421849600,2034.023849609375,45,1.5,1.3123865127563477,17.6200008392334,2.3804140090942383,8.48859977722168,81,2.3117243,48.8463824
1705851951937721000,2034.5397211914062,45,1.5,1.3123865127563477,17.690000534057617,2.396275758743286,8.932409286499023,81,2.3117282,48.8463949
1705851952477398500,2035.0793984375,45,1.5,1.1864515542984009,17.75,2.4198875427246094,8.912836074829102,81,2.3117328,48.8464153
1705851953078501000,2035.680501220703,45,1.5,1.1754978895187378,17.80500030517578,2.424882173538208,8.89126968383789,80.61614884797076,2.3117352,48.8464274
1705851953650230500,2036.25223046875,45,1.5,1.1754978895187378,17.868999481201172,2.428590774536133,8.867959976196289,80.61614884797076,2.3117395,48.8464473
1705851954197555500,2036.799555419922,45,1.5,1.1804324388504028,17.91900062561035,2.423492908477783,8.781881332397461,80.63841774398036,2.3117418,48.8464579
1705851954705779200,2037.307779296875,45,1.5,1.1804324388504028,18.013999938964844,2.4173500537872314,8.728485107421875,80.63841774398036,2.3117457,48.8464759
1705851955292195000,2037.8941950683593,45,1.5,1.2034369707107544,17.989999771118164,2.384460210800171,8.105155944824219,80.59843499530903,2.311745,48.8464854
1705851955878611000,2038.4806108398438,45,1.5,1.1989045143127441,18.097000122070312,2.3539092540740967,7.542316913604736,80.50784187205812,2.3117452,48.8464999
1705851956438096100,2039.0400961914063,45,1.5,1.1989045143127441,18.075000762939453,2.3365559577941895,7.1068434715271,80.50784187205812,2.3117454,48.8465102
1705851956974666000,2039.576666015625,45,1.5,1.2058026790618896,18.06399917602539,2.3166165351867676,6.404801845550537,80.38992043415148,2.311746,48.846521
1705851957520575700,2040.1225756835938,45,1.5,1.2058026790618896,18.058000564575195,2.2978384494781494,5.664757251739502,80.38992043415148,2.311746,48.8465335
1705851958106991600,2040.7089916992188,45,1.5,1.1988426446914673,18.145000457763672,2.2722699642181396,5.156618118286133,80.38992043415148,2.3117457,48.8465463
1705851958669357000,2041.2713571777344,45,1.5,1.1988426446914673,18.191999435424805,2.250560998916626,4.691170692443848,80.38992043415148,2.3117441,48.8465525
1705851959279823600,2041.8818237304688,45,1.5,1.2195802927017212,18.177000045776367,2.232241630554199,4.31999397277832,80.38789604614571,2.3117427,48.8465662
1705851959837537500,2042.4395375976562,45,1.5,1.2195802927017212,18.18600082397461,2.2156169414520264,3.972198247909546,80.38789604614571,2.3117407,48.8465737
1705851960978937000,2043.5809370117188,45,1.5,1.3191667795181274,18.235000610351562,2.196915626525879,3.717761993408203,80.42838389836263,2.3117401,48.846595
1705851961508204300,2044.110204345703,45,1.5,2.027465581893921,18.261999130249023,2.1819841861724854,3.48685884475708,80.45166450119686,2.3117398,48.8466092
1705851962097595000,2044.6995949707032,45,1.5,2.03153657913208,18.243000030517578,2.165928363800049,2.813957452774048,80.45166450119686,2.3117379,48.8466142
1705851962669357000,2045.2713571777344,45,1.5,2.03153657913208,18.235000610351562,2.1504244804382324,2.0766947269439697,80.45166450119686,2.3117354,48.8466266
1705851963196599600,2045.798599609375,45,1.5,1.998940348625183,18.246000289916992,2.146726369857788,1.6472599506378174,80.45166450119686,2.3117337,48.8466343
1705851963736585000,2046.3385849609374,45,1.5,1.998940348625183,18.281999588012695,2.143087387084961,1.2446469068527222,80.45166450119686,2.3117321,48.8466495
1705851964318807800,2046.920807861328,45,1.5,1.2359766960144043,18.319000244140625,2.1526598930358887,1.4805060625076294,80.45166450119686,2.3117318,48.8466571
1705851964909417200,2047.511417236328,45,1.5,1.4547863006591797,18.481000900268555,2.1618196964263916,1.7291417121887207,80.45166450119686,2.3117323,48.8466701
1705851965478696200,2048.0806962890624,45,1.5,1.4547863006591797,18.52199935913086,2.1666505336761475,2.1331136226654053,80.45166450119686,2.3117316,48.8466832
1705851966082249200,2048.6842492675783,45,1.5,1.4790892601013184,18.368000030517578,2.1739110946655273,2.5840330123901367,80.40560945762925,2.3117321,48.8466992
1705851966668665300,2049.270665283203,45,1.5,1.4790892601013184,18.35099983215332,2.1801271438598633,3.10567045211792,80.40560945762925,2.3117339,48.8467162
1705851967255081500,2049.857081542969,45,1.5,1.428552508354187,18.316999435424805,2.2008233070373535,2.880852460861206,80.40560945762925,2.3117311,48.8467283
1705851967841497600,2050.4434975585937,45,1.5,1.4291998147964478,18.28499984741211,2.2208571434020996,2.6329376697540283,80.31754886409828,2.311729,48.8467468
1705851968376718800,2050.97871875,45,1.5,1.4291998147964478,18.197999954223633,2.233693838119507,2.522207021713257,80.31754886409828,2.3117275,48.8467585
1705851968897046500,2051.4990466308595,45,1.5,1.4235823154449463,18.05500030517578,2.244701623916626,2.408780097961426,80.29275035674777,2.3117264,48.8467733
1705851969499165400,2052.1011655273437,45,1.5,1.4235823154449463,17.94499969482422,2.2564783096313477,2.540048837661743,80.29275035674777,2.3117274,48.8467881
1705851970069879000,2052.671879150391,45,1.5,1.386961579322815,17.582000732421875,2.2707154750823975,2.7803001403808594,80.336780409678,2.3117291,48.8468082
1705851970637537000,2053.239537109375,45,1.5,1.386961579322815,17.297000885009766,2.2845001220703125,3.032046318054199,80.336780409678,2.3117306,48.84682
1705851971242711300,2053.844711181641,45,1.5,1.3672560453414917,17.19300079345703,2.3046720027923584,3.173344373703003,80.33171947238898,2.311733,48.8468408
1705851971829127700,2054.431127685547,45,1.5,1.3442564010620117,17.03700065612793,2.3224573135375977,3.3878250122070312,80.33171947238898,2.3117363,48.8468579
1705851972415543800,2055.0175437011717,45,1.5,1.3442564010620117,16.972999572753906,2.3394227027893066,3.416234254837036,80.33171947238898,2.3117374,48.8468752
1705851972916341000,2055.518341064453,45,1.5,1.3442564010620117,16.94099998474121,2.354313850402832,3.4220540523529053,80.33171947238898,2.3117379,48.8468887
1705851973471093000,2056.0730930175782,45,1.5,1.3363654613494873,16.80699920654297,2.367154121398926,3.482008218765259,80.39700579598731,2.3117406,48.8469086
1705851974037965800,2056.6399658203127,45,1.5,1.3599085807800293,16.753999710083008,2.3818349838256836,3.514265298843384,80.45672551029666,2.3117424,48.8469215
1705851974643925500,2057.2459255371095,45,1.5,1.3599085807800293,16.73699951171875,2.3953490257263184,3.5656628608703613,80.45672551029666,2.3117449,48.8469413
1705851975230342000,2057.832341796875,45,1.5,1.3869613409042358,16.643999099731445,2.4111266136169434,3.4865493774414062,80.49569538185963,2.3117489,48.8469633
1705851975816764000,2058.4187639160155,45,1.5,1.378532886505127,16.52899932861328,2.4240522384643555,3.4261467456817627,80.51290291479204,2.3117519,48.8469779
1705851976403180300,2059.0051801757813,45,1.5,1.378532886505127,16.545000076293945,2.45050311088562,3.4996800422668457,80.51290291479204,2.3117535,48.8469965
1705851976977367800,2059.579367919922,45,1.5,1.378532886505127,16.606000900268555,2.474738836288452,3.5869638919830322,80.51290291479204,2.3117549,48.8470093
1705851977576013000,2060.1780129394533,45,1.5,1.374290943145752,16.652999877929688,2.482304096221924,3.4949493408203125,80.5341593273617,2.3117559,48.8470309
1705851978138880300,2060.7408803710937,45,1.5,1.3729262351989746,16.714000701904297,2.4943413734436035,3.598721981048584,80.51644564650785,2.3117596,48.8470445
1705851978669357000,2061.2713571777344,45,1.5,1.3729262351989746,16.709999084472656,2.5037543773651123,3.743372678756714,80.51644564650785,2.3117634,48.8470636
1705851979217979000,2061.8199787597655,45,1.5,1.285831332206726,16.600000381469727,2.513198137283325,3.8989782333374023,80.47998281524536,2.3117656,48.8470766
1705851979804395300,2062.406395263672,45,1.5,1.285831332206726,16.503000259399414,2.521728515625,4.067680358886719,80.47998281524536,2.3117689,48.8470969
1705851980378934300,2062.980934326172,45,1.5,1.3121495246887207,16.523000717163086,2.5323293209075928,4.177312850952148,80.49921490198955,2.3117723,48.8471092
1705851980977228000,2063.5792280273436,45,1.5,1.189663052558899,16.820999145507812,2.541987657546997,4.244894027709961,80.57464788012686,2.3117761,48.8471256
1705851981497600800,2064.099600830078,45,1.5,1.189663052558899,16.902999877929688,2.5462608337402344,4.455446243286133,80.57464788012686,2.3117792,48.8471398
1705851982032777500,2064.6347775878908,45,1.5,1.181125521659851,16.979999542236328,2.5539870262145996,4.428306579589844,80.61716106924396,2.311783,48.8471584
1705851982578226000,2065.180225830078,45,1.5,1.181125521659851,17.06599998474121,2.5621049404144287,4.323001861572266,80.61716106924396,2.3117851,48.8471686
1705851983088327000,2065.690326904297,45,1.5,1.1754560470581055,17.06100082397461,2.5681424140930176,4.207651138305664,80.61716106924396,2.3117875,48.847188
1705851983669357000,2066.2713571777344,45,1.5,1.1754560470581055,17.12299919128418,2.5742104053497314,4.142946720123291,80.61716106924396,2.3117891,48.8471985
1705851984261160000,2066.8631599121095,45,1.5,1.2087739706039429,17.30699920654297,2.573349714279175,4.109097003936768,80.55693411442988,2.3117921,48.8472183
1705851984838036200,2067.4400361328126,45,1.5,1.2087739706039429,17.32200050354004,2.573462963104248,4.087062835693359,80.55693411442988,2.3117939,48.8472292
1705851985433992700,2068.0359926757815,45,1.5,1.2155768871307373,17.48200035095215,2.582648277282715,3.9699392318725586,80.48860993730375,2.311796,48.8472488
1705851985956893200,2068.558893066406,45,1.5,1.2155768871307373,17.535999298095703,2.5907704830169678,3.8150856494903564,80.48860993730375,2.311797,48.8472599
1705851986489542400,2069.091542480469,45,1.5,1.2359265089035034,17.61199951171875,2.595778226852417,3.6846795082092285,80.39852408858212,2.3117999,48.8472796
1705851987057137200,2069.659137207031,45,1.5,1.225625991821289,17.621000289916992,2.602965831756592,3.669642448425293,80.39852408858212,2.311802,48.8472903
1705851987662375400,2070.264375488281,45,1.5,1.225625991821289,17.62700080871582,2.6093571186065674,3.6428370475769043,80.39852408858212,2.3118049,48.8473106
1705851988198071600,2070.800071533203,45,1.5,1.2018779516220093,17.607999801635742,2.6193747520446777,3.6957733631134033,80.34589010443497,2.3118075,48.8473227
1705851988717925000,2071.3199250488283,45,1.5,1.2018779516220093,17.624000549316406,2.6270124912261963,3.8683695793151855,80.34589010443497,2.3118106,48.8473425
1705851989277526500,2071.879526611328,45,1.5,1.3168103694915771,17.555999755859375,2.630760431289673,4.076049327850342,80.3843533683033,2.3118137,48.847353
1705851989890758100,2072.4927580566405,45,1.5,1.3170697689056396,17.510000228881836,2.6326398849487305,4.359534740447998,80.29477472196832,2.3118186,48.8473709
1705851990419006700,2073.0210068359374,45,1.5,1.3170697689056396,17.527000427246094,2.638824701309204,4.403722763061523,80.29477472196832,2.3118215,48.8473837
1705851990946308000,2073.5483081054685,45,1.5,2.0346593856811523,17.461999893188477,2.6431148052215576,4.3242998123168945,80.29477472196832,2.3118249,48.847398
1705851991518093000,2074.1200930175783,45,1.5,2.0346593856811523,17.483999252319336,2.6489503383636475,4.400139808654785,80.29477472196832,2.3118266,48.8474133
1705851992119141400,2074.721141357422,45,1.5,1.6552523374557495,17.507999420166016,2.655592918395996,4.280386924743652,80.25934840060947,2.3118284,48.8474343
1705851992678589200,2075.280589111328,45,1.5,1.6552523374557495,17.56100082397461,2.662677764892578,4.159022808074951,80.25934840060947,2.3118291,48.8474464
1705851993291974700,2075.893974609375,45,1.5,1.241843819618225,17.56399917602539,2.664106845855713,4.018301963806152,80.23100745041668,2.3118308,48.8474651
1705851993878391300,2076.480391357422,45,1.5,1.4612393379211426,17.584999084472656,2.665148973464966,3.8480734825134277,80.23100745041668,2.311832,48.8474793
1705851994464808000,2077.066807861328,45,1.5,1.4612393379211426,17.70400047302246,2.6693780422210693,3.7789952754974365,80.23100745041668,2.3118327,48.8474953
1705851994966712000,2077.568712158203,45,1.5,1.4856668710708618,17.631999969482422,2.67931866645813,3.7435731887817383,80.22948918790937,2.3118332,48.8475067
1705851995520358000,2078.122357910156,45,1.5,1.4856668710708618,17.628999710083008,2.6883463859558105,3.754072666168213,80.22948918790937,2.3118345,48.8475251
1705851996040036600,2078.6420366210937,45,1.5,1.453208327293396,17.562000274658203,2.6908390522003174,3.7151172161102295,80.20823354143789,2.3118351,48.8475348
1705851996575908000,2079.177908203125,45,1.5,1.453208327293396,17.486000061035156,2.692584753036499,3.6188528537750244,80.20823354143789,2.3118363,48.8475532
1705851997158811000,2079.7608107910155,45,1.5,1.4430181980133057,17.47599983215332,2.6947104930877686,3.5428524017333984,80.16622849248893,2.3118366,48.8475641
1705851997669357000,2080.2713571777344,45,1.5,1.4430181980133057,17.374000549316406,2.6949939727783203,3.419377088546753,80.16622849248893,2.3118375,48.8475827
1705851998217875000,2080.819875,45,1.5,1.4216059446334839,17.468000411987305,2.6956419944763184,3.3134498596191406,80.16066157395443,2.3118382,48.8475925
1705851998804291800,2081.406291748047,45,1.5,1.4216059446334839,17.510000228881836,2.695420980453491,3.1483118534088135,80.16066157395443,2.3118393,48.8476112
1705851999356634400,2081.9586342773437,45,1.5,1.4018760919570923,17.523000717163086,2.697434902191162,3.0572128295898438,80.08474941434201,2.31184,48.8476208
1705851999859842000,2082.4618420410156,45,1.5,1.3868968486785889,17.590999603271484,2.6983165740966797,3.0152463912963867,80.10094395119069,2.3118415,48.8476358
1705852000458478600,2083.060478515625,45,1.5,1.3868968486785889,17.601999282836914,2.70493221282959,2.9201056957244873,80.10094395119069,2.3118406,48.84765
1705852000968685800,2083.5706857910154,45,1.5,1.3594902753829956,17.673999786376953,2.7088584899902344,2.6671340465545654,80.0776643142269,2.3118407,48.8476637
1705852001501809000,2084.1038088378905,45,1.5,1.3594902753829956,17.81599998474121,2.7130470275878906,2.453171730041504,80.0776643142269,2.3118406,48.8476798
1705852002088225800,2084.690225830078,45,1.5,1.3476526737213135,17.941999435424805,2.7104153633117676,2.335028886795044,80.28566508229636,2.311841,48.8476988
1705852002669357000,2085.2713571777344,45,1.5,1.3476526737213135,17.965999603271484,2.708582878112793,2.223267078399658,80.28566508229636,2.3118411,48.8477087
1705852003261059300,2085.863059326172,45,1.5,1.4086415767669678,17.976999282836914,2.7145111560821533,2.254883289337158,80.30692092346874,2.3118421,48.8477277
1705852003818123300,2086.4201232910154,45,1.5,1.4086415767669678,18.006999969482422,2.7199134826660156,2.3000035285949707,80.30692092346874,2.3118427,48.8477381
1705852004433893000,2087.035893066406,45,1.5,1.4030213356018066,17.96299934387207,2.724255084991455,2.175473213195801,80.4724146577629,2.3118428,48.8477574
1705852004968185900,2087.570185791016,45,1.5,1.3936058282852173,17.91699981689453,2.724872350692749,2.0372021198272705,80.4724146577629,2.3118429,48.8477678
1705852005489443300,2088.091443359375,45,1.5,1.3936058282852173,17.910999298095703,2.7252211570739746,1.86921226978302,80.4724146577629,2.3118429,48.8477845
1705852006036702500,2088.638702392578,45,1.5,1.39055597782135,17.996000289916992,2.7265849113464355,1.8809250593185425,80.51492733273363,2.3118427,48.8477948
1705852006544993500,2089.1469936523436,45,1.5,1.39055597782135,18.097000122070312,2.727341651916504,1.9227608442306519,80.51492733273363,2.3118432,48.8478132
1705852007116682200,2089.718682128906,45,1.5,1.390295147895813,18.174999237060547,2.726999044418335,2.0941340923309326,80.3666400013609,2.3118444,48.8478221
1705852007669357000,2090.2713571777344,45,1.5,1.390295147895813,18.187999725341797,2.724061965942383,2.273538589477539,80.3666400013609,2.3118458,48.8478404
1705852008186961000,2090.7889609375,45,1.5,1.2988117933273315,18.266000747680664,2.723620653152466,2.4751951694488525,80.2066894691591,2.3118477,48.8478494
1705852008773377800,2091.375377685547,45,1.5,1.2958827018737793,18.417999267578125,2.721416473388672,2.6981937885284424,80.18593977969277,2.3118506,48.8478659
1705852009377111300,2091.979111328125,45,1.5,1.2958827018737793,18.469999313354492,2.6974692344665527,2.465336322784424,80.18593977969277,2.3118516,48.8478753
1705852009946211600,2092.548211669922,45,1.5,1.1997435092926025,18.625,2.674044370651245,2.1971194744110107,80.21734309766664,2.3118524,48.8478888
1705852010498381000,2093.1003811035157,45,1.5,1.1997435092926025,18.743000030517578,2.6671316623687744,1.9022780656814575,80.21734309766664,2.3118529,48.8479012
1705852011001762300,2093.603762207031,45,1.5,1.1916786432266235,18.832000732421875,2.655593156814575,1.622370719909668,80.21734309766664,2.3118524,48.8479166
1705852011598750200,2094.2007502441406,45,1.5,1.1916786432266235,18.82200050354004,2.647578477859497,1.3473914861679077,80.21734309766664,2.3118512,48.8479247
1705852012174596000,2094.776596191406,45,1.5,1.1835517883300781,18.60099983215332,2.622039556503296,1.158413052558899,80.19608748173614,2.3118503,48.847939
1705852012697629200,2095.2996291503905,45,1.5,1.1835517883300781,18.489999771118164,2.6011810302734375,1.0138349533081055,80.19608748173614,2.3118494,48.847946
1705852013230146600,2095.832146484375,45,1.5,1.2150578498840332,18.474000930786133,2.578237295150757,1.2914420366287231,80.25428750967725,2.3118508,48.8479606
1705852013816851200,2096.4188513183594,45,1.5,1.2150578498840332,18.465999603271484,2.5586352348327637,1.5350784063339233,80.25428750967725,2.3118518,48.847967
1705852014402980600,2097.0049807128908,45,1.5,1.2219245433807373,18.225000381469727,2.538383960723877,1.9969009160995483,80.28060417560911,2.3118555,48.8479831
1705852014938418200,2097.5404182128905,45,1.5,1.2219245433807373,18.163000106811523,2.52001690864563,2.4612009525299072,80.28060417560911,2.311859,48.8479894
1705852015458531300,2098.06053125,45,1.5,1.2404649257659912,17.941999435424805,2.5100507736206055,2.6776633262634277,80.46381092812709,2.3118614,48.848005
1705852015972897500,2098.5748974609373,45,1.5,1.2328211069107056,17.905000686645508,2.497694492340088,2.412273645401001,80.50278083235435,2.311862,48.848009
1705852016514082000,2099.11608203125,45,1.5,1.2328211069107056,17.768999099731445,2.4855732917785645,2.129981279373169,80.50278083235435,2.3118629,48.8480261
1705852017100499000,2099.7024990234377,45,1.5,1.2055743932724,17.799999237060547,2.458789587020874,2.069990396499634,80.50278083235435,2.3118627,48.8480323
1705852017669357000,2100.2713571777344,45,1.5,1.2055743932724,17.878000259399414,2.4318833351135254,2.0543792247772217,80.50278083235435,2.3118634,48.8480462
1705852018273333000,2100.8753330078125,45,1.5,1.3257471323013306,17.889999389648438,2.4337048530578613,2.129741907119751,80.47950008874423,2.3118649,48.84806
1705852018859750100,2101.4617502441406,45,1.5,1.3222719430923462,17.792999267578125,2.437164068222046,2.1863903999328613,80.45824381361787,2.3118657,48.8480657
1705852019437249800,2102.0392497558596,45,1.5,1.3222719430923462,17.864999771118164,2.434257984161377,2.2379775047302246,80.45824381361787,2.3118656,48.8480755
1705852019968718600,2102.5707185058595,45,1.5,2.0386040210723877,17.993000030517578,2.425189733505249,2.51847243309021,80.45824381361787,2.3118675,48.8480872
1705852020501718000,2103.103718017578,45,1.5,2.0386040210723877,18.05699920654297,2.417456865310669,2.779693841934204,80.45824381361787,2.3118699,48.848101
1705852021088135200,2103.690135253906,45,1.5,1.6580820083618164,18.149999618530273,2.405921697616577,3.0120184421539307,80.42129851022614,2.3118717,48.8481153
1705852021657394700,2104.259394775391,45,1.5,1.6580820083618164,18.18899917602539,2.3974947929382324,3.233821153640747,80.42129851022614,2.3118733,48.8481241
1705852022260969500,2104.8629694824217,45,1.5,1.2453997135162354,18.211999893188477,2.3896117210388184,3.587179660797119,80.52555553488291,2.3118761,48.848139
1705852022776569300,2105.3785693359373,45,1.5,1.2453997135162354,18.257999420166016,2.3833658695220947,3.95163893699646,80.52555553488291,2.3118784,48.848146
1705852023316520200,2105.918520263672,45,1.5,1.4818181991577148,18.37299919128418,2.377230405807495,4.234732151031494,80.52555553488291,2.3118807,48.8481611
1705852023917864400,2106.519864501953,45,1.5,1.4818181991577148,18.385000228881836,2.3733818531036377,4.47932767868042,80.52555553488291,2.3118825,48.84817
1705852024489354500,2107.0913544921873,45,1.5,1.4590873718261719,18.599000930786133,2.3699519634246826,4.688392639160156,80.51847006529877,2.3118867,48.8481855
1705852025017950500,2107.619950439453,45,1.5,1.4520024061203003,18.631999969482422,2.367809772491455,4.595572471618652,80.56250129393527,2.3118878,48.8481926
1705852025544905500,2108.146905517578,45,1.5,1.4520024061203003,18.673999786376953,2.366086721420288,4.5241570472717285,80.56250129393527,2.3118898,48.8482089
1705852026131322600,2108.7333225097655,45,1.5,1.4459468126296997,18.590999603271484,2.3626537322998047,4.812154293060303,80.56047686459931,2.3118918,48.8482156
1705852026669357000,2109.2713571777344,45,1.5,1.4459468126296997,18.57900047302246,2.359546661376953,5.070273399353027,80.56047686459931,2.3118947,48.8482309
1705852027186873600,2109.788873535156,45,1.5,1.426371455192566,18.55299949645996,2.359163999557495,5.15376091003418,80.56047686459931,2.3118967,48.8482372
1705852027773290800,2110.3752907714843,45,1.5,1.425002098083496,18.593000411987305,2.3584325313568115,5.2176337242126465,80.64550331410427,2.3118999,48.8482512
1705852028359708000,2110.9617080078124,45,1.5,1.425002098083496,18.441999435424805,2.354423761367798,5.1782965660095215,80.64550331410427,2.3119012,48.8482604
1705852028946125000,2111.548125,45,1.5,1.4046969413757324,18.29199981689453,2.350762128829956,5.216720104217529,80.65916835897204,2.3119033,48.8482728
1705852029537630200,2112.1396301269533,45,1.5,1.4046969413757324,18.36199951171875,2.34881591796875,5.368936538696289,80.65916835897204,2.3119065,48.848286
1705852030118959600,2112.720959716797,45,1.5,1.3537708520889282,18.183000564575195,2.3463423252105713,5.331393241882324,80.63993607993558,2.3119096,48.8483009
1705852030636955100,2113.238955078125,45,1.5,1.3537708520889282,18.256000518798828,2.345970869064331,5.296036720275879,80.63993607993558,2.3119116,48.8483099
1705852031174510600,2113.7765104980467,45,1.5,1.3540263175964355,18.222999572753906,2.3154990673065186,5.232142925262451,80.49569538185963,2.3119133,48.8483231
1705852031759877600,2114.361877685547,45,1.5,1.3540263175964355,18.224000930786133,2.288870334625244,5.178616523742676,80.49569538185963,2.3119136,48.84833
1705852032347345200,2114.9493452148436,45,1.5,1.4148457050323486,18.23699951171875,2.2737553119659424,5.094560146331787,80.43040829606375,2.311916,48.8483426
1705852032877931000,2115.479930908203,45,1.5,1.4148457050323486,18.259000778198242,2.2605278491973877,4.957125663757324,80.43040829606375,2.3119173,48.8483485
1705852033402896400,2116.004896484375,45,1.5,1.4085441827774048,18.281999588012695,2.2482664585113525,4.785198211669922,80.46026821846986,2.3119187,48.8483613
1705852033977125600,2116.5791257324217,45,1.5,1.4085441827774048,18.33799934387207,2.237835168838501,4.599404335021973,80.46026821846986,2.3119192,48.848367
1705852034575731000,2117.177730957031,45,1.5,1.4066561460494995,18.23699951171875,2.231642007827759,4.629800319671631,80.51492733273363,2.311921,48.8483822
1705852035118094300,2117.720094238281,45,1.5,1.3993560075759888,18.208999633789062,2.214247465133667,4.660826206207275,80.49367096852352,2.311922,48.8483889
1705852035631288000,2118.2332880859376,45,1.5,1.3888933658599854,18.11400032043457,2.1976478099823,4.7488322257995605,80.55541579338268,2.3119244,48.8484048
1705852036198159000,2118.8001591796874,45,1.5,1.3888933658599854,18.011999130249023,2.1832361221313477,4.798032760620117,80.55541579338268,2.3119235,48.8484082
1705852036804122600,2119.406122558594,45,1.5,1.3888933658599854,17.84000015258789,2.1697487831115723,4.76602840423584,80.55541579338268,2.3119235,48.8484224
1705852037356804900,2119.9588049316408,45,1.5,1.3005224466323853,17.773000717163086,2.1609442234039307,5.065544128417969,80.50123933471808,2.3119246,48.8484292
1705852037859673900,2120.461673828125,45,1.5,1.2968693971633911,17.54800033569336,2.151073455810547,5.381026744842529,80.50630041866125,2.3119265,48.8484393
1705852038458714600,2121.0607145996096,45,1.5,1.2968693971633911,17.58300018310547,2.1451985836029053,5.524562358856201,80.50630041866125,2.3119281,48.8484489
1705852038966850300,2121.568850341797,45,1.5,1.2039332389831543,17.55699920654297,2.1404619216918945,5.376662731170654,80.5766723128554,2.3119284,48.8484589
1705852039501642200,2122.103642333984,45,1.5,1.2039332389831543,17.541000366210938,2.137208938598633,5.237098693847656,80.5766723128554,2.3119291,48.8484722
1705852040088059400,2122.6900593261716,45,1.5,1.1975053548812866,17.37299919128418,2.132190227508545,5.282923221588135,80.65916835897204,2.3119299,48.8484863
1705852040669357000,2123.2713571777344,45,1.5,1.1975053548812866,17.329999923706055,2.1281166076660156,5.369650363922119,80.65916835897204,2.31193,48.848494
1705852041260894000,2123.862894042969,45,1.5,1.19073486328125,17.283000946044922,2.126725196838379,5.240899562835693,80.63993607993558,2.3119295,48.8485086
1705852041817921300,2124.4199213867187,45,1.5,1.19073486328125,17.347999572753906,2.125481128692627,5.132577896118164,80.63993607993558,2.3119288,48.8485167
1705852042433728500,2125.035728515625,45,1.5,1.2198975086212158,17.409000396728516,2.12727689743042,5.260271072387695,80.6419605282999,2.3119291,48.8485331
1705852042969643800,2125.571643798828,45,1.5,1.2114869356155396,17.437000274658203,2.183013916015625,4.891122817993164,80.6419605282999,2.3119282,48.8485449
1705852043489279700,2126.091279785156,45,1.5,1.2114869356155396,17.4689998626709,2.2363624572753906,4.491839408874512,80.6419605282999,2.3119276,48.8485635
1705852044075697000,2126.677696777344,45,1.5,1.2195600271224976,17.59600067138672,2.284013271331787,4.262819766998291,80.45672551029666,2.3119255,48.848576
1705852044662114000,2127.264114013672,45,1.5,1.2195600271224976,17.72800064086914,2.330416679382324,3.9957759380340576,80.45672551029666,2.3119242,48.8485957
1705852045197746000,2127.7997458496093,45,1.5,1.237363576889038,17.729000091552734,2.342697858810425,4.066109657287598,80.43546929243718,2.3119243,48.8486063
1705852045717665000,2128.3196650390623,45,1.5,1.237363576889038,17.937999725341797,2.352832317352295,4.017598628997803,80.43546929243718,2.3119248,48.8486245
1705852046296557300,2128.898557373047,45,1.5,1.2293875217437744,17.902999877929688,2.361112117767334,4.143214702606201,80.29477472196832,2.3119254,48.8486333
1705852046890499600,2129.492499511719,45,1.5,1.2272531986236572,17.93000030517578,2.3664662837982178,4.565374374389648,80.2067152830206,2.3119282,48.8486493
1705852047398737000,2130.000736816406,45,1.5,1.2272531986236572,17.95800018310547,2.3705649375915527,4.860458850860596,80.2067152830206,2.3119288,48.8486609
1705852047946050300,2130.5480502929686,45,1.5,1.3225722312927246,18.07200050354004,2.3736495971679688,5.1679534912109375,80.10600475031777,2.3119306,48.8486749
1705852048538227200,2131.1402272949217,45,1.5,1.3225722312927246,18.072999954223633,2.379737377166748,5.3638224601745605,80.10600475031777,2.3119327,48.8486887
1705852049118884600,2131.7208845214845,45,1.5,2.042675733566284,18.01300048828125,2.3893613815307617,5.241897106170654,80.02351410233496,2.3119347,48.8487058
1705852049669357000,2132.2713571777344,45,1.5,2.042675733566284,17.856000900268555,2.3968210220336914,4.971130847930908,80.02351410233496,2.3119369,48.8487235
1705852050174435600,2132.776435546875,45,1.5,1.6615897417068481,17.878999710083008,2.405308723449707,4.700554370880127,80.12523581463483,2.3119365,48.8487326
1705852050779442700,2133.3814426269532,45,1.5,1.6615897417068481,17.89900016784668,2.414472818374634,4.425292015075684,80.12523581463483,2.311936,48.8487439
1705852051347270000,2133.949269775391,45,1.5,1.2484084367752075,17.91699981689453,2.423377275466919,4.26803731918335,80.3565180940582,2.311937,48.8487618
1705852051877599200,2134.4795991210935,45,1.5,1.2484084367752075,17.80299949645996,2.431386947631836,4.318795204162598,80.3565180940582,2.3119373,48.8487714
1705852052402820900,2135.004820800781,45,1.5,1.4838777780532837,17.82900047302246,2.4466938972473145,4.780838966369629,80.4177558183849,2.3119412,48.8487902
1705852052989238000,2135.591238037109,45,1.5,1.4788191318511963,17.93899917602539,2.4585680961608887,5.357893466949463,80.39852408858212,2.3119443,48.8487993
1705852053575655200,2136.1776552734377,45,1.5,1.4788191318511963,17.966999053955078,2.4504706859588623,5.707756519317627,80.39852408858212,2.3119492,48.8488185
1705852054137602300,2136.739602294922,45,1.5,1.4586337804794312,17.940000534057617,2.440182685852051,5.972109794616699,80.42129851022614,2.3119521,48.8488273
1705852054669357000,2137.2713571777344,45,1.5,1.4586337804794312,17.926000595092773,2.429513931274414,6.121076583862305,80.42129851022614,2.3119561,48.8488446
1705852055217623000,2137.819623046875,45,1.5,1.4275147914886475,17.9060001373291,2.398977756500244,5.787845134735107,80.54478755369152,2.3119569,48.8488514
1705852055804040200,2138.4060402832033,45,1.5,1.4275147914886475,17.753999710083008,2.367814302444458,5.371944427490234,80.54478755369152,2.3119575,48.848865
1705852056397973200,2138.9999731445314,45,1.5,1.4301036596298218,17.76300048828125,2.338705062866211,4.593220233917236,80.64702165133154,2.3119554,48.8488731
1705852056976874500,2139.578874511719,45,1.5,1.4296693801879883,17.750999450683594,2.3108150959014893,3.842337131500244,80.66827840115545,2.3119535,48.8488844
1705852057478595000,2140.0805949707033,45,1.5,1.4296693801879883,17.781999588012695,2.3339929580688477,3.2791411876678467,80.66827840115545,2.3119511,48.8488974
1705852058032425200,2140.634425292969,45,1.5,1.4121525287628174,17.437999725341797,2.3021230697631836,2.70682430267334,80.68599240017419,2.3119487,48.8489114
1705852058597494800,2141.1994948730467,45,1.5,1.4121525287628174,17.454999923706055,2.2758193016052246,2.1828770637512207,80.68599240017419,2.3119458,48.848919
1705852059205259300,2141.8072592773437,45,1.5,1.3588836193084717,17.417999267578125,2.254725694656372,2.3559868335723877,80.7335673241167,2.3119464,48.8489336
1705852059738827500,2142.3408276367186,45,1.5,1.3588836193084717,17.43199920654297,2.235147476196289,2.5524380207061768,80.7335673241167,2.3119476,48.8489412
1705852060260810000,2142.862810058594,45,1.5,1.353804349899292,17.448999404907227,2.222167491912842,2.280533790588379,80.7335673241167,2.3119459,48.8489551
1705852060837413600,2143.4394135742186,45,1.5,1.353804349899292,17.49799919128418,2.210982322692871,2.070765972137451,80.7335673241167,2.3119436,48.8489618
1705852061433644300,2144.0356442871093,45,1.5,1.3901022672653198,17.59000015258789,2.1966605186462402,1.8216450214385986,80.7472325113428,2.311943,48.8489762
1705852061978504400,2144.580504394531,45,1.5,1.3901022672653198,17.69499969482422,2.183372735977173,1.563450813293457,80.7472325113428,2.3119421,48.8489839
1705852062489195000,2145.0911950683594,45,1.5,1.4173599481582642,17.704999923706055,2.1625046730041504,1.7699589729309082,80.81100367715422,2.3119433,48.8489967
1705852063078545200,2145.6805451660157,45,1.5,1.4082826375961304,17.760000228881836,2.143462657928467,2.1722524166107178,80.8393465719385,2.3119433,48.8490022
1705852063662029300,2146.264029296875,45,1.5,1.4082826375961304,17.94099998474121,2.126857280731201,2.5768327713012695,80.8393465719385,2.3119446,48.849016
1705852064216666400,2146.8186662597655,45,1.5,1.4068025350570679,17.941999435424805,2.1141462326049805,2.5663466453552246,80.85301193016323,2.3119464,48.8490224
1705852064717580000,2147.319580078125,45,1.5,1.4068025350570679,17.999000549316406,2.10090708732605,2.575652599334717,80.85301193016323,2.3119476,48.8490347
1705852065303997200,2147.9059970703124,45,1.5,1.4049289226531982,18.033000946044922,2.092381715774536,2.7680673599243164,80.85301193016323,2.3119477,48.8490411
1705852065890414300,2148.4924143066405,45,1.5,1.2996550798416138,18.121999740600586,2.0845947265625,2.901695489883423,80.79529333815978,2.3119473,48.8490525
1705852066438615800,2149.040615722656,45,1.5,1.2996550798416138,18.062000274658203,2.0783889293670654,3.090264081954956,80.79529333815978,2.3119492,48.8490626
1705852066945965300,2149.5479653320313,45,1.5,1.2982314825057983,17.982999801635742,2.0718705654144287,3.2487123012542725,80.81452614227945,2.3119503,48.8490734
1705852067537258000,2150.1392580566408,45,1.5,1.2982314825057983,17.981000900268555,2.0675439834594727,2.9580321311950684,80.81452614227945,2.3119516,48.8490856
1705852068118799600,2150.7207995605468,45,1.5,1.2066991329193115,18.131000518798828,2.068169355392456,3.16691517829895,80.9572742794301,2.3119534,48.8491019
1705852068656473900,2151.2584738769533,45,1.5,1.2066991329193115,18.327999114990234,2.0656399726867676,3.9844539165496826,80.9572742794301,2.311956,48.8491116
1705852069174350600,2151.7763505859375,45,1.5,1.195955514907837,18.261999130249023,2.0674028396606445,3.886373281478882,81.06457473885828,2.3119577,48.8491289
1705852069779765500,2152.381765625,45,1.5,1.195955514907837,18.18400001525879,2.0656449794769287,3.250357151031494,81.06457473885828,2.3119577,48.8491392
1705852070347185000,2152.949184814453,45,1.5,1.1898993253707886,18.277999877929688,2.068774461746216,3.119229793548584,81.09797987688324,2.3119595,48.8491572
1705852070916631800,2153.5186318359374,45,1.5,1.1898993253707886,18.33099937438965,2.069838047027588,2.863400936126709,81.09797987688324,2.3119596,48.8491671
1705852071520019200,2154.122019287109,45,1.5,1.1992278099060059,18.31800079345703,2.068495512008667,3.4341373443603516,81.12126232387511,2.3119638,48.8491845
1705852072037847300,2154.6398474121092,45,1.5,1.2136095762252808,18.40999984741211,2.067308187484741,3.8170156478881836,81.14555711953892,2.3119667,48.8491952
1705852072575570200,2155.1775700683593,45,1.5,1.2136095762252808,18.461000442504883,2.0667457580566406,4.25574254989624,81.14555711953892,2.3119708,48.849212
1705852073137500400,2155.7395004882815,45,1.5,1.2219974994659424,18.429000854492188,2.0974292755126953,4.0821332931518555,81.12126232387511,2.3119721,48.849223
1705852073669357000,2156.2713571777344,45,1.5,1.2219974994659424,18.20400047302246,2.125826835632324,3.8996942043304443,81.12126232387511,2.3119735,48.8492401
1705852074217538600,2156.8195385742188,45,1.5,1.2395148277282715,18.246999740600586,2.137468099594116,3.7038185596466064,81.14555711953892,2.311974,48.8492495
1705852074803955700,2157.405955810547,45,1.5,1.2395148277282715,18.43199920654297,2.1480419635772705,3.522775888442993,81.14555711953892,2.3119747,48.8492656
1705852075378135300,2157.980135253906,45,1.5,1.2122089862823486,18.350000381469727,2.1551380157470703,3.620723009109497,81.0964614586548,2.3119754,48.8492768
1705852075976790300,2158.578790283203,45,1.5,1.2298153638839722,18.167999267578125,2.1604647636413574,3.752102851867676,81.0964614586548,2.3119769,48.8492909
1705852076477993200,2159.0799931640627,45,1.5,1.2298153638839722,18.173999786376953,2.1703555583953857,3.6668941974639893,81.0964614586548,2.3119793,48.8493042
1705852077032341200,2159.634341308594,45,1.5,1.3273833990097046,18.297000885009766,2.170562744140625,3.7785701751708984,81.16175368877212,2.3119812,48.8493194
1705852077616679000,2160.2186789550783,45,1.5,1.3273833990097046,18.30699920654297,2.1734466552734375,3.877551794052124,81.16175368877212,2.3119826,48.8493296
1705852078205175800,2160.80717578125,45,1.5,2.046525239944458,18.14900016784668,2.1730754375457764,4.418222904205322,81.16327211872877,2.3119886,48.8493445
1705852078719120100,2161.3211201171875,45,1.5,2.046525239944458,18.05299949645996,2.1731972694396973,4.951499938964844,81.16327211872877,2.3119937,48.8493524
1705852079260727000,2161.8627270507814,45,1.5,2.0211386680603027,17.833999633789062,2.1748249530792236,5.410350799560547,81.17896257758521,2.3119989,48.849368
1705852079837410600,2162.439410644531,45,1.5,2.0211386680603027,17.881999969482422,2.1764557361602783,5.849277973175049,81.17896257758521,2.3120027,48.8493768
1705852080433561600,2163.0355615234375,45,1.5,1.6672556400299072,17.864999771118164,2.177806854248047,6.368557453155518,81.16327211872877,2.3120095,48.8493935
1705852080937083000,2163.539082763672,45,1.5,1.6672556400299072,17.95599937438965,2.1781139373779297,6.811412811279297,81.16327211872877,2.3120141,48.8494019
1705852081489112600,2164.0911125488283,45,1.5,1.4663364887237549,17.97800064086914,2.18323016166687,7.061391353607178,81.22654027603438,2.3120198,48.8494182
1705852082079425500,2164.6814255371096,45,1.5,1.48003351688385,17.99799919128418,2.1859073638916016,7.159506320953369,81.24425544493573,2.3120235,48.8494274
1705852082661947400,2165.263947509766,45,1.5,1.48003351688385,18.040000915527344,2.189746618270874,7.203476905822754,81.24425544493573,2.3120283,48.8494439
1705852083177588700,2165.779588623047,45,1.5,1.4609849452972412,17.913999557495117,2.1926748752593994,7.138969898223877,81.27259979239861,2.3120311,48.8494518
1705852083717499000,2166.3194987792967,45,1.5,1.4609849452972412,18.04199981689453,2.1948633193969727,7.161592483520508,81.27259979239861,2.312036,48.8494671
1705852084296383700,2166.8983837890623,45,1.5,1.4532151222229004,18.107999801635742,2.1967551708221436,7.132943630218506,81.27259979239861,2.3120382,48.8494751
1705852084890334200,2167.4923342285156,45,1.5,1.4289125204086304,18.202999114990234,2.198016881942749,7.071818828582764,81.2164173390446,2.3120405,48.849489
1705852085437663700,2168.0396638183593,45,1.5,1.4289125204086304,18.25,2.2026326656341553,6.683956623077393,81.2164173390446,2.3120411,48.8494999
1705852085945886000,2168.5478859863283,45,1.5,1.4327141046524048,18.207000732421875,2.2060182094573975,6.2841644287109375,81.23008330684486,2.3120423,48.8495114
1705852086532303600,2169.1343037109373,45,1.5,1.4327141046524048,18.322999954223633,2.208517551422119,5.854255199432373,81.23008330684486,2.3120433,48.8495248
1705852087118721300,2169.720721191406,45,1.5,1.4057425260543823,18.4950008392334,2.2098195552825928,5.5996294021606445,81.23008330684486,2.3120439,48.8495401
1705852087678113300,2170.28011328125,45,1.5,1.4057425260543823,18.663000106811523,2.213593006134033,5.374880313873291,81.23008330684486,2.3120435,48.849549
1705852088291556600,2170.893556640625,45,1.5,1.377526044845581,18.683000564575195,2.2149879932403564,5.598081111907959,81.25488456409713,2.3120458,48.8495643
1705852088816887600,2171.418887451172,45,1.5,1.377526044845581,18.514999389648438,2.217268466949463,5.783418655395508,81.25488456409713,2.3120478,48.8495732
1705852089347108000,2171.949108154297,45,1.5,1.3630729913711548,18.575000762939453,2.2148373126983643,6.104135036468506,81.27411824226571,2.312051,48.8495874
1705852089916401400,2172.5184013671874,45,1.5,1.3630729913711548,18.527000427246094,2.2139511108398438,6.495535373687744,81.27411824226571,2.3120538,48.849595
1705852090519943200,2173.1219431152344,45,1.5,1.3975962400436401,18.426000595092773,2.2181408405303955,6.785054683685303,81.27411824226571,2.3120579,48.8496112
1705852091057572400,2173.659572265625,45,1.5,1.4203126430511475,18.413000106811523,2.2200629711151123,6.793167591094971,81.24071240818567,2.3120592,48.8496198
1705852091575494700,2174.177494628906,45,1.5,1.4203126430511475,18.292999267578125,2.223017930984497,6.7970991134643555,81.24071240818567,2.3120619,48.8496354
1705852092157037600,2174.759037597656,45,1.5,1.414706826210022,18.246000289916992,2.2235710620880127,6.525735378265381,81.17035812879962,2.3120629,48.8496437
1705852092669357000,2175.2713571777344,45,1.5,1.414706826210022,17.867000579833984,2.2220458984375,6.195130348205566,81.17035812879962,2.312064,48.8496581
1705852093217463800,2175.8194638671876,45,1.5,1.406085729598999,17.899999618530273,2.2210118770599365,5.864316463470459,81.24071240818567,2.3120637,48.8496656
1705852093803881200,2176.4058811035156,45,1.5,1.3995071649551392,18.10099983215332,2.2193796634674072,5.569444179534912,81.2569091597378,2.3120636,48.8496787
1705852094378048800,2176.980048828125,45,1.5,1.3995071649551392,18.125999450683594,2.220369338989258,5.071687698364258,81.2569091597378,2.312062,48.8496881
1705852094976716300,2177.578716308594,45,1.5,1.3026355504989624,18.197999954223633,2.220879316329956,4.609694004058838,81.19362376563124,2.3120602,48.8497005
1705852095496980700,2178.098980712891,45,1.5,1.3026355504989624,18.201000213623047,2.226698637008667,4.220742702484131,81.19362376563124,2.3120594,48.849713
1705852096032274400,2178.6342744140625,45,1.5,1.3016587495803833,18.108999252319336,2.2336232662200928,3.819882392883301,81.19362376563124,2.3120574,48.8497299
1705852096596910800,2179.198910888672,45,1.5,1.3016587495803833,18.090999603271484,2.2425081729888916,3.431867837905884,81.19362376563124,2.312055,48.8497407
1705852097205109800,2179.8071098632813,45,1.5,1.208359718322754,18.042999267578125,2.260108470916748,3.819467067718506,81.27259979239861,2.3120572,48.8497585
1705852097737816600,2180.3398166503907,45,1.5,1.208359718322754,17.9950008392334,2.2769551277160645,4.206249713897705,81.27259979239861,2.3120592,48.8497678
1705852097968081400,2180.570081298828,23.014698028564453,1.0346497297286987,1.1933704614639282,17.21299934387207,2.2948672771453857,5.872973442077637,81.27259979239861,2.3120642,48.8497789
1705852098250888000,2180.852887939453,45,1.5,1.1933704614639282,17.179000854492188,2.1302664279937744,7.080429553985596,81.27259979239861,2.3120666,48.8497855
1705852098838154000,2181.440154052734,45,1.5,1.1933704614639282,17.285999298095703,2.055494546890259,9.727872848510742,81.27259979239861,2.3120707,48.8497898
1705852099423723500,2182.0257236328125,45,1.5,1.1931450366973877,17.086999893188477,2.0806171894073486,9.746709823608398,81.24628003803117,2.3120758,48.8498085
1705852099978320000,2182.580319824219,45,1.5,1.1931450366973877,16.988000869750977,2.1044256687164307,9.81125259399414,81.24628003803117,2.3120796,48.849821
1705852100479276000,2183.081276123047,45,1.5,1.2028207778930664,17.010000228881836,2.129591464996338,9.38039493560791,81.24628003803117,2.312083,48.8498398
1705852101077922600,2183.6799226074218,45,1.5,1.2163203954696655,17.02400016784668,2.153449058532715,8.915011405944824,81.24425544493573,2.3120844,48.8498533
1705852101652112400,2184.2541123046876,45,1.5,1.2163203954696655,16.922000885009766,2.1758575439453125,8.448031425476074,81.24425544493573,2.312087,48.849874
1705852102177386500,2184.7793864746095,45,1.5,1.225620150566101,17.143999099731445,2.186840295791626,8.38536262512207,81.2569091597378,2.3120883,48.8498852
1705852102707665700,2185.3096657714846,45,1.5,1.225620150566101,17.273000717163086,2.1974263191223145,8.32947826385498,81.2569091597378,2.3120915,48.8499049
1705852103294084400,2185.896084472656,45,1.5,1.2396235466003418,18,2.16519832611084,8.94330883026123,81.24425544493573,2.3120965,48.8499152
1705852103880503300,2186.482503417969,45,1.5,1.2123920917510986,17.913000106811523,2.1345574855804443,9.43342113494873,81.19667764678141,2.3121031,48.8499307
1705852104457196500,2187.0591965332032,45,1.5,1.2123920917510986,17.926000595092773,2.1324808597564697,10.255109786987305,81.19667764678141,2.3121099,48.8499441
1705852104967439600,2187.569439697266,45,1.5,1.233737587928772,18.034000396728516,2.1378836631774902,11.190027236938477,81.13847113025741,2.3121186,48.8499577
1705852105522476800,2188.124476806641,45,1.5,1.233737587928772,18.12700080871582,2.1454482078552246,11.91904067993164,81.13847113025741,2.3121281,48.8499726
1705852106108896300,2188.7108962402344,45,1.5,1.3322546482086182,18.198999404907227,2.138939380645752,11.676342964172363,81.13138514691573,2.3121367,48.8499908
1705852106678074400,2189.2800744628908,45,1.5,1.3322546482086182,18.204999923706055,2.1322309970855713,11.284858703613281,81.13138514691573,2.3121421,48.8500024
1705852107281735700,2189.883735595703,45,1.5,2.051621437072754,18.077999114990234,2.10609769821167,10.110555648803711,81.06811770178528,2.3121463,48.8500197
1705852107868156000,2190.4701560058593,45,1.5,2.013843059539795,17.886999130249023,2.082145929336548,9.00216293334961,81.07874659947441,2.3121482,48.8500332
1705852108454575900,2191.0565759277342,45,1.5,2.013843059539795,17.875,2.066964626312256,8.145381927490234,81.07874659947441,2.3121514,48.8500469
1705852108967043600,2191.5690437011717,45,1.5,1.6651815176010132,17.760000228881836,2.0801239013671875,7.598548412322998,81.07874659947441,2.3121553,48.8500599
1705852109510132700,2192.1121328125,45,1.5,1.6651815176010132,17.663999557495117,2.0918896198272705,7.035460948944092,81.07874659947441,2.312159,48.8500775
1705852110018301400,2192.620301513672,45,1.5,1.4620047807693481,17.56599998474121,2.118457317352295,6.677188396453857,81.10506583222262,2.3121621,48.8500895
1705852110565690000,2193.1676901855467,45,1.5,1.4620047807693481,17.468000411987305,2.1444122791290283,6.427462100982666,81.10506583222262,2.3121658,48.8501083
1705852111137338600,2193.739338623047,45,1.5,1.4851845502853394,17.385000228881836,2.1772046089172363,6.526210308074951,81.21996036561168,2.3121699,48.8501228
1705852111669357000,2194.2713571777344,45,1.5,1.4851845502853394,17.12700080871582,2.203352451324463,6.958477020263672,81.21996036561168,2.3121761,48.8501429
1705852112217403100,2194.819403076172,45,1.5,1.469044804573059,17.04400062561035,2.2438011169433594,6.927090644836426,81.2569091597378,2.3121782,48.8501578
1705852112794091300,2195.396091308594,45,1.5,1.469044804573059,16.975000381469727,2.281461000442505,6.903921604156494,81.2569091597378,2.312182,48.8501793
1705852113359031300,2195.96103125,45,1.5,1.4609137773513794,16.8439998626709,2.308316946029663,7.121380805969238,81.21996036561168,2.3121862,48.850195
1705852113966935000,2196.5689350585935,45,1.5,1.4364631175994873,16.718000411987305,2.3331503868103027,7.379520416259766,81.2569091597378,2.3121917,48.8502146
1705852114553357000,2197.1553571777345,45,1.5,1.4364631175994873,16.825000762939453,2.3471508026123047,7.477340221405029,81.2569091597378,2.312196,48.8502373
1705852115139779300,2197.741779296875,45,1.5,1.4240025281906128,16.86400032043457,2.3615610599517822,7.6328630447387695,81.2569091597378,2.3121977,48.8502509
1705852115669357000,2198.2713571777344,45,1.5,1.4240025281906128,16.884000778198242,2.3741161823272705,7.785440444946289,81.2569091597378,2.3122008,48.85027
1705852116195339800,2198.79733984375,45,1.5,1.4146900177001953,16.961000442504883,2.392246961593628,7.683169364929199,81.27968589411378,2.3122023,48.8502832
1705852116723225000,2199.325225097656,45,1.5,1.4146900177001953,16.97800064086914,2.4090805053710938,7.6441330909729,81.27968589411378,2.3122037,48.8502958
1705852117250901000,2199.8529008789064,45,1.5,1.3882454633712769,17.08799934387207,2.4223644733428955,7.5947675704956055,81.2569091597378,2.3122059,48.8503162
1705852117837324000,2200.4393239746096,45,1.5,1.3882454633712769,17.08799934387207,2.435537576675415,7.464305877685547,81.2569091597378,2.3122064,48.850328
1705852118423747300,2201.025747314453,45,1.5,1.3731558322906494,17.305999755859375,2.4470582008361816,7.283482074737549,81.14910011640737,2.3122065,48.8503464
1705852118936699000,2201.5386989746094,45,1.5,1.3731558322906494,17.39900016784668,2.457610607147217,7.014116287231445,81.14910011640737,2.3122056,48.8503577
1705852119479309600,2202.0813095703124,45,1.5,1.4080049991607666,17.45599937438965,2.464129686355591,6.70016622543335,81.20376368485464,2.3122058,48.8503774
1705852120058258000,2202.6602578125,45,1.5,1.4300971031188965,17.358999252319336,2.4762136936187744,6.513556480407715,81.25488456409713,2.3122056,48.8503886
1705852120652157200,2203.2541572265627,45,1.5,1.4300971031188965,17.27899932861328,2.4873745441436768,6.388060092926025,81.25488456409713,2.3122068,48.850407
1705852121238581200,2203.840581298828,45,1.5,1.426845669746399,17.26300048828125,2.4926750659942627,6.289338111877441,81.33941184460076,2.3122071,48.8504245
1705852121825005600,2204.4270056152345,45,1.5,1.426845669746399,17.30699920654297,2.4985368251800537,6.225381374359131,81.33941184460076,2.3122068,48.850435
1705852122411430100,2205.013430175781,45,1.5,1.4203182458877563,17.253999710083008,2.5036087036132812,5.98861026763916,81.28677200176935,2.3122044,48.8504537
1705852122968230400,2205.57023046875,45,1.5,1.4099082946777344,17.211999893188477,2.508115530014038,5.832361698150635,81.27766129301742,2.312202,48.8504632
1705852123584279800,2206.1862797851563,45,1.5,1.4099082946777344,17.099000930786133,2.511784553527832,5.724656105041504,81.27766129301742,2.3122016,48.850483
1705852124137185000,2206.7391850585936,45,1.5,1.3098517656326294,17.003999710083008,2.515456438064575,5.790162086486816,81.2022283148801,2.3122007,48.8504932
1705852124639845000,2207.2418452148436,45,1.5,1.3098517656326294,17.073999404907227,2.518103837966919,5.834283351898193,81.2022283148801,2.3122014,48.8505117
1705852125226270500,2207.8282705078127,45,1.5,1.3114426136016846,17.05900001525879,2.521188497543335,5.906870365142822,81.20425291597647,2.3122002,48.8505213
1705852125812696300,2208.4146962890627,45,1.5,1.3114426136016846,17.058000564575195,2.5241620540618896,6.042989253997803,81.20425291597647,2.3122011,48.8505391
1705852126358682000,2208.9606821289062,45,1.5,1.2123494148254395,17.054000854492188,2.4833686351776123,6.791193962097168,81.2974011743908,2.3122024,48.8505473
1705852126868263000,2209.4702629394533,45,1.5,1.1969192028045654,16.90399932861328,2.4448976516723633,7.508436679840088,81.27968589411378,2.3122054,48.8505604
1705852127454689000,2210.056688964844,45,1.5,1.1969192028045654,17.05299949645996,2.4223906993865967,8.372435569763184,81.27968589411378,2.3122085,48.8505704
1705852127967515600,2210.569515625,45,1.5,1.202576756477356,17.141000747680664,2.396986484527588,8.896031379699707,81.17896257758521,2.3122124,48.8505785
1705852128510256600,2211.1122565917967,45,1.5,1.202576756477356,17.218000411987305,2.3731729984283447,9.413382530212402,81.17896257758521,2.3122177,48.8505907
1705852129096683300,2211.6986833496094,45,1.5,1.203295111656189,17.256000518798828,2.3746497631073,9.058486938476562,81.32017801786972,2.3122189,48.8506056
1705852129669357000,2212.2713571777344,45,1.5,1.203295111656189,17.246000289916992,2.3781845569610596,8.743541717529297,81.32017801786972,2.3122185,48.8506144
1705852130269537300,2212.8715373535156,45,1.5,1.218438744544983,17.445999145507812,2.3637168407440186,8.252036094665527,81.36421342261505,2.3122188,48.8506292
1705852130818855000,2213.420854980469,45,1.5,1.218438744544983,17.53499984741211,2.35143780708313,7.720602512359619,81.36421342261505,2.3122169,48.8506369
1705852131325106200,2213.9271062011717,45,1.5,1.2367877960205078,17.614999771118164,2.3416104316711426,7.444948673248291,81.41381679694543,2.312217,48.8506521
1705852131911533600,2214.5135334472657,45,1.5,1.2367877960205078,17.55299949645996,2.334679365158081,7.251415252685547,81.41381679694543,2.3122168,48.8506609
1705852132497961000,2215.0999609375,45,1.5,1.2486492395401,17.54400062561035,2.3357298374176025,7.048798084259033,81.33080723249509,2.3122177,48.850677
1705852133038846000,2215.6408459472655,45,1.5,1.2177587747573853,17.67300033569336,2.3326220512390137,6.685409069061279,81.30600575249156,2.3122164,48.8506856
1705852133553531000,2216.1555307617186,45,1.5,1.2177587747573853,17.804000854492188,2.329035997390747,6.273294925689697,81.30600575249156,2.3122161,48.8507019
1705852134157537500,2216.759537597656,45,1.5,1.2396377325057983,17.74799919128418,2.328038454055786,6.058475494384766,81.25488456409713,2.3122148,48.8507111
1705852134669357000,2217.2713571777344,45,1.5,1.2396377325057983,17.851999282836914,2.3260998725891113,5.893141746520996,81.25488456409713,2.3122143,48.8507271
1705852135195529000,2217.7975290527343,45,1.5,1.3366405963897705,17.886999130249023,2.3232555389404297,5.696802616119385,81.25488456409713,2.3122141,48.8507359
1705852135781957000,2218.38395703125,45,1.5,1.3366405963897705,17.808000564575195,2.3210549354553223,5.543859481811523,81.25488456409713,2.3122155,48.8507525
1705852136368385500,2218.9703854980467,45,1.5,2.055915117263794,17.775999069213867,2.309455156326294,5.490021228790283,81.17896257758521,2.3122168,48.8507608
1705852136954814000,2219.556813964844,45,1.5,2.0180938243865967,17.917999267578125,2.2990307807922363,5.459958076477051,81.22350339366415,2.3122186,48.8507727
1705852137478760400,2220.080760498047,45,1.5,2.0180938243865967,17.788999557495117,2.29972243309021,5.307744026184082,81.22350339366415,2.3122176,48.8507843
1705852138010385200,2220.6123852539063,45,1.5,1.671612024307251,17.69300079345703,2.29402756690979,5.056614398956299,81.17896257758521,2.3122181,48.8508
1705852138596813800,2221.198813720703,45,1.5,1.671612024307251,17.665000915527344,2.2905850410461426,4.804778575897217,81.17896257758521,2.3122175,48.8508091
1705852139183242500,2221.7852424316407,45,1.5,1.4718395471572876,17.472999572753906,2.3004050254821777,5.019562244415283,81.17896257758521,2.312219,48.8508253
1705852139718582800,2222.320582763672,45,1.5,1.4718395471572876,17.37299919128418,2.3108670711517334,5.233360290527344,81.17896257758521,2.3122203,48.850835
1705852140238814500,2222.840814453125,45,1.5,1.4971168041229248,17.17099952697754,2.290560483932495,5.1690239906311035,81.17390113606223,2.3122223,48.8508495
1705852140817762600,2223.4197624511717,45,1.5,1.4971168041229248,17.14299964904785,2.273921489715576,5.102692127227783,81.17390113606223,2.3122236,48.8508568
1705852141411672600,2224.013672607422,45,1.5,1.47373366355896,16.878999710083008,2.250836133956909,4.951559066772461,81.32372108792592,2.3122243,48.850872
1705852141938254300,2224.540254394531,45,1.5,1.47373366355896,16.886999130249023,2.2302873134613037,4.867710113525391,81.32372108792592,2.3122248,48.8508797
1705852142467245000,2225.0692451171876,45,1.5,1.4709349870681763,16.80699920654297,2.2213234901428223,5.115085601806641,81.35206570184226,2.3122268,48.850894
1705852142968345900,2225.5703459472657,45,1.5,1.4426358938217163,16.89299964904785,2.2339320182800293,5.07205867767334,81.35358416598456,2.3122275,48.8509006
1705852143522818000,2226.1248181152346,45,1.5,1.4426358938217163,16.884000778198242,2.2459821701049805,5.0380859375,81.35358416598456,2.3122296,48.8509184
1705852144109247500,2226.7112475585936,45,1.5,1.446725845336914,16.87700080871582,2.2390639781951904,5.221505641937256,81.3712996011275,2.3122313,48.8509245
1705852144669357000,2227.2713571777344,45,1.5,1.446725845336914,17.038999557495117,2.232783317565918,5.390167713165283,81.3712996011275,2.3122343,48.8509392
1705852145282107100,2227.884107177734,45,1.5,1.420893669128418,17.191999435424805,2.2358672618865967,5.384407997131348,81.40673058279242,2.3122365,48.8509472
1705852145868537000,2228.470537109375,45,1.5,1.4068866968154907,17.437999725341797,2.239345073699951,5.393870830535889,81.40673058279242,2.3122397,48.8509605
1705852146439293700,2229.041293701172,45,1.5,1.4068866968154907,17.427000045776367,2.2466111183166504,5.35007381439209,81.40673058279242,2.3122418,48.8509709
1705852146967501600,2229.5695014648436,45,1.5,1.3805134296417236,17.509000778198242,2.253722906112671,5.429637908935547,81.47151904760352,2.3122441,48.8509818
1705852147510541300,2230.1125412597657,45,1.5,1.3805134296417236,17.437999725341797,2.261368989944458,5.534852027893066,81.47151904760352,2.3122466,48.8509943
1705852148096971500,2230.698971435547,45,1.5,1.4136488437652588,17.457000732421875,2.243079423904419,5.526838779449463,81.41533527218013,2.3122501,48.8510074
1705852148678667000,2231.2806669921874,45,1.5,1.4136488437652588,17.437999725341797,2.2285399436950684,5.45473051071167,81.41533527218013,2.3122521,48.8510145
1705852149269831700,2231.8718317871094,45,1.5,1.4373916387557983,17.57699966430664,2.216196298599243,5.4095611572265625,81.41533527218013,2.3122541,48.8510278
1705852149856262000,2232.4582619628904,45,1.5,1.432403564453125,17.700000762939453,2.205294609069824,5.36676549911499,81.41533527218013,2.3122557,48.8510387
1705852150442691800,2233.0446918945313,45,1.5,1.432403564453125,17.743999481201172,2.197617769241333,5.3794965744018555,81.41533527218013,2.3122577,48.8510497
1705852150968696000,2233.570696044922,45,1.5,1.4276231527328491,17.732999801635742,2.1891584396362305,5.287657260894775,81.41179216372427,2.3122587,48.8510566
1705852151498266000,2234.100266113281,45,1.5,1.4276231527328491,17.69099998474121,2.1817243099212646,5.211461067199707,81.41179216372427,2.3122604,48.8510695
1705852152038255400,2234.6402553710936,45,1.5,1.417411208152771,17.715999603271484,2.1743438243865967,4.822585105895996,81.39407664372177,2.3122601,48.8510752
1705852152553840600,2235.155840576172,45,1.5,1.417411208152771,17.766000747680664,2.167931079864502,4.46293306350708,81.39407664372177,2.3122605,48.8510885
1705852153138359000,2235.7403591308594,45,1.5,1.3332395553588867,17.72800064086914,2.1610188484191895,4.2377424240112305,81.33635918558696,2.3122595,48.8510941
1705852153669357000,2236.2713571777344,45,1.5,1.3332395553588867,17.841999053955078,2.153754472732544,4.020820140838623,81.33635918558696,2.3122597,48.8511078
1705852154195845000,2236.7978452148436,45,1.5,1.3076097965240479,17.841999053955078,2.1508474349975586,3.924136161804199,81.35559322076945,2.3122606,48.8511143
1705852154782275300,2237.384275390625,45,1.5,1.2146300077438354,17.73200035095215,2.148210287094116,3.8433010578155518,81.58287538167849,2.3122621,48.8511278
1705852155368712200,2237.9707121582032,45,1.5,1.2146300077438354,17.697999954223633,2.1487538814544678,4.095588684082031,81.58287538167849,2.3122641,48.8511361
1705852155955142400,2238.5571423339843,45,1.5,1.2002543210983276,17.547000885009766,2.1494295597076416,4.323112964630127,81.55452999383016,2.3122662,48.8511472
1705852156517252400,2239.1192524414064,45,1.5,1.2002543210983276,17.628000259399414,2.145153522491455,4.582602024078369,81.55452999383016,2.3122677,48.8511581
1705852157128002800,2239.7300029296875,45,1.5,1.2046641111373901,17.735000610351562,2.141603946685791,4.831920623779297,81.617801079554,2.3122704,48.8511721
1705852157638654200,2240.240654296875,45,1.5,1.2046641111373901,17.781999588012695,2.140251874923706,5.066223621368408,81.617801079554,2.3122724,48.8511795
1705852158183577300,2240.785577392578,45,1.5,1.2009861469268799,17.89299964904785,2.1393587589263916,5.253146171569824,81.47860531606781,2.3122741,48.8511941
1705852158777363700,2241.379363769531,45,1.5,1.2009861469268799,17.850000381469727,2.1397907733917236,5.475894927978516,81.47860531606781,2.3122749,48.8512023
1705852159356437800,2241.9584377441406,45,1.5,1.227964997291565,17.899999618530273,2.1420390605926514,5.568288803100586,81.57933220299924,2.3122776,48.8512174
1705852159896501500,2242.4985014648437,45,1.5,1.227964997291565,17.913999557495117,2.145409107208252,5.644169330596924,81.57933220299924,2.3122792,48.8512257
1705852160412012300,2243.014012207031,45,1.5,1.2391512393951416,17.9060001373291,2.1501240730285645,5.648839473724365,81.57933220299924,2.3122804,48.851242
1705852160969209900,2243.5712099609377,45,1.5,1.2485246658325195,17.983999252319336,2.153886556625366,5.595895290374756,81.57933220299924,2.3122801,48.851249
1705852161584872700,2244.1868728027343,45,1.5,1.2485246658325195,17.966999053955078,2.157952308654785,5.511082172393799,81.57933220299924,2.3122814,48.8512666
1705852162156952800,2244.7589528808594,45,1.5,1.2227983474731445,17.937999725341797,2.1655092239379883,5.11383056640625,81.62134427435674,2.3122802,48.851277
1705852162669357000,2245.2713571777344,45,1.5,1.2227983474731445,17.878000259399414,2.1704750061035156,4.602048873901367,81.62134427435674,2.3122789,48.8512941
1705852163226877200,2245.8288771972657,45,1.5,1.248029351234436,17.849000930786133,2.174687147140503,4.29243803024292,81.68664055874021,2.3122784,48.8513035
1705852163813307400,2246.4153073730467,45,1.5,1.3383454084396362,17.861000061035156,2.1757564544677734,3.662064552307129,81.70435669187775,2.3122772,48.8513182
1705852164417982500,2247.019982421875,45,1.5,1.3383454084396362,17.868999481201172,2.1791961193084717,2.881950616836548,81.70435669187775,2.3122743,48.85133
1705852164986167800,2247.5881677246093,45,1.5,2.0568654537200928,17.788000106811523,2.1775996685028076,1.8320101499557495,81.72915934064616,2.3122708,48.8513433
1705852165558772500,2248.1607724609376,45,1.5,2.0568654537200928,17.83300018310547,2.171215772628784,0.7400942444801331,81.72915934064616,2.3122672,48.8513568
1705852166159028000,2248.761028076172,45,1.5,2.027622938156128,17.746999740600586,2.160632610321045,359.6776123046875,81.72915934064616,2.3122642,48.8513752
1705852166696451000,2249.298451171875,45,1.5,2.027622938156128,17.719999313354492,2.1488354206085205,358.44720458984375,81.72915934064616,2.3122599,48.8513857
1705852167214602200,2249.8166022949217,45,1.5,1.6801133155822754,17.459999084472656,2.1258342266082764,356.6061706542969,81.73624582509024,2.3122551,48.8514028
1705852167801032400,2250.4030324707032,45,1.5,1.6801133155822754,17.277000427246094,2.0934786796569824,354.3209533691406,81.73624582509024,2.3122483,48.8514111
1705852168387462400,2250.9894624023436,45,1.5,1.4865531921386719,17.232999801635742,2.0543277263641357,351.33251953125,81.96706599498296,2.3122396,48.8514247
1705852168973892600,2251.575892578125,45,1.5,1.4927114248275757,17.264999389648438,2.005727529525757,348.207763671875,82.00553663606081,2.3122311,48.8514296
1705852169560322600,2252.1623225097655,45,1.5,1.4750856161117554,17.17300033569336,1.9823238849639893,344.9400634765625,82.02679680229355,2.3122166,48.8514459
1705852170117680000,2252.7196801757814,45,1.5,1.4750856161117554,17.12700080871582,1.9833368062973022,342.6968688964844,82.02679680229355,2.3122099,48.851449
1705852170669357000,2253.2713571777344,45,1.5,1.4750856161117554,16.97800064086914,1.9874848127365112,340.6705627441406,82.02679680229355,2.3121975,48.8514619
1705852171202326800,2253.804326904297,45,1.5,1.4757245779037476,16.944000244140625,1.9230562448501587,338.0267639160156,82.00907999338597,2.3121872,48.851466
1705852171788757000,2254.390757080078,45,1.5,1.4757245779037476,16.812999725341797,1.863810658454895,335.2424621582031,82.00907999338597,2.3121718,48.851474
1705852172377510000,2254.979510009766,45,1.5,1.4675922393798828,16.923999786376953,1.8205711841583252,332.19580078125,81.96706599498296,2.3121636,48.8514752
1705852172961617000,2255.563616943359,45,1.5,1.4516147375106812,17.349000930786133,1.782457709312439,329.08905029296875,81.98832606446251,2.3121519,48.8514783
1705852173539872300,2256.141872314453,45,1.5,1.4516147375106812,17.267000198364258,1.75448739528656,325.9984130859375,81.98832606446251,2.3121395,48.8514801
1705852174134476800,2256.7364768066404,45,1.5,1.4272704124450684,17.1560001373291,1.7262204885482788,322.8697204589844,81.99136322161031,2.3121254,48.851483
1705852174676907800,2257.2789077148436,45,1.5,1.4272704124450684,17.16200065612793,1.7021458148956299,319.7304992675781,81.99136322161031,2.3121132,48.8514818
1705852175190050800,2257.79205078125,45,1.5,1.402740716934204,17.07200050354004,1.6849883794784546,316.7181701660156,82.05514377378027,2.3120981,48.8514845
1705852175776353000,2258.3783530273436,45,1.5,1.402740716934204,17.03700065612793,1.6763203144073486,313.8589172363281,82.05514377378027,2.3120871,48.8514838
1705852176362910700,2258.9649106445313,45,1.5,1.3877726793289185,17.10300064086914,1.6573647260665894,310.789794921875,82.16093956034806,2.3120702,48.8514856
1705852176937338400,2259.5393383789065,45,1.5,1.3877726793289185,17.172000885009766,1.6295896768569946,307.5611877441406,82.16093956034806,2.3120595,48.8514825
1705852177535770400,2260.137770263672,45,1.5,1.4278515577316284,17.139999389648438,1.5886950492858887,303.92510986328125,82.1801753001624,2.3120424,48.8514801
1705852178058729500,2260.6607294921873,45,1.5,1.447259783744812,16.933000564575195,1.5343307256698608,299.978271484375,82.28394780943941,2.3120347,48.8514738
1705852178591344400,2261.1933444824217,45,1.5,1.447259783744812,16.95199966430664,1.466715931892395,295.29046630859375,82.28394780943941,2.3120198,48.8514679
1705852179177774300,2261.7797744140626,45,1.5,1.4431004524230957,16.974000930786133,1.4066543579101562,290.3424377441406,82.28394780943941,2.3120131,48.8514609
1705852179764204000,2262.3662041015623,45,1.5,1.4431004524230957,16.989999771118164,1.3593634366989136,285.1245422363281,82.28394780943941,2.3120004,48.8514535
1705852180358849500,2262.960849609375,45,1.5,1.4345784187316895,17.018999099731445,1.3307722806930542,280.2591552734375,82.29103475898263,2.3119938,48.8514447
1705852180937064000,2263.5390639648435,45,1.5,1.4277147054672241,17.156999588012695,1.3172521591186523,275.6212158203125,82.37557240095995,2.3119833,48.8514356
1705852181477110300,2264.0791103515626,45,1.5,1.4277147054672241,17.118000030517578,1.3055698871612549,271.36090087890625,82.37557240095995,2.311975,48.8514278
1705852181992637400,2264.594637451172,45,1.5,1.4203473329544067,16.91699981689453,1.2980279922485352,267.0997619628906,82.34773056921773,2.3119673,48.8514191
1705852182579067100,2265.181067138672,45,1.5,1.4203473329544067,17.003999710083008,1.2922295331954956,262.6503601074219,82.34773056921773,2.3119588,48.8514103
1705852183165497000,2265.7674970703124,45,1.5,1.314448356628418,17.07900047302246,1.2817660570144653,258.0891418457031,82.24243100079316,2.3119517,48.8514014
1705852183669357000,2266.2713571777344,45,1.5,1.314448356628418,17.06599998474121,1.2753219604492188,253.575439453125,82.24243100079316,2.3119506,48.8513929
1705852184221070300,2266.8230703125,45,1.5,1.2214094400405884,17.086999893188477,1.2744332551956177,249.14471435546875,82.31432049217041,2.3119435,48.8513827
1705852184807500000,2267.4095,45,1.5,1.2214094400405884,17.104000091552734,1.277798056602478,244.84959411621094,82.31432049217041,2.3119415,48.8513733
1705852185393929700,2267.9959296875,45,1.5,1.2133842706680298,17.02899932861328,1.286268949508667,241.01832580566406,82.32292610545034,2.3119349,48.8513623
1705852185997733000,2268.5997331542967,45,1.5,1.2133842706680298,17.024999618530273,1.2988650798797607,237.41696166992188,82.32292610545034,2.3119324,48.8513525
1705852186566788900,2269.168788818359,45,1.5,1.2042760848999023,17.009000778198242,1.3059568405151367,234.1529541015625,82.42011952248478,2.3119254,48.8513404
1705852187153218600,2269.7552185058594,45,1.5,1.2042760848999023,17.214000701904297,1.3164622783660889,230.96310424804688,82.42011952248478,2.3119248,48.8513326
1705852187669357000,2270.2713571777344,45,1.5,1.231284260749817,17.15399932861328,1.3293850421905518,227.9288787841797,82.51528915949606,2.3119249,48.8513243
1705852188196579000,2270.7985791015626,45,1.5,1.231284260749817,17.132999420166016,1.3490437269210815,225.33457946777344,82.51528915949606,2.3119263,48.8513179
1705852188795221000,2271.397220947266,45,1.5,1.231284260749817,17.174999237060547,1.3703266382217407,222.81979370117188,82.51528915949606,2.3119217,48.8513064
1705852189381650400,2271.983650390625,45,1.5,1.2466790676116943,17.128000259399414,1.3889386653900146,220.25440979003906,82.6666515872077,2.3119177,48.8512961
1705852189968080000,2272.5700798339844,45,1.5,1.2570427656173706,17.06999969482422,1.4104595184326172,217.97584533691406,82.72284367997764,2.3119175,48.8512888
1705852190554509000,2273.1565090332033,45,1.5,1.2570427656173706,17.099000930786133,1.4307459592819214,215.68138122558594,82.72284367997764,2.3119145,48.8512759
1705852191140938500,2273.7429384765624,45,1.5,1.2316036224365234,16.93600082397461,1.459877371788025,214.19813537597656,82.73701832093334,2.3119131,48.8512679
1705852191669357000,2274.2713571777344,45,1.5,1.2316036224365234,16.783000946044922,1.4885356426239014,212.78428649902344,82.73701832093334,2.311908,48.8512558
1705852192196511200,2274.7985112304686,45,1.5,1.2569948434829712,16.878000259399414,1.5150266885757446,211.5484161376953,82.81649799799789,2.3119045,48.8512485
1705852192782940400,2275.3849404296875,45,1.5,1.3467113971710205,16.83799934387207,1.5413403511047363,210.35926818847656,82.83573522961254,2.3118982,48.8512378
1705852193369369600,2275.9713696289064,45,1.5,1.3467113971710205,16.85300064086914,1.570899486541748,208.5619659423828,82.83573522961254,2.311898,48.8512278
1705852193955798800,2276.557798828125,45,1.5,2.0545456409454346,16.861000061035156,1.6001912355422974,206.9351043701172,82.73701832093334,2.311897,48.8512171
1705852194537327600,2277.139327636719,45,1.5,2.0545456409454346,16.95199966430664,1.619193196296692,205.314208984375,82.73701832093334,2.3118946,48.8512064
1705852195128657000,2277.730656982422,45,1.5,2.0328009128570557,16.98699951171875,1.6407603025436401,203.9125213623047,82.49757132675694,2.3118913,48.851193
1705852195657737500,2278.259737548828,45,1.5,2.0328009128570557,16.979000091552734,1.6639504432678223,202.67437744140625,82.49757132675694,2.3118909,48.8511833
1705852196184229000,2278.786229003906,45,1.5,1.685907006263733,17.083999633789062,1.6846246719360352,201.59629821777344,82.33507522146724,2.3118865,48.8511705
1705852196770658000,2279.3726579589843,45,1.5,1.685907006263733,17.007999420166016,1.7049801349639893,200.6353759765625,82.33507522146724,2.3118848,48.8511628
1705852197357087000,2279.9590869140625,45,1.5,1.4968805313110352,17.21299934387207,1.7245198488235474,199.49432373046875,82.2930596028001,2.3118822,48.851149
1705852197897137200,2280.4991372070313,45,1.5,1.4968805313110352,17.277000427246094,1.743799090385437,198.4534912109375,82.2930596028001,2.3118828,48.8511403
1705852198412659000,2281.014658935547,45,1.5,1.516723394393921,17.280000686645508,1.7613040208816528,197.51014709472656,82.21560967229568,2.3118799,48.8511275
1705852198967963100,2281.5699631347657,45,1.5,1.4851405620574951,17.145999908447266,1.7777924537658691,196.53665161132812,82.20497934505985,2.3118801,48.8511197
1705852199468230700,2282.0702307128904,45,1.5,1.4851405620574951,17.024999618530273,1.7943676710128784,195.56253051757812,82.20497934505985,2.3118778,48.8511045
1705852199968883700,2282.5708837890625,45,1.5,1.483957290649414,17.058000564575195,1.8111546039581299,194.81861877441406,82.17865668753282,2.3118788,48.8510998
1705852200516437200,2283.1184372558596,45,1.5,1.483957290649414,17.1560001373291,1.8289002180099487,194.09222412109375,82.17865668753282,2.3118776,48.8510884
1705852201110231000,2283.7122309570314,45,1.5,1.477684497833252,17.07900047302246,1.8489882946014404,193.80685424804688,82.120443409079,2.3118752,48.8510739
1705852201618477800,2284.220477783203,45,1.5,1.477684497833252,17.014999389648438,1.8696036338806152,193.5015106201172,82.120443409079,2.3118744,48.8510645
1705852202165802500,2284.7678024902343,45,1.5,1.4485329389572144,17.26799964904785,1.885772466659546,193.0219268798828,82.120443409079,2.3118709,48.8510513
1705852202669357000,2285.2713571777344,45,1.5,1.4485329389572144,17.33799934387207,1.9018052816390991,192.60882568359375,82.120443409079,2.3118692,48.8510433
1705852203221373700,2285.823373779297,45,1.5,1.4389054775238037,17.211000442504883,1.914690375328064,192.20875549316406,82.06374912321837,2.3118663,48.8510296
1705852203807802000,2286.4098020019533,45,1.5,1.4389054775238037,17.115999221801758,1.9290467500686646,191.85205078125,82.06374912321837,2.3118644,48.8510208
1705852204394230500,2286.99623046875,45,1.5,1.4122741222381592,17.240999221801758,1.9386709928512573,191.59930419921875,82.00199328022046,2.3118616,48.8510062
1705852204978133500,2287.580133544922,45,1.5,1.4122741222381592,17.351999282836914,1.9489295482635498,191.3500518798828,82.00199328022046,2.3118601,48.8509974
1705852205567087000,2288.169087158203,45,1.5,1.3996977806091309,17.261999130249023,1.9588698148727417,191.14060974121094,81.98478271583652,2.3118566,48.850984
1705852206079227000,2288.6812268066406,45,1.5,1.3942159414291382,17.264999389648438,1.9695898294448853,190.86740112304688,81.92302744972474,2.3118542,48.8509765
1705852206622658000,2289.224657958984,45,1.5,1.3942159414291382,17.5,1.9810938835144043,190.69688415527344,81.92302744972474,2.3118501,48.8509618
1705852207197063000,2289.799062988281,45,1.5,1.4607460498809814,17.474000930786133,1.9909335374832153,190.44140625,81.88405099760223,2.3118488,48.8509543
1705852207795514000,2290.3975141601563,45,1.5,1.4607460498809814,17.204999923706055,2.0002899169921875,190.1967010498047,81.88405099760223,2.3118453,48.8509395
1705852208318363100,2290.9203630371094,45,1.5,1.4559894800186157,17.15999984741211,2.010192394256592,189.99790954589844,81.87342108730363,2.3118436,48.850932
1705852208851084800,2291.453084716797,45,1.5,1.4532051086425781,17.266000747680664,2.019730567932129,189.80038452148438,81.83140776313546,2.311841,48.850919
1705852209437512700,2292.0395126953126,45,1.5,1.4532051086425781,17.195999145507812,2.0332722663879395,189.68359375,81.83140776313546,2.3118378,48.8509077
1705852209969407000,2292.5714069824216,45,1.5,1.4451552629470825,17.163999557495117,2.042552947998047,189.5721435546875,81.75345588347017,2.3118333,48.8508981
1705852210493083000,2293.095082763672,45,1.5,1.4451552629470825,17.125,2.052476644515991,189.5130157470703,81.75345588347017,2.3118283,48.8508846
1705852211079510800,2293.6815107421876,45,1.5,1.336974859237671,17.163000106811523,2.059255599975586,189.3389434814453,81.7154802123375,2.311824,48.8508699
1705852211665938700,2294.267938720703,45,1.5,1.336974859237671,17.214000701904297,2.067762613296509,189.18289184570312,81.7154802123375,2.3118213,48.8508601
1705852212252366300,2294.854366455078,45,1.5,1.3299691677093506,17.208999633789062,2.075986623764038,189.11488342285156,81.66435609140153,2.3118163,48.8508453
1705852212858491000,2295.460490966797,45,1.5,1.3299691677093506,17.22800064086914,2.084355592727661,188.99563598632812,81.66435609140153,2.3118128,48.8508363
1705852213425221600,2296.0272216796875,45,1.5,1.2406848669052124,17.347000122070312,2.0910656452178955,189.09228515625,81.74839409795621,2.3118066,48.8508212
1705852213977397000,2296.5793969726565,45,1.5,1.2406848669052124,17.488000869750977,2.097707509994507,189.22145080566406,81.74839409795621,2.3118026,48.8508133
1705852214480791300,2297.0827912597656,45,1.5,1.2353918552398682,17.569000244140625,2.1042020320892334,189.5007781982422,81.74839409795621,2.3117949,48.8507985
1705852215067219000,2297.6692189941405,45,1.5,1.233176350593567,17.670000076293945,2.108901262283325,189.5545196533203,81.73422111464234,2.3117921,48.8507906
1705852215653651000,2298.255650878906,45,1.5,1.233176350593567,17.802000045776367,2.1144752502441406,189.5677032470703,81.73422111464234,2.3117875,48.850775
1705852216199496200,2298.80149609375,45,1.5,1.2297272682189941,17.67799949645996,2.119368553161621,189.36534118652344,81.75345588347017,2.3117859,48.8507683
1705852216709220400,2299.3112204589843,45,1.5,1.2297272682189941,17.67799949645996,2.1231579780578613,189.078369140625,81.75345588347017,2.3117828,48.8507538
1705852217295647500,2299.8976474609376,45,1.5,1.2549387216567993,17.58300018310547,2.1306190490722656,188.92788696289062,81.82786448028338,2.3117796,48.8507453
1705852217882075000,2300.484074951172,45,1.5,1.268641710281372,17.49799919128418,2.137298107147217,188.86087036132812,81.82786448028338,2.3117757,48.850732
1705852218468502000,2301.070501953125,45,1.5,1.268641710281372,17.41900062561035,2.1456315517425537,188.9181365966797,81.82786448028338,2.3117704,48.8507136
1705852218969361200,2301.5713610839844,45,1.5,1.2916306257247925,17.340999603271484,2.158923625946045,188.9357452392578,81.85216130680783,2.3117697,48.8507081
1705852219524071000,2302.1260708007812,45,1.5,1.2916306257247925,17.18899917602539,2.1728060245513916,188.865234375,81.85216130680783,2.3117667,48.8506929
1705852220110498000,2302.712498046875,45,1.5,1.262552261352539,17.055999755859375,2.176041841506958,188.71969604492188,82.00553663606081,2.3117624,48.8506764
1705852220669357000,2303.2713571777344,45,1.5,1.262552261352539,17.018999099731445,2.1797561645507812,188.48439025878906,82.00553663606081,2.3117603,48.8506663
1705852221283351800,2303.8853518066408,45,1.5,1.286583423614502,16.893999099731445,2.184077262878418,188.1411895751953,82.00553663606081,2.3117569,48.8506512
1705852221839339000,2304.441339111328,45,1.5,1.286583423614502,16.92099952697754,2.188232898712158,187.8278045654297,82.00553663606081,2.311755,48.8506419
1705852222456205600,2305.0582055664063,45,1.5,1.3783135414123535,16.905000686645508,2.1998918056488037,187.59075927734375,82.04248886404969,2.3117524,48.850624
1705852222970014700,2305.5720146484373,45,1.5,2.0634286403656006,17.05699920654297,2.207306146621704,187.3394775390625,82.08349084032386,2.311751,48.8506142
1705852223511773700,2306.113773681641,45,1.5,2.0634286403656006,17.1560001373291,2.2145278453826904,187.00149536132812,82.08349084032386,2.3117489,48.8505974
1705852224078587000,2306.6805869140626,45,1.5,2.0385124683380127,17.243999481201172,2.2269599437713623,186.59156799316406,82.06931729517004,2.3117472,48.8505874
1705852224669357000,2307.2713571777344,45,1.5,2.0385124683380127,17.406999588012695,2.238255739212036,186.2069091796875,82.06931729517004,2.3117451,48.8505708
1705852225198722800,2307.8007229003906,45,1.5,1.6957893371582031,17.41699981689453,2.2456040382385254,185.87257385253906,82.0480570219965,2.3117454,48.8505614
1705852225740194800,2308.342194824219,45,1.5,1.6957893371582031,17.60700035095215,2.251652479171753,185.59591674804688,82.0480570219965,2.3117451,48.8505452
1705852226317286100,2308.9192861328124,45,1.5,1.5207977294921875,17.575000762939453,2.2583799362182617,185.62454223632812,82.04957561116454,2.3117444,48.8505355
1705852226913047600,2309.515047607422,45,1.5,1.535647988319397,17.64299964904785,2.263927698135376,185.76455688476562,81.99693134588149,2.3117427,48.8505202
1705852227478096400,2310.0800964355467,45,1.5,1.535647988319397,17.621000289916992,2.2695658206939697,185.93435668945312,81.99693134588149,2.3117397,48.8505072
1705852228085900000,2310.6879001464845,45,1.5,1.5199410915374756,17.639999389648438,2.273573637008667,186.14285278320312,81.88759430400525,2.3117359,48.8504913
1705852228669357000,2311.2713571777344,45,1.5,1.5199410915374756,17.542999267578125,2.2771799564361572,186.30941772460938,81.88759430400525,2.311732,48.8504743
1705852229258752500,2311.8607524414065,45,1.5,1.518536925315857,17.43899917602539,2.281477928161621,186.4216766357422,81.89822423212655,2.3117295,48.8504655
1705852229845178400,2312.4471784667967,45,1.5,1.5047520399093628,17.165000915527344,2.28489089012146,186.443603515625,81.80103681545455,2.3117255,48.8504517
1705852230436977000,2313.0389768066407,45,1.5,1.5047520399093628,17.117000579833984,2.29093074798584,186.3874969482422,81.80103681545455,2.3117229,48.8504406
1705852230968485400,2313.5704853515626,45,1.5,1.5088145732879639,17.010000228881836,2.292079448699951,186.24952697753906,81.70941845102176,2.3117226,48.8504299
1705852231487171000,2314.089171142578,45,1.5,1.5088145732879639,17.007999420166016,2.294506549835205,186.1164093017578,81.70941845102176,2.3117219,48.8504168
1705852232073596700,2314.6755966796877,45,1.5,1.500969409942627,16.972999572753906,2.296382188796997,185.9791259765625,81.63399855363423,2.3117201,48.8504011
1705852232678390000,2315.280390136719,45,1.5,1.500969409942627,16.94099998474121,2.301011800765991,185.860595703125,81.63399855363423,2.3117194,48.8503914
1705852233246448000,2315.8484482421877,45,1.5,1.486374855041504,17.003000259399414,2.302079439163208,185.58407592773438,81.65829482294819,2.3117188,48.8503753
1705852233818138600,2316.420138671875,45,1.5,1.486374855041504,17.101999282836914,2.3027210235595703,185.32589721679688,81.65829482294819,2.3117196,48.8503673
1705852234419299000,2317.0212990722657,45,1.5,1.4543631076812744,17.250999450683594,2.2993109226226807,184.92489624023438,81.65525778546443,2.3117187,48.8503506
1705852234937294600,2317.5392946777342,45,1.5,1.4543631076812744,17.32699966430664,2.2963435649871826,184.50531005859375,81.65525778546443,2.3117198,48.850342
1705852235474865000,2318.0768649902343,45,1.5,1.4560503959655762,17.538000106811523,2.2973039150238037,184.02781677246094,81.6851220347705,2.311721,48.8503252
1705852236079287300,2318.6812873535155,45,1.5,1.5070072412490845,17.503000259399414,2.2927534580230713,183.5926971435547,81.66538124798488,2.3117226,48.8503165
1705852236647715300,2319.2497153320314,45,1.5,1.5070072412490845,17.50200080871582,2.2894413471221924,183.1588897705078,81.66538124798488,2.3117239,48.8503003
1705852237178084600,2319.780084716797,45,1.5,1.50790536403656,17.35099983215332,2.292356014251709,183.25282287597656,81.70587521930315,2.3117227,48.8502929
1705852237703280600,2320.3052807617187,45,1.5,1.50790536403656,17.27400016784668,2.2936439514160156,183.3444366455078,81.70587521930315,2.3117201,48.8502787
1705852238297041700,2320.899041748047,45,1.5,1.5176446437835693,17.270000457763672,2.2849302291870117,183.54440307617188,81.7114431555286,2.3117179,48.850271
1705852238876130600,2321.4781306152345,45,1.5,1.5258562564849854,17.14699935913086,2.274959087371826,183.8175811767578,81.73270258212568,2.3117149,48.8502582
1705852239462555600,2322.0645556640625,45,1.5,1.5258562564849854,17.211999893188477,2.2740917205810547,183.82325744628906,81.73270258212568,2.3117116,48.8502416
1705852239966942000,2322.5689418945312,45,1.5,1.5169503688812256,17.29400062561035,2.2778408527374268,183.8206329345703,81.70587521930315,2.3117107,48.8502383
1705852240518120200,2323.1201201171875,45,1.5,1.5169503688812256,17.45400047302246,2.2829854488372803,183.81277465820312,81.70587521930315,2.3117091,48.8502262
1705852241104545000,2323.706544921875,45,1.5,1.3800382614135742,17.7549991607666,2.2874820232391357,184.02285766601562,81.61475080426013,2.3117066,48.8502108
1705852241638056700,2324.240056640625,45,1.5,1.3800382614135742,17.974000930786133,2.293609142303467,184.23802185058594,81.61475080426013,2.3117046,48.8502021
1705852242160109300,2324.762109375,45,1.5,1.266189694404602,18.378000259399414,2.29240345954895,183.9884490966797,81.61425788623632,2.3117033,48.8501863
1705852242669357000,2325.2713571777344,45,1.5,1.266189694404602,18.48699951171875,2.291748046875,183.7451629638672,81.61425788623632,2.3117029,48.8501789
1705852243215673600,2325.8176735839843,45,1.5,1.2624284029006958,18.900999069213867,2.2894651889801025,183.27532958984375,81.56313483366554,2.3117035,48.8501636
1705852243802098000,2326.4040979003908,45,1.5,1.2624284029006958,18.89699935913086,2.2882444858551025,182.8871612548828,81.56313483366554,2.3117041,48.8501549
1705852244388522200,2326.9905222167968,45,1.5,1.2560625076293945,19.051000595092773,2.273017644882202,182.78829956054688,81.57578902580609,2.3117058,48.8501405
1705852244974946600,2327.576946533203,45,1.5,1.2560625076293945,19.055999755859375,2.2590112686157227,182.61837768554688,81.57578902580609,2.3117082,48.8501334
1705852245561371000,2328.1633708496092,45,1.5,1.2468483448028564,19.02400016784668,2.2397713661193848,182.58517456054688,81.53681417469085,2.3117103,48.8501192
1705852246096986000,2328.6989860839844,45,1.5,1.2679729461669922,18.83099937438965,2.2289624214172363,182.4681396484375,81.57578902580609,2.3117147,48.8501123
1705852246616934700,2329.2189345703123,45,1.5,1.2679729461669922,18.493000030517578,2.2191977500915527,182.41517639160156,81.57578902580609,2.3117176,48.8500965
1705852247203359000,2329.8053588867188,45,1.5,1.2777718305587769,18.464000701904297,2.2101941108703613,182.4919891357422,81.57933220299924,2.3117201,48.8500895
1705852247789783300,2330.391783203125,45,1.5,1.2777718305587769,18.312999725341797,2.2015957832336426,182.54588317871094,81.57933220299924,2.3117216,48.850075
1705852248337552400,2330.9395524902343,45,1.5,1.3011791706085205,18.479000091552734,2.195478677749634,182.6547393798828,81.58996174349137,2.311723,48.8500671
1705852248845347000,2331.447347167969,45,1.5,1.2825582027435303,18.658000946044922,2.1880953311920166,182.7470245361328,81.58996174349137,2.3117237,48.8500548
1705852249431771600,2332.0337717285156,45,1.5,1.2825582027435303,18.70800018310547,2.1807544231414795,182.474609375,81.58996174349137,2.3117255,48.8500445
1705852249966835500,2332.5688354492186,45,1.5,1.292166829109192,18.60300064086914,2.175175905227661,182.10140991210938,81.57376435379034,2.3117287,48.8500347
1705852250487335700,2333.0893356933593,45,1.5,1.292166829109192,18.57900047302246,2.1713147163391113,181.74639892578125,81.57376435379034,2.3117317,48.8500219
1705852251073760000,2333.675760009766,45,1.5,1.389808177947998,18.628999710083008,2.1617660522460938,181.88101196289062,81.54390049789114,2.3117333,48.8500077
1705852251678314200,2334.2803142089842,45,1.5,1.389808177947998,18.55699920654297,2.156282663345337,182.0279998779297,81.54390049789114,2.3117343,48.8499998
1705852252246609000,2334.848608886719,45,1.5,2.085024356842041,18.642000198364258,2.1484687328338623,182.28402709960938,81.54592516275412,2.3117337,48.8499849
1705852252796304000,2335.398303955078,45,1.5,2.085024356842041,18.649999618530273,2.143416404724121,182.40737915039062,81.54592516275412,2.3117336,48.8499773
1705852253302173000,2335.9041728515626,45,1.5,2.0511767864227295,18.452999114990234,2.142787456512451,182.2167510986328,81.54592516275412,2.3117341,48.8499629
1705852253888597200,2336.4905971679686,45,1.5,2.0511767864227295,18.32200050354004,2.142692804336548,181.97830200195312,81.54592516275412,2.3117351,48.849955
1705852254475021300,2337.0770212402344,45,1.5,1.706653356552124,18.034000396728516,2.0690178871154785,180.84417724609375,81.66538124798488,2.3117376,48.8499433
1705852255061445400,2337.6634453125,45,1.5,1.5195919275283813,17.985000610351562,2.0659444332122803,180.66688537597656,81.66740594194393,2.311738,48.8499322
1705852255647869400,2338.2498693847656,45,1.5,1.5195919275283813,17.940000534057617,2.067094087600708,180.54656982421875,81.66740594194393,2.3117387,48.8499253
1705852256838740700,2339.4407407226563,45,1.5,1.5474568605422974,17.825000762939453,2.06882643699646,180.7757568359375,81.49125938167215,2.3117381,48.8499043
1705852257407141400,2340.009141357422,45,1.5,1.5305299758911133,17.687000274658203,2.0789804458618164,180.89866638183594,81.47000056227722,2.3117378,48.8498889
1705852257993565000,2340.5955649414063,45,1.5,1.5270627737045288,17.520999908447266,2.089879274368286,181.02565002441406,81.47000056227722,2.3117373,48.8498799
1705852258579988700,2341.1819887695315,45,1.5,1.5270627737045288,17.570999145507812,2.0901241302490234,180.63082885742188,81.47000056227722,2.3117392,48.8498649
1705852259166412300,2341.7684123535155,45,1.5,1.5065714120864868,17.59600067138672,2.0933797359466553,180.37380981445312,81.3556087852642,2.3117407,48.8498505
1705852259669357000,2342.2713571777344,45,1.5,1.5065714120864868,17.448999404907227,2.0961573123931885,180.1053466796875,81.3556087852642,2.3117418,48.8498421
1705852260178444300,2342.7804443359373,45,1.5,1.5153205394744873,17.399999618530273,2.0894103050231934,180.28062438964844,81.3556087852642,2.3117423,48.8498345
1705852260691113500,2343.2931135253907,45,1.5,1.5153205394744873,17.360000610351562,2.081357955932617,180.41175842285156,81.3556087852642,2.3117419,48.8498201
1705852261277537000,2343.879537109375,45,1.5,1.504575490951538,17.315000534057617,2.0518031120300293,180.16348266601562,81.37990425445022,2.3117415,48.8498122
1705852261863960300,2344.4659602050783,45,1.5,1.498978853225708,17.38599967956543,2.0232033729553223,179.96401977539062,81.35358416598456,2.3117419,48.8498003
1705852262450384000,2345.0523837890623,45,1.5,1.498978853225708,17.388999938964844,2.014251232147217,179.8162384033203,81.35358416598456,2.3117436,48.8497902
1705852262967848700,2345.5698486328124,45,1.5,1.4833917617797852,17.458999633789062,2.0146141052246094,179.94613647460938,81.28474739897587,2.3117429,48.8497814
1705852263505945600,2346.1079455566405,45,1.5,1.4833917617797852,17.503999710083008,2.0168685913085938,180.01968383789062,81.28474739897587,2.3117422,48.8497694
1705852264092368600,2346.6943686523437,45,1.5,1.4667692184448242,17.351999282836914,2.0174105167388916,180.2109832763672,81.17896257758521,2.3117423,48.8497552
1705852264677026000,2347.279026123047,45,1.5,1.4667692184448242,17.35700035095215,2.0208425521850586,180.41139221191406,81.17896257758521,2.3117418,48.8497462
1705852265265214700,2347.8672145996093,45,1.5,1.5309114456176758,17.37299919128418,2.024447202682495,180.73609924316406,81.07368521795559,2.3117403,48.8497321
1705852265817417700,2348.4194177246095,45,1.5,1.5309114456176758,17.336000442504883,2.028904676437378,181.05523681640625,81.07368521795559,2.3117387,48.8497237
1705852266320776200,2348.922776123047,45,1.5,1.5201191902160645,17.393999099731445,2.0320544242858887,181.21791076660156,80.97296435593178,2.3117366,48.8497093
1705852266897424000,2349.499423828125,45,1.5,1.5201191902160645,17.44300079345703,2.03518009185791,181.4424591064453,80.97296435593178,2.3117342,48.849702
1705852267493621800,2350.0956218261717,45,1.5,1.524092435836792,17.458999633789062,2.036140203475952,181.44366455078125,80.90413068829452,2.311732,48.8496865
1705852268038891800,2350.640891845703,45,1.5,1.5268404483795166,17.486000061035156,2.0342752933502197,181.79139709472656,80.93449841374753,2.3117283,48.8496806
1705852268549182700,2351.1511826171877,45,1.5,1.5268404483795166,17.516000747680664,2.034052610397339,182.04400634765625,80.93449841374753,2.3117245,48.849667
1705852269135605200,2351.7376052246095,45,1.5,1.533905029296875,17.569000244140625,2.0337636470794678,182.37591552734375,80.9375351922927,2.3117213,48.8496599
1705852269669357000,2352.2713571777344,45,1.5,1.533905029296875,17.79199981689453,2.032886028289795,182.7058868408203,80.9375351922927,2.3117181,48.8496468
1705852270181378600,2352.7833786621095,45,1.5,1.3859870433807373,17.75200080871582,1.9563868045806885,179.94387817382812,80.91170308482756,2.3117192,48.8496411
1705852270767801000,2353.3698010253906,45,1.5,1.4041757583618164,17.908000946044922,1.8050975799560547,178.08668518066406,80.99268472364797,2.3117197,48.8496337
1705852271356664600,2353.958664550781,45,1.5,1.4041757583618164,17.902999877929688,1.8230509757995605,178.3662109375,80.99268472364797,2.3117169,48.8496236
1705852271940646000,2354.5426459960936,45,1.5,1.2647383213043213,17.93000030517578,1.8395824432373047,178.5048828125,81.01345501048695,2.3117152,48.8496103
1705852272498585600,2355.1005856933593,45,1.5,1.2647383213043213,17.82699966430664,1.8581162691116333,179.04493713378906,81.01345501048695,2.3117104,48.849597
1705852273113490400,2355.7154904785157,45,1.5,1.274158239364624,17.808000564575195,1.8817329406738281,179.41697692871094,80.94462101314201,2.3117056,48.8495803
1705852273636524300,2356.2385241699217,45,1.5,1.274158239364624,17.78499984741211,1.9052931070327759,179.75616455078125,80.94462101314201,2.3117013,48.849569
1705852274169050000,2356.7710500488283,45,1.5,1.259757161140442,17.638999938964844,1.9221320152282715,179.531982421875,80.89198362865892,2.3116995,48.8495533
1705852274669357000,2357.2713571777344,45,1.5,1.259757161140442,17.659000396728516,1.9385056495666504,179.31387329101562,80.89198362865892,2.3116984,48.8495437
1705852275224609800,2357.826609863281,45,1.5,1.2807157039642334,17.55900001525879,1.9568312168121338,179.505615234375,80.84238331630146,2.3116966,48.849528
1705852275818352600,2358.4203525390626,45,1.5,1.2807157039642334,17.56800079345703,1.974561333656311,179.68463134765625,80.84238331630146,2.311695,48.8495188
1705852276397459500,2358.9994594726563,45,1.5,1.2902506589889526,17.56100082397461,1.9868805408477783,179.89991760253906,80.7350856771618,2.3116921,48.849503
1705852276937333500,2359.5393334960936,45,1.5,1.2902506589889526,17.645999908447266,1.9988175630569458,180.0059356689453,80.7350856771618,2.3116905,48.8494935
1705852277453019000,2360.0550187988283,45,1.5,1.3150379657745361,17.882999420166016,2.011186122894287,179.83164978027344,80.86920793888908,2.3116892,48.8494774
1705852277968079400,2360.570079345703,45,1.5,1.2950369119644165,17.951000213623047,2.022451400756836,179.9236602783203,80.79328941617166,2.3116857,48.8494708
1705852278508578000,2361.110578125,45,1.5,1.2950369119644165,18.16900062561035,2.0343332290649414,180.00125122070312,80.79328941617166,2.3116824,48.8494535
1705852279094999600,2361.696999511719,45,1.5,1.3049792051315308,18.274999618530273,2.043346405029297,180.4986572265625,80.66473560580654,2.3116784,48.8494445
1705852279669357000,2362.2713571777344,45,1.5,1.3049792051315308,18.55699920654297,2.053074836730957,180.9759063720703,80.66473560580654,2.3116747,48.8494286
1705852280267842800,2362.8698427734375,45,1.5,1.398795247077942,18.554000854492188,2.066649913787842,181.0768280029297,80.75077534126754,2.3116716,48.8494201
1705852280854264600,2363.4562646484374,45,1.5,2.080800771713257,18.729000091552734,2.0786240100860596,181.06558227539062,80.73862850199485,2.3116687,48.8494062
1705852281439397400,2364.0413974609373,45,1.5,2.080800771713257,18.71299934387207,2.097059965133667,180.8538055419922,80.73862850199485,2.3116665,48.8493944
1705852281966931700,2364.568931640625,45,1.5,2.0556628704071045,18.829999923706055,2.1260313987731934,180.67929077148438,80.86009768016214,2.3116649,48.8493806
1705852282496244700,2365.0982446289063,45,1.5,2.0556628704071045,18.874000549316406,2.155107021331787,180.55416870117188,80.86009768016214,2.3116638,48.8493638
1705852283082666000,2365.684666015625,45,1.5,1.7156082391738892,18.791000366210938,2.1865787506103516,180.55685424804688,80.76140383994849,2.311662,48.8493445
1705852283669087200,2366.271087158203,45,1.5,1.7156082391738892,18.77899932861328,2.217388868331909,180.55223083496094,80.76140383994849,2.3116607,48.8493306
1705852284255508700,2366.8575087890626,45,1.5,1.536181092262268,18.711000442504883,2.245600938796997,180.76771545410156,80.83580370489351,2.311658,48.8493098
1705852284837044200,2367.439044189453,45,1.5,1.536181092262268,18.66900062561035,2.2706897258758545,180.92034912109375,80.83580370489351,2.3116561,48.8492984
1705852285428351000,2368.0303510742187,45,1.5,1.5631197690963745,18.545000076293945,2.297403573989868,181.17662048339844,80.74065297399461,2.3116518,48.8492767
1705852285978186800,2368.580186767578,45,1.5,1.5631197690963745,18.493999481201172,2.3198745250701904,181.44354248046875,80.74065297399461,2.3116472,48.8492644
1705852286483909000,2369.0859091796874,45,1.5,1.5495449304580688,18.422000885009766,2.3466596603393555,181.74929809570312,80.74065297399461,2.311642,48.8492419
1705852287070329900,2369.6723298339843,45,1.5,1.5500417947769165,18.367000579833984,2.3684639930725098,181.8472137451172,80.71737157526738,2.3116394,48.8492221
1705852287656750800,2370.258750732422,45,1.5,1.5500417947769165,18.319000244140625,2.390044689178467,181.9666748046875,80.71737157526738,2.3116371,48.8492074
1705852288216730600,2370.8187307128906,45,1.5,1.5213009119033813,18.52400016784668,2.4075706005096436,181.81101989746094,80.66271115198779,2.3116357,48.8491952
1705852288829592600,2371.4315925292967,45,1.5,1.5213009119033813,18.742000579833984,2.4228718280792236,181.64842224121094,80.66271115198779,2.3116342,48.8491757
1705852289339119400,2371.9411193847654,45,1.5,1.5352765321731567,18.788000106811523,2.4400720596313477,181.34323120117188,80.59792888577925,2.3116332,48.8491626
1705852289885150000,2372.487149902344,45,1.5,1.5163795948028564,18.8700008392334,2.4555139541625977,181.01039123535156,80.50278083235435,2.3116336,48.8491448
1705852290437285600,2373.0392856445314,45,1.5,1.5163795948028564,18.7450008392334,2.472905397415161,180.7833251953125,80.50278083235435,2.3116338,48.8491294
1705852290940707000,2373.54270703125,45,1.5,1.5153586864471436,18.70400047302246,2.4870645999908447,180.4977264404297,80.50278083235435,2.3116354,48.8491139
1705852291527127600,2374.129127441406,45,1.5,1.5153586864471436,18.83300018310547,2.5004351139068604,180.48927307128906,80.50278083235435,2.3116341,48.8490966
1705852292113548000,2374.715548095703,45,1.5,1.5041152238845825,18.920000076293945,2.501178741455078,180.43136596679688,80.40054847913228,2.3116333,48.8490785
1705852292677991700,2375.279991699219,45,1.5,1.5041152238845825,18.990999221801758,2.5038750171661377,180.39395141601562,80.40054847913228,2.3116328,48.8490667
1705852293286388700,2375.888388671875,45,1.5,1.4855369329452515,18.820999145507812,2.512860059738159,180.57118225097656,80.3666400013609,2.3116314,48.8490475
1705852293838685200,2376.4406853027344,45,1.5,1.4855369329452515,18.80699920654297,2.521754026412964,180.75498962402344,80.3666400013609,2.3116298,48.8490361
1705852294341945000,2376.9439450683594,45,1.5,1.551204800605774,18.614999771118164,2.526357889175415,180.86154174804688,80.21531875098972,2.3116276,48.8490188
1705852294938118100,2377.5401181640623,45,1.5,1.551204800605774,18.643999099731445,2.5307860374450684,180.9078826904297,80.21531875098972,2.311626,48.8490091
1705852295514785300,2378.1167854003907,45,1.5,1.5445674657821655,18.950000762939453,2.5334126949310303,180.88914489746094,80.17280758275484,2.3116255,48.8489901
1705852296058139000,2378.6601389160155,45,1.5,1.538784384727478,19.12299919128418,2.5347139835357666,180.88279724121094,80.12877838388624,2.3116254,48.8489818
1705852296570341000,2379.172341064453,45,1.5,1.538784384727478,19.148000717163086,2.536369800567627,180.7415771484375,80.12877838388624,2.3116253,48.8489646
1705852297156761000,2379.758760986328,45,1.5,1.5537588596343994,19.086999893188477,2.5394632816314697,180.7976837158203,80.04628751366899,2.3116235,48.8489539
1705852297669357000,2380.2713571777344,45,1.5,1.5537588596343994,19.01300048828125,2.540174961090088,180.88661193847656,80.04628751366899,2.3116215,48.8489373
1705852298212316700,2380.8143166503905,45,1.5,1.4190200567245483,18.98200035095215,2.5449483394622803,181.09791564941406,80.13434528142284,2.3116186,48.8489267
1705852298798736400,2381.400736328125,45,1.5,1.371290922164917,18.905000686645508,2.54752779006958,181.41461181640625,80.17989276261488,2.3116158,48.8489098
1705852299358441700,2381.9604416503907,45,1.5,1.371290922164917,18.85099983215332,2.554544687271118,181.65316772460938,80.17989276261488,2.3116145,48.8488994
1705852299971576000,2382.573576171875,45,1.5,1.3805567026138306,18.815000534057617,2.560765266418457,181.88031005859375,80.2259465764527,2.3116129,48.8488843
1705852300479175200,2383.0811750488283,45,1.5,1.3805567026138306,18.761999130249023,2.5683248043060303,182.0405731201172,80.2259465764527,2.3116109,48.8488697
1705852301027131400,2383.6291313476563,45,1.5,1.290006399154663,18.440000534057617,2.573676109313965,182.08935546875,80.45520720724855,2.3116091,48.848851
1705852301596524800,2384.1985249023437,45,1.5,1.290006399154663,18.430999755859375,2.5810043811798096,182.1197509765625,80.45520720724855,2.3116079,48.8488392
1705852302199970800,2384.801970703125,45,1.5,1.291859745979309,18.225000381469727,2.5853359699249268,182.19386291503906,80.51290291479204,2.3116055,48.8488199
1705852302717986800,2385.319986816406,45,1.5,1.291859745979309,18.131999969482422,2.5897607803344727,182.2500457763672,80.51290291479204,2.3116046,48.8488096
1705852303255526100,2385.8575261230467,45,1.5,1.2771575450897217,18.017000198364258,2.592690944671631,182.3795928955078,80.54124481009637,2.3116023,48.8487918
1705852303858456000,2386.4604560546877,45,1.5,1.2771575450897217,17.965999603271484,2.59542179107666,182.4647216796875,80.54124481009637,2.3116015,48.8487819
1705852304428365300,2387.030365234375,45,1.5,1.2967195510864258,17.926000595092773,2.601452350616455,182.4977264404297,80.41623752233608,2.3115993,48.8487622
1705852304959220700,2387.561220703125,45,1.5,1.2967195510864258,17.908000946044922,2.606755256652832,182.49879455566406,80.41623752233608,2.3115985,48.8487514
1705852305483920400,2388.085920410156,45,1.5,1.3068774938583374,17.5939998626709,2.610541582107544,182.416259765625,80.41623752233608,2.3116001,48.8487309
1705852306070339800,2388.67233984375,45,1.5,1.3091155290603638,17.606000900268555,2.5983660221099854,182.395263671875,80.40206677236365,2.311599,48.8487211
1705852306656759000,2389.258759033203,45,1.5,1.3091155290603638,17.56999969482422,2.5876224040985107,182.3601837158203,80.40206677236365,2.3115975,48.8487023
1705852307196683300,2389.7986833496093,45,1.5,1.331763505935669,17.62299919128418,2.578173875808716,182.25277709960938,80.41623752233608,2.3115985,48.848693
1705852307712314000,2390.3143142089843,45,1.5,1.331763505935669,17.64699935913086,2.566372871398926,182.04266357421875,80.41623752233608,2.3115998,48.8486754
1705852308298733300,2390.9007333984373,45,1.5,1.3199199438095093,17.718000411987305,2.559597969055176,182.27407836914062,80.46735363927024,2.3115992,48.848666
1705852308885152800,2391.4871528320314,45,1.5,1.3192780017852783,17.78700065612793,2.5526857376098633,182.50033569335938,80.55693411442988,2.3115976,48.8486508
1705852309437502000,2392.039501953125,45,1.5,1.3192780017852783,17.711999893188477,2.519160747528076,182.4918212890625,80.55693411442988,2.3115985,48.8486406
1705852309940707300,2392.5427072753905,45,1.5,1.406403660774231,17.589000701904297,2.4861700534820557,182.58836364746094,80.58375783122382,2.3115987,48.8486297
1705852310527126500,2393.129126464844,45,1.5,1.406403660774231,17.67300033569336,2.4681642055511475,182.35931396484375,80.58375783122382,2.3115989,48.8486162
1705852311113545700,2393.715545654297,45,1.5,2.066436529159546,17.812999725341797,2.4536125659942627,182.53271484375,80.55693411442988,2.3115992,48.8486013
1705852311679015000,2394.2810148925782,45,1.5,2.066436529159546,17.84000015258789,2.443483591079712,182.73907470703125,80.55693411442988,2.311599,48.8485926
1705852312286384000,2394.8883840332032,45,1.5,1.727601170539856,17.766000747680664,2.4313457012176514,183.54693603515625,80.43901199170242,2.3115945,48.848577
1705852312816464000,2395.4184638671877,45,1.5,1.727601170539856,17.861000061035156,2.4213192462921143,184.23692321777344,80.43901199170242,2.3115906,48.848569
1705852313341938400,2395.9439384765624,45,1.5,1.5512326955795288,17.92099952697754,2.4124999046325684,184.85891723632812,80.26491538413418,2.3115862,48.8485529
1705852313938243000,2396.5402431640623,45,1.5,1.5512326955795288,18.033000946044922,2.404331922531128,185.52865600585938,80.26491538413418,2.311582,48.8485444
1705852314514776300,2397.1167763671874,45,1.5,1.5780895948410034,18.2189998626709,2.3937442302703857,185.55116271972656,80.26491538413418,2.3115798,48.8485284
1705852315037585000,2397.6395849609376,45,1.5,1.5822659730911255,18.351999282836914,2.366462230682373,185.5185546875,80.27706154273085,2.3115791,48.8485214
1705852315570330600,2398.1723305664063,45,1.5,1.5822659730911255,18.3439998626709,2.3415911197662354,185.4574432373047,80.27706154273085,2.3115772,48.8485059
1705852316117675000,2398.7196750488283,45,1.5,1.5625523328781128,18.295000076293945,2.3137714862823486,184.99459838867188,80.26491538413418,2.3115783,48.8484993
1705852316625884400,2399.227884521484,45,1.5,1.5625523328781128,18.3799991607666,2.2884397506713867,184.5825653076172,80.26491538413418,2.3115785,48.8484836
1705852317212303400,2399.814303466797,45,1.5,1.5551679134368896,18.393999099731445,2.2680699825286865,184.46017456054688,80.26491538413418,2.3115796,48.8484762
1705852317798722000,2400.4007221679685,45,1.5,1.5551679134368896,18.476999282836914,2.248112678527832,184.35430908203125,80.26491538413418,2.3115801,48.8484619
1705852318338694400,2400.9406943359377,45,1.5,1.5505330562591553,18.434999465942383,2.2259671688079834,184.4158935546875,80.10094395119069,2.3115801,48.8484549
1705852318854275800,2401.456275878906,45,1.5,1.5350182056427002,18.37700080871582,2.204225778579712,184.41464233398438,80.09740139360433,2.3115805,48.8484433
1705852319458496300,2402.0604963378905,45,1.5,1.5350182056427002,18.29199981689453,2.1850452423095703,184.6080322265625,80.09740139360433,2.3115802,48.848434
1705852319968966400,2402.5709663085936,45,1.5,1.5430482625961304,18.27899932861328,2.1720378398895264,184.83335876464844,79.98100389865998,2.3115787,48.8484241
1705852320496248300,2403.098248291016,45,1.5,1.5430482625961304,18.393999099731445,2.1614174842834473,185.1144256591797,79.98100389865998,2.3115764,48.8484115
1705852321082667000,2403.6846669921874,45,1.5,1.524274468421936,18.34000015258789,2.1455578804016113,185.35733032226562,79.9880889177598,2.3115739,48.8483983
1705852321669085400,2404.271085449219,45,1.5,1.524274468421936,18.288999557495117,2.1353111267089844,185.46324157714844,79.9880889177598,2.3115721,48.8483905
1705852322255504100,2404.8575041503905,45,1.5,1.5021344423294067,18.29599952697754,2.1267857551574707,185.1527099609375,79.94557889223138,2.3115704,48.8483765
1705852322799883800,2405.4018837890626,45,1.5,1.5021344423294067,18.312000274658203,2.119687080383301,184.87548828125,79.94557889223138,2.3115695,48.8483701
1705852323311057400,2405.9130573730467,45,1.5,1.571516990661621,18.21500015258789,2.111497163772583,184.74412536621094,79.9880889177598,2.311568,48.8483558
1705852323897475800,2406.499475830078,45,1.5,1.571516990661621,18.2450008392334,2.1039440631866455,184.60890197753906,79.9880889177598,2.3115677,48.8483483
1705852324483894000,2407.085894042969,45,1.5,1.5630688667297363,18.174999237060547,2.0829648971557617,183.70416259765625,79.94557889223138,2.3115681,48.8483334
1705852325058161700,2407.6601616210937,45,1.5,1.5595030784606934,18.06399917602539,2.0796778202056885,183.1041259765625,79.95620637857232,2.3115677,48.848326
1705852325656730600,2408.2587307128906,45,1.5,1.5595030784606934,17.986000061035156,2.0786757469177246,182.46713256835938,79.95620637857232,2.3115682,48.8483106
1705852326157506800,2408.7595068359374,45,1.5,1.5741175413131714,17.92300033569336,2.0746119022369385,182.13307189941406,79.94406068098749,2.3115704,48.8483033
1705852326669357000,2409.2713571777344,45,1.5,1.5741175413131714,17.90999984741211,2.0699377059936523,181.7819061279297,79.94406068098749,2.3115733,48.8482894
1705852327181417700,2409.7834177246095,45,1.5,1.4357582330703735,17.986000061035156,2.075746536254883,181.67620849609375,79.88738098966554,2.3115725,48.8482823
1705852327767836000,2410.3698359375,45,1.5,1.4357582330703735,18.11400032043457,2.0804009437561035,181.6048126220703,79.88738098966554,2.3115716,48.8482687
1705852328354254000,2410.9562541503906,45,1.5,1.3894591331481934,18.20800018310547,2.092825412750244,181.63844299316406,79.83981082777711,2.3115698,48.8482598
1705852328940672000,2411.5426721191407,45,1.5,1.3936188220977783,18.222000122070312,2.1043148040771484,181.6604461669922,79.83981082777711,2.3115685,48.8482471
1705852329478228000,2412.0802280273438,45,1.5,1.3936188220977783,18.23200035095215,2.130401611328125,181.6192626953125,79.83981082777711,2.3115662,48.848233
1705852329996224300,2412.5982243652343,45,1.5,1.3016659021377563,18.368999481201172,2.1563632488250732,181.81312561035156,79.80843491006425,2.3115617,48.8482163
1705852330578652700,2413.1806525878906,45,1.5,1.3016659021377563,18.37700080871582,2.1833064556121826,181.98428344726562,79.80843491006425,2.311558,48.8482052
1705852331169060000,2413.771060058594,45,1.5,1.3037135601043701,18.406999588012695,2.1982014179229736,182.25099182128906,79.78718032229571,2.3115533,48.8481875
1705852331669357000,2414.2713571777344,45,1.5,1.3037135601043701,18.327999114990234,2.213369131088257,182.3848876953125,79.78718032229571,2.3115502,48.848177
1705852332224612000,2414.8266120605467,45,1.5,1.2903589010238647,18.368999481201172,2.230908155441284,182.43890380859375,79.84335327741618,2.3115469,48.8481598
1705852332798194400,2415.4001943359376,45,1.5,1.2903589010238647,18.354999542236328,2.2480335235595703,182.45985412597656,79.84335327741618,2.3115444,48.8481489
1705852333397447700,2415.999447753906,45,1.5,1.3098772764205933,17.961999893188477,2.2663488388061523,182.37925720214844,79.79072274987954,2.3115415,48.8481302
1705852333898267600,2416.500267578125,45,1.5,1.3098772764205933,17.926000595092773,2.283559560775757,182.3212890625,79.79072274987954,2.3115397,48.8481192
1705852334452999700,2417.054999755859,45,1.5,1.3189516067504883,17.94700050354004,2.295431137084961,182.18734741210938,79.73100774044697,2.3115384,48.8481017
1705852334969413600,2417.5714135742187,45,1.5,1.322081208229065,17.895000457763672,2.308680534362793,182.16815185546875,79.73100774044697,2.3115368,48.8480925
1705852335508571100,2418.110571044922,45,1.5,1.322081208229065,17.784000396728516,2.320657730102539,182.10302734375,79.73100774044697,2.311535,48.8480735
1705852336094975000,2418.6969750976564,45,1.5,1.3471691608428955,17.858999252319336,2.3314898014068604,181.9795379638672,79.58475835496856,2.311534,48.8480633
1705852336669357000,2419.2713571777344,45,1.5,1.3471691608428955,17.992000579833984,2.341902017593384,181.91017150878906,79.58475835496856,2.3115322,48.8480457
1705852337258933800,2419.8609338378906,45,1.5,1.3325310945510864,18.013999938964844,2.347536325454712,181.8179168701172,79.43851149968367,2.3115319,48.8480355
1705852337854227500,2420.4562275390626,45,1.5,1.3325310945510864,18.058000564575195,2.3525664806365967,181.89353942871094,79.43851149968367,2.3115307,48.8480175
1705852338440658700,2421.0426586914064,45,1.5,1.4302855730056763,17.98699951171875,2.3614330291748047,182.11497497558594,79.3838593450594,2.3115301,48.8479998
1705852338969424000,2421.571423828125,45,1.5,1.420472264289856,17.89699935913086,2.369575023651123,182.4296417236328,79.3838593450594,2.3115288,48.8479921
1705852339496196400,2422.0981962890623,45,1.5,1.420472264289856,17.66200065612793,2.3762478828430176,182.75485229492188,79.3838593450594,2.3115261,48.847972
1705852340082613800,2422.684613769531,45,1.5,2.108466625213623,17.586000442504883,2.387582778930664,183.069580078125,79.3641239316129,2.3115236,48.8479602
1705852340669031000,2423.271031005859,45,1.5,2.07741641998291,17.507999420166016,2.397646903991699,183.40960693359375,79.36614807446107,2.3115199,48.8479405
1705852341255462000,2423.8574619140627,45,1.5,2.07741641998291,17.434999465942383,2.407428503036499,183.67884826660156,79.36614807446107,2.3115161,48.8479261
1705852341857629700,2424.4596296386717,45,1.5,2.07741641998291,17.475000381469727,2.4179203510284424,183.77096557617188,79.36614807446107,2.3115129,48.8479149
1705852342979489300,2425.5814892578123,45,1.5,1.5747194290161133,17.260000228881836,2.4341840744018555,183.500732421875,79.42080011457844,2.3115104,48.8478855
1705852343483833300,2426.0858332519533,45,1.5,1.5981836318969727,17.26099967956543,2.4422519207000732,183.1360321044922,79.35046098006406,2.3115081,48.8478653
1705852344070250500,2426.6722504882814,45,1.5,1.5862760543823242,17.374000549316406,2.4504566192626953,182.9319610595703,79.31301448531626,2.3115048,48.8478472
1705852344656667600,2427.2586677246095,45,1.5,1.5862760543823242,17.510000228881836,2.459141254425049,182.71945190429688,79.31301448531626,2.311503,48.8478362
1705852345196643000,2427.7986430664064,45,1.5,1.5901379585266113,17.395000457763672,2.4619638919830322,182.481201171875,79.27607418681345,2.3114999,48.8478247
1705852345712218000,2428.3142180175782,45,1.5,1.5901379585266113,17.374000549316406,2.462451934814453,182.1258087158203,79.27607418681345,2.3114978,48.8478064
1705852346276633600,2428.8786335449217,45,1.5,1.5641378164291382,17.45400047302246,2.468812942504883,181.93019104003906,79.18094101056106,2.3114944,48.8477949
1705852346885052000,2429.487052001953,45,1.5,1.5881527662277222,17.378000259399414,2.474951982498169,181.86964416503906,79.2411581626564,2.3114906,48.8477765
1705852347417829000,2430.0198291015627,45,1.5,1.5881527662277222,17.386999130249023,2.4811508655548096,181.91212463378906,79.2411581626564,2.3114872,48.8477635
1705852347940602000,2430.542602050781,45,1.5,1.5672794580459595,17.413000106811523,2.4862728118896484,182.0283203125,79.19004945981348,2.311484,48.8477486
1705852348537470500,2431.1394704589843,45,1.5,1.5672794580459595,17.378999710083008,2.4918863773345947,182.2761993408203,79.19004945981348,2.3114773,48.8477326
1705852349616776400,2432.2187763671873,45,1.5,1.5741249322891235,17.236000061035156,2.5016164779663086,182.4894256591797,79.31149638767593,2.3114709,48.8477046
1705852350168985600,2432.770985595703,45,1.5,1.563686490058899,17.215999603271484,2.5069596767425537,182.70790100097656,79.27253197489094,2.3114644,48.8476847
1705852350669357000,2433.2713571777344,45,1.5,1.563686490058899,17.225000381469727,2.5115559101104736,182.93251037597656,79.27253197489094,2.3114594,48.8476741
1705852351810965800,2434.4129658203124,45,1.5,1.5845468044281006,17.309999465942383,2.424907684326172,183.0658416748047,78.99421996368702,2.3114511,48.8476497
1705852352983798500,2435.5857985839843,45,1.5,1.582685947418213,17.222999572753906,2.2594799995422363,182.7899169921875,78.89908995933865,2.3114454,48.847637
1705852353570215000,2436.17221484375,45,1.5,1.5896437168121338,16.44099998474121,2.106590986251831,182.39901733398438,78.86923555101707,2.3114394,48.8476308
1705852354156631300,2436.7586313476563,0,1.5,1.5049011707305908,15.8100004196167,0,0,78.86923555101707,2.311424,48.8476533
1705852354669357000,2437.2713571777344,0,1.5,1.506516933441162,14.890999794006348,0.03517399728298187,0,78.86923555101707,2.3114607,48.8476546
1705852355798596900,2438.4005969238283,45,1.5,1.508324384689331,13.847999572753906,0.5538550019264221,134.17454528808594,78.87125957536861,2.3114698,48.8476503
1705852356971415800,2439.573415771484,45,1.5,1.369734287261963,13.87399959564209,0.8098864555358887,166.8780975341797,78.97650950943736,2.3114554,48.8476348
1705852357557832000,2440.15983203125,45,1.5,1.369734287261963,14.501999855041504,1.0416897535324097,172.31088256835938,78.97650950943736,2.3114466,48.8476197
1705852358078140000,2440.680139892578,45,1.5,1.3259634971618652,14.567999839782715,1.244774341583252,176.21034240722656,79.12477245703812,2.311438,48.8476061
1705852358613381000,2441.2153811035155,45,1.5,1.3259634971618652,15.01200008392334,1.3814462423324585,178.3964080810547,79.12477245703812,2.311431,48.8475915
1705852359139664600,2441.741664550781,45,1.5,1.3160948753356934,15.664999961853027,1.5125682353973389,179.8497314453125,81.0999984741211,2.311424,48.8475802
1705852359668929800,2442.2709296875,45,1.5,1.321967601776123,16.663000106811523,1.6077803373336792,181.02752685546875,81.0999984741211,2.3114176,48.8475644
1705852360238053000,2442.840053222656,45,1.5,1.321967601776123,16.84000015258789,1.7581285238265991,181.27418518066406,81.0999984741211,2.3114138,48.8475529
1705852360841762000,2443.4437619628907,45,1.5,1.321967601776123,17.72800064086914,1.877860426902771,181.26568603515625,81.0999984741211,2.3114102,48.8475353
1705852361428191700,2444.0301916503904,45,1.5,1.3543223142623901,17.722000122070312,1.9925042390823364,181.1283721923828,81.0999984741211,2.3114062,48.8475169
1705852361968116200,2444.5701162109376,45,1.5,1.3662450313568115,17.687999725341797,2.0606637001037598,181.07847595214844,81.0999984741211,2.3114031,48.8475064
1705852362483726800,2445.0857268066407,45,1.5,1.3662450313568115,17.665000915527344,2.1143434047698975,181.2633819580078,81.0999984741211,2.3114,48.8474877
1705852363070143000,2445.672143066406,45,1.5,1.3980677127838135,17.704999923706055,2.164503335952759,181.22982788085938,81.0999984741211,2.3113988,48.8474765
1705852363656558800,2446.2585588378906,45,1.5,1.3980677127838135,17.746000289916992,2.204807758331299,181.23191833496094,81.0999984741211,2.3113974,48.8474599
1705852364242974700,2446.844974609375,45,1.5,1.39219331741333,17.783000946044922,2.236802101135254,181.3027801513672,81.0999984741211,2.3113967,48.8474497
1705852364829390800,2447.4313908691406,45,1.5,1.3985120058059692,17.746999740600586,2.2637650966644287,181.40133666992188,81.0999984741211,2.3113955,48.8474353
1705852365357676500,2447.959676513672,45,1.5,1.3985120058059692,17.759000778198242,2.2833237648010254,181.65194702148438,81.0999984741211,2.3113928,48.8474255
1705852365884939500,2448.486939453125,45,1.5,1.4220070838928223,17.76799964904785,2.2991244792938232,181.8800506591797,81.0999984741211,2.3113894,48.8474121
1705852366471355400,2449.07335546875,45,1.5,1.4220070838928223,17.767000198364258,2.3153607845306396,181.99795532226562,81.0999984741211,2.3113878,48.8473998
1705852367057771300,2449.6597712402345,45,1.5,1.512263298034668,17.868000030517578,2.331861734390259,182.31747436523438,81.0999984741211,2.3113842,48.8473839
1705852367597664800,2450.199664794922,45,1.5,1.512263298034668,17.910999298095703,2.34576153755188,182.62440490722656,81.0999984741211,2.3113813,48.8473752
1705852368113320000,2450.7153198242186,45,1.5,2.222614049911499,17.999000549316406,2.353529453277588,182.85153198242188,81.0999984741211,2.3113771,48.8473593
1705852368669357000,2451.2713571777344,45,1.5,2.222614049911499,18.034000396728516,2.3612477779388428,183.0491180419922,81.0999984741211,2.3113738,48.8473515
1705852369286152000,2451.8881518554685,45,1.5,1.8675215244293213,18.106000900268555,2.3803746700286865,183.16818237304688,81.0999984741211,2.3113707,48.8473355
1705852369817130000,2452.4191298828123,45,1.5,1.8675215244293213,18.114999771118164,2.3982093334198,183.23594665527344,81.0999984741211,2.3113684,48.8473259
1705852370341700400,2452.943700439453,45,1.5,1.468686580657959,18.363000869750977,2.4116885662078857,183.27145385742188,81.0999984741211,2.3113672,48.8473092
1705852370896865800,2453.4988657226563,45,1.5,1.468686580657959,18.465999603271484,2.423828363418579,183.32061767578125,81.0999984741211,2.3113669,48.8473013
1705852371397249000,2453.9992490234376,45,1.5,1.6735788583755493,18.444000244140625,2.433624267578125,183.4661102294922,81.0999984741211,2.3113644,48.847284
1705852371983664600,2454.585664550781,45,1.5,1.6782498359680176,18.364999771118164,2.4429731369018555,183.65419006347656,81.0999984741211,2.3113627,48.8472753
1705852372570080500,2455.1720805664063,45,1.5,1.6782498359680176,18.322999954223633,2.450666904449463,183.77976989746094,81.0999984741211,2.3113601,48.847258
1705852373097996300,2455.6999963378908,45,1.5,1.672142505645752,18.316999435424805,2.4619665145874023,183.8594207763672,81.0999984741211,2.3113582,48.8472487
1705852373625629000,2456.22762890625,45,1.5,1.672142505645752,18.33099937438965,2.470212459564209,183.92068481445312,81.0999984741211,2.3113556,48.8472321
1705852374198032600,2456.800032714844,45,1.5,1.698542594909668,18.354000091552734,2.480699062347412,183.92190551757812,81.0999984741211,2.3113545,48.8472228
1705852374798460700,2457.4004606933595,45,1.5,1.698542594909668,18.469999313354492,2.4882049560546875,184.07875061035156,81.0999984741211,2.311352,48.847207
1705852375971292200,2458.573292236328,45,1.5,1.6984069347381592,18.159000396728516,2.5022037029266357,184.2499542236328,81.0999984741211,2.3113473,48.84718
1705852376557708000,2459.1597080078127,45,1.5,1.7130811214447021,18.007999420166016,2.5157980918884277,184.2335662841797,81.0999984741211,2.3113448,48.8471623
1705852377058958000,2459.6609580078125,45,1.5,1.72244131565094,17.923999786376953,2.529120683670044,184.33387756347656,81.0999984741211,2.3113426,48.8471514
1705852377613256400,2460.215256347656,45,1.5,1.72244131565094,17.825000762939453,2.5384461879730225,184.41941833496094,81.0999984741211,2.3113395,48.8471328
1705852378178132000,2460.780132080078,45,1.5,1.7068238258361816,17.76799964904785,2.549359083175659,184.3484344482422,81.0999984741211,2.3113392,48.8471221
1705852378786088000,2461.388087890625,45,1.5,1.7068238258361816,17.781999588012695,2.557866096496582,184.2535400390625,81.0999984741211,2.3113383,48.8471034
1705852379297193000,2461.899192871094,45,1.5,1.5860645771026611,17.624000549316406,2.5646770000457764,184.4090576171875,81.0999984741211,2.3113355,48.847093
1705852379841636000,2462.443635986328,45,1.5,1.7236323356628418,17.413999557495117,2.5692241191864014,184.63551330566406,81.0999984741211,2.3113313,48.8470769
1705852380398642200,2463.000642089844,45,1.5,1.7236323356628418,17.402999877929688,2.5752012729644775,184.64797973632812,81.0999984741211,2.3113304,48.8470652
1705852380968958700,2463.5709587402343,45,1.5,1.764499545097351,17.322999954223633,2.582932233810425,184.70729064941406,81.0999984741211,2.3113287,48.8470498
1705852381483600100,2464.0856000976564,45,1.5,1.764499545097351,17.204999923706055,2.5885162353515625,184.68714904785156,81.0999984741211,2.3113272,48.847036
1705852382070015700,2464.672015625,45,1.5,1.785630702972412,17.322999954223633,2.5864737033843994,184.6743927001953,81.0999984741211,2.311325,48.8470182
1705852382617334300,2465.2193342285154,45,1.5,1.785630702972412,17.322999954223633,2.5841712951660156,184.63671875,81.0999984741211,2.3113238,48.8470095
1705852383125564200,2465.7275642089844,45,1.5,1.8063970804214478,17.347000122070312,2.583754062652588,184.76705932617188,81.0999984741211,2.3113205,48.8469932
1705852383669357000,2466.2713571777344,45,1.5,1.8063970804214478,17.40399932861328,2.58339262008667,184.96578979492188,81.0999984741211,2.3113179,48.8469851
1705852384181112300,2466.7831123046876,45,1.5,1.8094260692596436,17.297000885009766,2.579078435897827,185.06858825683594,81.0999984741211,2.311314,48.8469689
1705852384767528000,2467.369527832031,45,1.5,1.8094260692596436,17.305999755859375,2.5765106678009033,185.06260681152344,81.0999984741211,2.3113117,48.8469616
1705852385353943600,2467.9559436035156,45,1.5,1.689490795135498,17.448999404907227,2.5739855766296387,184.84475708007812,81.0999984741211,2.3113096,48.8469455
1705852385958674200,2468.5606740722656,45,1.5,1.689490795135498,17.53499984741211,2.5721659660339355,184.56210327148438,81.0999984741211,2.3113088,48.8469369
1705852386526775000,2469.1287751464843,45,1.5,1.689408779144287,17.768999099731445,2.5705885887145996,184.11077880859375,81.0999984741211,2.3113102,48.8469209
1705852387037841000,2469.6398408203127,45,1.5,1.6264914274215698,17.83300018310547,2.569418430328369,183.79345703125,81.0999984741211,2.3113102,48.8469123
1705852387582323500,2470.184323486328,45,1.5,1.6264914274215698,18.03700065612793,2.566354990005493,183.4763641357422,81.0999984741211,2.3113096,48.8468961
1705852388179662800,2470.781662841797,45,1.5,1.618202567100525,18.121000289916992,2.564209461212158,183.1944122314453,81.0999984741211,2.3113106,48.846887
1705852388755155200,2471.3571552734375,45,1.5,1.618202567100525,18.29599952697754,2.5599570274353027,182.80978393554688,81.0999984741211,2.3113119,48.8468711
1705852389258494700,2471.860494628906,45,1.5,1.6293622255325317,18.44700050354004,2.5573296546936035,182.3525848388672,81.0999984741211,2.3113144,48.8468633
1705852389810703600,2472.4127036132813,45,1.5,1.6293622255325317,18.85700035095215,2.5547661781311035,181.9826202392578,81.0999984741211,2.3113163,48.846847
1705852390397136400,2472.9991364746093,45,1.5,1.6535844802856445,18.809999465942383,2.5483598709106445,181.62527465820312,81.0999984741211,2.31132,48.8468392
1705852390983535600,2473.5855356445313,45,1.5,1.6662904024124146,18.823999404907227,2.543410062789917,181.40939331054688,81.0999984741211,2.311323,48.8468271
1705852391569951500,2474.1719514160154,45,1.5,1.6662904024124146,18.80900001525879,2.5224828720092773,181.42019653320312,81.0999984741211,2.3113243,48.8468095
1705852392156367400,2474.7583674316406,45,1.5,1.715101957321167,18.83300018310547,2.515845775604248,181.52044677734375,81.0999984741211,2.3113257,48.8468032
1705852392669357000,2475.2713571777344,45,1.5,1.715101957321167,18.81800079345703,2.508502960205078,181.62673950195312,81.0999984741211,2.3113268,48.8467902
1705852393211916300,2475.813916259766,45,1.5,1.694599986076355,18.826000213623047,2.490885019302368,181.6475830078125,81.0999984741211,2.3113281,48.8467835
1705852393721316000,2476.323316162109,45,1.5,1.694599986076355,18.85300064086914,2.4754135608673096,181.71629333496094,81.0999984741211,2.311329,48.8467765
1705852394267465000,2476.86946484375,45,1.5,1.7217580080032349,18.702999114990234,2.457826852798462,181.61485290527344,81.0999984741211,2.3113306,48.8467634
1705852394837901300,2477.4399013671873,45,1.5,1.7217580080032349,18.756000518798828,2.443047523498535,181.4548797607422,81.0999984741211,2.3113324,48.8467572
1705852395440302800,2478.042302734375,45,1.5,1.8125494718551636,18.562999725341797,2.4278953075408936,181.1720428466797,81.0999984741211,2.3113337,48.8467436
1705852395971294700,2478.5732946777343,45,1.5,1.8132436275482178,18.597999572753906,2.4165728092193604,180.9778289794922,81.0999984741211,2.3113353,48.8467363
1705852396495851500,2479.0978515625,45,1.5,1.8132436275482178,18.61400032043457,2.404386520385742,180.73196411132812,81.0999984741211,2.3113367,48.8467234
1705852397066659600,2479.6686596679688,45,1.5,2.4630820751190186,18.615999221801758,2.3949384689331055,180.7857666015625,81.0999984741211,2.3113361,48.8467157
1705852397668683500,2480.27068359375,45,1.5,2.4630820751190186,18.527999877929688,2.3846335411071777,180.8772430419922,81.0999984741211,2.3113352,48.8467018
1705852398196639000,2480.7986389160155,45,1.5,2.532127618789673,18.584999084472656,2.373687982559204,181.0167236328125,81.0999984741211,2.3113356,48.8466943
1705852398724232000,2481.3262319335936,45,1.5,2.532127618789673,18.488000869750977,2.3620519638061523,181.14830017089844,81.0999984741211,2.3113358,48.8466803
1705852399298340900,2481.9003408203125,45,1.5,1.7683429718017578,18.476999282836914,2.3513545989990234,181.30398559570312,81.0999984741211,2.311336,48.8466739
1705852399897063400,2482.4990634765627,45,1.5,1.9479868412017822,18.332000732421875,2.3407695293426514,181.5894012451172,81.0999984741211,2.3113356,48.8466608
1705852400397915400,2482.9999152832033,45,1.5,1.9479868412017822,18.256000518798828,2.330364227294922,182.21734619140625,81.0999984741211,2.3113329,48.8466528
1705852400952611600,2483.5546115722655,45,1.5,1.980916976928711,18.23900032043457,2.320612668991089,182.81680297851562,81.0999984741211,2.3113299,48.846642
1705852401536630500,2484.1386306152344,45,1.5,1.980916976928711,18.089000701904297,2.3118274211883545,183.1569366455078,81.0999984741211,2.3113289,48.8466315
1705852402125442600,2484.7274426269532,45,1.5,1.977209210395813,17.884000778198242,2.299616813659668,183.4811248779297,81.0999984741211,2.3113256,48.8466194
1705852402669357000,2485.2713571777344,45,1.5,1.977209210395813,17.666000366210938,2.2869110107421875,183.83653259277344,81.0999984741211,2.3113219,48.8466073
1705852403180990500,2485.782990478516,45,1.5,1.9879777431488037,17.451000213623047,2.2722628116607666,184.1990966796875,81.0999984741211,2.3113196,48.8466014
1705852403757687000,2486.359687011719,45,1.5,1.9879777431488037,17.469999313354492,2.260486125946045,184.59547424316406,81.0999984741211,2.3113166,48.846595
1705852404353821200,2486.9558212890624,45,1.5,1.9953864812850952,17.2450008392334,2.256303548812866,184.55892944335938,81.0999984741211,2.311314,48.8465804
1705852404857922600,2487.459922607422,45,1.5,1.9953864812850952,17.274999618530273,2.253387689590454,184.5054931640625,81.0999984741211,2.3113121,48.8465729
1705852405409368600,2488.0113686523437,45,1.5,2.015310049057007,17.242000579833984,2.2423322200775146,184.58570861816406,81.0999984741211,2.3113095,48.8465595
1705852405998681900,2488.6006818847654,45,1.5,2.015310049057007,17.302000045776367,2.2337300777435303,184.7179412841797,81.0999984741211,2.3113073,48.8465519
1705852406582199000,2489.1841989746094,45,1.5,2.0217604637145996,17.3439998626709,2.22607159614563,184.60635375976562,81.0999984741211,2.3113066,48.8465381
1705852407118070800,2489.7200708007813,45,1.5,2.0110533237457275,17.374000549316406,2.220863103866577,184.49606323242188,81.0999984741211,2.3113063,48.8465308
1705852407637746200,2490.23974609375,45,1.5,2.0110533237457275,17.5049991607666,2.2145936489105225,184.3059539794922,81.0999984741211,2.3113055,48.8465174
1705852408216788500,2490.8187885742186,45,1.5,1.8862385749816895,17.697999954223633,2.2130165100097656,184.12893676757812,81.0999984741211,2.3113065,48.8465095
1705852408810576100,2491.412576171875,45,1.5,1.8862385749816895,17.788000106811523,2.210569143295288,183.8665313720703,81.0999984741211,2.3113075,48.8464948
1705852409339978200,2491.9419782714845,45,1.5,2.055737018585205,17.701000213623047,2.2081222534179688,183.75689697265625,81.0999984741211,2.3113068,48.8464868
1705852409866123000,2492.468123046875,45,1.5,2.0703248977661133,17.6299991607666,2.2056686878204346,183.58486938476562,81.0999984741211,2.3113068,48.8464738
1705852410458257000,2493.0602568359377,45,1.5,2.0703248977661133,17.599000930786133,2.1659903526306152,183.00595092773438,81.0999984741211,2.3113078,48.8464652
1705852410970634800,2493.572634765625,45,1.5,2.092341423034668,17.57699966430664,2.1900506019592285,182.4814453125,81.0999984741211,2.3113087,48.8464538
1705852411508084500,2494.110084472656,45,1.5,2.092341423034668,17.53700065612793,2.2123355865478516,181.9642791748047,81.0999984741211,2.3113096,48.846435
1705852412094499300,2494.696499267578,45,1.5,2.11472225189209,17.538999557495117,2.250014066696167,181.6194305419922,81.0999984741211,2.3113122,48.8464238
1705852412679572200,2495.281572265625,45,1.5,2.11472225189209,17.56999969482422,2.285658359527588,181.33511352539062,81.0999984741211,2.3113145,48.8464127
1705852413267328800,2495.869328857422,45,1.5,2.117443084716797,17.600000381469727,2.3107552528381348,180.84036254882812,81.0999984741211,2.3113177,48.8463957
1705852413853743400,2496.455743408203,45,1.5,2.0984692573547363,17.700000762939453,2.334895133972168,180.34629821777344,81.0999984741211,2.3113209,48.8463821
1705852414440158000,2497.0421579589843,45,1.5,2.0984692573547363,17.96299934387207,2.3650312423706055,180.01046752929688,81.0999984741211,2.3113247,48.8463607
1705852414968181000,2497.570180908203,45,1.5,1.9723615646362305,18.016000747680664,2.377769708633423,179.85643005371094,81.0999984741211,2.3113268,48.8463564
1705852415495704000,2498.0977041015626,45,1.5,1.9723615646362305,18.309999465942383,2.388531446456909,179.6717987060547,81.0999984741211,2.311329,48.8463401
1705852416019438600,2498.6214384765626,45,1.5,2.0002074241638184,18.417999267578125,2.4066076278686523,179.49819946289062,81.0999984741211,2.3113321,48.8463293
1705852416551250200,2499.1532502441405,45,1.5,2.0002074241638184,18.47100067138672,2.422337055206299,179.30162048339844,81.0999984741211,2.3113354,48.8463106
1705852417137664500,2499.739664550781,45,1.5,1.9224611520767212,18.496999740600586,2.3977904319763184,179.53282165527344,81.0999984741211,2.3113351,48.8463017
1705852417669357000,2500.2713571777344,45,1.5,1.9224611520767212,18.65999984741211,2.372344493865967,179.76475524902344,81.0999984741211,2.3113346,48.8462848
1705852418193210400,2500.7952104492188,45,1.5,1.9333851337432861,18.67099952697754,2.3555808067321777,179.28390502929688,81.0999984741211,2.3113363,48.8462765
1705852418779638300,2501.3816381835936,45,1.5,1.9349780082702637,18.722999572753906,2.339818000793457,178.87930297851562,81.0999984741211,2.3113386,48.8462627
1705852419366038800,2501.968038818359,45,1.5,1.9349780082702637,18.645000457763672,2.325948715209961,178.29913330078125,81.0999984741211,2.3113395,48.8462537
1705852419952453000,2502.554453125,45,1.5,1.9696202278137207,18.53700065612793,2.312493324279785,177.63418579101562,81.0999984741211,2.3113414,48.8462415
1705852420538867200,2503.1408671875,45,1.5,1.9696202278137207,18.524999618530273,2.2773821353912354,177.76429748535156,81.0999984741211,2.3113416,48.8462255
1705852421125294800,2503.727294921875,45,1.5,2.0218887329101562,18.371999740600586,2.2770557403564453,178.1293182373047,81.0999984741211,2.3113413,48.8462115
1705852421669357000,2504.2713571777344,45,1.5,2.0139150619506836,18.20400047302246,2.27835750579834,178.51573181152344,81.0999984741211,2.3113404,48.8462042
1705852422180826600,2504.7828266601564,45,1.5,2.0139150619506836,18.253000259399414,2.2466371059417725,178.86038208007812,81.0999984741211,2.3113395,48.846198
1705852422718919400,2505.3209194335936,45,1.5,2.0139150619506836,18.268999099731445,2.2182998657226562,179.2000274658203,81.0999984741211,2.3113382,48.8461922
1705852423236371700,2505.838371826172,45,1.5,2.025198221206665,18.190000534057617,2.2052865028381348,179.30055236816406,81.0999984741211,2.3113363,48.846179
1705852423822785800,2506.424785888672,45,1.5,2.025198221206665,18.200000762939453,2.1944284439086914,179.37216186523438,81.0999984741211,2.3113347,48.8461718
1705852424409199900,2507.011199951172,45,1.5,2.1150963306427,18.142000198364258,2.1831040382385254,179.64004516601562,81.0999984741211,2.3113312,48.8461587
1705852424937741300,2507.5397412109373,45,1.5,2.1150963306427,18.11199951171875,2.1741247177124023,179.8618621826172,81.0999984741211,2.311328,48.8461526
1705852425464744700,2508.0667446289062,45,1.5,2.7527146339416504,18.097000122070312,2.1655654907226562,180.36058044433594,81.0999984741211,2.3113226,48.8461378
1705852425968841200,2508.5708413085936,45,1.5,2.757154941558838,18.041000366210938,2.158522129058838,180.79116821289062,81.0999984741211,2.3113172,48.846133
1705852426520303400,2509.122303466797,45,1.5,2.757154941558838,18.097999572753906,2.150611400604248,181.213623046875,81.0999984741211,2.3113117,48.8461173
1705852427106703400,2509.7087033691405,45,1.5,2.742126703262329,18.274999618530273,2.144658327102661,181.65628051757812,81.0999984741211,2.3113062,48.8461106
1705852427669357000,2510.2713571777344,45,1.5,2.742126703262329,18.315000534057617,2.139263868331909,182.11729431152344,81.0999984741211,2.3112998,48.8460959
1705852428297992200,2510.8999921875,45,1.5,2.071516752243042,18.48200035095215,2.1365060806274414,182.53564453125,81.0999984741211,2.3112947,48.8460866
1705852428865944600,2511.467944580078,45,1.5,2.0833864212036133,18.711000442504883,2.1338717937469482,182.9310302734375,81.0999984741211,2.3112896,48.8460721
1705852429398735000,2512.000735107422,45,1.5,2.0833864212036133,18.749000549316406,2.133510112762451,183.10841369628906,81.0999984741211,2.3112848,48.8460633
1705852429921489200,2512.5234892578123,45,1.5,2.2813942432403564,18.944000244140625,2.133075714111328,183.26052856445312,81.0999984741211,2.31128,48.8460519
1705852430507902700,2513.1099028320314,45,1.5,2.2813942432403564,18.993000030517578,2.130941390991211,183.22952270507812,81.0999984741211,2.3112764,48.8460406
1705852431094316300,2513.69631640625,45,1.5,2.251509666442871,19.274999618530273,2.130764961242676,183.40994262695312,81.0999984741211,2.3112718,48.8460263
1705852431636809000,2514.2388090820314,45,1.5,2.251509666442871,19.309999465942383,2.1312782764434814,183.59121704101562,81.0999984741211,2.3112682,48.8460188
1705852432149860900,2514.7518608398436,45,1.5,2.289442777633667,19.45199966430664,2.1335906982421875,183.97030639648438,81.0999984741211,2.3112637,48.8460038
1705852432669357000,2515.2713571777344,45,1.5,2.289442777633667,19.434999465942383,2.13661527633667,184.27691650390625,81.0999984741211,2.3112606,48.8459952
1705852433205405200,2515.8074052734373,45,1.5,2.291792631149292,19.437000274658203,2.140371084213257,184.36656188964844,81.0999984741211,2.3112553,48.8459809
1705852433791818500,2516.3938186035157,45,1.5,2.291792631149292,19.47599983215332,2.1444475650787354,184.41329956054688,81.0999984741211,2.3112515,48.8459735
1705852434378232000,2516.9802321777343,45,1.5,2.3248469829559326,19.361000061035156,2.150963068008423,184.61871337890625,81.0999984741211,2.3112472,48.8459567
1705852434964645400,2517.566645263672,45,1.5,2.3248469829559326,19.2810001373291,2.157773017883301,184.8347930908203,81.0999984741211,2.3112441,48.8459475
1705852435551059000,2518.1530588378905,45,1.5,2.329530715942383,19.268999099731445,2.1570708751678467,185.29592895507812,81.0999984741211,2.3112385,48.8459327
1705852436118694100,2518.7206940917968,45,1.5,2.314061164855957,19.298999786376953,2.1539506912231445,184.8712921142578,81.0999984741211,2.3112372,48.8459237
1705852436669357000,2519.2713571777344,45,1.5,2.314061164855957,19.327999114990234,2.1498148441314697,184.3730010986328,81.0999984741211,2.3112352,48.8459084
1705852437193016300,2519.795016357422,45,1.5,2.1828930377960205,19.222000122070312,2.1467347145080566,183.9757080078125,81.0999984741211,2.3112364,48.8459008
1705852437779429600,2520.3814296875,45,1.5,2.1828930377960205,19.07900047302246,2.143627643585205,183.60350036621094,81.0999984741211,2.3112372,48.8458864
1705852438336583700,2520.938583740234,45,1.5,2.338451385498047,19.121000289916992,2.140408992767334,183.5744171142578,81.0999984741211,2.3112366,48.8458776
1705852438952256300,2521.554256347656,45,1.5,2.373739242553711,19,2.137836217880249,183.50108337402344,81.0999984741211,2.3112364,48.845864
1705852439538669600,2522.1406696777344,45,1.5,2.373739242553711,19.163000106811523,2.1248021125793457,182.93814086914062,81.0999984741211,2.3112367,48.8458526
1705852440125083000,2522.7270827636717,45,1.5,1.5100678205490112,19.56599998474121,2.099862575531006,182.3802947998047,81.0999984741211,2.311237,48.8458483
1705852440669357000,2523.2713571777344,45,1.5,1.5100678205490112,19.90399932861328,2.0762064456939697,181.80368041992188,81.0999984741211,2.311237,48.8458374
1705852441180626700,2523.7826267089845,45,1.5,1.530686616897583,19.347000122070312,1.9680981636047363,180.76028442382812,81.0999984741211,2.3112392,48.8458388
1705852441767040000,2524.3690400390624,45,1.5,1.2729092836380005,18.89699935913086,1.8783315420150757,180.5184326171875,81.4000015258789,2.3112411,48.845841
1705852442353453300,2524.9554533691407,45,1.5,1.2767804861068726,18.020000457763672,1.1231240034103394,180.96559143066406,81.4000015258789,2.3112343,48.8458306
1705852442939866400,2525.541866455078,45,1.5,1.2727049589157104,17.402000427246094,1.0176200866699219,181.1153106689453,81.4000015258789,2.3112303,48.8458228
1705852443526279400,2526.1282795410157,45,1.5,1.2727049589157104,16.756999969482422,1.0185840129852295,183.2910919189453,81.4000015258789,2.311227,48.8458153
1705852444112692700,2526.714692626953,45,1.5,1.281803011894226,16.545000076293945,1.0742686986923218,182.4774627685547,81.4000015258789,2.3112323,48.8458055
1705852444658787600,2527.2607875976564,45,1.5,1.281803011894226,16.643999099731445,1.1306662559509277,181.7361602783203,81.4000015258789,2.3112378,48.845798
1705852445168249900,2527.7702497558594,45,1.5,1.2653247117996216,15.972000122070312,1.1797817945480347,181.90711975097656,81.4000015258789,2.3112385,48.8457875
1705852445669357000,2528.2713571777344,45,1.5,1.2653247117996216,16.28499984741211,1.2286012172698975,182.067626953125,81.4000015258789,2.3112391,48.8457802
1705852446178308000,2528.780308105469,45,1.5,1.2728378772735596,16.128000259399414,1.2800723314285278,181.5463409423828,81.4000015258789,2.3112404,48.8457707
1705852446692924000,2529.294923828125,45,1.5,1.2728378772735596,16.70800018310547,1.329851508140564,180.86550903320312,81.4000015258789,2.3112421,48.8457562
1705852447279337200,2529.881337158203,45,1.5,1.2832118272781372,16.882999420166016,1.374729871749878,180.19384765625,81.4000015258789,2.3112455,48.845744
1705852447865750300,2530.4677502441405,45,1.5,1.2900259494781494,18.152999877929688,1.4155464172363281,179.25999450683594,81.4000015258789,2.3112492,48.8457287
1705852448438497800,2531.0404978027345,45,1.5,1.2900259494781494,18.486000061035156,1.4820488691329956,179.0946502685547,81.4000015258789,2.3112504,48.845714
1705852448971172000,2531.5731721191405,45,1.5,1.3068482875823975,19.18199920654297,1.5356638431549072,179.3931121826172,81.4000015258789,2.3112499,48.8456969
1705852449507706600,2532.1097065429685,45,1.5,1.3068482875823975,19.506999969482422,1.5889440774917603,179.48953247070312,81.4000015258789,2.3112494,48.845679
1705852450094119700,2532.696119628906,45,1.5,1.3293530941009521,19.774999618530273,1.6403969526290894,179.2255401611328,81.4000015258789,2.3112485,48.8456577
1705852450697642200,2533.2996423339846,45,1.5,1.3293530941009521,19.885000228881836,1.687720775604248,178.86883544921875,81.4000015258789,2.3112483,48.8456429
1705852451266945800,2533.868945800781,45,1.5,1.3314504623413086,20.08300018310547,1.6777939796447754,177.20542907714844,81.4000015258789,2.3112494,48.8456247
1705852451816615200,2534.418615234375,45,1.5,1.3314504623413086,20.125,1.665549874305725,175.48204040527344,81.4000015258789,2.311252,48.8456133
1705852452322489000,2534.924489013672,45,1.5,1.3469014167785645,20.232999801635742,1.6389317512512207,173.52435302734375,81.4000015258789,2.3112542,48.8455963
1705852452908902100,2535.510902099609,45,1.5,1.3469014167785645,20.145000457763672,1.6096184253692627,171.47210693359375,81.4000015258789,2.3112584,48.845586
1705852453495315200,2536.097315185547,45,1.5,1.3795019388198853,20.04599952697754,1.6022346019744873,169.11045837402344,81.4000015258789,2.3112659,48.8455685
1705852454096440000,2536.698440185547,45,1.5,1.3828039169311523,19.825000762939453,1.5552741289138794,166.8247833251953,81.4000015258789,2.3112705,48.8455575
1705852454668141000,2537.270141113281,45,1.5,1.3828039169311523,19.608999252319336,1.501020908355713,164.23316955566406,81.4000015258789,2.3112793,48.8455437
1705852455198302700,2537.800302734375,45,1.5,1.5983558893203735,19.44499969482422,1.4928147792816162,161.5800018310547,81.4000015258789,2.311287,48.8455312
1705852455723690200,2538.325690185547,45,1.5,1.5983558893203735,19.101999282836914,1.4810025691986084,158.72085571289062,81.4000015258789,2.3112995,48.8455161
1705852456310103300,2538.9121032714843,45,1.5,1.4839730262756348,19.083999633789062,1.4936732053756714,155.89634704589844,81.4000015258789,2.3113081,48.8455055
1705852456896516000,2539.4985161132813,45,1.5,1.4918270111083984,18.74799919128418,1.5063799619674683,153.00245666503906,81.4000015258789,2.3113208,48.8454933
1705852457416900900,2540.018900878906,45,1.5,1.4918270111083984,18.670000076293945,1.4968433380126953,150.47828674316406,81.4000015258789,2.3113326,48.8454825
1705852457952059100,2540.5540590820315,45,1.5,1.4328323602676392,18.465999603271484,1.4878681898117065,147.89532470703125,81.4000015258789,2.3113472,48.8454718
1705852458538472200,2541.1404721679687,45,1.5,1.4328323602676392,18.506000518798828,1.4844157695770264,145.21243286132812,81.4000015258789,2.3113637,48.8454589
1705852459124885000,2541.7268850097657,45,1.5,1.4459856748580933,18.5310001373291,1.4376640319824219,143.12936401367188,81.4000015258789,2.311371,48.8454522
1705852459677203500,2542.2792033691408,45,1.5,1.4459856748580933,18.57900047302246,1.4016543626785278,141.17906188964844,81.4000015258789,2.3113801,48.8454455
1705852460180428000,2542.7824279785154,45,1.5,1.4532171487808228,18.613000869750977,1.3941082954406738,139.71267700195312,81.4000015258789,2.3113928,48.8454364
1705852460777578500,2543.3795786132814,45,1.5,1.4532171487808228,18.61199951171875,1.3980311155319214,138.93234252929688,81.4000015258789,2.311402,48.84543
1705852461353253600,2543.9552536621095,45,1.5,1.4636551141738892,18.600000381469727,1.416896939277649,137.74594116210938,81.4000015258789,2.311417,48.8454205
1705852461939666400,2544.541666503906,45,1.5,1.470111608505249,18.575000762939453,1.4395064115524292,137.27761840820312,81.4000015258789,2.3114296,48.8454129
1705852462526079200,2545.128079345703,45,1.5,1.470111608505249,18.61199951171875,1.4733304977416992,136.1310272216797,81.4000015258789,2.3114459,48.8454047
1705852463112492000,2545.7144919433595,45,1.5,1.4844741821289062,18.674999237060547,1.4928562641143799,135.8742218017578,81.4000015258789,2.3114636,48.8453953
1705852463657438000,2546.259437988281,45,1.5,1.4844741821289062,18.673999786376953,1.5115865468978882,135.76560974121094,81.4000015258789,2.3114754,48.8453893
1705852464168035000,2546.77003515625,45,1.5,1.4947322607040405,18.406999588012695,1.5323467254638672,136.3477020263672,81.4000015258789,2.3114925,48.8453786
1705852464669357000,2547.2713571777344,45,1.5,1.4947322607040405,18.18199920654297,1.5537043809890747,136.63575744628906,81.4000015258789,2.3115041,48.8453714
1705852465177089000,2547.779089111328,45,1.5,1.4773330688476562,18.12299919128418,1.5754400491714478,136.6949920654297,81.4000015258789,2.3115153,48.845365
1705852465692708000,2548.2947080078125,45,1.5,1.4773330688476562,17.957000732421875,1.5965358018875122,136.28265380859375,81.4000015258789,2.3115322,48.8453548
1705852466279121000,2548.8811208496095,45,1.5,1.5100431442260742,18.003999710083008,1.6203086376190186,135.36497497558594,81.4000015258789,2.3115455,48.8453488
1705852466865533400,2549.467533447266,45,1.5,1.5173726081848145,18.04800033569336,1.642820119857788,134.21429443359375,81.4000015258789,2.3115635,48.8453406
1705852467451946200,2550.0539462890624,45,1.5,1.5173726081848145,17.863000869750977,1.689650297164917,132.47640991210938,81.4000015258789,2.3115833,48.8453346
1705852467972640000,2550.574639892578,45,1.5,1.5336284637451172,17.790000915527344,1.6933026313781738,131.61056518554688,81.4000015258789,2.3115989,48.8453298
1705852468507489000,2551.109489013672,45,1.5,1.5336284637451172,17.704999923706055,1.6981059312820435,130.85035705566406,81.4000015258789,2.311617,48.8453236
1705852469093901800,2551.695901855469,45,1.5,1.5422899723052979,17.56999969482422,1.7182409763336182,130.81668090820312,81.4000015258789,2.3116356,48.8453161
1705852469669357000,2552.2713571777344,45,1.5,1.5422899723052979,17.58799934387207,1.7376586198806763,131.00595092773438,81.4000015258789,2.3116478,48.8453114
1705852470266727400,2552.8687275390625,45,1.5,1.5562198162078857,17.60700035095215,1.7582645416259766,131.43411254882812,81.4000015258789,2.3116668,48.8453015
1705852470838965200,2553.4409653320313,45,1.5,1.5562198162078857,17.524999618530273,1.77792489528656,132.0396728515625,81.4000015258789,2.3116792,48.8452944
1705852471439553000,2554.0415529785155,45,1.5,1.5727332830429077,17.450000762939453,1.803697109222412,133.20355224609375,81.4000015258789,2.3116963,48.8452822
1705852471968920000,2554.5709201660156,45,1.5,1.5785448551177979,17.386999130249023,1.829410195350647,134.0925750732422,81.4000015258789,2.3117084,48.8452736
1705852472495096300,2555.097096435547,45,1.5,1.5785448551177979,17.238000869750977,1.853616714477539,135.1371307373047,81.4000015258789,2.3117255,48.8452607
1705852473099458300,2555.701458251953,45,1.5,1.5724570751190186,17.18600082397461,1.8854036331176758,137.0410919189453,81.4000015258789,2.311733,48.8452491
1705852473667922400,2556.2699223632812,45,1.5,1.5724570751190186,17.141000747680664,1.9052753448486328,139.33058166503906,81.4000015258789,2.3117435,48.8452331
1705852474198682000,2556.8006821289064,45,1.5,1.5809028148651123,17.145999908447266,1.9003758430480957,141.3690643310547,81.4000015258789,2.3117456,48.845224
1705852474723466000,2557.325466064453,45,1.5,1.5809028148651123,17.14699935913086,1.8925648927688599,143.4930419921875,81.4000015258789,2.3117528,48.8452099
1705852475309879000,2557.9118791503906,45,1.5,1.5733555555343628,17.225000381469727,1.8911010026931763,145.49224853515625,81.4000015258789,2.311753,48.8452004
1705852475896292400,2558.4982922363283,45,1.5,1.5777055025100708,17.39699935913086,1.889647364616394,147.53224182128906,81.4000015258789,2.3117554,48.845187
1705852476478832000,2559.08083203125,45,1.5,1.5777055025100708,17.434999465942383,1.8650634288787842,149.6692657470703,81.4000015258789,2.3117557,48.8451756
1705852477069118500,2559.6711184082033,45,1.5,1.5895206928253174,17.510000228881836,1.8504250049591064,151.53224182128906,81.4000015258789,2.3117598,48.8451629
1705852477596881700,2560.198881591797,45,1.5,1.5895206928253174,17.54400062561035,1.8403652906417847,153.28668212890625,81.4000015258789,2.3117595,48.8451542
1705852478124662500,2560.7266625976563,45,1.5,1.6103397607803345,17.601999282836914,1.8214424848556519,155.3909912109375,81.4000015258789,2.3117606,48.8451413
1705852478669357000,2561.2713571777344,45,1.5,1.6103397607803345,17.5049991607666,1.8072175979614258,157.39137268066406,81.4000015258789,2.311758,48.8451328
1705852479180206300,2561.782206298828,45,1.5,1.6273459196090698,17.62299919128418,1.7900253534317017,159.46322631835938,81.4000015258789,2.3117583,48.8451199
1705852479766620000,2562.368619873047,45,1.5,1.6273459196090698,17.70400047302246,1.7768876552581787,161.48074340820312,81.4000015258789,2.311754,48.8451124
1705852480353033200,2562.955033203125,45,1.5,1.6298828125,17.812999725341797,1.7503550052642822,164.08847045898438,81.4000015258789,2.3117509,48.845101
1705852480957709800,2563.559709716797,45,1.5,1.6298828125,17.888999938964844,1.7299293279647827,166.63616943359375,81.4000015258789,2.3117442,48.8450943
1705852481525859800,2564.127859863281,45,1.5,1.6478180885314941,17.916000366210938,1.7664953470230103,167.88217163085938,81.4000015258789,2.3117445,48.8450764
1705852482037009400,2564.6390095214842,45,1.5,1.6478180885314941,17.94099998474121,1.768297553062439,168.51931762695312,81.4000015258789,2.3117427,48.8450745
1705852482581404200,2565.183404052734,45,1.5,1.6478180885314941,18.023000717163086,1.7714953422546387,169.03228759765625,81.4000015258789,2.3117441,48.845062
1705852483167817700,2565.769817626953,45,1.5,1.8740733861923218,18.089000701904297,1.7620081901550293,170.1002960205078,81.4000015258789,2.3117451,48.8450504
1705852483669357000,2566.2713571777344,45,1.5,1.8740733861923218,18.202999114990234,1.75516676902771,171.0950164794922,81.4000015258789,2.3117445,48.8450439
1705852484223362000,2566.825362060547,45,1.5,1.8693790435791016,18.14900016784668,1.7496552467346191,172.05320739746094,81.4000015258789,2.3117434,48.8450379
1705852484809775600,2567.4117756347655,45,1.5,1.8758556842803955,18.107999801635742,1.746584415435791,172.89610290527344,81.4000015258789,2.3117424,48.8450268
1705852485377220900,2567.9792209472657,45,1.5,1.8758556842803955,17.986000061035156,1.7467833757400513,173.45013427734375,81.4000015258789,2.3117423,48.8450197
1705852485982603000,2568.5846030273437,45,1.5,1.7823412418365479,17.788999557495117,1.746806025505066,174.18360900878906,81.4000015258789,2.311742,48.8450092
1705852486518044400,2569.1200444335936,45,1.5,1.7823412418365479,17.736000061035156,1.754441499710083,174.02317810058594,81.4000015258789,2.3117448,48.8449999
1705852487038147600,2569.640147705078,45,1.5,1.731887936592102,17.649999618530273,1.764133095741272,174.17428588867188,81.4000015258789,2.3117486,48.8449881
1705852487617137200,2570.219137207031,45,1.5,1.731887936592102,17.702999114990234,1.7752324342727661,174.3607940673828,81.4000015258789,2.3117511,48.8449811
1705852488210975200,2570.812975341797,45,1.5,1.7409549951553345,17.631999969482422,1.7769620418548584,174.85003662109375,81.4000015258789,2.3117521,48.8449687
1705852488758216000,2571.3602158203125,45,1.5,1.7409549951553345,17.673999786376953,1.7797179222106934,175.34030151367188,81.4000015258789,2.3117524,48.844961
1705852489266520000,2571.8685200195314,45,1.5,1.7486491203308105,17.69300079345703,1.7796536684036255,175.96176147460938,81.4000015258789,2.3117517,48.8449495
1705852489863457500,2572.4654575195314,45,1.5,1.7486491203308105,17.71299934387207,1.7815556526184082,176.5799560546875,81.4000015258789,2.3117501,48.8449428
1705852490439347700,2573.04134765625,45,1.5,1.7593625783920288,17.858999252319336,1.7821033000946045,177.20355224609375,81.4000015258789,2.311749,48.8449304
1705852491002995000,2573.604994873047,45,1.5,1.7593625783920288,18.007999420166016,1.7835930585861206,177.7874755859375,81.4000015258789,2.3117473,48.8449228
1705852491612175600,2574.2141755371094,45,1.5,1.7702991962432861,18.215999603271484,1.7843403816223145,178.330810546875,81.4000015258789,2.3117467,48.8449108
1705852492198589400,2574.8005893554687,45,1.5,1.7825732231140137,18.183000564575195,1.7856402397155762,178.53675842285156,81.4000015258789,2.3117462,48.8448981
1705852492785003500,2575.3870034179686,45,1.5,1.7825732231140137,18.073999404907227,1.788888931274414,178.74754333496094,81.4000015258789,2.311745,48.8448912
1705852493371417600,2575.973417480469,45,1.5,1.7926477193832397,18.062000274658203,1.7873705625534058,178.7959747314453,81.4000015258789,2.3117437,48.8448792
1705852493957831700,2576.5598317871095,45,1.5,1.7926477193832397,17.9689998626709,1.7879512310028076,178.96084594726562,81.4000015258789,2.311741,48.8448728
1705852494544245500,2577.1462456054687,45,1.5,1.7768248319625854,17.854999542236328,1.7875120639801025,179.1345977783203,81.4000015258789,2.3117401,48.8448612
1705852495076932400,2577.678932373047,45,1.5,1.8027435541152954,17.72599983215332,1.7898868322372437,178.9281768798828,81.4000015258789,2.3117393,48.8448566
1705852495599791000,2578.201791015625,45,1.5,1.8027435541152954,17.55299949645996,1.793083667755127,178.70159912109375,81.4000015258789,2.3117391,48.8448449
1705852496198378000,2578.8003779296873,45,1.5,1.814977765083313,17.554000854492188,1.7947016954421997,178.42283630371094,81.4000015258789,2.3117402,48.8448386
1705852496772619300,2579.3746193847655,45,1.5,1.814977765083313,17.530000686645508,1.796158790588379,178.0000457763672,81.4000015258789,2.3117421,48.844826
1705852497318144800,2579.920144775391,45,1.5,1.8316470384597778,17.645000457763672,1.801429033279419,178.20150756835938,81.4000015258789,2.3117416,48.8448193
1705852497828164900,2580.430164794922,45,1.5,1.8351906538009644,17.777999877929688,1.8067377805709839,178.48374938964844,81.4000015258789,2.311741,48.8448077
1705852498414579200,2581.0165791015625,45,1.5,1.8351906538009644,18.29800033569336,1.8036274909973145,179.01182556152344,81.4000015258789,2.3117376,48.8448028
1705852498966648000,2581.5686479492188,45,1.5,1.8486756086349487,18.854999542236328,1.7938957214355469,180.4474334716797,81.4000015258789,2.3117315,48.8447946
1705852499470124800,2582.0721247558595,45,1.5,1.8486756086349487,19.48200035095215,1.7850137948989868,181.9247589111328,81.4000015258789,2.3117245,48.8447854
1705852500638237200,2583.2402373046875,45,1.5,1.3052914142608643,19.70199966430664,1.680151104927063,181.95372009277344,82.5,2.3117132,48.8447711
1705852501229367800,2583.831367919922,45,1.5,1.3033936023712158,19.305999755859375,1.5877559185028076,181.90921020507812,82.5,2.3116993,48.8447622
1705852501798639400,2584.4006394042967,45,1.5,1.3033936023712158,18.610000610351562,1.509983777999878,181.6942138671875,82.5,2.3116891,48.8447566
1705852502402196500,2585.004196533203,45,1.5,1.3172332048416138,17.698999404907227,1.4371956586837769,181.36851501464844,82.5,2.3116792,48.8447462
1705852502937436000,2585.5394357910154,45,1.5,1.3172332048416138,17.051000595092773,1.3740843534469604,181.03573608398438,82.5,2.311672,48.8447396
1705852503457742000,2586.0597421875,45,1.5,1.3090925216674805,15.369999885559082,1.3131988048553467,180.58290100097656,82.5,2.3116656,48.8447289
1705852503965995300,2586.567995361328,45,1.5,1.3103262186050415,14.819000244140625,1.2577351331710815,180.2005157470703,82.5,2.3116621,48.8447244
1705852504513288000,2587.115287841797,45,1.5,1.3103262186050415,12.222999572753906,1.2045575380325317,180.00079345703125,82.5,2.3116591,48.8447127
1705852505099702000,2587.701701904297,45,1.5,1.3222832679748535,12.022000312805176,1.3473304510116577,179.9972381591797,82.5,2.3116576,48.8447027
1705852505669357000,2588.2713571777344,45,1.5,1.3222832679748535,11.442999839782715,1.4808104038238525,179.97959899902344,82.5,2.3116568,48.8446877
1705852506272530400,2588.874530517578,45,1.5,1.3385599851608276,11.361000061035156,1.4402906894683838,179.75123596191406,82.5,2.3116576,48.8446799
1705852506858944500,2589.460944580078,45,1.5,1.3479728698730469,10.963000297546387,1.400797724723816,179.41921997070312,82.5,2.3116594,48.8446674
1705852507418398500,2590.0203984375,45,1.5,1.3479728698730469,10.934000015258789,1.4370732307434082,179.22019958496094,82.5,2.3116627,48.844656
1705852507976027400,2590.57802734375,45,1.5,1.1866854429244995,11.746000289916992,1.4489802122116089,178.63818359375,83.5,2.3116645,48.8446474
1705852508500904000,2591.102904052734,45,1.5,1.1866854429244995,12.569999694824219,1.46016263961792,177.93800354003906,83.5,2.3116676,48.8446384
1705852509087318300,2591.689318359375,45,1.5,1.1945812702178955,13.668999671936035,1.478761911392212,177.13009643554688,83.5,2.3116723,48.8446255
1705852509656435200,2592.2584353027346,45,1.5,1.1945812702178955,14.182000160217285,1.4972022771835327,176.27545166015625,83.5,2.3116778,48.844617
1705852510260146400,2592.862146484375,45,1.5,1.2083992958068848,15.508999824523926,1.5055583715438843,175.04122924804688,83.5,2.311686,48.844604
1705852510846560500,2593.448560546875,45,1.5,1.229196548461914,16.395999908447266,1.5141220092773438,173.69862365722656,83.5,2.3116959,48.8445937
1705852511432974800,2594.0349748535155,45,1.5,1.229196548461914,17.381000518798828,1.5434399843215942,172.8931884765625,83.5,2.3117055,48.844578
1705852511967832800,2594.569832763672,45,1.5,1.3809325695037842,17.58099937438965,1.5889464616775513,172.537353515625,83.5,2.3117127,48.844572
1705852512488520700,2595.090520751953,45,1.5,1.3809325695037842,19.283000946044922,1.6345798969268799,172.2003936767578,83.5,2.3117218,48.8445574
1705852513038230500,2595.64023046875,45,1.5,1.3812912702560425,19.04400062561035,1.6580137014389038,171.6178436279297,83.5,2.3117287,48.8445467
1705852513544066600,2596.146066650391,45,1.5,1.3812912702560425,18.798999786376953,1.6795531511306763,170.9674072265625,83.5,2.311737,48.8445314
1705852514137928200,2596.739928222656,45,1.5,1.315529704093933,18.66699981689453,1.7089219093322754,170.31887817382812,83.5,2.311746,48.844519
1705852514669357000,2597.2713571777344,45,1.5,1.315529704093933,18.520999908447266,1.736409068107605,169.61717224121094,83.5,2.3117567,48.8445017
1705852515186027000,2597.7880270996093,45,1.5,1.257602572441101,18.47599983215332,1.7565516233444214,168.55917358398438,83.5,2.3117662,48.8444916
1705852515772447500,2598.3744475097656,45,1.5,1.257602572441101,18.302000045776367,1.7769702672958374,167.4490203857422,83.5,2.3117786,48.8444756
1705852516358862000,2598.960862060547,45,1.5,1.2863391637802124,18.232999801635742,1.8065918684005737,166.71588134765625,83.5,2.3117882,48.8444636
1705852516945276400,2599.5472763671874,45,1.5,1.2940267324447632,17.920000076293945,1.8367384672164917,166.05899047851562,83.5,2.3117991,48.8444488
1705852517499848400,2600.101848388672,45,1.5,1.2940267324447632,17.851999282836914,1.8739761114120483,165.45143127441406,83.5,2.3118102,48.8444333
1705852518596949500,2601.1989494628906,45,1.5,1.3067134618759155,17.722000122070312,1.9134396314620972,164.61898803710938,83.5,2.3118289,48.8444079
1705852519173652000,2601.775651855469,45,1.5,1.3149125576019287,17.7549991607666,1.9344382286071777,163.7030029296875,83.5,2.3118446,48.8443892
1705852519760066600,2602.3620666503907,45,1.5,1.322454571723938,17.812999725341797,1.9521862268447876,162.72805786132812,83.5,2.3118585,48.8443745
1705852520346481200,2602.948481201172,45,1.5,1.322454571723938,17.82900047302246,1.9740153551101685,162.25619506835938,83.5,2.3118736,48.8443565
1705852520932895500,2603.5348955078125,45,1.5,1.3289368152618408,17.83099937438965,1.994909405708313,161.8489990234375,83.5,2.3118826,48.8443491
1705852521519310300,2604.1213103027344,45,1.5,1.3289368152618408,17.785999298095703,2.0230987071990967,161.5333709716797,83.5,2.3118957,48.8443334
1705852522105725000,2604.7077248535156,45,1.5,1.3172527551651,17.92799949645996,2.0404038429260254,161.42234802246094,83.5,2.3119067,48.8443166
1705852522669357000,2605.2713571777344,45,1.5,1.3371856212615967,18.156999588012695,2.0566763877868652,161.30734252929688,83.5,2.3119163,48.8443017
1705852523278553900,2605.880553955078,45,1.5,1.3371856212615967,18.145000457763672,2.0743887424468994,161.2353057861328,83.5,2.3119242,48.8442898
1705852523796835000,2606.3988349609376,45,1.5,1.3371856212615967,18.104000091552734,2.0910913944244385,161.18133544921875,83.5,2.3119314,48.8442793
1705852524334100000,2606.9360998535158,45,1.5,1.3515443801879883,18.06599998474121,2.1038548946380615,160.71249389648438,83.5,2.3119416,48.8442637
1705852524899164000,2607.5011638183596,45,1.5,1.3515443801879883,18.020999908447266,2.1170337200164795,160.2899932861328,83.5,2.3119486,48.8442544
1705852525506928600,2608.1089287109376,45,1.5,1.3604344129562378,18.083999633789062,2.1228272914886475,159.43093872070312,83.5,2.31196,48.8442397
1705852526038082300,2608.640082275391,45,1.5,1.3667508363723755,18.05299949645996,2.1082990169525146,158.65145874023438,83.5,2.3119681,48.8442325
1705852526562474200,2609.164474121094,45,1.5,1.3667508363723755,18.118999481201172,2.093956232070923,157.8577880859375,83.5,2.3119801,48.8442198
1705852527117208300,2609.719208251953,45,1.5,1.3836109638214111,18.113000869750977,2.097940444946289,157.22572326660156,83.5,2.3119875,48.8442125
1705852527618019800,2610.2200197753905,45,1.5,1.3836109638214111,18.027999877929688,2.101314067840576,156.60081481933594,83.5,2.3119997,48.8441983
1705852528204434200,2610.806434082031,45,1.5,1.396254062652588,17.909000396728516,2.1061761379241943,155.9105682373047,83.5,2.3120091,48.8441906
1705852528790848300,2611.3928481445314,45,1.5,1.396254062652588,17.941999435424805,2.1110050678253174,155.16217041015625,83.5,2.3120234,48.8441775
1705852529357636900,2611.9596369628907,45,1.5,1.402242660522461,17.952999114990234,2.126516342163086,154.79360961914062,83.5,2.3120316,48.8441686
1705852529963676700,2612.5656767578125,45,1.5,1.4103147983551025,18.069000244140625,2.141991138458252,154.42999267578125,83.5,2.3120429,48.8441551
1705852530497167600,2613.0991677246093,45,1.5,1.4103147983551025,18.016000747680664,2.153426170349121,154.20416259765625,83.5,2.3120531,48.8441431
1705852531019222000,2613.621221923828,45,1.5,1.4202945232391357,17.945999145507812,2.120225191116333,154.52687072753906,83.5,2.3120618,48.844129
1705852531617701400,2614.2197014160156,45,1.5,1.4202945232391357,17.934999465942383,2.091176986694336,154.85789489746094,83.5,2.3120664,48.8441204
1705852532719565000,2615.3215649414065,45,1.5,1.4221665859222412,17.951000213623047,2.094857931137085,154.89724731445312,83.5,2.31208,48.8440999
1705852533247595500,2615.8495954589844,45,1.5,1.4368592500686646,17.857999801635742,2.0990381240844727,154.81338500976562,83.5,2.3120891,48.8440868
1705852533797219600,2616.399219482422,45,1.5,1.4368592500686646,17.785999298095703,2.105423927307129,154.7144317626953,83.5,2.312094,48.844079
1705852534303140900,2616.9051408691407,45,1.5,1.4498025178909302,17.68899917602539,2.0808346271514893,154.50096130371094,83.5,2.312103,48.8440675
1705852534889554700,2617.4915546875,45,1.5,1.4498025178909302,17.704999923706055,2.0605223178863525,154.27304077148438,83.5,2.3121081,48.8440619
1705852535475968800,2618.07796875,45,1.5,1.4662621021270752,17.70800018310547,2.047783374786377,154.3437957763672,83.5,2.3121165,48.8440509
1705852536018877700,2618.620877685547,45,1.5,1.4706965684890747,17.766000747680664,2.037872552871704,154.23330688476562,83.5,2.3121205,48.8440467
1705852536531513900,2619.1335139160155,45,1.5,1.4792520999908447,17.836000442504883,2.0273995399475098,154.12457275390625,83.5,2.3121316,48.8440329
1705852537117915000,2619.719914794922,45,1.5,1.4792520999908447,17.816999435424805,2.017561435699463,154.00839233398438,83.5,2.3121314,48.8440317
1705852537669357000,2620.2713571777344,45,1.5,1.4792520999908447,17.773000717163086,2.0087063312530518,153.89517211914062,83.5,2.3121393,48.8440203
1705852538173472800,2620.77547265625,45,1.5,1.4931390285491943,17.809999465942383,2.00121808052063,153.3554229736328,83.5,2.3121458,48.844016
1705852538759886600,2621.3618864746095,45,1.5,1.4975136518478394,17.972999572753906,1.9944026470184326,152.7881317138672,83.5,2.3121571,48.8440055
1705852539346300700,2621.94830078125,45,1.5,1.4975136518478394,17.888999938964844,1.981439471244812,152.12222290039062,83.5,2.3121634,48.8440008
1705852539932714500,2622.5347145996093,45,1.5,1.5093971490859985,17.816999435424805,1.9717472791671753,151.58914184570312,83.5,2.3121727,48.8439925
1705852540459452400,2623.0614523925783,45,1.5,1.5093971490859985,17.909000396728516,1.9633612632751465,151.19168090820312,83.5,2.3121803,48.8439868
1705852540988259600,2623.5902595214843,45,1.5,1.5325828790664673,17.95599937438965,1.9568991661071777,150.75938415527344,83.5,2.3121889,48.8439801
1705852541574673700,2624.176673583984,45,1.5,1.5325828790664673,17.864999771118164,1.946629524230957,150.5880584716797,83.5,2.3121973,48.843972
1705852542161087700,2624.7630876464846,45,1.5,1.667595386505127,17.7549991607666,1.9378902912139893,150.7805633544922,83.5,2.3122054,48.8439627
1705852542669357000,2625.2713571777344,45,1.5,1.674770712852478,17.69700050354004,1.9304676055908203,150.9149169921875,83.5,2.312213,48.8439542
1705852543798376200,2626.400376220703,45,1.5,1.674770712852478,17.56599998474121,1.9335689544677734,150.1794891357422,83.5,2.3122266,48.8439436
1705852544389461200,2626.9914611816407,45,1.5,1.5553017854690552,17.57699966430664,1.9258956909179688,149.41763305664062,83.5,2.3122384,48.843934
1705852544936692000,2627.5386918945314,45,1.5,1.5553017854690552,17.64699935913086,1.9211784601211548,148.65704345703125,83.5,2.3122461,48.8439297
1705852545970269000,2628.572269042969,45,1.5,1.5864384174346924,17.695999145507812,1.9191291332244873,148.3959197998047,83.5,2.3122618,48.8439149
1705852546500552200,2629.1025522460936,45,1.5,1.5864384174346924,18.007999420166016,1.9174071550369263,148.26210021972656,83.5,2.3122746,48.8439032
1705852547086966300,2629.6889663085935,45,1.5,1.5980844497680664,18.160999298095703,1.913177490234375,147.7330322265625,83.5,2.312282,48.8438979
1705852547669357000,2630.2713571777344,45,1.5,1.5980844497680664,18.420000076293945,1.911035418510437,147.28811645507812,83.5,2.3122945,48.8438875
1705852548259794700,2630.8617946777345,45,1.5,1.6085339784622192,18.562999725341797,1.8678789138793945,147.42306518554688,83.5,2.3122983,48.8438834
1705852548846208800,2631.4482087402343,45,1.5,1.6154918670654297,18.76799964904785,1.8284646272659302,147.47169494628906,83.5,2.3123063,48.8438754
1705852549432623000,2632.034623046875,45,1.5,1.6154918670654297,18.690000534057617,1.8333144187927246,147.7216033935547,83.5,2.3123112,48.8438679
1705852549966499000,2632.5684990234377,45,1.5,1.6256142854690552,18.906999588012695,1.8445454835891724,148.37368774414062,83.5,2.3123164,48.8438592
1705852550488168700,2633.090168701172,45,1.5,1.6256142854690552,18.94099998474121,1.8558775186538696,149.06585693359375,83.5,2.3123226,48.8438489
1705852551074583000,2633.6765830078125,45,1.5,1.6103111505508423,18.917999267578125,1.852771520614624,149.7340087890625,83.5,2.3123291,48.8438376
1705852551636606700,2634.2386066894533,45,1.5,1.6103111505508423,18.95199966430664,1.8521251678466797,150.32672119140625,83.5,2.3123319,48.8438306
1705852552247412000,2634.8494118652343,45,1.5,1.6342182159423828,18.93199920654297,1.871701717376709,150.55630493164062,83.5,2.3123408,48.8438172
1705852552778013000,2635.380012939453,45,1.5,1.6342182159423828,19.042999267578125,1.8907968997955322,150.70631408691406,83.5,2.3123462,48.8438085
1705852553302958300,2635.9049582519533,45,1.5,1.6454055309295654,19.209999084472656,1.9214529991149902,150.8177490234375,83.5,2.3123564,48.8437931
1705852553889373000,2636.491373046875,45,1.5,1.6440316438674927,19.27899932861328,1.9515185356140137,150.87979125976562,83.5,2.3123641,48.8437811
1705852554475787300,2637.0777873535158,45,1.5,1.6440316438674927,19.520000457763672,2.001433849334717,151.09024047851562,83.5,2.3123782,48.8437628
1705852555018486500,2637.6204865722657,45,1.5,1.6585981845855713,19.601999282836914,2.029197931289673,150.27272033691406,83.5,2.31239,48.8437506
1705852555531333400,2638.1333334960937,45,1.5,1.6585981845855713,19.674999237060547,2.0562222003936768,149.5290069580078,83.5,2.3124067,48.8437337
1705852556117748000,2638.719748046875,45,1.5,1.678429365158081,19.597000122070312,2.084359645843506,148.62876892089844,83.5,2.3124213,48.8437209
1705852556669357000,2639.2713571777344,45,1.5,1.678429365158081,19.674999237060547,2.1109185218811035,147.77635192871094,83.5,2.312441,48.8437036
1705852557173293800,2639.7752939453126,45,1.5,1.68964421749115,19.63599967956543,2.146897315979004,146.87815856933594,83.5,2.3124567,48.8436914
1705852557759708400,2640.361708496094,45,1.5,1.68964421749115,19.55699920654297,2.181222915649414,145.978515625,83.5,2.312478,48.8436744
1705852558336211700,2640.9382116699217,45,1.5,1.6956384181976318,19.43000030517578,2.15309739112854,145.1307830810547,83.5,2.3124899,48.8436653
1705852558932537300,2641.5345373535156,45,1.5,1.7036340236663818,19.159000396728516,2.127232789993286,144.25881958007812,83.5,2.312507,48.8436519
1705852559458071800,2642.0600717773436,45,1.5,1.7036340236663818,19.121000289916992,2.1243937015533447,143.38479614257812,83.5,2.3125223,48.8436423
1705852559988083000,2642.5900830078126,45,1.5,1.7148414850234985,19.051000595092773,2.120286464691162,142.48451232910156,83.5,2.3125377,48.8436334
1705852560576961500,2643.1789614257814,45,1.5,1.7148414850234985,18.868999481201172,2.11783766746521,141.7974395751953,83.5,2.3125525,48.8436218
1705852561160911600,2643.7629116210937,45,1.5,1.712923526763916,18.70199966430664,2.12749981880188,141.9607696533203,83.5,2.3125667,48.8436077
1705852561669357000,2644.2713571777344,45,1.5,1.712923526763916,18.69700050354004,2.137545108795166,142.09445190429688,83.5,2.3125764,48.8435985
1705852562216457000,2644.81845703125,45,1.5,1.7320424318313599,18.572999954223633,2.130380630493164,142.587890625,83.5,2.3125869,48.8435847
1705852562818415400,2645.420415283203,45,1.5,1.7320424318313599,18.604999542236328,2.124316453933716,143.05067443847656,83.5,2.3125908,48.8435763
1705852563389284900,2645.991284912109,45,1.5,1.742935299873352,18.608999252319336,2.1106953620910645,144.00479125976562,83.5,2.3125992,48.8435611
1705852563959494700,2646.561494628906,45,1.5,1.742935299873352,18.7189998626709,2.0994670391082764,144.8397979736328,83.5,2.312603,48.8435513
1705852564562112800,2647.164112792969,45,1.5,1.7587378025054932,18.7549991607666,2.1145687103271484,145.7470245361328,83.5,2.312611,48.8435343
1705852565148526600,2647.750526611328,45,1.5,1.7712851762771606,18.69499969482422,2.122967481613159,146.4220733642578,83.5,2.3126192,48.8435157
1705852565669357000,2648.2713571777344,45,1.5,1.7712851762771606,18.660999298095703,2.1318790912628174,147.035400390625,83.5,2.3126225,48.8435035
1705852566196614400,2648.798614501953,45,1.5,1.776137113571167,18.652999877929688,2.1391453742980957,147.3754119873047,83.5,2.3126257,48.8434928
1705852566790485200,2649.3924853515623,45,1.5,1.776137113571167,18.69300079345703,2.1454741954803467,147.7029571533203,83.5,2.3126353,48.8434761
1705852567376899000,2649.978899169922,45,1.5,1.788998007774353,18.593000411987305,2.155890703201294,147.96751403808594,83.5,2.3126426,48.8434591
1705852567963313000,2650.565312988281,45,1.5,1.7923767566680908,18.509000778198242,2.1655659675598145,148.0986785888672,83.5,2.3126447,48.8434497
1705852568549726700,2651.1517268066405,45,1.5,1.7923767566680908,18.336000442504883,2.1781461238861084,148.45993041992188,83.5,2.3126534,48.8434306
1705852569136140300,2651.7381403808595,45,1.5,1.8059710264205933,18.131000518798828,2.1889946460723877,149.21066284179688,83.5,2.3126553,48.8434188
1705852569669357000,2652.2713571777344,45,1.5,1.8059710264205933,18.125999450683594,2.198819875717163,149.93531799316406,83.5,2.3126626,48.8434018
1705852570191684900,2652.793684814453,45,1.5,1.9487330913543701,18.13800048828125,2.211407423019409,149.93035888671875,83.5,2.3126665,48.8433919
1705852570721248800,2653.323248779297,45,1.5,1.9487330913543701,18.14900016784668,2.222825765609741,149.86293029785156,83.5,2.312672,48.8433814
1705852571247229400,2653.8492294921875,45,1.5,1.9507611989974976,18.211000442504883,2.2283072471618652,149.41233825683594,83.5,2.3126826,48.8433666
1705852571833643000,2654.435643066406,45,1.5,1.9507611989974976,18.2810001373291,2.2344589233398438,149.02392578125,83.5,2.3126889,48.8433575
1705852572420056600,2655.022056640625,45,1.5,1.897849678993225,18.195999145507812,2.2143306732177734,148.87322998046875,83.5,2.3126995,48.8433429
1705852572978841000,2655.580841064453,45,1.5,1.897849678993225,18.236000061035156,2.196429967880249,148.71197509765625,83.5,2.3127045,48.8433349
1705852573592884000,2656.194884033203,45,1.5,1.85181725025177,18.26799964904785,2.198915719985962,149.08734130859375,83.5,2.3127145,48.8433207
1705852574179297500,2656.781297607422,45,1.5,1.8737095594406128,18.423999786376953,2.204403877258301,149.66624450683594,83.5,2.3127234,48.8433067
1705852574765711000,2657.3677111816405,45,1.5,1.8737095594406128,18.3700008392334,2.2100565433502197,150.49398803710938,83.5,2.3127269,48.8432978
1705852575352130600,2657.9541306152346,45,1.5,1.882276177406311,18.27400016784668,2.2364985942840576,151.1883087158203,83.5,2.3127366,48.8432811
1705852575898300700,2658.50030078125,45,1.5,1.882276177406311,18.17799949645996,2.2612414360046387,152.24818420410156,83.5,2.3127401,48.8432702
1705852576977069300,2659.5790693359377,45,1.5,1.8953325748443604,18.04400062561035,2.202319383621216,151.9561767578125,83.5,2.3127585,48.8432537
1705852577580502000,2660.182501953125,45,1.5,1.9038721323013306,18.156999588012695,2.1342852115631104,149.33157348632812,83.5,2.3127781,48.8432465
1705852578157044000,2660.7590439453124,45,1.5,1.9097058773040771,18.13800048828125,2.0298643112182617,146.61940002441406,83.5,2.312789,48.8432479
1705852578669357000,2661.2713571777344,45,1.5,1.9097058773040771,18.100000381469727,1.93207848072052,143.69664001464844,83.5,2.3128067,48.8432444
1705852579222460000,2661.8244599609375,45,1.5,1.9212416410446167,18.083999633789062,1.7599400281906128,139.67123413085938,83.5,2.3128155,48.8432492
1705852579808873500,2662.410873535156,45,1.5,1.9036602973937988,17.99799919128418,1.6261022090911865,135.65760803222656,83.5,2.3128317,48.8432492
1705852580397759700,2662.999759765625,45,1.5,1.9036602973937988,18.016000747680664,1.6284008026123047,135.0944366455078,83.5,2.3128399,48.8432448
1705852580981700400,2663.583700439453,45,1.5,1.9271169900894165,18.226999282836914,1.626205563545227,133.904052734375,83.5,2.3128521,48.8432396
1705852581517105400,2664.11910546875,45,1.5,1.9271169900894165,18.082000732421875,1.6540387868881226,134.87994384765625,83.5,2.3128594,48.8432303
1705852582037244700,2664.6392446289065,45,1.5,1.935835838317871,18.14299964904785,1.6589661836624146,135.78814697265625,83.5,2.3128677,48.84322
1705852582623658200,2665.225658203125,45,1.5,1.935835838317871,18.25,1.669026494026184,136.3028106689453,83.5,2.3128721,48.8432127
1705852583210071800,2665.8120717773436,45,1.5,1.943725347518921,18.128999710083008,1.6857141256332397,137.26856994628906,83.5,2.3128789,48.8431995
1705852583777024300,2666.3790241699216,45,1.5,1.943725347518921,18.11199951171875,1.7017462253570557,138.3577880859375,83.5,2.3128799,48.84319
1705852584382899000,2666.984898925781,45,1.5,1.9573776721954346,17.981000900268555,1.6461516618728638,139.8118896484375,83.5,2.3128828,48.8431764
1705852584918922800,2667.5209228515623,45,1.5,1.9573776721954346,17.85700035095215,1.5966227054595947,141.34312438964844,83.5,2.3128816,48.8431675
1705852585438443300,2668.040443359375,45,1.5,1.9771579504013062,17.844999313354492,1.6067039966583252,142.29177856445312,83.5,2.3128863,48.8431546
1705852585965462000,2668.5674619140623,45,1.5,1.981387734413147,17.70599937438965,1.6275163888931274,143.77841186523438,83.5,2.3128811,48.8431455
1705852586493987600,2669.095987548828,45,1.5,1.981387734413147,17.5939998626709,1.6502612829208374,145.0777587890625,83.5,2.3128829,48.8431304
1705852587080401200,2669.682401123047,45,1.5,1.9933544397354126,17.56399917602539,1.6880754232406616,146.66297912597656,83.5,2.3128796,48.8431189
1705852587666814700,2670.2688146972655,45,1.5,1.9933544397354126,17.232999801635742,1.7268779277801514,148.06561279296875,83.5,2.3128814,48.8431023
1705852588253228300,2670.8552282714845,45,1.5,2.0007212162017822,17.232999801635742,1.7515766620635986,149.08168029785156,83.5,2.3128775,48.8430914
1705852588839641900,2671.441641845703,45,1.5,2.0007212162017822,17.08099937438965,1.7764242887496948,149.9491424560547,83.5,2.3128791,48.8430758
1705852589396681000,2671.998680908203,45,1.5,2.014423131942749,17.15399932861328,1.7947560548782349,150.7826690673828,83.5,2.3128754,48.8430649
1705852589970401000,2672.572401123047,45,1.5,2.0120370388031006,17.214000701904297,1.8078172206878662,151.62835693359375,83.5,2.312873,48.843052
1705852590499314000,2673.101313964844,45,1.5,2.0120370388031006,17.211000442504883,1.8220502138137817,152.3486328125,83.5,2.3128717,48.8430393
1705852591068013600,2673.670013671875,45,1.5,2.025266647338867,17.114999771118164,1.832463026046753,152.8372802734375,83.5,2.3128703,48.8430236
1705852591637299200,2674.2392993164062,45,1.5,2.025266647338867,17.052000045776367,1.8447415828704834,153.09820556640625,83.5,2.3128679,48.8430136
1705852592240841000,2674.8428410644533,45,1.5,2.0360305309295654,17.070999145507812,1.8470516204833984,153.49966430664062,83.5,2.3128678,48.8429987
1705852592778455600,2675.3804555664065,45,1.5,2.0360305309295654,17.106000900268555,1.8505245447158813,153.86952209472656,83.5,2.3128663,48.8429888
1705852593296385800,2675.8983857421877,45,1.5,1.153496503829956,16.976999282836914,1.854454755783081,155.07354736328125,83.5,2.312863,48.8429751
1705852593878408200,2676.480408203125,45,1.5,1.153496503829956,16.83799934387207,1.859649419784546,156.26226806640625,83.5,2.3128577,48.8429652
1705852594469213700,2677.071213623047,45,1.5,1.1598765850067139,16.680999755859375,1.8634777069091797,157.4335174560547,83.5,2.3128554,48.8429504
1705852594998675200,2677.600675292969,45,1.5,1.1598765850067139,16.652999877929688,1.8676401376724243,158.51429748535156,83.5,2.3128504,48.8429414
1705852595524759000,2678.126759033203,45,1.5,1.159066915512085,16.676000595092773,1.8723080158233643,159.3225860595703,85.2073124877086,2.3128484,48.8429278
1705852596118645000,2678.7206450195313,45,1.5,1.15279221534729,16.677000045776367,1.884816288948059,159.5667266845703,85.2073124877086,2.3128461,48.8429185
1705852596669357000,2679.2713571777344,45,1.5,1.15279221534729,16.82200050354004,1.8966917991638184,159.6760711669922,85.2073124877086,2.3128478,48.8429041
1705852597217868000,2679.8198679199218,45,1.5,1.15079927444458,16.860000610351562,1.905279517173767,159.93307495117188,85.3551783644163,2.3128454,48.8428955
1705852597753133300,2680.3551333007813,45,1.5,1.15079927444458,16.801000595092773,1.9137794971466064,160.1560821533203,85.3551783644163,2.3128466,48.8428807
1705852598357306400,2680.9593063964844,45,1.5,1.1641689538955688,16.854999542236328,1.9202558994293213,160.5423583984375,85.48076511288168,2.3128452,48.8428722
1705852598925962000,2681.5279619140624,45,1.5,1.161260724067688,17.05299949645996,1.925703525543213,160.90077209472656,85.50152761795889,2.3128452,48.8428608
1705852599436492500,2682.0384924316404,45,1.5,1.161260724067688,16.976999282836914,1.931861162185669,161.1033477783203,85.50152761795889,2.3128448,48.8428509
1705852599981507600,2682.5835075683594,45,1.5,1.2682108879089355,16.87700080871582,1.938320517539978,161.253662109375,85.72738645562926,2.3128458,48.8428398
1705852600577619700,2683.179619628906,45,1.5,1.2682108879089355,16.917999267578125,1.946005940437317,160.9405975341797,85.72738645562926,2.3128496,48.8428282
1705852601154336000,2683.7563359375,45,1.5,1.2054483890533447,17.05500030517578,1.947487473487854,160.17498779296875,85.89855703837313,2.3128555,48.8428163
1705852601678169000,2684.2801691894533,45,1.5,1.2054483890533447,17.218000411987305,1.9508064985275269,159.38470458984375,85.89855703837313,2.3128596,48.8428098
1705852602209881600,2684.811881591797,45,1.5,1.155286192893982,17.17099952697754,1.9553908109664917,158.84901428222656,86.04846075053652,2.3128671,48.8427973
1705852602796296000,2685.3982958984375,45,1.5,1.155286192893982,17.14699935913086,1.9601958990097046,158.22596740722656,86.04846075053652,2.312872,48.8427914
1705852603382710300,2685.984710205078,45,1.5,1.1696641445159912,17.04199981689453,1.9634186029434204,157.5497589111328,86.18925111716163,2.3128793,48.8427793
1705852603917971700,2686.5199716796874,45,1.5,1.1696641445159912,16.98900032043457,1.9667468070983887,156.83685302734375,86.18925111716163,2.3128831,48.8427732
1705852604438255900,2687.040255859375,45,1.5,1.168075442314148,17.0049991607666,1.97271728515625,156.27293395996094,86.29155350199049,2.3128927,48.8427616
1705852604968901400,2687.5709013671876,45,1.5,1.1642448902130127,16.950000762939453,1.9783308506011963,155.8495635986328,86.33561481155469,2.3128969,48.8427561
1705852605493801700,2688.0958017578123,45,1.5,1.1642448902130127,17.04400062561035,1.984395146369934,155.46087646484375,86.33561481155469,2.3129077,48.842742
1705852606080216000,2688.6822160644533,45,1.5,1.1646569967269897,17.020000457763672,1.990748405456543,155.2794952392578,86.50831710121328,2.3129115,48.8427348
1705852606666630400,2689.268630371094,45,1.5,1.1646569967269897,16.687999725341797,1.9983465671539307,155.15480041503906,86.50831710121328,2.31292,48.8427215
1705852607253044700,2689.8550446777344,45,1.5,1.1662282943725586,16.69099998474121,2.007307767868042,155.07691955566406,86.59998749194088,2.312925,48.8427135
1705852607839459000,2690.441458984375,45,1.5,1.1652696132659912,16.636999130249023,2.016385555267334,154.98117065429688,86.6020133681568,2.3129331,48.8427011
1705852608418551600,2691.0205515136718,45,1.5,1.1652696132659912,16.652999877929688,2.029484272003174,154.92901611328125,86.6020133681568,2.3129394,48.8426924
1705852608966705700,2691.568705566406,45,1.5,1.1393444538116455,16.732999801635742,2.043921709060669,155.28250122070312,86.66380282596728,2.3129441,48.8426816
1705852609481419300,2692.0834191894533,45,1.5,1.1393444538116455,16.788000106811523,2.058697462081909,155.60028076171875,86.66380282596728,2.3129497,48.8426695
1705852610067833900,2692.6698337402345,45,1.5,1.1554476022720337,17.006000518798828,2.0699985027313232,156.07318115234375,86.698749522556,2.3129552,48.8426557
1705852610654248200,2693.2562482910157,45,1.5,1.1554476022720337,17.159000396728516,2.082951307296753,156.51947021484375,86.698749522556,2.3129574,48.8426467
1705852611240662800,2693.842662841797,45,1.5,1.1543099880218506,17.426000595092773,2.1031851768493652,156.34410095214844,86.87196571661423,2.3129661,48.842634
1705852611797685200,2694.3996853027343,45,1.5,1.1543099880218506,17.617000579833984,2.1231493949890137,156.22198486328125,86.87196571661423,2.3129707,48.8426264
1705852612413491700,2695.0154916992187,45,1.5,1.1572437286376953,17.868000030517578,2.1034798622131348,156.24041748046875,87.11660165088381,2.3129777,48.8426143
1705852612936431400,2695.538431396484,45,1.5,1.1572437286376953,17.999000549316406,2.0863876342773438,156.2241668701172,87.11660165088381,2.312981,48.8426083
1705852613469037800,2696.071037841797,45,1.5,1.1541012525558472,18.297000885009766,2.0794100761413574,156.41754150390625,87.13787467540284,2.3129888,48.8425974
1705852614058454500,2696.6604545898435,45,1.5,1.1501729488372803,18.316999435424805,2.0757198333740234,156.54672241210938,87.1783948702046,2.3129925,48.8425915
1705852614641867000,2697.2438669433595,45,1.5,1.1501729488372803,18.344999313354492,2.0736653804779053,156.63768005371094,87.1783948702046,2.3130004,48.8425791
1705852615196596000,2697.7985959472658,45,1.5,1.1588431596755981,18.308000564575195,2.054607391357422,156.1420135498047,87.42000056341911,2.3130058,48.8425749
1705852615697413400,2698.299413330078,45,1.5,1.1588431596755981,18.312999725341797,2.036433458328247,155.7020263671875,87.42000056341911,2.3130147,48.8425654
1705852616283828200,2698.885828125,45,1.5,1.1616069078445435,18.281999588012695,2.046553373336792,155.41197204589844,87.4640677552122,2.3130205,48.8425596
1705852616870242800,2699.472242919922,45,1.5,1.1534510850906372,18.167999267578125,2.0564377307891846,155.1327667236328,87.51877217496116,2.3130293,48.8425497
1705852617417625900,2700.0196259765626,45,1.5,1.1534510850906372,18.107999801635742,2.046107530593872,154.78717041015625,87.51877217496116,2.3130375,48.8425435
1705852617925789400,2700.527789550781,45,1.5,1.1548707485198975,17.93199920654297,2.035376787185669,154.44847106933594,87.53498095990959,2.3130464,48.8425362
1705852618512204000,2701.1142041015623,45,1.5,1.1548707485198975,17.974000930786133,2.0329296588897705,154.343994140625,87.53498095990959,2.3130563,48.8425271
1705852619098619000,2701.7006188964842,45,1.5,1.1460959911346436,17.954999923706055,2.0284535884857178,154.1129150390625,87.6317277914499,2.3130659,48.8425166
1705852619724442000,2702.326442138672,45,1.5,1.1460959911346436,17.90399932861328,2.027968645095825,153.9158477783203,87.6317277914499,2.3130726,48.8425099
1705852620271448600,2702.873448486328,45,1.5,1.1542692184448242,17.9689998626709,2.021214246749878,153.2263946533203,87.63729963222279,2.3130835,48.8425006
1705852620838365700,2703.440365722656,45,1.5,1.1542692184448242,17.95599937438965,2.015014171600342,152.46902465820312,87.63729963222279,2.3130909,48.8424961
1705852621444278300,2704.0462783203125,45,1.5,1.1562228202819824,17.847999572753906,2.012458324432373,151.91873168945312,87.80293693982202,2.3131029,48.8424853
1705852621976925200,2704.578925292969,45,1.5,1.1527221202850342,17.716999053955078,2.013242244720459,151.5133514404297,87.88752972202784,2.3131097,48.8424799
1705852622499825400,2705.101825439453,45,1.5,1.1527221202850342,17.74799919128418,2.0152108669281006,151.16429138183594,87.88752972202784,2.3131216,48.8424684
1705852623098296300,2705.700296386719,45,1.5,1.1546114683151245,17.732999801635742,2.003596544265747,150.75611877441406,88.04810637370278,2.3131279,48.842462
1705852623669357000,2706.2713571777344,45,1.5,1.1546114683151245,17.788999557495117,1.9918345212936401,150.32228088378906,88.04810637370278,2.3131393,48.8424504
1705852624218103800,2706.8201037597655,45,1.5,1.1548148393630981,17.902000427246094,1.9895071983337402,150.0345001220703,88.20868607570287,2.313146,48.8424432
1705852624728202500,2707.330202392578,45,1.5,1.1548148393630981,18.167999267578125,1.985085129737854,149.83297729492188,88.20868607570287,2.3131565,48.8424309
1705852625314617600,2707.9166176757813,45,1.5,1.1545542478561401,18.267000198364258,1.9900503158569336,149.42913818359375,88.30898661707415,2.3131641,48.8424242
1705852625901033000,2708.5030329589845,45,1.5,1.1509066820144653,18.426000595092773,1.9942377805709839,149.01974487304688,88.30898661707415,2.3131745,48.8424141
1705852626487448000,2709.089447998047,45,1.5,1.1509066820144653,18.731000900268555,2.0052735805511475,148.465576171875,88.30898661707415,2.3131899,48.8424002
1705852627073863400,2709.6758635253905,45,1.5,1.1657332181930542,18.88599967956543,1.9441834688186646,147.50352478027344,88.32317062806301,2.3132042,48.8423911
1705852627660278500,2710.262278564453,45,1.5,1.1657332181930542,19.055999755859375,1.8967267274856567,146.82664489746094,88.32317062806301,2.3132148,48.8423858
1705852628246694000,2710.8486938476562,45,1.5,1.259048581123352,19.07900047302246,1.896342158317566,146.9312286376953,88.32317062806301,2.3132226,48.8423796
1705852628833109200,2711.4351091308595,45,1.5,1.2548069953918457,19.05500030517578,1.8957703113555908,147.1441192626953,88.36369650488825,2.313234,48.842369
1705852629419524600,2712.021524658203,45,1.5,1.2548069953918457,18.958999633789062,1.891688346862793,147.41549682617188,88.36369650488825,2.3132436,48.8423596
1705852629973687000,2712.575687011719,45,1.5,1.2484363317489624,18.798999786376953,1.89299738407135,147.35784912109375,88.62813262102232,2.3132537,48.842351
1705852630475072300,2713.077072265625,45,1.5,1.2484363317489624,18.583999633789062,1.8948521614074707,147.18272399902344,88.62813262102232,2.3132664,48.8423396
1705852631037031200,2713.63903125,45,1.5,1.1977304220199585,18.341999053955078,1.893885850906372,146.9815673828125,88.79024314229922,2.3132743,48.8423329
1705852631647903200,2714.2499033203126,45,1.5,1.1977304220199585,18.263999938964844,1.8942290544509888,146.71310424804688,88.79024314229922,2.3132877,48.842321
1705852632158461200,2714.7604611816405,45,1.5,1.153555154800415,18.05299949645996,1.8936232328414917,146.48068237304688,88.90169592906292,2.3132934,48.8423135
1705852632669357000,2715.2713571777344,45,1.5,1.153555154800415,17.98900032043457,1.8922348022460938,146.31539916992188,88.90169592906292,2.313304,48.8423016
1705852633172583400,2715.774583496094,45,1.5,1.1625581979751587,17.74799919128418,1.8971000909805298,146.4785919189453,89.03037506508798,2.3133093,48.8422947
1705852633678370300,2716.280370361328,45,1.5,1.1625581979751587,17.683000564575195,1.9033033847808838,146.65733337402344,89.03037506508798,2.3133163,48.8422863
1705852634228131600,2716.830131591797,45,1.5,1.1649729013442993,17.583999633789062,1.9015673398971558,147.00051879882812,89.18742705857278,2.3133254,48.8422748
1705852634797285000,2717.39928515625,45,1.5,1.1649729013442993,17.56399917602539,1.9006253480911255,147.39295959472656,89.18742705857278,2.3133295,48.8422686
1705852635400968700,2718.00296875,45,1.5,1.1644222736358643,17.635000228881836,1.8973054885864258,146.82469177246094,89.30901770264234,2.3133413,48.8422574
1705852635938840800,2718.5408408203125,45,1.5,1.1644222736358643,17.75200080871582,1.894591212272644,146.24557495117188,89.30901770264234,2.3133478,48.8422522
1705852636456516900,2719.0585168457033,45,1.5,1.1682655811309814,17.913999557495117,1.9104926586151123,145.2862548828125,89.52079225012835,2.3133606,48.8422406
1705852636967184000,2719.5691838378907,45,1.5,1.1638257503509521,17.895000457763672,1.918095588684082,144.987548828125,89.55575075977089,2.3133667,48.8422354
1705852637512065000,2720.1140649414065,45,1.5,1.1638257503509521,17.85099983215332,1.926066279411316,144.65660095214844,89.55575075977089,2.3133821,48.8422219
1705852638098480600,2720.7004807128906,45,1.5,1.1402597427368164,17.95800018310547,1.9474236965179443,145.06661987304688,89.86633053357602,2.3133895,48.8422128
1705852638669357000,2721.2713571777344,45,1.5,1.1402597427368164,18.33799934387207,1.9679747819900513,145.4938507080078,89.86633053357602,2.3134013,48.8421988
1705852639271312000,2721.8733117675783,45,1.5,1.154867172241211,18.18400001525879,1.992319107055664,146.35916137695312,90.03910497203901,2.3134053,48.8421879
1705852639857727500,2722.4597275390624,45,1.5,1.1509573459625244,18.070999145507812,2.015399694442749,147.22764587402344,90.07305227092394,2.3134135,48.8421727
1705852640457038800,2723.0590388183596,45,1.5,1.1509573459625244,18.04800033569336,2.0365428924560547,147.72694396972656,90.07305227092394,2.3134208,48.8421609
1705852640967184100,2723.5691840820314,45,1.5,1.1508206129074097,17.895000457763672,2.0400705337524414,147.95431518554688,90.3659167194312,2.3134268,48.8421507
1705852641499691500,2724.10169140625,45,1.5,1.1508206129074097,17.85700035095215,2.044776201248169,148.1517333984375,90.3659167194312,2.3134352,48.8421384
1705852642086107100,2724.6881071777343,45,1.5,1.1503713130950928,17.854999542236328,2.049504280090332,148.4268341064453,90.53160750171875,2.3134437,48.8421251
1705852642669357000,2725.2713571777344,45,1.5,1.1503713130950928,17.836999893188477,2.0551934242248535,148.7063751220703,90.53160750171875,2.3134483,48.842116
1705852643258938600,2725.860938720703,45,1.5,1.1536414623260498,17.783000946044922,2.0609686374664307,149.1299285888672,90.76064108626508,2.3134568,48.8421022
1705852643796583200,2726.398583251953,45,1.5,1.1536414623260498,17.93899917602539,2.067143201828003,149.46234130859375,90.76064108626508,2.3134602,48.842094
1705852644314487000,2726.916487060547,45,1.5,1.161551594734192,17.805999755859375,2.0651321411132812,149.77914428710938,90.88073418464643,2.3134673,48.8420798
1705852644900902700,2727.5029025878907,45,1.5,1.161551594734192,17.746000289916992,2.063519239425659,150.05239868164062,90.88073418464643,2.3134698,48.8420714
1705852645487318500,2728.0893186035155,45,1.5,1.1658267974853516,18.0049991607666,2.061582088470459,150.43475341796875,90.99018760848391,2.3134773,48.8420579
1705852646079610400,2728.6816103515625,45,1.5,1.1525907516479492,18.11400032043457,2.052821159362793,150.64276123046875,91.02717913233022,2.3134796,48.8420524
1705852646660150000,2729.262149902344,45,1.5,1.1525907516479492,18.2450008392334,2.045736074447632,150.9039306640625,91.02717913233022,2.313488,48.8420396
1705852647217296100,2729.819296142578,45,1.5,1.156402349472046,18.163000106811523,2.0390665531158447,151.0023193359375,91.13511422988154,2.3134907,48.8420326
1705852647832981500,2730.4349814453126,45,1.5,1.156402349472046,18.18899917602539,2.0330088138580322,151.12689208984375,91.13511422988154,2.3134988,48.8420194
1705852648398090800,2731.0000908203124,45,1.5,1.1477620601654053,18.155000686645508,2.027803421020508,150.92617797851562,91.38342086004559,2.3135042,48.8420122
1705852648966424600,2731.568424560547,45,1.5,1.1513066291809082,17.881000518798828,2.0226101875305176,150.62644958496094,91.50707014723488,2.3135112,48.8420027
1705852649477282800,2732.079282714844,45,1.5,1.1513066291809082,17.8439998626709,2.0193605422973633,150.27960205078125,91.50707014723488,2.3135188,48.8419933
1705852650061361700,2732.663361572266,45,1.5,1.1520030498504639,17.875,2.0024936199188232,149.47683715820312,91.80201140508461,2.3135298,48.8419831
1705852650618326500,2733.2203264160157,45,1.5,1.1520030498504639,17.825000762939453,1.9900389909744263,148.66180419921875,91.80201140508461,2.3135375,48.841978
1705852651234193400,2733.836193359375,45,1.5,1.1563040018081665,17.658000946044922,2.0009145736694336,148.50662231445312,91.799984282281,2.3135506,48.8419664
1705852651757060000,2734.359060058594,45,1.5,1.1563040018081665,17.667999267578125,2.0122807025909424,148.42840576171875,91.799984282281,2.3135577,48.8419606
1705852652289742000,2734.8917421875,45,1.5,1.1582744121551514,17.457000732421875,2.0119659900665283,148.25318908691406,91.796436818545,2.3135697,48.8419494
1705852652878585000,2735.480585205078,45,1.5,1.1582744121551514,17.365999221801758,2.0127923488616943,148.08956909179688,91.796436818545,2.3135764,48.8419437
1705852653462573800,2736.064573730469,45,1.5,1.1584498882293701,17.236000061035156,2.011167526245117,148.17788696289062,91.796436818545,2.3135875,48.8419308
1705852653966177300,2736.568177246094,45,1.5,1.1537331342697144,17.253999710083008,2.0049619674682617,148.88743591308594,91.75792159380417,2.3135902,48.8419254
1705852654518122500,2737.1201225585937,45,1.5,1.1537331342697144,17.2549991607666,2.00111985206604,149.48463439941406,91.75792159380417,2.3135998,48.8419115
1705852655104538400,2737.7065383300783,45,1.5,1.1564127206802368,17.250999450683594,2.00123929977417,149.9714813232422,91.90083423123404,2.313607,48.8418995
1705852655669357000,2738.2713571777344,45,1.5,1.1564127206802368,17.209999084472656,2.0029404163360596,150.3878173828125,91.90083423123404,2.3136099,48.8418927
1705852656277370000,2738.8793701171876,45,1.5,1.1551018953323364,17.26799964904785,2.0055549144744873,150.17794799804688,91.97482541122591,2.3136144,48.8418844
1705852656863786000,2739.4657858886717,45,1.5,1.1593031883239746,17.31599998474121,2.0067026615142822,149.8218231201172,92.05033762567348,2.3136233,48.8418724
1705852657450202000,2740.0522021484376,45,1.5,1.1593031883239746,17.399999618530273,1.9968816041946411,149.53927612304688,92.05033762567348,2.3136345,48.8418593
1705852657966440400,2740.5684404296876,45,1.5,1.2411563396453857,17.43600082397461,1.995664358139038,149.06700134277344,92.05033762567348,2.3136374,48.8418547
1705852658505750500,2741.1077504882815,45,1.5,1.2411563396453857,17.40399932861328,1.9960193634033203,148.5765380859375,92.05033762567348,2.3136476,48.8418435
1705852659092166400,2741.694166503906,45,1.5,1.23788583278656,17.354000091552734,1.9707285165786743,147.6713104248047,92.11064652304952,2.3136593,48.8418329
1705852659669357000,2742.2713571777344,45,1.5,1.190634846687317,17.25200080871582,1.948286533355713,146.79331970214844,92.1760238810185,2.3136707,48.8418245
1705852660264998400,2742.8669982910155,45,1.5,1.190634846687317,17.249000549316406,1.9492746591567993,146.23397827148438,92.1760238810185,2.3136786,48.8418178
1705852660817291500,2743.419291503906,45,1.5,1.190634846687317,17.302000045776367,1.9499164819717407,145.72743225097656,92.1760238810185,2.3136856,48.8418122
1705852661320547000,2743.9225471191407,45,1.5,1.1659375429153442,17.222000122070312,1.944334864616394,145.16534423828125,92.29765752034555,2.3136989,48.8418008
1705852661906963000,2744.508962890625,45,1.5,1.1659375429153442,17.246999740600586,1.9398095607757568,144.54421997070312,92.29765752034555,2.3137078,48.8417952
1705852662493378800,2745.09537890625,45,1.5,1.1619397401809692,17.082000732421875,1.9298999309539795,144.04574584960938,92.50747966172034,2.3137244,48.8417808
1705852663058700500,2745.660700439453,45,1.5,1.1619397401809692,17.190000534057617,1.9209835529327393,143.64134216308594,92.50747966172034,2.3137254,48.8417796
1705852663666210800,2746.2682109375,45,1.5,1.1619397401809692,17.325000762939453,1.915014386177063,143.4103546142578,92.50747966172034,2.3137385,48.8417681
1705852664176823800,2746.778823730469,45,1.5,1.1617920398712158,17.28499984741211,1.9133375883102417,143.6473846435547,92.877975435098,2.3137434,48.8417634
1705852664721759500,2747.3237595214846,45,1.5,1.1617920398712158,17.277999877929688,1.9107433557510376,143.9866485595703,92.877975435098,2.3137539,48.8417529
1705852665298553000,2747.9005529785154,45,1.5,1.164405345916748,17.36400032043457,1.93949294090271,144.66064453125,93.27889955132501,2.3137597,48.8417445
1705852665894591500,2748.4965915527346,45,1.5,1.1629482507705688,17.361000061035156,1.9669663906097412,145.29531860351562,93.4674570374436,2.313769,48.8417316
1705852666457783000,2749.059782958984,45,1.5,1.1629482507705688,17.354999542236328,1.9890931844711304,145.942138671875,93.4674570374436,2.3137753,48.8417203
1705852666967139800,2749.5691398925783,45,1.5,1.159397840499878,17.393999099731445,2.006814479827881,146.82293701171875,93.1729645293959,2.3137807,48.8417085
1705852667536556300,2750.1385563964845,45,1.5,1.159397840499878,17.391000747680664,2.0246176719665527,147.86209106445312,93.1729645293959,2.3137875,48.8416942
1705852668122972400,2750.7249724121093,45,1.5,1.1545649766921997,17.392000198364258,2.023529052734375,148.74525451660156,92.9965780603739,2.313796,48.8416795
1705852668669357000,2751.2713571777344,45,1.5,1.1545649766921997,17.458999633789062,2.022364854812622,149.58807373046875,92.9965780603739,2.3137981,48.8416711
1705852669178521000,2751.780520996094,45,1.5,1.154287576675415,17.398000717163086,2.025709390640259,150.4713897705078,92.92055054502256,2.313804,48.8416555
1705852669764937200,2752.3669372558593,45,1.5,1.154287576675415,17.365999221801758,2.0295498371124268,151.35255432128906,92.92055054502256,2.3138054,48.8416451
1705852670351353000,2752.953353027344,45,1.5,1.1559542417526245,17.46500015258789,2.0331993103027344,152.2262725830078,92.81309948944272,2.3138111,48.8416299
1705852670937769200,2753.5397692871093,45,1.5,1.1559542417526245,17.570999145507812,2.03751802444458,152.95729064941406,92.81309948944272,2.3138131,48.8416208
1705852671524185300,2754.1261853027345,45,1.5,1.1486262083053589,17.558000564575195,2.0450103282928467,153.8043212890625,92.94183818039679,2.3138214,48.8416
1705852672118321000,2754.7203208007813,45,1.5,1.1486262083053589,17.5,2.0546085834503174,154.30714416503906,92.94183818039679,2.3138211,48.8415935
1705852672669357000,2755.2713571777344,45,1.5,1.1486262083053589,17.48699951171875,2.062258243560791,154.6187286376953,92.94183818039679,2.3138275,48.8415788
1705852673236926000,2755.8389260253907,45,1.5,1.1569480895996094,17.479000091552734,2.0733120441436768,155.0291748046875,93.04929087241247,2.31383,48.8415677
1705852673752566000,2756.3545659179686,45,1.5,1.1565465927124023,17.458999633789062,2.082167148590088,155.46380615234375,93.15319689715922,2.3138362,48.8415521
1705852674338982000,2756.940981933594,45,1.5,1.1565465927124023,17.40999984741211,2.0912601947784424,155.75033569335938,93.15319689715922,2.31384,48.8415414
1705852674925398000,2757.5273979492185,45,1.5,1.1523154973983765,17.42099952697754,2.0988571643829346,155.97540283203125,93.27889955132501,2.3138461,48.8415284
1705852675500368100,2758.1023681640627,45,1.5,1.1523154973983765,17.389999389648438,2.102750539779663,156.19488525390625,93.27889955132501,2.3138515,48.8415158
1705852676098229800,2758.7002297363283,45,1.5,1.156144618988037,17.261999130249023,2.120504379272461,156.81692504882812,93.34225845246851,2.3138577,48.8415007
1705852676657682200,2759.259682128906,45,1.5,1.156144618988037,17.341999053955078,2.138888120651245,157.60487365722656,93.34225845246851,2.3138596,48.8414909
1705852677271061500,2759.8730615234376,45,1.5,1.1481168270111084,17.426000595092773,2.1553876399993896,158.2115936279297,93.09186684517832,2.3138663,48.8414747
1705852677818467000,2760.4204670410154,45,1.5,1.1481168270111084,17.43600082397461,2.1706349849700928,158.66140747070312,93.09186684517832,2.3138693,48.8414653
1705852678326610200,2760.9286101074217,45,1.5,1.147748589515686,17.514999389648438,2.1872169971466064,159.15023803710938,93.08983941304172,2.3138739,48.8414493
1705852678917841700,2761.5198415527343,45,1.5,1.147748589515686,17.509000778198242,2.203702688217163,159.42901611328125,93.08983941304172,2.313876,48.8414389
1705852679499442000,2762.101441894531,45,1.5,1.157408595085144,17.59000015258789,2.209559440612793,159.67642211914062,93.04929087241247,2.3138807,48.8414226
1705852680036968200,2762.6389682617187,45,1.5,1.1512640714645386,17.724000930786133,2.211456060409546,159.82582092285156,93.04929087241247,2.3138815,48.8414149
1705852680554990600,2763.1569904785156,45,1.5,1.1512640714645386,17.868999481201172,2.214076042175293,159.9297637939453,93.04929087241247,2.3138873,48.8413991
1705852681141406500,2763.743406494141,45,1.5,1.1507294178009033,17.91699981689453,2.2059905529022217,159.84010314941406,93.09541485258862,2.3138895,48.8413924
1705852681669357000,2764.2713571777344,45,1.5,1.1507294178009033,17.908000946044922,2.196039915084839,159.70150756835938,93.09541485258862,2.3138953,48.8413796
1705852682196955000,2764.798954833984,45,1.5,1.1552997827529907,17.836999893188477,2.1139285564422607,159.0869598388672,93.19932144428525,2.3138972,48.8413784
1705852682698352600,2765.3003525390627,45,1.5,1.1552997827529907,17.85700035095215,2.040689706802368,158.35296630859375,93.19932144428525,2.313902,48.8413747
1705852683252503300,2765.8545034179688,45,1.5,1.1573070287704468,17.875,1.990615963935852,157.70672607421875,93.23835010381131,2.3139075,48.8413652
1705852683817542000,2766.4195419921875,45,1.5,1.1573070287704468,17.760000228881836,1.9440069198608398,156.94351196289062,93.23835010381131,2.3139108,48.8413623
1705852684425335000,2767.0273349609374,45,1.5,1.1571967601776123,17.70599937438965,1.937799334526062,156.21371459960938,93.23835010381131,2.3139194,48.8413521
1705852684979586000,2767.5815859375,45,1.5,1.1571967601776123,17.582000732421875,1.9327939748764038,155.4898681640625,93.23835010381131,2.313924,48.8413486
1705852685480883500,2768.082883544922,45,1.5,1.158545970916748,17.5,1.9251257181167603,154.4969940185547,93.30880489349067,2.3139349,48.8413384
1705852686067299300,2768.669299316406,45,1.5,1.15176522731781,17.45199966430664,1.8906192779541016,153.3546142578125,93.4340029829963,2.3139392,48.8413361
1705852686653715200,2769.2557150878906,45,1.5,1.15176522731781,17.445999145507812,1.8622572422027588,152.259765625,93.4340029829963,2.3139507,48.8413269
1705852687219734300,2769.821734375,45,1.5,1.1593029499053955,17.38800048828125,1.8376610279083252,151.32032775878906,93.51155576604751,2.3139565,48.8413248
1705852687826547000,2770.428546875,45,1.5,1.1593029499053955,17.413000106811523,1.814285159111023,150.3487091064453,93.51155576604751,2.3139683,48.8413171
1705852688398203600,2771.0002036132814,45,1.5,1.2256969213485718,17.525999069213867,1.8329087495803833,150.58074951171875,93.68288404416009,2.313975,48.8413102
1705852688969954600,2771.5719545898437,45,1.5,1.2212023735046387,17.52199935913086,1.8549227714538574,150.80809020996094,93.5946850294483,2.3139833,48.8413007
1705852689498654000,2772.100654052734,45,1.5,1.2212023735046387,17.499000549316406,1.878199815750122,151.0333251953125,93.5946850294483,2.3139918,48.8412905
1705852690054926800,2772.6569267578125,45,1.5,1.1856534481048584,17.545000076293945,1.8952471017837524,150.76458740234375,93.44616807838614,2.3140027,48.8412789
1705852690597475000,2773.1994750976564,45,1.5,1.1856534481048584,17.503999710083008,1.914242148399353,150.4901123046875,93.44616807838614,2.3140105,48.8412715
1705852691110475300,2773.712475341797,45,1.5,1.160949468612671,17.45199966430664,1.931409478187561,150.17103576660156,93.40764533637511,2.314022,48.8412587
1705852691669357000,2774.2713571777344,45,1.5,1.160949468612671,17.415000915527344,1.9475685358047485,149.8514404296875,93.40764533637511,2.3140291,48.8412516
1705852692283306800,2774.885306640625,45,1.5,1.1644197702407837,17.31100082397461,1.960388422012329,149.72189331054688,93.45326439211487,2.3140407,48.8412389
1705852692869722400,2775.4717224121096,45,1.5,1.1644197702407837,17.371000289916992,1.9734688997268677,149.6149444580078,93.45326439211487,2.3140482,48.841231
1705852693456138000,2776.058137939453,45,1.5,1.163580060005188,17.174999237060547,1.9689065217971802,149.3390655517578,93.5379137366665,2.3140608,48.8412187
1705852693999503400,2776.6015034179686,45,1.5,1.163580060005188,17.13800048828125,1.964270830154419,149.08877563476562,93.5379137366665,2.3140684,48.8412118
1705852694511686400,2777.113686279297,45,1.5,1.1662898063659668,17.163000106811523,1.9698070287704468,148.62271118164062,93.54146193129563,2.314081,48.8411994
1705852695098102000,2777.7001020507814,45,1.5,1.1609618663787842,17.197999954223633,1.9718234539031982,147.8162078857422,93.54146193129563,2.3140887,48.8411939
1705852695669357000,2778.2713571777344,45,1.5,1.1609618663787842,17.280000686645508,1.975034475326538,147.12176513671875,93.54146193129563,2.3141024,48.8411823
1705852696258817000,2778.860817138672,45,1.5,1.1599738597869873,17.21500015258789,1.9939416646957397,147.05723571777344,93.62307081881582,2.3141101,48.8411746
1705852696857355000,2779.4593549804686,45,1.5,1.1367908716201782,17.065000534057617,2.011955738067627,147.32943725585938,93.6403050945785,2.3141216,48.841162
1705852697378310100,2779.9803100585937,45,1.5,1.1367908716201782,17.10099983215332,2.0280423164367676,147.86984252929688,93.6403050945785,2.3141283,48.8411529
1705852697912903200,2780.514903076172,45,1.5,1.1505738496780396,16.924999237060547,2.0422070026397705,148.51809692382812,93.85421579475477,2.3141373,48.8411418
1705852698516739800,2781.1187397460935,45,1.5,1.1505738496780396,17,2.046917676925659,149.70986938476562,93.85421579475477,2.3141434,48.8411294
1705852699085734700,2781.6877346191404,45,1.5,1.151079773902893,17.073999404907227,2.0593278408050537,151.12704467773438,93.9226480857372,2.3141503,48.8411142
1705852699618974700,2782.220974609375,45,1.5,1.151079773902893,17.131999969482422,2.0658979415893555,152.73997497558594,93.9226480857372,2.3141509,48.8411039
1705852700141282800,2782.7432827148436,45,1.5,1.1485280990600586,17.094999313354492,2.0495951175689697,154.72023010253906,93.91757900814768,2.3141537,48.8410871
1705852700669357000,2783.2713571777344,45,1.5,1.1485280990600586,17.20199966430664,2.0302157402038574,156.75439453125,93.91757900814768,2.3141521,48.8410765
1705852701196831200,2783.798831298828,45,1.5,1.1529942750930786,17.170000076293945,2.023289918899536,158.6349334716797,93.71279081554154,2.3141519,48.8410583
1705852701783246800,2784.385246826172,45,1.5,1.1529942750930786,17.11199951171875,2.018951177597046,160.34999084472656,93.71279081554154,2.3141481,48.8410474
1705852702369662700,2784.971662841797,45,1.5,1.1606078147888184,17.25,2.012739658355713,161.9301300048828,93.68795298101512,2.3141489,48.8410291
1705852702956078300,2785.5580783691407,45,1.5,1.1554014682769775,17.363000869750977,2.0114028453826904,163.09324645996094,93.62661904918903,2.314147,48.8410199
1705852703542494000,2786.144493896484,45,1.5,1.1554014682769775,17.354999542236328,2.004025459289551,164.6197509765625,93.62661904918903,2.3141473,48.841
1705852704116734200,2786.7187341308595,45,1.5,1.1588835716247559,17.32900047302246,2.0176942348480225,165.88038635253906,93.68795298101512,2.3141461,48.8409868
1705852704669357000,2787.2713571777344,45,1.5,1.1588835716247559,17.31800079345703,2.0312397480010986,167.0429229736328,93.68795298101512,2.3141468,48.8409676
1705852705184458000,2787.7864580078126,45,1.5,1.1562365293502808,17.284000396728516,2.0594875812530518,167.87957763671875,93.85928483434834,2.3141448,48.8409535
1705852705770873900,2788.3728737792967,45,1.5,1.1542860269546509,17.138999938964844,2.088104009628296,168.34762573242188,93.89274057189888,2.3141446,48.8409339
1705852706357289500,2788.9592895507812,45,1.5,1.1542860269546509,17.222999572753906,2.1083123683929443,168.3937225341797,93.89274057189888,2.3141455,48.8409198
1705852706943705000,2789.545705078125,45,1.5,1.1473867893218994,17.35099983215332,2.1263673305511475,168.530517578125,93.89274057189888,2.3141468,48.8409048
1705852707530121000,2790.1321208496092,45,1.5,1.1473867893218994,17.35099983215332,2.129603147506714,168.60757446289062,93.89274057189888,2.3141492,48.840888
1705852708116536600,2790.718536621094,45,1.5,1.1557741165161133,17.378999710083008,2.111055612564087,168.2437744140625,93.93532079300877,2.3141533,48.8408722
1705852708678396000,2791.280395996094,45,1.5,1.1557741165161133,17.452999114990234,2.0934157371520996,167.5018310546875,93.93532079300877,2.3141574,48.8408621
1705852709289368000,2791.8913681640624,45,1.5,1.1582677364349365,17.555999755859375,2.0756232738494873,166.3658905029297,94.08333942080009,2.3141652,48.8408468
1705852709836655400,2792.4386552734377,45,1.5,1.1582677364349365,17.62299919128418,2.0585858821868896,165.22296142578125,94.08333942080009,2.3141715,48.8408384
1705852710344916500,2792.9469165039063,45,1.5,1.1596407890319824,17.718000411987305,2.0542447566986084,164.03297424316406,94.143662824123,2.31418,48.8408257
1705852710938764000,2793.5407639160157,45,1.5,1.1596407890319824,17.658000946044922,2.051910877227783,162.92581176757812,94.143662824123,2.3141859,48.8408186
1705852711517748000,2794.119748046875,45,1.5,1.159157156944275,17.73699951171875,2.035169839859009,161.64495849609375,94.19131354787572,2.3141972,48.8408073
1705852712077254400,2794.679254394531,45,1.5,1.152166485786438,17.770000457763672,1.940461277961731,159.77145385742188,94.29726133237793,2.3142052,48.8408044
1705852712669357000,2795.2713571777344,45,1.5,1.152166485786438,17.86400032043457,1.8559750318527222,157.8019561767578,94.29726133237793,2.314218,48.8407966
1705852713196464600,2795.7984645996094,45,1.5,1.1546716690063477,17.920000076293945,1.8306479454040527,155.36712646484375,94.46657777339419,2.3142271,48.8407947
1705852713746127600,2796.348127685547,45,1.5,1.1546716690063477,17.97599983215332,1.8100250959396362,153.0042266845703,94.46657777339419,2.3142403,48.8407877
1705852714337379800,2796.9393798828123,45,1.5,1.1543306112289429,18.052000045776367,1.799365520477295,150.94293212890625,94.5882443759189,2.3142509,48.8407849
1705852714918959000,2797.520958984375,45,1.5,1.1505155563354492,18.066999435424805,1.7920985221862793,149.00308227539062,94.5882443759189,2.3142645,48.8407788
1705852715437010700,2798.0390107421877,45,1.5,1.1505155563354492,18.10300064086914,1.8057829141616821,147.958251953125,94.5882443759189,2.3142762,48.8407729
1705852715974507300,2798.5765073242187,45,1.5,1.156386375427246,18.371000289916992,1.8182913064956665,146.92857360839844,94.65516175373003,2.3142879,48.8407663
1705852716578295600,2799.180295654297,45,1.5,1.156386375427246,18.457000732421875,1.851650595664978,147.6585693359375,94.65516175373003,2.3142983,48.8407545
1705852717147338800,2799.7493388671874,45,1.5,1.211506724357605,18.652000427246094,1.8417716026306152,148.4462432861328,94.8599727775725,2.3143083,48.8407419
1705852717669357000,2800.2713571777344,45,1.5,1.211506724357605,18.784000396728516,1.8328824043273926,149.21070861816406,94.8599727775725,2.3143128,48.8407344
1705852718202887000,2800.8048869628906,45,1.5,1.181644082069397,18.791000366210938,1.8460781574249268,149.33270263671875,94.90965540745677,2.3143228,48.84072
1705852718789302500,2801.3913024902345,45,1.5,1.181644082069397,18.66699981689453,1.8580281734466553,149.50201416015625,94.90965540745677,2.3143285,48.8407105
1705852719375718400,2801.9777185058592,45,1.5,1.155942440032959,18.70199966430664,1.8798012733459473,149.4231414794922,95.05059343638592,2.3143398,48.8406954
1705852719962134000,2802.564134033203,45,1.5,1.1519039869308472,18.700000762939453,1.8999152183532715,149.35472106933594,95.05059343638592,2.3143464,48.8406858
1705852720548549600,2803.150549560547,45,1.5,1.1519039869308472,18.601999282836914,1.9323846101760864,149.3769073486328,95.05059343638592,2.3143591,48.8406693
1705852721076258800,2803.6782587890625,45,1.5,1.157198190689087,18.422000885009766,1.9263397455215454,149.28599548339844,95.14793330306196,2.3143637,48.8406595
1705852721604097800,2804.2060979003904,45,1.5,1.157198190689087,18.270000457763672,1.9215246438980103,149.11825561523438,95.14793330306196,2.3143745,48.840644
1705852722198211600,2804.8002116699217,45,1.5,1.1605244874954224,18.18400001525879,1.9264501333236694,148.35935974121094,95.17226844486731,2.3143833,48.8406366
1705852722776929300,2805.378929199219,45,1.5,1.1568793058395386,17.770999908447266,1.9305999279022217,147.53860473632812,95.3350115064944,2.3143982,48.8406236
1705852723316732000,2805.918731933594,45,1.5,1.1568793058395386,17.820999145507812,1.9253592491149902,146.4246826171875,95.3350115064944,2.3144068,48.8406182
1705852723832477700,2806.434477783203,45,1.5,1.1590253114700317,17.85099983215332,1.9195377826690674,145.27029418945312,95.44807161486294,2.3144205,48.8406095
1705852724418893300,2807.020893310547,45,1.5,1.1590253114700317,17.902000427246094,1.9178636074066162,144.3173370361328,95.44807161486294,2.3144321,48.840603
1705852724967614500,2807.5696145019533,45,1.5,1.159956455230713,17.910999298095703,1.9136639833450317,143.22434997558594,95.53071291973525,2.3144435,48.8405976
1705852725474441700,2808.0764416503907,45,1.5,1.159956455230713,18.10700035095215,1.9125609397888184,142.2150421142578,95.53071291973525,2.3144581,48.8405905
1705852725977688800,2808.579688720703,45,1.5,1.159956455230713,18.43000030517578,1.9118863344192505,141.31312561035156,95.53071291973525,2.3144681,48.8405868
1705852726529990100,2809.131990234375,45,1.5,1.1419199705123901,18.54400062561035,1.920161247253418,140.95213317871094,95.56417527297752,2.3144835,48.8405765
1705852727096950300,2809.6989501953126,45,1.5,1.1509943008422852,18.732999801635742,1.9228421449661255,140.88531494140625,95.54845809056359,2.3144914,48.8405707
1705852727669357000,2810.2713571777344,45,1.5,1.1509943008422852,19.009000778198242,1.9248473644256592,140.84078979492188,95.54845809056359,2.3145045,48.8405601
1705852728171954200,2810.7739541015626,45,1.5,1.1506025791168213,19.106000900268555,1.9189783334732056,140.5010223388672,95.71627854808548,2.3145116,48.8405544
1705852728758370000,2811.3603701171874,45,1.5,1.1506025791168213,19.143999099731445,1.912917971611023,140.1199188232422,95.71627854808548,2.3145241,48.8405441
1705852729356928300,2811.958928222656,45,1.5,1.1471397876739502,19.250999450683594,1.9042719602584839,139.48788452148438,95.7953733327563,2.314533,48.8405388
1705852729931201500,2812.533201416016,45,1.5,1.1450048685073853,19.42300033569336,1.8965007066726685,139.0032958984375,95.7953733327563,2.3145448,48.8405307
1705852730517617400,2813.1196174316406,45,1.5,1.1450048685073853,19.333999633789062,1.8982446193695068,139.06973266601562,95.7953733327563,2.3145597,48.8405183
1705852731104033000,2813.7060329589845,45,1.5,1.156317949295044,19.10700035095215,1.911418080329895,139.30609130859375,95.83948420719909,2.3145665,48.8405115
1705852731617885400,2814.219885498047,45,1.5,1.156317949295044,19.097999572753906,1.9263231754302979,139.48448181152344,95.83948420719909,2.3145749,48.8405035
1705852732159581400,2814.7615815429685,45,1.5,1.1585527658462524,18.812000274658203,1.9408503770828247,139.17295837402344,95.7745855291952,2.3145891,48.8404913
1705852732669357000,2815.2713571777344,45,1.5,1.1555379629135132,18.375,1.9544153213500977,138.85821533203125,95.8962709591728,2.3146012,48.8404822
1705852733215129900,2815.8171298828124,45,1.5,1.1555379629135132,18.35300064086914,1.9672261476516724,138.28280639648438,95.8962709591728,2.314612,48.8404743
1705852733801545700,2816.403545654297,45,1.5,1.1555379629135132,18.364999771118164,1.980056643486023,137.68780517578125,95.8962709591728,2.3146216,48.8404684
1705852734387961600,2816.9899616699217,45,1.5,1.1595430374145508,18.363000869750977,1.9727152585983276,137.6541748046875,96.12544994174644,2.3146363,48.8404574
1705852734974377500,2817.5763774414063,45,1.5,1.1537212133407593,18.406999588012695,1.96658456325531,137.6282501220703,96.12544994174644,2.3146443,48.8404517
1705852735560793300,2818.162793457031,45,1.5,1.1467959880828857,18.218000411987305,1.961424469947815,137.925537109375,96.2278726463706,2.3146612,48.8404366
1705852736098335200,2818.7003352050783,45,1.5,1.1467959880828857,18.179000854492188,1.9593123197555542,138.1696319580078,96.2278726463706,2.314663,48.8404326
1705852736616341800,2819.218341796875,45,1.5,1.1467959880828857,18.069000244140625,1.9582322835922241,138.49351501464844,96.2278726463706,2.3146773,48.8404193
1705852737202757600,2819.8047575683595,45,1.5,1.1596734523773193,18.152999877929688,1.952007532119751,138.94253540039062,96.43272177864219,2.3146883,48.8404081
1705852737789173500,2820.3911735839843,45,1.5,1.1534440517425537,18.21500015258789,1.9465742111206055,139.5364990234375,96.43272177864219,2.3146928,48.8404017
1705852738375589400,2820.977589355469,45,1.5,1.1534440517425537,18.235000610351562,1.950276494026184,141.02232360839844,96.43272177864219,2.314697,48.8403913
1705852738962005200,2821.564005126953,45,1.5,1.1520785093307495,18.216999053955078,1.951109528541565,142.61952209472656,96.60055979221667,2.3147025,48.8403796
1705852739516882400,2822.1188823242187,45,1.5,1.1520785093307495,18.183000564575195,1.942713737487793,144.2099609375,96.60055979221667,2.3147069,48.840367
1705852740017554000,2822.619553955078,45,1.5,1.1589710712432861,17.992000579833984,1.94180166721344,145.83717346191406,96.7486250964734,2.3147129,48.8403518
1705852740603969800,2823.2059697265627,45,1.5,1.1589710712432861,18.047000885009766,1.944214105606079,147.4036407470703,96.7486250964734,2.3147136,48.8403403
1705852741190385700,2823.7923857421874,45,1.5,1.1584160327911377,17.844999313354492,1.9514403343200684,149.08633422851562,96.7486250964734,2.3147161,48.8403238
1705852741777499600,2824.3794997558593,45,1.5,1.1584160327911377,17.847000122070312,1.95881986618042,150.6422882080078,96.7486250964734,2.3147143,48.8403135
1705852742363217400,2824.9652175292968,45,1.5,1.1583726406097412,17.825000762939453,2.0046768188476562,151.7957305908203,96.70450947772923,2.3147206,48.8402948
1705852742918540300,2825.520540283203,45,1.5,1.1583726406097412,17.92099952697754,2.046886682510376,152.836669921875,96.70450947772923,2.3147226,48.8402834
1705852743418766000,2826.0207661132813,45,1.5,1.1595323085784912,18.066999435424805,2.0775763988494873,153.8343963623047,96.57926294124769,2.3147286,48.8402645
1705852743965879600,2826.567879638672,45,1.5,1.1521599292755127,18.05500030517578,2.100278854370117,154.99749755859375,96.60410927259399,2.3147286,48.8402532
1705852744474314500,2827.076314453125,45,1.5,1.1521599292755127,18.121999740600586,2.1199488639831543,156.31141662597656,96.60410927259399,2.3147337,48.8402324
1705852745060730400,2827.66273046875,45,1.5,1.1591185331344604,18.106000900268555,2.12749981880188,157.61795043945312,96.70805900175483,2.3147322,48.8402205
1705852745578749700,2828.1807497558593,45,1.5,1.1591185331344604,18.13800048828125,2.1359245777130127,158.8898162841797,96.70805900175483,2.3147306,48.8402081
1705852746116279000,2828.7182790527345,45,1.5,1.2014386653900146,18.110000610351562,2.14182448387146,160.2169952392578,96.83026495220773,2.3147319,48.8401909
1705852746698953700,2829.3009536132813,45,1.5,1.2014386653900146,18.274999618530273,2.1484904289245605,161.5534210205078,96.83026495220773,2.3147296,48.8401783
1705852747289110500,2829.891110595703,45,1.5,1.1789700984954834,18.385000228881836,2.1505181789398193,163.0976104736328,96.87793082259824,2.3147286,48.8401611
1705852747817361000,2830.4193608398436,45,1.5,1.1789700984954834,18.441999435424805,2.1537137031555176,164.5731658935547,96.87793082259824,2.3147245,48.8401508
1705852748344659200,2830.9466591796877,45,1.5,1.1595308780670166,18.4060001373291,2.150395154953003,166.0952606201172,96.89872133961046,2.3147197,48.8401348
1705852748931074800,2831.533074707031,45,1.5,1.1595308780670166,18.229999542236328,2.1489434242248535,167.53672790527344,96.89872133961046,2.3147115,48.8401259
1705852749517490700,2832.1194907226563,45,1.5,1.1667379140853882,18.5049991607666,2.1304590702056885,168.5417022705078,96.94638759601067,2.3147109,48.8401082
1705852750118910500,2832.7209104003905,45,1.5,1.1597175598144531,18.472999572753906,2.138685941696167,169.27133178710938,97.02600098531275,2.314708,48.8400988
1705852750669357000,2833.2713571777344,45,1.5,1.1595606803894043,18.469999313354492,2.144669532775879,169.97865295410156,97.11068611409712,2.314707,48.8400815
1705852751237587000,2833.8395869140627,45,1.5,1.1595606803894043,18.343000411987305,2.153327226638794,170.90701293945312,97.11068611409712,2.3147031,48.8400743
1705852751745870600,2834.347870605469,45,1.5,1.1595606803894043,18.04199981689453,2.159597873687744,171.87538146972656,97.11068611409712,2.3147,48.8400585
1705852752332286500,2834.934286376953,45,1.5,1.1638909578323364,18.00200080871582,2.1685469150543213,172.85922241210938,97.12488490137068,2.3146962,48.8400481
1705852752918702000,2835.5207021484375,45,1.5,1.163022756576538,17.80500030517578,2.1765995025634766,173.72171020507812,97.23594052459408,2.3146929,48.8400355
1705852753517160400,2836.1191604003907,45,1.5,1.163022756576538,17.83300018310547,2.1879026889801025,174.64149475097656,97.23594052459408,2.3146891,48.8400202
1705852754091533600,2836.6935334472655,45,1.5,1.166521430015564,17.868000030517578,2.197282552719116,175.6948699951172,97.28005891683223,2.3146847,48.8400023
1705852754659150600,2837.2611506347657,45,1.5,1.166521430015564,17.829999923706055,2.2066376209259033,176.71340942382812,97.28005891683223,2.3146794,48.8399916
1705852755264371000,2837.866370849609,45,1.5,1.1415177583694458,17.41699981689453,2.2159535884857178,177.65280151367188,97.32265620368412,2.314674,48.8399745
1705852755777637600,2838.3796376953123,45,1.5,1.1415177583694458,17.405000686645508,2.225658893585205,178.51905822753906,97.32265620368412,2.3146684,48.8399636
1705852756319919000,2838.921919189453,45,1.5,1.1588259935379028,17.516000747680664,2.2358224391937256,179.49395751953125,97.46769143282091,2.3146624,48.8399451
1705852756906334700,2839.508334716797,45,1.5,1.15508234500885,17.611000061035156,2.2467031478881836,180.44561767578125,97.46769143282091,2.3146554,48.8399329
1705852758000830500,2840.6028305664063,45,1.5,1.15508234500885,17.697999954223633,2.260647773742676,181.31834411621094,97.46769143282091,2.3146477,48.8399073
1705852758548298500,2841.1502985839843,45,1.5,1.1542978286743164,17.642000198364258,2.225466012954712,182.21470642089844,97.51840363855172,2.3146409,48.8398903
1705852759134714000,2841.736714111328,45,1.5,1.1529337167739868,17.69099998474121,2.2187721729278564,182.82620239257812,97.5397028556786,2.3146359,48.8398747
1705852759669357000,2842.2713571777344,45,1.5,1.1529337167739868,17.69499969482422,2.214289903640747,183.34718322753906,97.5397028556786,2.314631,48.8398644
1705852760190262300,2842.7922622070314,45,1.5,1.1588770151138306,17.785999298095703,2.219996213912964,183.97349548339844,97.51840363855172,2.3146258,48.8398539
1705852760776677600,2843.378677734375,45,1.5,1.1588690280914307,18.091999053955078,2.2257869243621826,184.56295776367188,97.60005092897882,2.3146197,48.8398371
1705852761363093200,2843.9650932617187,45,1.5,1.1588690280914307,18.107999801635742,2.239252805709839,185.07723999023438,97.60005092897882,2.314614,48.8398245
1705852761949508900,2844.5515087890626,45,1.5,1.1585869789123535,18,2.251941204071045,185.61643981933594,97.52398199975454,2.3146079,48.8398095
1705852762516526000,2845.1185261230466,45,1.5,1.1585869789123535,17.927000045776367,2.248173713684082,185.9475555419922,97.52398199975454,2.314604,48.8397956
1705852763122339800,2845.72433984375,45,1.5,1.1553668975830078,18.04199981689453,2.2217471599578857,185.87533569335938,97.60360082906078,2.3146008,48.8397808
1705852763669357000,2846.2713571777344,45,1.5,1.1553668975830078,18.077999114990234,2.1963813304901123,185.67250061035156,97.60360082906078,2.3145976,48.8397655
1705852764177887500,2846.779887451172,45,1.5,1.1586419343948364,17.929000854492188,2.1803174018859863,185.53463745117188,97.79073338678072,2.3145969,48.8397586
1705852764737848300,2847.3398483886717,45,1.5,1.1586419343948364,17.804000854492188,2.1670596599578857,185.3732452392578,97.79073338678072,2.3145966,48.8397497
1705852765350718500,2847.9527185058596,45,1.5,1.1505885124206543,17.69499969482422,2.1526217460632324,185.20257568359375,97.94236958170849,2.3145975,48.8397359
1705852765937133800,2848.5391337890624,45,1.5,1.1559981107711792,17.47800064086914,2.140730857849121,185.0425567626953,97.90027631840879,2.3145988,48.839725
1705852766523549200,2849.1255490722656,45,1.5,1.1559981107711792,17.320999145507812,2.1264288425445557,185.02293395996094,97.90027631840879,2.3145973,48.8397076
1705852767109964500,2849.7119645996095,45,1.5,1.1578575372695923,17.275999069213867,2.1121184825897217,185.1068572998047,97.96366986710177,2.3145981,48.839702
1705852767676800800,2850.27880078125,45,1.5,1.1578575372695923,17.332000732421875,2.100461483001709,185.17129516601562,97.96366986710177,2.3145983,48.8396944
1705852768282795300,2850.8847951660155,45,1.5,1.1624205112457275,17.128000259399414,2.0869367122650146,184.59104919433594,98.0940084967481,2.3146011,48.8396811
1705852768869210400,2851.4712104492187,45,1.5,1.1570210456848145,17.05900001525879,2.076770305633545,184.39932250976562,98.12950963905006,2.3146037,48.8396714
1705852769455625700,2852.057625732422,45,1.5,1.1570210456848145,17.003000259399414,2.088855743408203,183.98248291015625,98.12950963905006,2.3146068,48.8396595
1705852769975574800,2852.577574707031,45,1.5,1.1550904512405396,17,2.0939652919769287,183.5048065185547,98.21978464392754,2.3146124,48.8396505
1705852770511173400,2853.113173339844,45,1.5,1.1550904512405396,16.922000885009766,2.0989317893981934,183.05899047851562,98.21978464392754,2.3146172,48.839636
1705852771097588500,2853.6995883789064,45,1.5,1.1581192016601562,16.929000854492188,2.102480888366699,182.61766052246094,98.26035799384206,2.3146218,48.8396229
1705852771669357000,2854.2713571777344,45,1.5,1.1581192016601562,16.979000091552734,2.1078617572784424,182.25485229492188,98.26035799384206,2.3146259,48.8396159
1705852772198236200,2854.8002360839846,45,1.5,1.1555967330932617,17.020000457763672,2.11702036857605,182.2003173828125,98.21775598154356,2.3146296,48.8396063
1705852772739551200,2855.3415512695315,45,1.5,1.1555967330932617,16.875,2.1259260177612305,182.10997009277344,98.21775598154356,2.3146328,48.8395906
1705852773338850600,2855.9408505859374,45,1.5,1.1594072580337524,16.91900062561035,2.1332848072052,182.07858276367188,98.23905696085525,2.3146359,48.8395815
1705852773912382000,2856.5143818359375,45,1.5,1.1568331718444824,17.106000900268555,2.140197277069092,181.91156005859375,98.3257829307698,2.3146388,48.8395683
1705852774437637000,2857.0396372070313,45,1.5,1.1568331718444824,17.02400016784668,2.148531675338745,181.8427734375,98.3257829307698,2.3146407,48.839558
1705852774967929300,2857.5699294433593,45,1.5,1.189880609512329,16.981000900268555,2.1558055877685547,181.6943817138672,98.34860570231358,2.3146426,48.8395467
1705852775554344400,2858.156344482422,45,1.5,1.189880609512329,17.020000457763672,2.1625404357910156,181.50270080566406,98.34860570231358,2.3146442,48.8395328
1705852776140759600,2858.7427595214845,45,1.5,1.172869086265564,17.159000396728516,2.1647372245788574,181.22227478027344,98.43330408203366,2.3146465,48.8395177
1705852776669357000,2859.2713571777344,45,1.5,1.172869086265564,17.215999603271484,2.167816400527954,180.95787048339844,98.43330408203366,2.3146487,48.8395094
1705852777196307000,2859.7983068847657,45,1.5,1.160413384437561,17.047000885009766,2.1712605953216553,180.90904235839844,98.44040458355818,2.3146513,48.8394948
1705852777782722000,2860.384722167969,45,1.5,1.160413384437561,17.014999389648438,2.174928903579712,181.00914001464844,98.44040458355818,2.3146527,48.8394866
1705852778369137200,2860.9711372070315,45,1.5,1.1668540239334106,16.834999084472656,2.178966999053955,181.27059936523438,98.45815586346262,2.3146539,48.8394713
1705852778955552000,2861.557552001953,45,1.5,1.1668540239334106,16.72100067138672,2.1834938526153564,181.6101531982422,98.45815586346262,2.3146543,48.8394614
1705852779541967000,2862.1439670410155,45,1.5,1.1661336421966553,16.795000076293945,2.1886017322540283,182.2144317626953,98.58495180398982,2.3146518,48.8394452
1705852780096952300,2862.698952392578,45,1.5,1.1614948511123657,16.922000885009766,2.1892921924591064,182.7957000732422,98.67168132267136,2.3146504,48.8394367
1705852780597514200,2863.1995141601565,45,1.5,1.1593868732452393,17.034000396728516,2.189213275909424,183.38047790527344,98.82333332108189,2.3146475,48.8394192
1705852781199146800,2863.8011467285155,45,1.5,1.1593868732452393,17.033000946044922,2.1971118450164795,183.593017578125,98.82333332108189,2.3146464,48.8394124
1705852781770344000,2864.3723439941405,45,1.5,1.1593868732452393,16.91200065612793,2.2045791149139404,183.79872131347656,98.82333332108189,2.3146436,48.8393954
1705852782317542100,2864.919542236328,45,1.5,1.1658846139907837,17.010000228881836,2.205782651901245,183.91482543945312,98.86390956796008,2.3146434,48.8393875
1705852782825890800,2865.427890869141,45,1.5,1.1646592617034912,17.323999404907227,2.2067787647247314,183.9339141845703,98.88166173721393,2.3146425,48.8393741
1705852783417104400,2866.0191044921876,45,1.5,1.1646592617034912,17.40399932861328,2.204294204711914,184.4324493408203,98.88166173721393,2.3146404,48.8393649
1705852783964655400,2866.5666552734374,45,1.5,1.1388319730758667,17.55699920654297,2.1961045265197754,185.69703674316406,98.90499321635886,2.3146344,48.8393552
1705852784467852300,2867.069852294922,45,1.5,1.1388319730758667,17.691999435424805,2.1884536743164062,187.00218200683594,98.90499321635886,2.3146271,48.8393443
1705852784971253200,2867.573253173828,45,1.5,1.1532353162765503,17.757999420166016,2.190941572189331,187.76873779296875,99.14338375884711,2.3146217,48.8393371
1705852785523399000,2868.125398925781,45,1.5,1.1532353162765503,17.7549991607666,2.192359447479248,188.64456176757812,99.14338375884711,2.3146141,48.8393234
1705852786109813500,2868.7118134765624,45,1.5,1.1566855907440186,17.792999267578125,2.1951637268066406,188.61534118652344,99.3919257379649,2.3146093,48.8393101
1705852786669357000,2869.2713571777344,45,1.5,1.1564066410064697,17.756999969482422,2.1987993717193604,188.6083984375,99.40257770037383,2.3146055,48.8392994
1705852787282643000,2869.8846428222655,45,1.5,1.1564066410064697,17.599000930786133,2.1944355964660645,188.57373046875,99.40257770037383,2.3146005,48.8392904
1705852787869057500,2870.4710576171874,45,1.5,1.1564066410064697,17.466999053955078,2.192091703414917,188.51275634765625,99.40257770037383,2.3145961,48.839284
1705852788455472000,2871.0574721679686,45,1.5,1.1559511423110962,17.30500030517578,2.188652276992798,188.73973083496094,99.61663426618827,2.3145903,48.8392705
1705852788968865800,2871.5708657226564,45,1.5,1.1519056558609009,17.316999435424805,2.184288501739502,189.19308471679688,99.70844691871879,2.3145872,48.8392658
1705852789511018200,2872.113018310547,45,1.5,1.1519056558609009,17.32699966430664,2.180264472961426,189.61058044433594,99.70844691871879,2.3145814,48.8392511
1705852790097432800,2872.699432861328,45,1.5,1.1602247953414917,17.371000289916992,2.1758220195770264,189.89303588867188,99.85149403300287,2.314578,48.8392454
1705852790669357000,2873.2713571777344,45,1.5,1.1602247953414917,17.389999389648438,2.1719067096710205,190.18240356445312,99.85149403300287,2.3145724,48.8392326
1705852791270261800,2873.87226171875,45,1.5,1.1694577932357788,17.374000549316406,2.166951894760132,190.58055114746094,99.95396189365515,2.3145679,48.8392212
1705852791856676000,2874.4586760253906,45,1.5,1.1561511754989624,17.40399932861328,2.1643316745758057,191.0282440185547,99.99961629096214,2.3145646,48.8392155
1705852792418643200,2875.020643310547,45,1.5,1.1561511754989624,17.433000564575195,2.1589043140411377,191.6910400390625,99.99961629096214,2.31456,48.8392072
1705852792968006000,2875.570005859375,45,1.5,1.1584882736206055,17.617000579833984,2.159191608428955,191.737060546875,100.0351254371123,2.314557,48.8391979
1705852793498636300,2876.100636230469,45,1.5,1.1584882736206055,17.575000762939453,2.1604576110839844,191.80734252929688,100.0351254371123,2.3145535,48.8391872
1705852794085050600,2876.6870505371094,45,1.5,1.155311942100525,17.63800048828125,2.1582067012786865,191.80247497558594,100.16194503387342,2.3145496,48.8391738
1705852794669357000,2877.2713571777344,45,1.5,1.155311942100525,17.68600082397461,2.1576178073883057,191.7621612548828,100.16194503387342,2.3145479,48.8391657
1705852795257879000,2877.8598791503905,45,1.5,1.1684226989746094,17.711999893188477,2.1569812297821045,191.5349884033203,100.3653676405511,2.3145444,48.8391512
1705852795836849400,2878.4388493652345,45,1.5,1.1684226989746094,17.742000579833984,2.1574959754943848,191.2430419921875,100.3653676405511,2.3145431,48.8391428
1705852796936482300,2879.538482421875,45,1.5,1.176456332206726,17.875,2.142575263977051,191.00291442871094,100.52618149490783,2.3145398,48.8391223
1705852797486252500,2880.0882524414064,45,1.5,1.174515962600708,17.993999481201172,2.1186931133270264,190.75294494628906,100.52618149490783,2.314539,48.8391095
1705852798072666600,2880.6746665039063,45,1.5,1.1635228395462036,18.240999221801758,2.0408565998077393,188.6557159423828,100.52618149490783,2.3145426,48.8391066
1705852798659080400,2881.2610805664062,45,1.5,1.1635228395462036,18.48200035095215,1.9729746580123901,187.1072998046875,100.52618149490783,2.3145439,48.8390967
1705852799197895200,2881.7998952636717,45,1.5,1.1616473197937012,18.466999053955078,1.9323116540908813,186.2976531982422,100.56828783596613,2.3145477,48.8390935
1705852799714625500,2882.3166254882813,45,1.5,1.1616473197937012,18.593000411987305,1.893018364906311,185.43096923828125,100.56828783596613,2.3145509,48.8390833
1705852800301039400,2882.9030393066405,45,1.5,1.1605594158172607,17.966999053955078,1.855129599571228,184.57916259765625,100.59669705203945,2.3145567,48.8390806
1705852800887453200,2883.489453125,45,1.5,1.156765103340149,17.343000411987305,1.8227750062942505,183.78770446777344,100.59669705203945,2.3145614,48.8390721
1705852801473867000,2884.0758669433594,45,1.5,1.156765103340149,16.665000915527344,1.8150534629821777,183.20545959472656,100.59669705203945,2.3145659,48.8390635
1705852802060280600,2884.662280517578,45,1.5,1.1780880689620972,16.656999588012695,1.8129587173461914,183.39169311523438,100.59669705203945,2.3145643,48.8390526
1705852802637267500,2885.2392673339846,45,1.5,1.1780880689620972,16.856000900268555,1.812671422958374,183.60414123535156,100.59669705203945,2.314563,48.8390468
1705852803233108000,2885.8351079101562,45,1.5,1.213202953338623,16.719999313354492,1.814911127090454,183.6385955810547,100.63575988003377,2.3145628,48.8390364
1705852803758317800,2886.3603178710937,45,1.5,1.213202953338623,16.94700050354004,1.8185279369354248,183.72463989257812,100.63575988003377,2.3145628,48.8390301
1705852804288652300,2886.89065234375,45,1.5,1.2106146812438965,16.66200065612793,1.8237097263336182,183.85121154785156,100.74012586088617,2.3145615,48.8390192
1705852804858234400,2887.460234375,45,1.5,1.2106146812438965,16.839000701904297,1.8298840522766113,184.13038635253906,100.74012586088617,2.3145604,48.8390132
1705852805461479200,2888.063479248047,45,1.5,1.208014726638794,17.19099998474121,1.814283013343811,184.94247436523438,100.7538233189099,2.3145585,48.8390016
1705852805967008300,2888.569008300781,45,1.5,1.2123973369598389,17.722000122070312,1.7798134088516235,186.81471252441406,100.73809660973347,2.3145539,48.8389987
1705852806517023200,2889.119023193359,45,1.5,1.2123973369598389,18.514999389648438,1.746170997619629,188.84205627441406,100.73809660973347,2.3145458,48.838989
1705852807103436500,2889.7054365234376,45,1.5,1.2096729278564453,18.448999404907227,1.7310974597930908,190.99143981933594,100.7538233189099,2.3145391,48.8389846
1705852807669357000,2890.2713571777344,45,1.5,1.2398604154586792,18.371999740600586,1.7170103788375854,193.26295471191406,100.65148652408817,2.3145285,48.8389739
1705852808257467400,2890.8594672851564,45,1.5,1.2398604154586792,18.31100082397461,1.717179536819458,194.77230834960938,100.65148652408817,2.3145232,48.8389692
1705852808862676700,2891.4646767578124,45,1.5,1.2508227825164795,18.073999404907227,1.7180707454681396,196.31114196777344,100.69359348930269,2.3145144,48.8389584
1705852809397798100,2891.999798095703,45,1.5,1.2508227825164795,17.996999740600586,1.7237858772277832,197.97593688964844,100.69359348930269,2.3145056,48.8389513
1705852809918220800,2892.520220703125,45,1.5,1.2618978023529053,17.92300033569336,1.729899287223816,199.67628479003906,100.65148652408817,2.3144949,48.8389421
1705852810504634400,2893.106634277344,45,1.5,1.2618978023529053,17.76799964904785,1.734487771987915,201.16995239257812,100.65148652408817,2.3144826,48.8389331
1705852811091047700,2893.6930476074217,45,1.5,1.2770828008651733,17.58300018310547,1.7538437843322754,202.00648498535156,100.65655964131402,2.3144688,48.8389195
1705852811659949000,2894.2619489746094,45,1.5,1.2770828008651733,17.548999786376953,1.7726802825927734,202.8211669921875,100.65655964131402,2.3144581,48.8389109
1705852812263874600,2894.8658745117186,45,1.5,1.2861350774765015,17.476999282836914,1.7891830205917358,203.52737426757812,100.87927248818255,2.3144433,48.8388956
1705852812818541600,2895.4205415039064,45,1.5,1.2861350774765015,17.547000885009766,1.804901123046875,204.1880340576172,100.87927248818255,2.3144321,48.8388863
1705852813319419000,2895.9214189453123,45,1.5,1.1807363033294678,17.476999282836914,1.8245450258255005,204.5131072998047,101.51685864228902,2.3144182,48.8388709
1705852813905832200,2896.5078322753907,45,1.5,1.1992026567459106,17.448999404907227,1.8447498083114624,204.81248474121094,101.51685864228902,2.3144072,48.8388602
1705852814492245800,2897.0942458496093,45,1.5,1.1992026567459106,17.509000778198242,1.8586204051971436,204.8729248046875,101.51685864228902,2.3143951,48.8388463
1705852814998975200,2897.600975341797,45,1.5,1.1992026567459106,17.591999053955078,1.8711555004119873,204.73904418945312,101.51685864228902,2.3143873,48.8388363
1705852815547796200,2898.149796142578,45,1.5,1.2149450778961182,17.749000549316406,1.885074257850647,204.7610321044922,101.56251894431513,2.3143759,48.838821
1705852816098233600,2898.700233642578,45,1.5,1.2126835584640503,17.839000701904297,1.907670259475708,203.95985412597656,101.55541621446747,2.3143714,48.8388106
1705852816603340500,2899.2053405761717,45,1.5,1.2126835584640503,18.097999572753906,1.9287586212158203,203.13258361816406,101.55541621446747,2.3143638,48.8387944
1705852817189754000,2899.7917541503907,45,1.5,1.2244364023208618,18.176000595092773,1.9396473169326782,202.4020538330078,101.70558948776934,2.31436,48.838784
1705852817776167700,2900.3781677246093,45,1.5,1.2244364023208618,18.327999114990234,1.9469026327133179,201.4032440185547,101.70558948776934,2.3143539,48.8387674
1705852818358790400,2900.960790283203,45,1.5,1.2432527542114258,18.42799949645996,1.9545518159866333,200.47702026367188,101.7040674479686,2.3143518,48.8387576
1705852818948994800,2901.550994873047,45,1.5,1.253321886062622,18.740999221801758,1.9558062553405762,199.15655517578125,101.53765941595933,2.3143488,48.8387437
1705852819476604400,2902.0786044921874,45,1.5,1.253321886062622,18.85700035095215,1.9622161388397217,198.43667602539062,101.53765941595933,2.314344,48.8387314
1705852820004539100,2902.6065390625,45,1.5,1.2632865905761719,19.030000686645508,1.8837411403656006,198.56417846679688,101.59448130248062,2.3143359,48.8387206
1705852820598185200,2903.2001853027346,45,1.5,1.2632865905761719,19.077999114990234,1.815765380859375,198.68353271484375,101.59448130248062,2.3143304,48.8387153
1705852821177366500,2903.779366455078,45,1.5,1.3707095384597778,19.277000427246094,1.772104024887085,197.75924682617188,101.21309908805954,2.3143254,48.8387046
1705852821757081000,2904.3590810546875,45,1.5,1.3707095384597778,19.30500030517578,1.7344645261764526,196.88369750976562,101.21309908805954,2.314323,48.8386982
1705852822350193700,2904.9521936035158,45,1.5,1.3822964429855347,18.76099967956543,1.6674907207489014,194.53143310546875,101.41603963437933,2.3143199,48.8386859
1705852822936607200,2905.5386071777343,45,1.5,1.2312170267105103,17.982999801635742,1.6753005981445312,194.44627380371094,101.56469667606626,2.314318,48.8386743
1705852823523020800,2906.1250207519533,45,1.5,1.2312170267105103,16.917999267578125,1.6994084119796753,194.3004608154297,101.56469667606626,2.3143144,48.8386601
1705852824109434600,2906.7114345703126,45,1.5,1.2469078302383423,16.024999618530273,1.6622424125671387,193.9744873046875,101.7975810515499,2.3143101,48.8386456
1705852824669357000,2907.2713571777344,45,1.5,1.2469078302383423,15.086000442504883,1.6286240816116333,193.99998474121094,101.7975810515499,2.3143065,48.8386358
1705852825282261800,2907.88426171875,45,1.5,1.2588640451431274,14.243000030517578,1.621322751045227,194.5670928955078,102.0700486938078,2.3143,48.8386214
1705852825868675000,2908.470675048828,45,1.5,1.2659531831741333,13.418000221252441,1.6119214296340942,195.33848571777344,102.19892844066018,2.3142937,48.8386106
1705852826455089000,2909.0570888671873,45,1.5,1.2659531831741333,12.678000450134277,1.571410059928894,196.13941955566406,102.19892844066018,2.3142862,48.8385991
1705852827000145700,2909.6021457519532,45,1.5,1.2735815048217773,11.920000076293945,1.533962607383728,196.96900939941406,102.28163576998001,2.3142792,48.8385905
1705852827510633200,2910.1126333007815,45,1.5,1.279343843460083,11.859999656677246,1.4938353300094604,197.86647033691406,102.28163576998001,2.3142698,48.8385782
1705852828097046800,2910.699046875,45,1.5,1.2712042331695557,12.093000411987305,1.5149277448654175,198.8895721435547,102.41929396307977,2.3142618,48.8385694
1705852828669357000,2911.2713571777344,45,1.5,1.2712042331695557,12.357999801635742,1.535230278968811,199.99472045898438,102.41929396307977,2.3142508,48.838557
1705852829277263400,2911.8792634277343,45,1.5,1.2805345058441162,12.946000099182129,1.5584408044815063,199.30372619628906,102.47561714974046,2.3142575,48.838553
1705852829856287500,2912.458287597656,45,1.5,1.262161135673523,13.439000129699707,1.5821653604507446,198.85641479492188,102.42117450956798,2.3142646,48.838553
1705852830376571100,2912.978571044922,45,1.5,1.266671061515808,14.267000198364258,1.5852036476135254,198.58404541015625,102.42117450956798,2.3142635,48.8385251
1705852830911831800,2913.513831787109,45,1.5,1.272209644317627,15.128000259399414,1.5912076234817505,198.4404296875,102.5343294332836,2.3142717,48.8385199
1705852831498245400,2914.1002453613282,45,1.5,1.272209644317627,15.32800006866455,1.5966852903366089,198.8286895751953,102.5343294332836,2.3142779,48.8385155
1705852832084659200,2914.6866591796875,45,1.5,1.3013173341751099,16.22599983215332,1.60765540599823,198.8343048095703,102.5343294332836,2.3142814,48.8385061
1705852832656301600,2915.258301513672,45,1.5,1.3013173341751099,16.409000396728516,1.6201170682907104,199.0230255126953,102.5343294332836,2.3142848,48.8385007
1705852833257486300,2915.859486328125,45,1.5,1.303794264793396,17.21500015258789,1.6205873489379883,199.50210571289062,102.41442406135349,2.3142856,48.8384918
1705852833758293200,2916.3602932128906,45,1.5,1.303794264793396,17.28700065612793,1.6232430934906006,199.98069763183594,102.41442406135349,2.3142868,48.8384867
1705852834313030700,2916.9150307617188,45,1.5,1.306225061416626,17.85700035095215,1.6376113891601562,201.2270965576172,102.38956084427754,2.3142831,48.8384768
1705852834897958000,2917.4999580078124,45,1.5,1.306225061416626,18.020000457763672,1.652634859085083,202.55018615722656,102.38956084427754,2.3142797,48.8384712
1705852835485857800,2918.0878579101563,45,1.5,1.3079537153244019,18.113000869750977,1.668063998222351,203.7328338623047,102.43370579024861,2.3142734,48.83846
1705852835997992700,2918.5999926757813,45,1.5,1.3079537153244019,18.236000061035156,1.683118462562561,205.00546264648438,102.43370579024861,2.3142686,48.8384538
1705852836541402000,2919.1434020996094,45,1.5,1.2037640810012817,18.38800048828125,1.7022924423217773,205.98779296875,102.88952890777105,2.3142598,48.8384404
1705852837098483200,2919.7004831542968,45,1.5,1.208283543586731,18.39699935913086,1.7215625047683716,207.25411987304688,102.89511050761054,2.3142551,48.8384318
1705852837669357000,2920.2713571777344,45,1.5,1.208283543586731,18.474000930786133,1.7405649423599243,208.58193969726562,102.89511050761054,2.3142449,48.8384184
1705852838183360300,2920.7853603515623,45,1.5,1.2229806184768677,18.381000518798828,1.7687634229660034,209.44320678710938,103.01892148797062,2.3142359,48.8384081
1705852838769773600,2921.3717736816407,45,1.5,1.2229806184768677,18.406999588012695,1.7968603372573853,210.22613525390625,103.01892148797062,2.3142227,48.8383935
1705852839336708600,2921.9387084960936,45,1.5,1.2286491394042969,18.315000534057617,1.8159700632095337,210.8247528076172,102.99913190623604,2.3142157,48.8383835
1705852839942600700,2922.5446005859376,45,1.5,1.2317817211151123,18.0049991607666,1.8352935314178467,211.41165161132812,103.00398926475219,2.3142041,48.8383699
1705852840498476500,2923.1004765625,45,1.5,1.2317817211151123,17.972000122070312,1.8599432706832886,211.65065002441406,103.00398926475219,2.3141943,48.8383572
1705852841115427600,2923.7174274902345,45,1.5,1.2607499361038208,17.910999298095703,1.8794456720352173,211.8707733154297,103.0339273679112,2.3141825,48.8383418
1705852841669357000,2924.2713571777344,45,1.5,1.2607499361038208,17.881999969482422,1.8978168964385986,212.10276794433594,103.0339273679112,2.3141705,48.8383266
1705852842170971600,2924.7729716796875,45,1.5,1.2702605724334717,18.04599952697754,1.875076174736023,213.16273498535156,103.0907593130446,2.3141638,48.8383197
1705852842719697000,2925.3216967773437,45,1.5,1.2702605724334717,18.239999771118164,1.855504035949707,214.2225799560547,103.0907593130446,2.3141552,48.8383125
1705852843226515700,2925.828515625,45,1.5,1.2729287147521973,18.475000381469727,1.8741155862808228,213.7333526611328,103.0729992891463,2.314146,48.8382966
1705852843812929000,2926.4149289550783,45,1.5,1.2729287147521973,18.61199951171875,1.892745852470398,213.2449188232422,103.0729992891463,2.3141413,48.838286
1705852844399342300,2927.001342285156,45,1.5,1.281749963760376,18.895000457763672,1.9195530414581299,212.25552368164062,103.05523930256126,2.3141339,48.8382682
1705852844956353500,2927.558353515625,45,1.5,1.281749963760376,18.92300033569336,1.944997787475586,211.41221618652344,103.05523930256126,2.3141312,48.8382559
1705852845572169000,2928.1741689453124,45,1.5,1.304999589920044,19.31100082397461,1.9607765674591064,210.2851104736328,102.8943862662872,2.3141257,48.8382378
1705852846158582000,2928.76058203125,45,1.5,1.3093957901000977,19.4950008392334,1.9651542901992798,209.8836669921875,102.846689108883,2.3141202,48.8382221
1705852846669357000,2929.2713571777344,45,1.5,1.3093957901000977,19.517000198364258,1.9699786901474,209.54849243164062,102.846689108883,2.3141184,48.8382123
1705852847216531200,2929.81853125,45,1.5,1.3160747289657593,19.7549991607666,1.981650710105896,209.6371307373047,102.80964788506492,2.3141143,48.8382022
1705852847800539100,2930.4025390625,45,1.5,1.3160747289657593,19.847000122070312,1.9925538301467896,209.80316162109375,102.80964788506492,2.3141052,48.8381874
1705852848338193700,2930.9401936035156,45,1.5,1.3242048025131226,19.900999069213867,1.9707692861557007,208.608154296875,102.67011048560447,2.3141068,48.8381773
1705852848856082700,2931.458082763672,45,1.5,1.3382422924041748,19.990999221801758,1.9511516094207764,207.44216918945312,102.67011048560447,2.3141053,48.8381634
1705852849437603000,2932.0396030273437,45,1.5,1.3382422924041748,20.10300064086914,1.9254612922668457,205.86167907714844,102.67011048560447,2.314107,48.8381534
1705852849967597800,2932.569597900391,45,1.5,1.4995630979537964,20.27899932861328,1.9197968244552612,205.3127899169922,102.07664485361462,2.314106,48.8381421
1705852850498039000,2933.1000390625,45,1.5,1.4995630979537964,20.23699951171875,1.9152504205703735,204.85777282714844,102.07664485361462,2.3141039,48.8381301
1705852851084452000,2933.6864521484376,45,1.5,1.559996485710144,20.256000518798828,1.9230074882507324,205.0252685546875,101.8985503454108,2.3140987,48.8381147
1705852851679559400,2934.281559326172,45,1.5,1.559996485710144,20.253999710083008,1.931320309638977,205.25653076171875,101.8985503454108,2.3140964,48.8381055
1705852852257278200,2934.8592783203126,45,1.5,1.5685349702835083,20.156999588012695,1.9350861310958862,205.82476806640625,101.85085615681375,2.314088,48.8380904
1705852852777563000,2935.379562988281,45,1.5,1.5685349702835083,20.077999114990234,1.9387426376342773,206.44189453125,101.85085615681375,2.3140831,48.838082
1705852853312821200,2935.9148212890623,45,1.5,1.5770577192306519,19.80299949645996,1.9468355178833008,206.88397216796875,101.75191694284048,2.3140704,48.8380654
1705852853899234300,2936.501234375,45,1.5,1.5770577192306519,19.725000381469727,1.9555237293243408,207.24166870117188,101.75191694284048,2.3140621,48.8380554
1705852854485647000,2937.087647216797,45,1.5,1.5854209661483765,19.386999130249023,1.968037486076355,207.23681640625,101.73415874495994,2.3140499,48.8380397
1705852855058794000,2937.6607939453124,45,1.5,1.5879062414169312,19.242000579833984,1.978944182395935,207.3737030029297,101.65094940039393,2.3140423,48.8380297
1705852855658472700,2938.26047265625,45,1.5,1.5879062414169312,19.11400032043457,1.9892338514328003,207.54132080078125,101.65094940039393,2.3140306,48.8380148
1705852856831298300,2939.4332983398435,45,1.5,1.480786681175232,18.73699951171875,2.0004074573516846,207.81533813476562,102.07871383096557,2.3140103,48.837993
1705852857417710800,2940.0197109375,45,1.5,1.487255334854126,18.72800064086914,2.0090816020965576,208.09939575195312,102.07719172310638,2.3139966,48.8379789
1705852857967234800,2940.569234863281,45,1.5,1.4103227853775024,18.7189998626709,2.019653081893921,208.3942108154297,102.07719172310638,2.313989,48.8379719
1705852858473253600,2941.0752536621094,45,1.5,1.4103227853775024,18.785999298095703,2.029815673828125,208.56088256835938,102.07719172310638,2.3139759,48.8379582
1705852859059666400,2941.6616665039064,45,1.5,1.4212533235549927,18.698999404907227,2.0386199951171875,208.89634704589844,102.10560444833527,2.3139672,48.8379509
1705852859646079000,2942.2480788574217,45,1.5,1.4212533235549927,18.65399932861328,2.046449661254883,209.33203125,102.10560444833527,2.3139526,48.8379372
1705852860217808600,2942.81980859375,45,1.5,1.4335356950759888,18.673999786376953,2.052358627319336,209.8499298095703,102.35624941151832,2.3139447,48.837931
1705852860818904000,2943.4209040527344,45,1.5,1.4335356950759888,18.687000274658203,2.0583341121673584,210.36953735351562,102.35624941151832,2.3139302,48.8379183
1705852861378419500,2943.980419433594,45,1.5,1.4549336433410645,18.635000228881836,2.0623300075531006,210.6388397216797,102.38618523793807,2.3139214,48.8379112
1705852861968956700,2944.5709567871095,45,1.5,1.4611917734146118,18.722000122070312,2.0667383670806885,210.93685913085938,102.36132327294098,2.3139113,48.8379008
1705852862478814000,2945.080813964844,45,1.5,1.4611917734146118,18.67099952697754,2.071563243865967,211.2115020751953,102.36132327294098,2.3139018,48.8378915
1705852863047271700,2945.6492717285155,45,1.5,1.4763883352279663,18.336000442504883,2.075648069381714,211.48052978515625,102.28217138154903,2.31389,48.8378791
1705852863616504300,2946.2185043945315,45,1.5,1.4763883352279663,18.197999954223633,2.0807113647460938,211.82080078125,102.28217138154903,2.313882,48.8378715
1705852864220096500,2946.822096435547,45,1.5,1.466535210609436,18.076000213623047,2.0842607021331787,212.169189453125,102.23599978716032,2.3138689,48.8378597
1705852864806509000,2947.4085090332032,45,1.5,1.476825475692749,18.104000091552734,2.0876901149749756,212.5733642578125,102.21824154877635,2.3138567,48.8378494
1705852865392921600,2947.994921630859,45,1.5,1.476825475692749,18.058000564575195,2.093371629714966,212.74456787109375,102.21824154877635,2.3138455,48.8378397
1705852865979334000,2948.581333984375,45,1.5,1.4890754222869873,18.152000427246094,2.098811388015747,212.8255615234375,102.26238352450234,2.3138358,48.8378307
1705852866577887500,2949.179887451172,45,1.5,1.4890754222869873,18.076000213623047,2.1099436283111572,212.94033813476562,102.26238352450234,2.3138212,48.8378197
1705852867152158700,2949.7541586914062,45,1.5,1.5005559921264648,18.065000534057617,2.1191043853759766,212.97340393066406,102.3476238540877,2.3138051,48.8378054
1705852867669357000,2950.2713571777344,45,1.5,1.5005559921264648,18.000999450683594,2.128635883331299,213.01072692871094,102.3476238540877,2.3137949,48.837797
1705852868207701000,2950.8097009277344,45,1.5,1.5085664987564087,18.038999557495117,2.1224524974823,212.17477416992188,102.37683575035928,2.3137839,48.8377841
1705852868794113300,2951.39611328125,45,1.5,1.5085664987564087,18.075000762939453,2.1181716918945312,211.36663818359375,102.37683575035928,2.3137786,48.8377757
1705852869380525600,2951.982525634766,45,1.5,1.5359411239624023,17.989999771118164,2.110549211502075,209.96290588378906,102.35248121260385,2.3137718,48.8377617
1705852869976736500,2952.578736572266,45,1.5,1.5359411239624023,17.829999923706055,2.1050291061401367,208.59483337402344,102.35248121260385,2.3137712,48.837753
1705852870553350000,2953.1553498535154,45,1.5,1.5446833372116089,17.768999099731445,2.111900568008423,208.41200256347656,102.38038745964498,2.3137612,48.8377382
1705852871078694400,2953.6806943359375,45,1.5,1.539737343788147,17.5310001373291,2.123922109603882,208.9617156982422,102.38038745964498,2.3137532,48.8377308
1705852871608892000,2954.210891845703,45,1.5,1.5505847930908203,17.39699935913086,2.134669542312622,209.54214477539062,102.38038745964498,2.3137377,48.8377154
1705852872178668000,2954.78066796875,45,1.5,1.5505847930908203,17.38800048828125,2.1415233612060547,210.08753967285156,102.38038745964498,2.3137307,48.8377111
1705852872781716200,2955.3837163085936,45,1.5,1.5505847930908203,17.266000747680664,2.1483378410339355,210.62843322753906,102.38038745964498,2.313716,48.837698
1705852873317030000,2955.9190297851565,45,1.5,1.5734013319015503,17.216999053955078,2.160937786102295,210.96923828125,102.40321991211046,2.3137068,48.8376895
1705852873837258000,2956.4392580566405,45,1.5,1.5830237865447998,17.209999084472656,2.1726179122924805,211.3035430908203,102.43011154632718,2.3136938,48.8376772
1705852874396739000,2956.998739013672,45,1.5,1.5830237865447998,17.163999557495117,2.1836397647857666,211.57403564453125,102.43011154632718,2.3136837,48.8376683
1705852874967170300,2957.5691704101564,45,1.5,1.59099543094635,17.027000427246094,2.190213203430176,212.03382873535156,102.45294413309864,2.3136716,48.8376583
1705852875479217700,2958.0812177734374,45,1.5,1.59099543094635,16.93199920654297,2.1970431804656982,212.44580078125,102.45294413309864,2.3136591,48.8376482
1705852876065629700,2958.6676296386718,45,1.5,1.6079983711242676,16.878000259399414,2.208632707595825,212.5227813720703,102.43163371686059,2.3136439,48.8376351
1705852876652041700,2959.254041748047,45,1.5,1.6079983711242676,16.93400001525879,2.2208380699157715,212.61439514160156,102.43163371686059,2.313634,48.837627
1705852877238453800,2959.840453857422,45,1.5,1.6152039766311646,16.784000396728516,2.2183189392089844,212.53224182128906,102.3489295150428,2.3136161,48.8376091
1705852877824865800,2960.426865722656,45,1.5,1.6204804182052612,16.659000396728516,2.2175047397613525,212.53758239746094,102.23223171094433,2.3136109,48.8376043
1705852878411277800,2961.0132778320312,45,1.5,1.6204804182052612,16.687000274658203,2.2236907482147217,212.53854370117188,102.23223171094433,2.3136001,48.8375931
1705852878965608400,2961.5676083984376,45,1.5,1.6912603378295898,16.724000930786133,2.2290360927581787,212.59400939941406,102.19896121791238,2.3135899,48.8375844
1705852879466819300,2962.0688193359374,45,1.5,1.6912603378295898,16.724000930786133,2.234057664871216,212.65985107421875,102.19896121791238,2.3135768,48.8375726
1705852879999576300,2962.6015764160156,45,1.5,1.6912603378295898,16.83099937438965,2.239326238632202,212.7328643798828,102.19896121791238,2.3135673,48.8375644
1705852880522360600,2963.124360595703,45,1.5,1.7141811847686768,16.93000030517578,2.244882345199585,212.85769653320312,102.14061311610506,2.3135524,48.8375511
1705852881108772600,2963.710772705078,45,1.5,1.724910855293274,16.986000061035156,2.2491190433502197,212.9477996826172,102.14061311610506,2.3135439,48.8375438
1705852881669357000,2964.2713571777344,45,1.5,1.724910855293274,17.009000778198242,2.2528209686279297,213.03775024414062,102.14061311610506,2.3135294,48.8375307
1705852882238649600,2964.8406496582033,45,1.5,1.73407781124115,16.976999282836914,2.139526844024658,210.67222595214844,102.0893685936541,2.3135278,48.8375258
1705852882750725600,2965.3527255859376,45,1.5,1.73407781124115,17.152999877929688,2.0438003540039062,208.5801544189453,102.0893685936541,2.313521,48.8375147
1705852883337596700,2965.9395966796874,45,1.5,1.7410975694656372,17.260000228881836,2.0350513458251953,208.334716796875,102.08581700459888,2.3135158,48.8375086
1705852883923549400,2966.525549560547,45,1.5,1.7465640306472778,17.445999145507812,2.0270676612854004,208.13563537597656,101.96557122709422,2.3135063,48.8374982
1705852884436731400,2967.0387314453124,45,1.5,1.7465640306472778,17.408000946044922,2.0324718952178955,208.2296600341797,101.96557122709422,2.3134971,48.8374904
1705852884979090400,2967.581090332031,45,1.5,1.7544584274291992,17.400999069213867,2.037748336791992,208.34829711914062,101.88642304118892,2.3134869,48.8374816
1705852885565502200,2968.1675021972655,45,1.5,1.7544584274291992,17.358999252319336,2.035029649734497,208.78416442871094,101.88642304118892,2.3134739,48.8374706
1705852886151914000,2968.7539140625,45,1.5,1.767041563987732,17.357999801635742,2.021792411804199,209.24000549316406,101.88642304118892,2.3134599,48.8374596
1705852886677162800,2969.2791628417967,45,1.5,1.767041563987732,17.395000457763672,2.0107550621032715,209.6853485107422,101.88642304118892,2.3134506,48.8374536
1705852887207455000,2969.809455078125,45,1.5,1.7041376829147339,17.32200050354004,2.002814531326294,210.15744018554688,101.90418058252082,2.3134354,48.8374431
1705852887793866800,2970.395866699219,45,1.5,1.7041376829147339,17.232999801635742,1.9974679946899414,210.5389404296875,101.90418058252082,2.3134259,48.8374379
1705852888380278300,2970.9822783203126,45,1.5,1.717031717300415,17.156999588012695,1.9923577308654785,210.7617950439453,101.93056328423665,2.313412,48.8374264
1705852888956874200,2971.558874267578,45,1.5,1.717031717300415,17.158000946044922,1.9883190393447876,210.93634033203125,101.93056328423665,2.3134036,48.8374204
1705852889553101600,2972.1551015625,45,1.5,1.739892840385437,17.05500030517578,1.988204836845398,210.90887451171875,101.93056328423665,2.3133892,48.8374093
1705852890056464400,2972.658464355469,45,1.5,1.7433538436889648,17.070999145507812,1.9835362434387207,210.57168579101562,101.96912276562871,2.3133816,48.8374046
1705852890608642600,2973.210642578125,45,1.5,1.7433538436889648,17.139999389648438,1.979088306427002,210.12521362304688,101.96912276562871,2.3133695,48.8373933
1705852891197398800,2973.7993986816405,45,1.5,1.7399749755859375,17.011999130249023,1.9668035507202148,209.58016967773438,101.94984300294648,2.3133638,48.8373874
1705852891781465600,2974.383465576172,45,1.5,1.7399749755859375,16.76099967956543,1.955704689025879,209.06423950195312,101.94984300294648,2.3133543,48.8373761
1705852892297021000,2974.899020996094,45,1.5,1.752608299255371,16.781999588012695,1.9708585739135742,208.80242919921875,101.87373910593338,2.3133491,48.8373698
1705852892837006600,2975.439006591797,45,1.5,1.7581204175949097,16.867000579833984,1.9851362705230713,208.56199645996094,101.76973155471357,2.3133406,48.8373588
1705852893439286000,2976.0412861328123,45,1.5,1.7581204175949097,16.795000076293945,2.002004861831665,208.5981903076172,101.76973155471357,2.3133312,48.8373499
1705852893969377000,2976.571376953125,45,1.5,1.7722246646881104,16.729000091552734,2.018394947052002,208.6630401611328,101.67942359697633,2.3133216,48.8373401
1705852894478959400,2977.080959472656,45,1.5,1.7722246646881104,16.75,2.0343728065490723,208.83189392089844,101.67942359697633,2.3133113,48.8373296
1705852895065371100,2977.66737109375,45,1.5,1.788506031036377,16.666000366210938,2.0463342666625977,209.1237335205078,101.44655528096546,2.3132976,48.8373175
1705852895657182500,2978.2591823730468,45,1.5,1.788506031036377,16.742000579833984,2.059900999069214,209.3757781982422,101.44655528096546,2.3132883,48.8373103
1705852896238195000,2978.8401948242185,45,1.5,1.797084093093872,16.71500015258789,2.0755839347839355,209.86647033691406,101.4445259556439,2.3132714,48.8372976
1705852896758817500,2979.360817626953,45,1.5,1.797084093093872,16.76099967956543,2.0907161235809326,210.30938720703125,101.4445259556439,2.3132606,48.8372905
1705852897293736200,2979.8957360839845,45,1.5,1.8048174381256104,16.812999725341797,2.1021223068237305,211.00685119628906,101.43923669486131,2.3132439,48.8372789
1705852897898274000,2980.500274169922,45,1.5,1.8048174381256104,16.764999389648438,2.1138229370117188,211.712646484375,101.43923669486131,2.3132318,48.8372724
1705852898466559700,2981.0685598144532,45,1.5,1.8312960863113403,16.860000610351562,2.131939172744751,212.5286865234375,101.5325860518082,2.3132127,48.8372602
1705852898974522400,2981.5765224609377,45,1.5,1.837864875793457,16.92099952697754,2.154757261276245,213.0984649658203,101.52903469871376,2.3131987,48.837254
1705852899522100700,2982.124100830078,45,1.5,1.837864875793457,16.9950008392334,2.1776154041290283,213.59852600097656,101.52903469871376,2.3131782,48.837241
1705852900098711000,2982.7007109375,45,1.5,1.8430640697479248,17.01799964904785,2.1978237628936768,214.13406372070312,101.52903469871376,2.313165,48.8372335
1705852900669357000,2983.2713571777344,45,1.5,1.8430640697479248,16.972999572753906,2.217357635498047,214.5287322998047,101.52903469871376,2.3131451,48.8372201
1705852901219272400,2983.8212724609375,45,1.5,1.8475815057754517,17.013999938964844,2.233912467956543,214.7891845703125,101.55389420170602,2.3131321,48.8372132
1705852901750465300,2984.3524653320314,45,1.5,1.8475815057754517,17.190000534057617,2.2487268447875977,214.93536376953125,101.55389420170602,2.3131141,48.8372003
1705852902336877300,2984.938877197266,45,1.5,1.867998480796814,17.04199981689453,2.265231132507324,215.24134826660156,101.54831349058837,2.3131008,48.8371922
1705852902923289000,2985.5252890625,45,1.5,1.8777098655700684,17.084999084472656,2.280336856842041,215.56991577148438,101.52903469871376,2.3130851,48.8371805
1705852903436388900,2986.0383889160157,45,1.5,1.8777098655700684,17.094999313354492,2.2943897247314453,216.04180908203125,101.52903469871376,2.31307,48.8371718
1705852903978830600,2986.5808305664063,45,1.5,1.8864595890045166,17.107999801635742,2.3071441650390625,216.5533905029297,101.52903469871376,2.3130542,48.8371624
1705852904577326800,2987.179326904297,45,1.5,1.8864595890045166,17.062000274658203,2.3183822631835938,216.82020568847656,101.52903469871376,2.3130375,48.8371522
1705852905151654400,2987.753654296875,45,1.5,1.9046425819396973,17.00200080871582,2.3274686336517334,216.9224853515625,101.54324012004341,2.3130201,48.8371394
1705852905696524500,2988.298524658203,45,1.5,1.9046425819396973,17.054000854492188,2.337636947631836,217.00839233398438,101.54324012004341,2.3130092,48.8371318
1705852906207195400,2988.8091953125,45,1.5,1.9076755046844482,17.02199935913086,2.347323417663574,217.02525329589844,101.58382716966435,2.3129916,48.8371191
1705852906793607200,2989.3956071777343,45,1.5,1.9076755046844482,17.006000518798828,2.357065439224243,217.02935791015625,101.58382716966435,2.3129812,48.837112
1705852907380019000,2989.9820190429687,45,1.5,1.9198771715164185,17.18400001525879,2.367159843444824,217.520263671875,101.61731163230374,2.3129624,48.8370995
1705852907978482400,2990.580482421875,45,1.5,1.9198771715164185,17.402999877929688,2.3779196739196777,217.9041748046875,101.61731163230374,2.3129502,48.8370928
1705852908552842000,2991.1548420410154,45,1.5,2.0032107830047607,17.406999588012695,2.385244846343994,218.14959716796875,101.7098643738151,2.3129269,48.8370772
1705852909139253500,2991.741253417969,45,1.5,2.0032107830047607,17.43000030517578,2.3892152309417725,218.2932891845703,101.7098643738151,2.3129148,48.8370701
1705852909669357000,2992.2713571777344,45,1.5,2.0032107830047607,17.533000946044922,2.3937220573425293,218.1937255859375,101.7098643738151,2.3129059,48.8370643
1705852910194794200,2992.796794189453,45,1.5,2.0277395248413086,17.520999908447266,2.400275945663452,218.34365844726562,101.87018760747252,2.3128887,48.8370516
1705852910781205800,2993.3832058105468,45,1.5,2.0277395248413086,17.466999053955078,2.4081735610961914,218.2620849609375,101.87018760747252,2.3128789,48.8370445
1705852911297232600,2993.8992326660155,45,1.5,2.0329318046569824,17.500999450683594,2.4152848720550537,218.94923400878906,101.7098643738151,2.3128664,48.8370381
1705852911836746000,2994.43874609375,45,1.5,2.0364537239074707,17.652000427246094,2.420290470123291,219.94110107421875,101.83670212391006,2.3128475,48.8370281
1705852912398958300,2995.0009582519533,45,1.5,2.0364537239074707,17.63599967956543,2.428692579269409,220.42115783691406,101.83670212391006,2.3128335,48.8370203
1705852912965817300,2995.5678173828123,45,1.5,2.0448803901672363,17.641000747680664,2.4342215061187744,220.25201416015625,101.91787928274972,2.31282,48.8370108
1705852913478697700,2996.0806977539064,45,1.5,2.0448803901672363,17.71299934387207,2.4402849674224854,220.07797241210938,101.91787928274972,2.3128066,48.837001
1705852914065109000,2996.667108886719,45,1.5,2.054838180541992,17.68000030517578,2.4426109790802,219.51657104492188,102.09139807378352,2.3127921,48.8369875
1705852914636790300,2997.2387902832033,45,1.5,2.054838180541992,17.613000869750977,2.4470043182373047,218.848876953125,102.09139807378352,2.3127849,48.8369788
1705852915237931300,2997.8399311523435,45,1.5,2.0688276290893555,17.573999404907227,2.44451642036438,217.72488403320312,102.23955143931379,2.3127679,48.8369598
1705852915824342500,2998.426342529297,45,1.5,1.9906812906265259,17.597000122070312,2.443317174911499,216.55520629882812,102.26593518774057,2.3127682,48.8369545
1705852916410753500,2999.0127534179687,45,1.5,1.9906812906265259,17.489999771118164,2.4407827854156494,215.2917938232422,102.26593518774057,2.3127634,48.836942
1705852916966899000,2999.5688989257815,45,1.5,2.0026330947875977,17.44700050354004,2.3879356384277344,214.21591186523438,102.18323255951401,2.3127614,48.8369329
1705852917583575600,3000.1855754394533,45,1.5,2.0026330947875977,17.381999969482422,2.3407435417175293,213.15879821777344,102.18323255951401,2.3127552,48.8369192
1705852918169986600,3000.7719865722656,45,1.5,1.1191492080688477,17.299999237060547,2.3076419830322266,212.42201232910156,102.23244813649853,2.3127478,48.8369064
1705852918756374000,3001.3583740234376,45,1.5,1.1191492080688477,17.2549991607666,2.281949520111084,211.95823669433594,102.23244813649853,2.3127448,48.8368989
1705852919342808600,3001.94480859375,45,1.5,1.115549087524414,17.27199935913086,2.2743043899536133,211.4996337890625,102.29282640068328,2.3127372,48.8368849
1705852919859100000,3002.4610998535154,45,1.5,1.115549087524414,17.263999938964844,2.26792573928833,211.11741638183594,102.29282640068328,2.3127344,48.8368776
1705852920398348300,3003.0003483886717,45,1.5,1.1172672510147095,17.26799964904785,2.2629926204681396,210.54139709472656,102.36132327294098,2.312726,48.8368635
1705852920984759300,3003.586759277344,45,1.5,1.1089037656784058,17.32699966430664,2.25858736038208,210.017333984375,102.34204261573389,2.3127241,48.8368564
1705852921571170000,3004.1731701660156,45,1.5,1.1089037656784058,17.361000061035156,2.258434534072876,209.64224243164062,102.34204261573389,2.3127142,48.8368411
1705852922158474200,3004.760474121094,45,1.5,1.1111027002334595,17.38800048828125,2.260673761367798,209.32437133789062,102.36132327294098,2.3127108,48.8368319
1705852922669357000,3005.2713571777344,45,1.5,1.1111027002334595,17.375999450683594,2.2615180015563965,208.9921417236328,102.36132327294098,2.3127034,48.8368175
1705852923213120500,3005.8151206054686,45,1.5,1.1129212379455566,17.39299964904785,2.271087646484375,208.58657836914062,102.34204261573389,2.3126986,48.8368079
1705852923799531300,3006.40153125,45,1.5,1.1158796548843384,17.249000549316406,2.279425621032715,208.1751251220703,102.28369352631738,2.3126903,48.8367932
1705852924398339000,3007.0003391113282,45,1.5,1.1158796548843384,17.42099952697754,2.296191930770874,207.4897003173828,102.28369352631738,2.3126854,48.8367811
1705852924972352800,3007.5743527832033,45,1.5,1.11778724193573,17.711000442504883,2.3112354278564453,206.804931640625,102.34204261573389,2.3126789,48.8367668
1705852925518404400,3008.120404296875,45,1.5,1.11778724193573,17.694000244140625,2.250408887863159,205.44918823242188,102.34204261573389,2.3126786,48.8367567
1705852926027892200,3008.6298923339846,45,1.5,1.1138859987258911,17.77199935913086,2.2256550788879395,204.95361328125,102.22868006390728,2.3126742,48.8367444
1705852926616834600,3009.2188344726565,45,1.5,1.1138859987258911,17.802000045776367,2.2064642906188965,204.5150146484375,102.22868006390728,2.3126738,48.836738
1705852927200713500,3009.8027133789064,45,1.5,1.1287932395935059,17.742000579833984,2.180145740509033,204.03330993652344,102.19316367560651,2.3126717,48.8367262
1705852927777698000,3010.379697998047,45,1.5,1.1287932395935059,17.597000122070312,2.1583526134490967,203.60745239257812,102.19316367560651,2.3126721,48.8367197
1705852928373534700,3010.9755346679685,45,1.5,1.126752495765686,17.659000396728516,2.143451452255249,202.7237091064453,102.1510515799833,2.3126701,48.8367062
1705852928876890600,3011.478890625,45,1.5,1.126752495765686,17.656999588012695,2.1299188137054443,201.86712646484375,102.1510515799833,2.3126724,48.8366988
1705852929429074000,3012.031073974609,45,1.5,1.1235015392303467,17.3799991607666,2.1135218143463135,200.76071166992188,102.02725338122458,2.3126736,48.836684
1705852929965820400,3012.5678203125,45,1.5,1.1173665523529053,17.257999420166016,2.0979502201080322,199.84861755371094,101.90345699545634,2.3126773,48.836676
1705852930484612900,3013.086612792969,45,1.5,1.1173665523529053,16.940000534057617,2.0847880840301514,199.05787658691406,101.90345699545634,2.3126767,48.8366603
1705852931071023600,3013.6730236816406,45,1.5,1.1199973821640015,16.945999145507812,2.098372459411621,198.4064483642578,101.73552299288289,2.3126783,48.8366514
1705852931657434000,3014.2594340820315,45,1.5,1.1199973821640015,16.764999389648438,2.112416982650757,197.769287109375,101.73552299288289,2.3126764,48.8366352
1705852932236458800,3014.8384587402343,45,1.5,1.1287416219711304,16.812000274658203,2.1271145343780518,197.1112823486328,101.59448130248062,2.3126779,48.8366243
1705852932830255000,3015.4322551269534,45,1.5,1.1287416219711304,17.06599998474121,2.14046573638916,196.44068908691406,101.59448130248062,2.3126771,48.8366075
1705852933416665600,3016.0186655273437,45,1.5,1.1402326822280884,17.062999725341797,2.15913724899292,196.25302124023438,101.51127795562208,2.3126738,48.8365909
1705852933966970600,3016.568970703125,45,1.5,1.1281968355178833,17.024999618530273,2.1717162132263184,196.630126953125,101.51127795562208,2.3126729,48.8365836
1705852934472204300,3017.074204345703,45,1.5,1.1281968355178833,17.166000366210938,2.1833648681640625,197.07359313964844,101.51127795562208,2.312666,48.8365655
1705852935058614800,3017.660614746094,45,1.5,1.135030746459961,17.33300018310547,2.189316511154175,197.47360229492188,101.42655343786524,2.3126632,48.8365572
1705852935645031200,3018.24703125,45,1.5,1.135030746459961,17.533000946044922,2.1955363750457764,197.91549682617188,101.42655343786524,2.3126553,48.8365406
1705852936231441700,3018.833441650391,45,1.5,1.1301325559616089,17.61199951171875,2.204275369644165,197.4747772216797,101.32407341940267,2.3126555,48.8365319
1705852936817852000,3019.4198518066405,45,1.5,1.193544864654541,17.635000228881836,2.2119698524475098,197.0472869873047,101.29790849028709,2.3126529,48.8365173
1705852937416367000,3020.0183671875,45,1.5,1.193544864654541,17.674999237060547,2.20589280128479,196.41107177734375,101.29790849028709,2.3126548,48.8365057
1705852937966727400,3020.5687275390624,45,1.5,1.1965842247009277,17.590999603271484,2.1998167037963867,196.17111206054688,101.23652269428443,2.3126547,48.8364943
1705852938538155500,3021.140155517578,45,1.5,1.1965842247009277,17.509000778198242,2.1958773136138916,195.9359130859375,101.23652269428443,2.3126536,48.8364815
1705852939046211300,3021.648211425781,45,1.5,1.19821035861969,17.520000457763672,2.1929430961608887,195.78944396972656,101.03156838932401,2.3126517,48.8364668
1705852939632621600,3022.234621582031,45,1.5,1.19821035861969,17.56100082397461,2.1927688121795654,195.68777465820312,101.03156838932401,2.3126512,48.8364574
1705852940219032000,3022.821031982422,45,1.5,1.2087950706481934,17.548999786376953,2.1903905868530273,195.72091674804688,100.93416610515172,2.312648,48.8364429
1705852940756950000,3023.358949951172,45,1.5,1.2087950706481934,17.527999877929688,2.1885297298431396,195.80165100097656,100.93416610515172,2.3126469,48.836436
1705852941274570500,3023.8765705566407,45,1.5,1.2057054042816162,17.354999542236328,2.183809757232666,196.52862548828125,100.94684863068359,2.3126381,48.8364215
1705852941860980700,3024.462980712891,45,1.5,1.2057054042816162,17.33099937438965,2.180837631225586,197.31788635253906,100.94684863068359,2.3126314,48.8364143
1705852942447391000,3025.0493908691406,45,1.5,1.2047864198684692,17.200000762939453,2.1933517456054688,197.64378356933594,100.78755749132696,2.3126223,48.8363992
1705852942999063600,3025.6010634765626,45,1.5,1.2047864198684692,17.19700050354004,2.204909086227417,197.98011779785156,100.78755749132696,2.3126164,48.8363914
1705852943502929400,3026.104929443359,45,1.5,1.2041513919830322,17.22100067138672,2.214625597000122,198.2362060546875,100.75965648603292,2.3126061,48.8363758
1705852944089339600,3026.6913395996094,45,1.5,1.1968836784362793,17.371000289916992,2.2294723987579346,198.0347442626953,100.7241462488467,2.3126022,48.8363673
1705852944669357000,3027.2713571777344,45,1.5,1.1968836784362793,17.41900062561035,2.243115186691284,197.8341522216797,100.7241462488467,2.3125945,48.8363522
1705852945258290000,3027.8602900390624,45,1.5,1.1149455308914185,17.45199966430664,2.2517635822296143,197.5320587158203,100.61305089873134,2.3125919,48.8363432
1705852945848570400,3028.4505703125,45,1.5,1.1134653091430664,17.45800018310547,2.260045051574707,197.28431701660156,100.52427712506292,2.3125858,48.8363275
1705852946376684800,3028.978684814453,45,1.5,1.1134653091430664,17.606000900268555,2.2635555267333984,196.9771728515625,100.52427712506292,2.3125837,48.8363175
1705852946904108800,3029.5061088867187,45,1.5,1.1141096353530884,17.868999481201172,2.2661118507385254,196.69082641601562,100.51413161029058,2.3125799,48.8363044
1705852947478420000,3030.080419921875,45,1.5,1.1141096353530884,18.062999725341797,2.282838821411133,196.50831604003906,100.51413161029058,2.3125771,48.836292
1705852948076929000,3030.678928955078,45,1.5,1.1141273975372314,18.39699935913086,2.315410614013672,196.20095825195312,100.49434789150598,2.3125714,48.8362727
1705852948616783600,3031.2187836914063,45,1.5,1.1141273975372314,18.437000274658203,2.346696138381958,195.97463989257812,100.49434789150598,2.3125688,48.8362611
1705852949132467500,3031.734467529297,45,1.5,1.1165499687194824,18.440000534057617,2.3666796684265137,196.0668487548828,100.43804063761799,2.3125623,48.8362437
1705852949669357000,3032.2713571777344,45,1.5,1.1165499687194824,18.447999954223633,2.3832297325134277,196.23570251464844,100.43804063761799,2.3125592,48.836234
1705852950188005600,3032.7900056152343,45,1.5,1.1147407293319702,18.381000518798828,2.3871383666992188,196.50392150878906,100.42231525533299,2.3125513,48.8362174
1705852950774416000,3033.3764157714845,45,1.5,1.1147407293319702,18.283000946044922,2.39153790473938,196.7332000732422,100.42231525533299,2.3125465,48.8362074
1705852951360826000,3033.962826171875,45,1.5,1.1171427965164185,18.424999237060547,2.411391258239746,196.50869750976562,100.35484862461233,2.3125391,48.8361888
1705852951937297000,3034.539296875,45,1.5,1.1171427965164185,18.52899932861328,2.429178476333618,196.28404235839844,100.35484862461233,2.312536,48.8361787
1705852952533646300,3035.1356462402346,45,1.5,1.1177845001220703,18.384000778198242,2.442321300506592,195.76556396484375,100.25085975966999,2.3125334,48.8361596
1705852953078416400,3035.680416503906,45,1.5,1.1179733276367188,18.29599952697754,2.4574673175811768,195.3241424560547,100.167669588748,2.3125343,48.8361472
1705852953589184500,3036.1911845703125,45,1.5,1.1179733276367188,18.18899917602539,2.4717836380004883,194.91082763671875,100.167669588748,2.3125319,48.8361279
1705852954175594500,3036.777594482422,45,1.5,1.1209721565246582,18.10099983215332,2.4829039573669434,194.6513671875,100.12708931464903,2.3125337,48.8361172
1705852954762004700,3037.3640046386718,45,1.5,1.1209721565246582,18.054000854492188,2.492922306060791,194.41490173339844,100.12708931464903,2.312533,48.8360994
1705852955316694000,3037.918694091797,45,1.5,1.1160842180252075,18.143999099731445,2.514991283416748,194.78529357910156,100.08781584620102,2.312528,48.8360878
1705852955817543000,3038.41954296875,45,1.5,1.1120092868804932,18.361000061035156,2.5357279777526855,195.0957489013672,100.08781584620102,2.3125209,48.836072
1705852956418814500,3039.020814453125,45,1.5,1.1120092868804932,18.398000717163086,2.535773992538452,195.75741577148438,100.08781584620102,2.3125134,48.8360607
1705852956967826700,3039.569826660156,45,1.5,1.1276905536651611,18.132999420166016,2.5314013957977295,196.34385681152344,100.06651139150365,2.3125035,48.8360494
1705852957558530000,3040.1605300292968,45,1.5,1.1276905536651611,18.15999984741211,2.5285754203796387,196.97129821777344,100.06651139150365,2.3124924,48.8360364
1705852958163183400,3040.7651833496093,45,1.5,1.1281746625900269,18.200000762939453,2.5290002822875977,197.7894744873047,99.9909317353308,2.3124788,48.8360204
1705852958669357000,3041.2713571777344,45,1.5,1.1188451051712036,18.20199966430664,2.5284035205841064,198.57989501953125,99.9432509575858,2.3124664,48.8360067
1705852959218721500,3041.820721435547,45,1.5,1.1188451051712036,18.302000045776367,2.5284714698791504,199.3143310546875,99.9432509575858,2.3124558,48.8359985
1705852959778836700,3042.380836669922,45,1.5,1.1188451051712036,18.32900047302246,2.5301618576049805,199.9952392578125,99.9432509575858,2.312446,48.8359906
1705852960391542000,3042.9935419921876,45,1.5,1.124310851097107,18.350000381469727,2.5325751304626465,200.61245727539062,99.83723827718825,2.3124307,48.8359749
1705852960898367700,3043.500367675781,45,1.5,1.124310851097107,18.40399932861328,2.535996437072754,201.14764404296875,99.83723827718825,2.3124214,48.8359668
1705852961447080400,3044.0490805664062,45,1.5,1.1334856748580933,18.28499984741211,2.542998790740967,202.0758056640625,99.78955836633855,2.3124025,48.8359521
1705852961966977300,3044.5689772949218,45,1.5,1.1307547092437744,18.177000045776367,2.5507123470306396,202.85882568359375,99.75405222445083,2.3123893,48.8359451
1705852962502619100,3045.104619140625,45,1.5,1.1307547092437744,18.086999893188477,2.5583508014678955,203.6256561279297,99.75405222445083,2.3123698,48.8359286
1705852963089029600,3045.6910295410157,45,1.5,1.130589246749878,18.08799934387207,2.570768356323242,203.70274353027344,99.61659413856724,2.3123582,48.8359207
1705852963669357000,3046.2713571777344,45,1.5,1.130589246749878,18.073999404907227,2.581357479095459,203.744873046875,99.61659413856724,2.3123423,48.8359053
1705852964237287000,3046.8392868652345,45,1.5,1.1365824937820435,18.1299991607666,2.592216968536377,203.7056427001953,99.63739023684124,2.312332,48.8358958
1705852964848261000,3047.4502612304686,45,1.5,1.1365824937820435,18.04199981689453,2.601212978363037,203.72186279296875,99.63739023684124,2.3123168,48.8358792
1705852965434671600,3048.0366716308595,45,1.5,1.133823037147522,17.982999801635742,2.60954213142395,203.72412109375,99.63739023684124,2.3123024,48.8358631
1705852965966687500,3048.5686875,45,1.5,1.1742217540740967,17.795000076293945,2.6201601028442383,203.43170166015625,99.66934531682168,2.3122957,48.8358558
1705852966490210600,3049.092210449219,45,1.5,1.1742217540740967,17.753000259399414,2.629629611968994,203.14260864257812,99.66934531682168,2.3122821,48.8358364
1705852967076621300,3049.6786213378905,45,1.5,1.198014736175537,17.722000122070312,2.6400322914123535,202.19700622558594,99.66448795830553,2.3122793,48.8358266
1705852967663031800,3050.2650317382813,45,1.5,1.198014736175537,17.714000701904297,2.6484978199005127,201.17611694335938,99.66448795830553,2.3122738,48.8358088
1705852968249442600,3050.851442626953,45,1.5,1.20522141456604,17.503000259399414,2.672515630722046,200.36196899414062,99.62188121184232,2.3122725,48.8357973
1705852968835853300,3051.4378532714845,45,1.5,1.214255928993225,17.32200050354004,2.693369150161743,199.58706665039062,99.55695705874041,2.3122683,48.8357801
1705852969966472400,3052.5684724121093,45,1.5,1.20619535446167,17.10300064086914,2.6945385932922363,199.36880493164062,99.5300745475749,2.3122592,48.8357559
1705852970478310700,3053.080310546875,45,1.5,1.20619535446167,16.9950008392334,2.697122812271118,199.2018585205078,99.5300745475749,2.3122551,48.835742
1705852971064214000,3053.666214111328,45,1.5,1.207682728767395,16.90999984741211,2.6840412616729736,199.19403076171875,99.5534065334972,2.3122474,48.8357252
1705852971596851500,3054.1988515625,45,1.5,1.207682728767395,17.00200080871582,2.6743950843811035,199.2152862548828,99.5534065334972,2.3122431,48.8357154
1705852972119753200,3054.7217531738283,45,1.5,1.2068177461624146,17.035999298095703,2.666612148284912,199.0878143310547,99.55137766260043,2.3122357,48.835699
1705852972669357000,3055.2713571777344,45,1.5,1.2068177461624146,17.149999618530273,2.660081148147583,199.00868225097656,99.55137766260043,2.3122319,48.835691
1705852973761703400,3056.3637033691407,45,1.5,1.2092821598052979,17.291000366210938,2.652695894241333,198.7053680419922,99.4631222498553,2.3122233,48.8356669
1705852974348114200,3056.9501142578124,45,1.5,1.118983268737793,17.483999252319336,2.654552936553955,198.49559020996094,99.44181935723975,2.3122183,48.835649
1705852974934525000,3057.536524902344,45,1.5,1.1144245862960815,17.51099967956543,2.656399965286255,198.29408264160156,99.44181935723975,2.3122166,48.8356387
1705852975520935700,3058.1229357910156,45,1.5,1.1144245862960815,17.674999237060547,2.6561503410339355,198.18844604492188,99.44181935723975,2.312212,48.8356202
1705852976058421000,3058.6604208984377,45,1.5,1.1154569387435913,17.673999786376953,2.6553266048431396,198.45196533203125,99.44181935723975,2.3122094,48.8356105
1705852976576475000,3059.1784748535156,45,1.5,1.1154569387435913,17.740999221801758,2.654836893081665,198.71871948242188,99.44181935723975,2.3122015,48.8355924
1705852977162885600,3059.7648857421873,45,1.5,1.1197178363800049,17.593000411987305,2.6399991512298584,199.73709106445312,99.4752953554532,2.3121906,48.8355793
1705852977669357000,3060.2713571777344,45,1.5,1.1197178363800049,17.43000030517578,2.627493381500244,200.6513214111328,99.4752953554532,2.3121836,48.8355738
1705852978218424800,3060.8204248046877,45,1.5,1.1190999746322632,17.48200035095215,2.623290777206421,201.97317504882812,99.47884584788781,2.3121732,48.8355679
1705852978804835300,3061.4068354492188,45,1.5,1.1132519245147705,17.531999588012695,2.618212938308716,203.19874572753906,99.55695705874041,2.3121598,48.8355568
1705852979391245800,3061.9932458496096,45,1.5,1.1132519245147705,17.451000213623047,2.596728563308716,204.52223205566406,99.55695705874041,2.3121402,48.8355449
1705852979977656300,3062.57965625,45,1.5,1.1151820421218872,17.422000885009766,2.579289197921753,205.72146606445312,99.57420248827349,2.3121291,48.8355431
1705852980517469000,3063.119468994141,45,1.5,1.1151820421218872,17.424999237060547,2.569028615951538,206.80291748046875,99.57420248827349,2.3121137,48.8355336
1705852981033194800,3063.6351948242186,45,1.5,1.1170868873596191,17.45400047302246,2.5594124794006348,207.15966796875,99.56557976910949,2.3120972,48.8355219
1705852981636743700,3064.2387436523436,45,1.5,1.1170868873596191,17.534000396728516,2.5545523166656494,207.35939025878906,99.56557976910949,2.3120861,48.8355155
1705852982206015200,3064.808015136719,45,1.5,1.1238313913345337,17.55500030517578,2.5606915950775146,207.78147888183594,99.56557976910949,2.312067,48.8355024
1705852982738557000,3065.3405568847656,45,1.5,1.1238313913345337,17.74799919128418,2.5680525302886963,207.91722106933594,99.56557976910949,2.3120557,48.8354966
1705852983261553400,3065.863553466797,45,1.5,1.1259821653366089,17.697999954223633,2.536799907684326,208.3218536376953,99.45602127968478,2.3120338,48.8354862
1705852983838177800,3066.440177734375,45,1.5,1.1259821653366089,17.569000244140625,2.5069146156311035,208.78909301757812,99.45602127968478,2.3120192,48.8354816
1705852984434373400,3067.0363732910155,45,1.5,1.1206331253051758,17.447999954223633,2.5125484466552734,208.99151611328125,99.48370320640396,2.3119961,48.8354679
1705852984976706300,3067.578706298828,45,1.5,1.1206331253051758,17.42799949645996,2.5166566371917725,209.2312774658203,99.48370320640396,2.3119814,48.8354616
1705852985489911000,3068.0919111328126,45,1.5,1.1363563537597656,17.44499969482422,2.5202364921569824,209.0821533203125,99.67289588872032,2.3119611,48.8354469
1705852986076321000,3068.678321044922,45,1.5,1.1312994956970215,17.445999145507812,2.5162253379821777,209.4375762939453,99.69774993376915,2.3119452,48.8354427
1705852986662730800,3069.2647307128905,45,1.5,1.1312994956970215,17.382999420166016,2.5128707885742188,209.9110870361328,99.69774993376915,2.3119226,48.8354295
1705852987249140500,3069.8511403808593,45,1.5,1.1294320821762085,17.44300079345703,2.5080344676971436,210.35299682617188,99.85499150419346,2.3119076,48.8354234
1705852987835550200,3070.437550292969,45,1.5,1.120638370513916,17.32200050354004,2.50217342376709,210.93353271484375,100.0578881751039,2.3118883,48.8354116
1705852988418194200,3071.020194091797,45,1.5,1.120638370513916,17.31399917602539,2.500920295715332,211.4609375,100.0578881751039,2.3118711,48.8354046
1705852988972025900,3071.5740258789065,45,1.5,1.1210428476333618,17.444000244140625,2.497903347015381,212.01644897460938,100.14462798789447,2.3118537,48.8353966
1705852989477497300,3072.079497314453,45,1.5,1.1210428476333618,17.389999389648438,2.496936321258545,212.3799591064453,100.14462798789447,2.3118355,48.8353867
1705852990063906800,3072.665906738281,45,1.5,1.132757544517517,17.441999435424805,2.492351531982422,212.39288330078125,100.18165753578359,2.3118187,48.835374
1705852990650316300,3073.25231640625,45,1.5,1.132757544517517,17.451000213623047,2.491668939590454,212.35806274414062,100.18165753578359,2.3118089,48.835367
1705852991798733000,3074.400733154297,45,1.5,1.1473668813705444,17.47100067138672,2.480022668838501,212.4407958984375,100.1953534370537,2.3117854,48.8353477
1705852992409544700,3075.0115446777345,45,1.5,1.1516427993774414,17.336000442504883,2.469174385070801,212.3289031982422,100.29274715270235,2.3117711,48.835334
1705852992976635400,3075.578635498047,45,1.5,1.1516427993774414,17.37299919128418,2.4592297077178955,212.13876342773438,100.29274715270235,2.311764,48.8353272
1705852993582363400,3076.18436328125,45,1.5,1.1230820417404175,17.19700050354004,2.4494380950927734,211.86001586914062,100.51188711571042,2.311747,48.8353092
1705852994168772600,3076.7707727050783,45,1.5,1.1230820417404175,17.260000228881836,2.444195032119751,211.6831817626953,100.51188711571042,2.3117407,48.8353021
1705852994669357000,3077.2713571777344,45,1.5,1.1230820417404175,17.350000381469727,2.439854383468628,211.52322387695312,100.51188711571042,2.3117352,48.835295
1705852995224309200,3077.8263093261717,45,1.5,1.197030782699585,17.37299919128418,2.43326997756958,211.3236846923828,100.88495808622346,2.3117257,48.8352818
1705852995810724600,3078.412724609375,45,1.5,1.197030782699585,17.222000122070312,2.4279870986938477,211.13795471191406,100.88495808622346,2.3117196,48.8352739
1705852996397133800,3078.9991337890624,45,1.5,1.1999256610870361,17.158000946044922,2.4310667514801025,211.04263305664062,101.25580083013912,2.3117071,48.8352602
1705852996983542800,3079.5855427246092,45,1.5,1.200266718864441,17.009000778198242,2.434392213821411,210.88336181640625,101.24362516027358,2.3117016,48.8352534
1705852997569951700,3080.171951660156,45,1.5,1.200266718864441,16.974000930786133,2.437800168991089,211.142578125,101.24362516027358,2.3116874,48.8352383
1705852998097652500,3080.699652587891,45,1.5,1.2125169038772583,16.906999588012695,2.4427714347839355,211.1382293701172,100.88495808622346,2.3116822,48.8352304
1705852998625488100,3081.227488037109,45,1.5,1.2125169038772583,16.941999435424805,2.4484047889709473,211.15733337402344,100.88495808622346,2.3116691,48.8352144
1705852999197113900,3081.7991137695312,45,1.5,1.2047860622406006,17.040000915527344,2.4486305713653564,211.17529296875,100.04440760898561,2.3116634,48.835208
1705852999798305800,3082.4003059082033,45,1.5,1.2047860622406006,16.98699951171875,2.4486024379730225,211.14816284179688,100.04440760898561,2.3116497,48.8351932
1705853000377265000,3082.979264892578,45,1.5,1.2054898738861084,17.02899932861328,2.4478414058685303,211.50369262695312,99.6660096317937,2.3116414,48.8351861
1705853000971123500,3083.5731235351564,45,1.5,1.2007864713668823,17.163999557495117,2.447418451309204,211.8675537109375,99.6254317658456,2.3116291,48.8351754
1705853001557514000,3084.159513916016,45,1.5,1.2007864713668823,17.099000930786133,2.4438836574554443,212.1061553955078,99.6254317658456,2.3116191,48.8351645
1705853002669357000,3085.2713571777344,45,1.5,1.7168025970458984,17.356000900268555,2.432739496231079,212.36309814453125,101.05777583273698,2.3115956,48.835141
1705853003785885000,3086.387885009766,45,1.5,1.7168025970458984,17.309999465942383,2.4143054485321045,213.0897216796875,101.05777583273698,2.3115743,48.8351271
1705853004958701800,3087.560701904297,45,1.5,1.11393141746521,17.295000076293945,2.3684473037719727,214.19503784179688,99.25668933666725,2.3115544,48.8351137
1705853005545110300,3088.1471103515623,45,1.5,1.4419004917144775,17.246000289916992,2.2904632091522217,215.00015258789062,100.92387467598411,2.3115387,48.835104
1705853006669357000,3089.2713571777344,45,1.5,1.4437260627746582,17.33300018310547,2.2166686058044434,215.7285614013672,100.90764437686818,2.3115237,48.8350947
1705853007773461800,3090.375461669922,45,1.5,1.439375877380371,16.224000930786133,2.1426713466644287,216.40440368652344,100.94669858684034,2.3115096,48.8350893
1705853008946278000,3091.548277832031,45,1.5,3.7224478721618652,14.82800006866455,2.1269567012786865,216.6033935546875,103.19246916931854,2.311495,48.8350829
1705853009532686000,3092.1346860351564,45,1.5,3.710026264190674,14.031999588012695,2.0162901878356934,217.94984436035156,103.28782404176448,2.3114822,48.8350774
1705853010669357000,3093.2713571777344,45,1.5,3.678123712539673,12.911999702453613,1.9183080196380615,220.04771423339844,103.30544183795374,2.3114703,48.8350727
1705853011761036300,3094.363036376953,45,1.5,3.7216298580169678,10.723999977111816,1.7215756177902222,224.87510681152344,103.29086730008582,2.3114582,48.8350719
1705853012933852000,3095.5358518066405,45,1.5,1.313298225402832,10.782999992370605,1.4422718286514282,234.6682891845703,101.00654824574916,2.3114461,48.8350755
1705853013520259800,3096.122259765625,45,1.5,1.5644171237945557,10.86299991607666,1.326405644416809,240.17733764648438,100.85489611995102,2.3114466,48.8350808
1705853014106667500,3096.7086674804686,45,1.5,1.5455201864242554,10.49899959564209,1.2410093545913696,242.53651428222656,100.8072200940078,2.3114394,48.8350823
1705853014669357000,3097.2713571777344,45,1.5,1.5519245862960815,10.369000434875488,1.1944026947021484,243.5636749267578,100.8335940325752,2.3114445,48.8350869
1705853015865890800,3098.467890869141,45,1.5,1.5604043006896973,10.243000030517578,1.1721718311309814,242.65298461914062,100.87416948335535,2.3114405,48.8350863
1705853016965616400,3099.567616455078,45,1.5,1.5837050676345825,10.248000144958496,1.1457139253616333,241.61497497558594,100.89699326000765,2.3114349,48.8350837
1705853017507832000,3100.10983203125,45,1.5,1.5792858600616455,10.039999961853027,1.1239203214645386,240.72508239746094,100.91677391628636,2.3114295,48.835081
1705853018669357000,3101.2713571777344,45,1.5,1.2371931076049805,10.199999809265137,1.1311700344085693,240.0963134765625,99.22807156266038,2.3114319,48.835081
1705853019853462300,3102.4554621582033,45,1.5,1.2418400049209595,10.52299976348877,1.1301624774932861,239.41696166992188,99.21539162283588,2.3114066,48.8350669
1705853020967076600,3103.569076660156,45,1.5,1.2540830373764038,10.644000053405762,1.132775902748108,238.4549102783203,99.20829086484287,2.3114011,48.8350614
1705853021495403800,3104.0974038085938,45,1.5,1.3113707304000854,11.081999778747559,1.1363543272018433,237.91580200195312,99.23466513888559,2.3113952,48.8350566
1705853022668219000,3105.2702189941406,45,1.5,1.3832358121871948,11.208000183105469,1.1420193910598755,235.74932861328125,99.26886214499748,2.3113865,48.8350468
1705853023965323500,3106.567323486328,44.894649505615234,1.315294623374939,1.390183925628662,11.420999526977539,1.1461126804351807,230.80160522460938,99.10300913911036,2.3113595,48.8350216
1705853024974084900,3107.5760849609374,54.753536224365234,1.082266092300415,1.2935999631881714,11.663999557495117,1.1143437623977661,227.00633239746094,99.26379013939606,2.3113357,48.8350001
